season,team,role,coach_name
2001,ARI,DC,Larry Marmie
2001,ARI,HC,Dave McGinnis
2001,ARI,OC,Rich Olson
2001,ARI,OL,George Warhop
2001,ARI,QB,Geep Chryst
2001,ARI,RB,Johnny Roland
2001,ARI,TE,Pete Hoener
2001,ARI,WR,Jerry Sullivan
2001,ATL,DC,Don Blackmon
2001,ATL,OC,George Sefcik
2001,ATL,OL,Pete Mangurian
2001,ATL,QB,Jack Burns
2001,ATL,RB,George Sefcik
2001,ATL,TE,James Daniel
2001,ATL,WR,Gary Stevens
2001,BAL,DC,Marvin Lewis
2001,BAL,HC,Brian Billick
2001,BAL,OC,Matt Cavanaugh
2001,BAL,OL,Jim Colletto
2001,BAL,OL,Wade Harman
2001,BAL,RB,Matt Simon
2001,BAL,TE,Wade Harman
2001,BAL,WR,Mike Nolan
2001,BUF,DC,Jerry Gray
2001,BUF,HC,Gregg Williams
2001,BUF,OC,Mike Sheppard
2001,BUF,OL,Ronnie Vinklarek
2001,BUF,QB,Steve Kragthorpe
2001,BUF,RB,Steve Fairchild
2001,BUF,TE,Dan Neal
2001,BUF,WR,Fred Graves
2001,CAR,DC,John Marshall
2001,CAR,HC,George Seifert
2001,CAR,OC,Richard Williamson
2001,CAR,OL,Paul Boudreau
2001,CAR,QB,Turk Schonert
2001,CAR,RB,Chick Harris
2001,CAR,TE,Don Breaux
2001,CAR,WR,Mike McCoy
2001,CHI,DC,Greg Blache
2001,CHI,HC,Dick Jauron
2001,CHI,OC,John Shoop
2001,CHI,OL,Bob Wiley
2001,CHI,RB,Earle Mosley
2001,CHI,TE,Pat Flaherty
2001,CHI,WR,Todd Haley
2001,CIN,DC,Mark Duffner
2001,CIN,HC,Dick LeBeau
2001,CIN,OC,Bob Bratkowski
2001,CIN,OL,Paul Alexander
2001,CIN,QB,Ken Anderson
2001,CIN,RB,Jim Anderson
2001,CIN,TE,Frank Verducci
2001,CIN,WR,Steve Mooshagian
2001,CLE,DC,Foge Fazio
2001,CLE,HC,Butch Davis
2001,CLE,OC,Bruce Arians
2001,CLE,OL,Larry Zierlein
2001,CLE,QB,Carl Smith
2001,CLE,RB,Todd McNair
2001,CLE,TE,Steve Hagen
2001,CLE,WR,Terry Robiskie
2001,DAL,DC,Mike Zimmer
2001,DEN,DC,Ray Rhodes
2001,DEN,OC,Gary Kubiak
2001,DEN,OL,Rick Dennison
2001,DEN,QB,Gary Kubiak
2001,DEN,RB,Bobby Turner
2001,DEN,TE,Brian Pariani
2001,DEN,WR,Karl Dorrell
2001,DET,DC,Vince Tobin
2001,DET,HC,Marty Mornhinweg
2001,DET,OC,Maurice Carthon
2001,DET,OL,Carl Mauck
2001,DET,QB,Kevin Higgins
2001,DET,RB,Maurice Carthon
2001,DET,TE,Sean Kugler
2001,DET,WR,Larry Kirksey
2001,GB,DC,Ed Donatell
2001,GB,HC,Mike Sherman
2001,GB,OC,Tom Rossley
2001,GB,OL,Larry Beightol
2001,GB,RB,Sylvester Croom
2001,GB,TE,Jeff Jagodzinski
2001,GB,WR,Ray Sherman
2001,IND,DC,Vic Fangio
2001,IND,HC,Jim E. Mora
2001,IND,OC,Tom Moore
2001,IND,OL,Howard Mudd
2001,IND,QB,John Hufnagel
2001,IND,RB,Gene Huey
2001,IND,TE,Tony Marciano
2001,JAX,DC,Gary Moeller
2001,JAX,HC,Tom Coughlin
2001,JAX,OC,Bobby Petrino
2001,JAX,OL,Mike Maser
2001,JAX,RB,Jerald Ingram
2001,JAX,TE,Fred Hoaglin
2001,JAX,WR,John McNulty
2001,KC,DC,Greg Robinson
2001,KC,HC,Dick Vermeil
2001,KC,OC,Al Saunders
2001,KC,OL,Mike Solari
2001,KC,QB,Terry Shea
2001,KC,RB,James Saxon
2001,KC,TE,Keith Rowen
2001,KC,WR,Charlie Joiner
2001,LA,DC,Lovie Smith
2001,LA,HC,Mike Martz
2001,LA,OC,Bobby Jackson
2001,LA,OL,Jim Hanifan
2001,LA,QB,John Ramsdell
2001,LA,RB,Bobby Jackson
2001,LA,TE,Wilbert Montgomery
2001,LA,WR,Ken Zampese
2001,LAC,DC,Joe Pascale
2001,LAC,HC,Mike Riley
2001,LAC,OC,Norv Turner
2001,LAC,OL,Joe Bugel
2001,LAC,QB,Mike Johnson
2001,LAC,RB,Ollie Wilson
2001,LAC,TE,Paul Chryst
2001,LAC,WR,Mike Sanford
2001,LV,DC,Chuck Bresnahan
2001,LV,HC,Jon Gruden
2001,LV,OC,Bill Callahan
2001,LV,OL,Bill Callahan
2001,LV,QB,David Shaw
2001,LV,RB,Skip Peete
2001,LV,TE,Jim Erkenbeck
2001,LV,WR,Fred Biletnikoff
2001,LV,WR,John Morton
2001,MIA,DC,Jim Bates
2001,MIA,HC,Dave Wannstedt
2001,MIA,OC,Chan Gailey
2001,MIA,OL,Tony Wise
2001,MIA,QB,Mike Shula
2001,MIA,RB,Joel Collier
2001,MIA,TE,Pat Jones
2001,MIA,WR,Robert Ford
2001,MIN,DC,Emmitt Thomas
2001,MIN,OC,Sherman Lewis
2001,MIN,QB,Alex Wood
2001,MIN,RB,Carl Hargrave
2001,MIN,TE,John Tice
2001,MIN,WR,Charlie Baggett
2001,NE,DC,Romeo Crennel
2001,NE,HC,Bill Belichick
2001,NE,OC,Charlie Weis
2001,NE,QB,"Dick Rehbein (died August 6, 2001)"
2001,NE,RB,Charlie Weis
2001,NE,WR,Ivan Fears
2001,NO,DC,Ron Zook
2001,NO,HC,Jim Haslett
2001,NO,OC,Mike McCarthy
2001,NO,OL,Jack Henry
2001,NO,QB,"Frank Cignetti, Jr."
2001,NO,RB,Dave Atkins
2001,NO,TE,Bob Palcic
2001,NO,WR,Hubbard Alexander
2001,NYG,DC,John Fox
2001,NYG,HC,Jim Fassel
2001,NYG,OC,Sean Payton
2001,NYG,QB,Sean Payton
2001,NYG,RB,Eric Studesville
2001,NYG,TE,Mike Pope
2001,NYG,WR,Jimmy Robinson
2001,NYJ,DC,Ted Cottrell
2001,NYJ,HC,Herman Edwards
2001,NYJ,OC,Paul Hackett
2001,NYJ,OL,Bill Muir
2001,NYJ,RB,Bishop Harris
2001,NYJ,TE,Phil Pettey
2001,NYJ,WR,Mose Rison
2001,PHI,DC,Jim Johnson
2001,PHI,HC,Andy Reid
2001,PHI,OC,Rod Dowhower
2001,PHI,OL,Juan Castillo
2001,PHI,OL,Pat Shurmur
2001,PHI,QB,Brad Childress
2001,PHI,RB,Ted Williams
2001,PHI,TE,Pat Shurmur
2001,PHI,WR,David Culley
2001,PIT,DC,Tim Lewis
2001,PIT,HC,Bill Cowher
2001,PIT,OC,Mike Mularkey
2001,PIT,OL,Russ Grimm
2001,PIT,QB,Tom Clements
2001,PIT,RB,Dick Hoak
2001,PIT,TE,Ken Whisenhunt
2001,PIT,WR,Kenny Jackson
2001,SEA,DC,Steve Sidwell
2001,SEA,OC,Gil Haskell
2001,SEA,QB,Jim Zorn
2001,SEA,RB,Stump Mitchell
2001,SEA,TE,Jim Lind
2001,SEA,WR,Nolan Cromwell
2001,SF,DC,Jim Mora Jr
2001,SF,HC,Steve Mariucci
2001,SF,OC,Greg Knapp
2001,SF,OL,Pat Morris
2001,SF,QB,Greg Olson
2001,SF,RB,Tom Rathman
2001,SF,TE,Tom Batta
2001,SF,WR,George Stewart
2001,TB,DC,Monte Kiffin
2001,TB,HC,Tony Dungy
2001,TB,OC,Clyde Christensen
2001,TB,OL,Chris Foerster
2001,TB,QB,Jim Caldwell
2001,TB,RB,Tony Nathan
2001,TB,TE,Ricky Thomas
2001,TB,WR,Charlie Williams
2001,TEN,DC,Jim Schwartz
2001,TEN,OC,Mike Heimerdinger
2001,TEN,OL,Mike Munchak
2001,TEN,RB,Sherman Smith
2001,TEN,WR,Steve Walters
2001,WAS,DC,Kurt Schottenheimer
2001,WAS,OC,Jimmy Raye II
2001,WAS,OL,Joe Pendry
2001,WAS,QB,Brian Schottenheimer
2001,WAS,RB,Hue Jackson
2001,WAS,TE,Tony Sparano
2001,WAS,WR,Richard Mann
2002,ARI,DC,Larry Marmie
2002,ARI,HC,Dave McGinnis
2002,ARI,OC,Rich Olson
2002,ARI,OL,George Warhop
2002,ARI,QB,Geep Chryst
2002,ARI,RB,Johnny Roland
2002,ARI,TE,Pete Hoener
2002,ARI,WR,Jerry Sullivan
2002,ATL,DC,Wade Phillips
2002,ATL,OL,Pete Mangurian
2002,ATL,QB,Jack Burns
2002,ATL,RB,Ollie Wilson
2002,ATL,TE,James Daniel
2002,ATL,WR,Mike Johnson
2002,BAL,DC,Mike Nolan
2002,BAL,HC,Brian Billick
2002,BAL,OC,Matt Cavanaugh
2002,BAL,OL,Jim Colletto
2002,BAL,OL,Wade Harman
2002,BAL,QB,David Shaw
2002,BAL,RB,Matt Simon
2002,BAL,TE,Wade Harman
2002,BAL,WR,David Shaw
2002,BUF,DC,Jerry Gray
2002,BUF,HC,Gregg Williams
2002,BUF,OC,Kevin Gilbride
2002,BUF,OL,Ronnie Vinklarek
2002,BUF,QB,Steve Kragthorpe
2002,BUF,RB,Steve Fairchild
2002,BUF,TE,Dan Neal
2002,BUF,WR,Fred Graves
2002,CAR,DC,Jack Del Rio
2002,CAR,HC,John Fox
2002,CAR,OC,Dan Henning
2002,CAR,OL,Paul Boudreau
2002,CAR,QB,Mike McCoy
2002,CAR,RB,Jim Skipper
2002,CAR,TE,Don Breaux
2002,CAR,WR,Richard Williamson
2002,CHI,DC,Greg Blache
2002,CHI,HC,Dick Jauron
2002,CHI,OC,John Shoop
2002,CHI,OL,Bob Wylie
2002,CHI,RB,Earle Mosley
2002,CHI,TE,Pat Flaherty
2002,CHI,WR,Todd Haley
2002,CIN,DC,Mark Duffner
2002,CIN,HC,Dick LeBeau
2002,CIN,OC,Bob Bratkowski
2002,CIN,OL,Paul Alexander
2002,CIN,QB,Ken Anderson
2002,CIN,RB,Jim Anderson
2002,CIN,TE,John Garrett
2002,CIN,WR,Steve Mooshagian
2002,CLE,DC,Foge Fazio
2002,CLE,OC,Bruce Arians
2002,CLE,OL,Larry Zierlein
2002,CLE,QB,Carl Smith
2002,CLE,RB,Todd McNair
2002,CLE,TE,Steve Hagen
2002,CLE,WR,Terry Robiskie
2002,DAL,DC,Mike Zimmer
2002,DAL,HC,Dave Campo
2002,DAL,OC,Bruce Coslet
2002,DAL,OL,Frank Verducci
2002,DAL,QB,Wade Wilson
2002,DAL,RB,Galen Hall
2002,DAL,TE,Greg Seamon
2002,DAL,WR,Wes Chandler
2002,DEN,DC,Ray Rhodes
2002,DEN,OC,Gary Kubiak
2002,DEN,OL,Rick Dennison
2002,DEN,QB,Gary Kubiak
2002,DEN,RB,Bobby Turner
2002,DEN,TE,Brian Pariani
2002,DEN,WR,Karl Dorrell
2002,DET,DC,Kurt Schottenheimer
2002,DET,HC,Marty Mornhinweg
2002,DET,OC,Maurice Carthon
2002,DET,OL,Carl Mauck
2002,DET,QB,Kevin Higgins
2002,DET,RB,Maurice Carthon
2002,DET,TE,Sean Kugler
2002,DET,WR,Larry Kirksey
2002,GB,DC,Ed Donatell
2002,GB,OC,Tom Rossley
2002,GB,OL,Larry Beightol
2002,GB,RB,Sylvester Croom
2002,GB,TE,Jeff Jagodzinski
2002,GB,WR,Ray Sherman
2002,HOU,DC,Vic Fangio
2002,HOU,HC,Dom Capers
2002,HOU,OC,Chris Palmer
2002,HOU,OL,Tony Marciano
2002,HOU,RB,Chick Harris
2002,HOU,TE,Greg Roman
2002,HOU,WR,Kippy Brown
2002,IND,DC,Ron Meeks
2002,IND,HC,Tony Dungy
2002,IND,OC,Tom Moore
2002,IND,OL,Howard Mudd
2002,IND,QB,Jim Caldwell
2002,IND,RB,Gene Huey
2002,IND,TE,Chris Foerster
2002,IND,WR,Clyde Christensen
2002,JAX,DC,John Pease
2002,JAX,HC,Tom Coughlin
2002,JAX,OL,Mike Maser
2002,JAX,QB,John Hufnagel
2002,JAX,RB,Jerald Ingram
2002,JAX,TE,Tony Sparano
2002,JAX,WR,John McNulty
2002,KC,DC,Greg Robinson
2002,KC,HC,Dick Vermeil
2002,KC,OC,Al Saunders
2002,KC,OL,Mike Solari
2002,KC,QB,Terry Shea
2002,KC,RB,James Saxon
2002,KC,TE,Keith Rowen
2002,KC,WR,Charlie Joiner
2002,LAC,DC,Dale Lindsey
2002,LAC,HC,Marty Schottenheimer
2002,LAC,OC,Cam Cameron
2002,LAC,OL,Hudson Houck
2002,LAC,QB,Brian Schottenheimer
2002,LAC,RB,Clarence Shelmon
2002,LAC,TE,Tim Brewster
2002,LAC,WR,James Lofton
2002,LV,DC,Chuck Bresnahan
2002,LV,HC,Bill Callahan
2002,LV,OC,Marc Trestman
2002,LV,OL,Aaron Kromer
2002,LV,RB,Skip Peete
2002,LV,TE,Jay Norvell
2002,LV,WR,Fred Biletnikoff
2002,MIA,DC,Jim Bates
2002,MIA,HC,Dave Wannstedt
2002,MIA,OC,Norv Turner
2002,MIA,OL,Tony Wise
2002,MIA,QB,Mike Shula
2002,MIA,RB,Joel Collier
2002,MIA,TE,Pat Jones
2002,MIA,WR,Robert Ford
2002,MIN,DC,Willie Shaw
2002,MIN,HC,Mike Tice
2002,MIN,OC,Scott Linehan
2002,MIN,OL,John Tice
2002,MIN,OL,Steve Loney
2002,MIN,QB,Alex Wood
2002,MIN,RB,Dean Dalton
2002,MIN,TE,John Tice
2002,MIN,WR,Charlie Baggett
2002,NE,DC,Romeo Crennel
2002,NE,HC,Bill Belichick
2002,NE,OC,Charlie Weis
2002,NE,QB,Charlie Weis
2002,NE,RB,Ivan Fears
2002,NE,WR,Brian Daboll
2002,NO,DC,Rick Venturi
2002,NO,HC,Jim Haslett
2002,NO,OC,Mike McCarthy
2002,NO,OL,Jack Henry
2002,NO,QB,Mike Sheppard
2002,NO,RB,Dave Atkins
2002,NO,TE,Bob Palcic
2002,NO,WR,Hubbard Alexander
2002,NYG,DC,Johnnie Lynn
2002,NYG,HC,Jim Fassel
2002,NYG,OC,Sean Payton
2002,NYG,OL,Jim McNally
2002,NYG,QB,Sean Payton
2002,NYG,RB,Eric Studesville
2002,NYG,TE,Mike Pope
2002,NYG,WR,Jimmy Robinson
2002,NYJ,DC,Ted Cottrell
2002,NYJ,HC,Herman Edwards
2002,NYJ,OC,Paul Hackett
2002,NYJ,OL,Doug Marrone
2002,NYJ,RB,Bishop Harris
2002,NYJ,TE,Phil Pettey
2002,NYJ,WR,Mose Rison
2002,PHI,DC,Jim Johnson
2002,PHI,HC,Andy Reid
2002,PHI,OC,Brad Childress
2002,PHI,OL,Juan Castillo
2002,PHI,QB,Pat Shurmur
2002,PHI,RB,Ted Williams
2002,PHI,TE,Tom Melvin
2002,PHI,WR,David Culley
2002,PIT,DC,Tim Lewis
2002,PIT,HC,Bill Cowher
2002,PIT,OC,Mike Mularkey
2002,PIT,OL,Russ Grimm
2002,PIT,QB,Tom Clements
2002,PIT,RB,Dick Hoak
2002,PIT,TE,Ken Whisenhunt
2002,PIT,WR,Kenny Jackson
2002,SEA,DC,Steve Sidwell
2002,SEA,HC,Mike Holmgren
2002,SEA,OC,Gil Haskell
2002,SEA,QB,Jim Zorn
2002,SEA,RB,Stump Mitchell
2002,SEA,TE,Jim Lind
2002,SEA,WR,Nolan Cromwell
2002,SF,DC,Jim Mora
2002,SF,HC,Steve Mariucci
2002,SF,OC,Greg Knapp
2002,SF,OL,Patrick Morris
2002,SF,QB,Ted Tollner
2002,SF,RB,Tom Rathman
2002,SF,TE,Tom Batta
2002,SF,WR,George Stewart
2002,TB,DC,Monte Kiffin
2002,TB,HC,Jon Gruden
2002,TB,OC,Bill Muir
2002,TB,OL,Bill Muir
2002,TB,QB,Stan Parrish
2002,TB,RB,Kirby Wilson
2002,TB,TE,Art Valero
2002,TB,WR,Richard Mann
2002,TEN,DC,Jim Schwartz
2002,TEN,OC,Mike Heimerdinger
2002,TEN,OL,Mike Munchak
2002,TEN,QB,Craig Johnson
2002,TEN,RB,Sherman Smith
2002,TEN,WR,Steve Walters
2002,WAS,DC,George Edwards
2002,WAS,DC,Marvin Lewis
2002,WAS,HC,Steve Spurrier
2002,WAS,OC,Kim Helton
2002,WAS,RB,Hue Jackson
2002,WAS,TE,Lawson Holland
2002,WAS,WR,Steve Spurrier Jr.
2003,ARI,DC,Larry Marmie
2003,ARI,HC,Dave McGinnis
2003,ARI,OC,Jerry Sullivan
2003,ARI,OL,George Warhop
2003,ARI,QB,Geep Chryst
2003,ARI,RB,Johnny Roland
2003,ARI,TE,Marty Galbraith
2003,ARI,WR,Tyke Tolbert
2003,ATL,DC,Wade Phillips
2003,ATL,HC,Wade Phillips
2003,ATL,OC,Pete Mangurian
2003,ATL,OL,Rennie Simmons
2003,ATL,QB,Mike Johnson
2003,ATL,RB,Ollie Wilson
2003,ATL,TE,James Daniel
2003,ATL,WR,George Stewart
2003,BAL,DC,Mike Nolan
2003,BAL,HC,Brian Billick
2003,BAL,OC,Matt Cavanaugh
2003,BAL,OL,Jim Colletto
2003,BAL,OL,Wade Harman
2003,BAL,QB,David Shaw
2003,BAL,RB,Matt Simon
2003,BAL,TE,Wade Harman
2003,BAL,WR,David Shaw
2003,CAR,DC,Mike Trgovac
2003,CAR,HC,John Fox
2003,CAR,OC,Dan Henning
2003,CAR,OL,Mike Maser
2003,CAR,QB,Mike McCoy
2003,CAR,RB,Jim Skipper
2003,CAR,TE,Dave Magazu
2003,CAR,WR,Richard Williamson
2003,CHI,DC,Greg Blache
2003,CHI,HC,Dick Jauron
2003,CHI,OC,John Shoop
2003,CHI,OL,Bob Wylie
2003,CHI,QB,Greg Olson
2003,CHI,RB,Earle Mosley
2003,CHI,TE,Pat Flaherty
2003,CHI,WR,Todd Haley
2003,CIN,DC,Leslie Frazier
2003,CIN,HC,Marvin Lewis
2003,CIN,OC,Bob Bratkowski
2003,CIN,QB,Ken Zampese
2003,CIN,RB,Jim Anderson
2003,CIN,TE,Jonathan Hayes
2003,CIN,WR,Alex Wood
2003,CLE,DC,Dave Campo
2003,CLE,OC,Bruce Arians
2003,CLE,OL,Larry Zierlein
2003,CLE,QB,Carl Smith
2003,CLE,RB,Todd McNair
2003,CLE,TE,Steve Hagen
2003,CLE,WR,Terry Robiskie
2003,DEN,DC,Larry Coyer
2003,DEN,OC,Gary Kubiak
2003,DEN,OL,Rick Dennison
2003,DEN,QB,Pat McPherson
2003,DEN,RB,Bobby Turner
2003,DEN,TE,Brian Pariani
2003,DEN,WR,Steve Watson
2003,DET,DC,Kurt Schottenheimer
2003,DET,HC,Steve Mariucci
2003,DET,OC,Sherman Lewis
2003,DET,OL,Carl Mauck
2003,DET,QB,Kevin Higgins
2003,DET,RB,Tom Rathman
2003,DET,TE,Sean Kugler
2003,DET,WR,Bobby Williams
2003,GB,DC,Ed Donatell
2003,GB,OC,Tom Rossley
2003,GB,OL,Larry Beightol
2003,GB,QB,Darrell Bevell
2003,GB,RB,Sylvester Croom
2003,GB,TE,Jeff Jagodzinski
2003,GB,WR,Ray Sherman
2003,HOU,DC,Vic Fangio
2003,HOU,HC,Dom Capers
2003,HOU,OC,Chris Palmer
2003,HOU,OL,Tony Marciano
2003,HOU,RB,Chick Harris
2003,HOU,TE,Greg Roman
2003,HOU,WR,Kippy Brown
2003,JAX,DC,Mike Smith
2003,JAX,HC,Jack Del Rio
2003,JAX,OC,Bill Musgrave
2003,JAX,OL,Paul Boudreau
2003,JAX,QB,Ken Anderson
2003,JAX,RB,Anthony Lynn
2003,JAX,TE,Alfredo Roberts
2003,JAX,WR,Larry Kirksey
2003,KC,DC,Greg Robinson
2003,KC,HC,Dick Vermeil
2003,KC,OC,Al Saunders
2003,KC,OL,Mike Solari
2003,KC,QB,Terry Shea
2003,KC,RB,James Saxon
2003,KC,TE,Keith Rowen
2003,KC,WR,Charlie Joiner
2003,LAC,DC,Dale Lindsey
2003,LAC,HC,Marty Schottenheimer
2003,LAC,OC,Cam Cameron
2003,LAC,OL,Hudson Houck
2003,LAC,QB,Brian Schottenheimer
2003,LAC,RB,Clarence Shelmon
2003,LAC,TE,Tim Brewster
2003,LAC,WR,James Lofton
2003,LV,DC,Chuck Bresnahan
2003,LV,HC,Bill Callahan
2003,LV,OC,Marc Trestman
2003,LV,OL,Aaron Kromer
2003,LV,RB,Skip Peete
2003,LV,TE,Jay Norvell
2003,LV,WR,Fred Biletnikoff
2003,MIA,DC,Jim Bates
2003,MIA,HC,Dave Wannstedt
2003,MIA,OC,Norv Turner
2003,MIA,OL,Tony Wise
2003,MIA,RB,Joel Collier
2003,MIA,TE,Pat Jones
2003,MIA,WR,Robert Ford
2003,MIN,DC,George O'Leary
2003,MIN,HC,Mike Tice
2003,MIN,OC,Scott Linehan
2003,MIN,OL,John Tice
2003,MIN,OL,Steve Loney
2003,MIN,QB,Scott Linehan
2003,MIN,RB,Dean Dalton
2003,MIN,TE,John Tice
2003,MIN,WR,Charlie Baggett
2003,NE,DC,Romeo Crennel
2003,NE,HC,Bill Belichick
2003,NE,OC,Charlie Weis
2003,NE,QB,John Hufnagel
2003,NE,RB,Ivan Fears
2003,NE,WR,Brian Daboll
2003,NO,DC,Rick Venturi
2003,NO,HC,Jim Haslett
2003,NO,OC,Mike McCarthy
2003,NO,OL,Jack Henry
2003,NO,QB,Mike Sheppard
2003,NO,RB,Dave Atkins
2003,NO,TE,Bob Palcic
2003,NO,WR,Hubbard Alexander
2003,NYJ,DC,Ted Cottrell
2003,NYJ,HC,Herman Edwards
2003,NYJ,OC,Paul Hackett
2003,NYJ,OL,Doug Marrone
2003,NYJ,QB,Jim Hostler
2003,NYJ,RB,Bishop Harris
2003,NYJ,WR,Jim Hostler
2003,PHI,DC,Jim Johnson
2003,PHI,HC,Andy Reid
2003,PHI,OC,Brad Childress
2003,PHI,OL,Juan Castillo
2003,PHI,QB,Pat Shurmur
2003,PHI,RB,Ted Williams
2003,PHI,TE,Tom Melvin
2003,PHI,WR,David Culley
2003,PIT,DC,Tim Lewis
2003,PIT,HC,Bill Cowher
2003,PIT,OC,Mike Mularkey
2003,PIT,OL,Russ Grimm
2003,PIT,QB,Tom Clements
2003,PIT,RB,Dick Hoak
2003,PIT,TE,Ken Whisenhunt
2003,PIT,WR,Kenny Jackson
2003,SF,DC,Jim Mora
2003,SF,HC,Dennis Erickson
2003,SF,OC,Greg Knapp
2003,SF,OL,Patrick Morris
2003,SF,QB,Ted Tollner
2003,SF,RB,Tim Lappano
2003,SF,TE,Gregg Smith
2003,SF,WR,Eric Yarber
2003,TB,DC,Monte Kiffin
2003,TB,HC,Jon Gruden
2003,TB,OC,Bill Muir
2003,TB,OL,Bill Muir
2003,TB,QB,Stan Parrish
2003,TB,RB,Kirby Wilson
2003,TB,TE,Art Valero
2003,TB,WR,Richard Mann
2003,TEN,DC,Jim Schwartz
2003,TEN,OC,Mike Heimerdinger
2003,TEN,OL,Mike Munchak
2003,TEN,QB,Craig Johnson
2003,TEN,RB,Sherman Smith
2003,TEN,WR,Steve Walters
2004,ARI,DC,Clancy Pendergast
2004,ARI,HC,Dennis Green
2004,ARI,OC,Alex Wood
2004,ARI,OL,Bob Wylie
2004,ARI,QB,Mike Kruczek
2004,ARI,RB,Kirby Wilson
2004,ARI,TE,Mike Wilson
2004,ARI,WR,Robert Ford
2004,ATL,DC,Ed Donatell
2004,ATL,OC,Greg Knapp
2004,ATL,QB,Mike Johnson
2004,ATL,RB,Ollie Wilson
2004,ATL,TE,Jeff Jagodzinski
2004,ATL,WR,George Stewart
2004,BAL,DC,Mike Nolan
2004,BAL,HC,Brian Billick
2004,BAL,OC,Matt Cavanaugh
2004,BAL,OL,Jim Colletto
2004,BAL,OL,Wade Harman
2004,BAL,QB,David Shaw
2004,BAL,RB,Matt Simon
2004,BAL,TE,Wade Harman
2004,BAL,WR,David Shaw
2004,CAR,DC,Mike Trgovac
2004,CAR,HC,John Fox
2004,CAR,OC,Dan Henning
2004,CAR,OL,Mike Maser
2004,CAR,QB,Mike McCoy
2004,CAR,RB,Jim Skipper
2004,CAR,TE,Dave Magazu
2004,CAR,WR,Richard Williamson
2004,CHI,DC,Ron Rivera
2004,CHI,HC,Lovie Smith
2004,CHI,OC,Terry Shea
2004,CHI,OL,Pete Hoener
2004,CHI,QB,Wade Wilson
2004,CHI,RB,Tim Spencer
2004,CHI,TE,Rob Boras
2004,CHI,WR,Darryl Drake
2004,CIN,DC,Leslie Frazier
2004,CIN,HC,Marvin Lewis
2004,CIN,OC,Bob Bratkowski
2004,CIN,QB,Ken Zampese
2004,CIN,RB,Jim Anderson
2004,CIN,TE,Jonathan Hayes
2004,CIN,WR,Hue Jackson
2004,CLE,DC,Dave Campo
2004,CLE,HC,Terry Robiskie
2004,CLE,OC,Rob Chudzinski
2004,CLE,OC,Terry Robiskie
2004,CLE,OL,Larry Zierlein
2004,CLE,QB,Steve Hagen
2004,CLE,RB,Kennedy Polamalu
2004,CLE,TE,Rob Chudzinski
2004,CLE,WR,Fred Graves
2004,DEN,DC,Larry Coyer
2004,DEN,OC,Gary Kubiak
2004,DEN,OL,Rick Dennison
2004,DEN,QB,Pat McPherson
2004,DEN,RB,Bobby Turner
2004,DEN,TE,Brian Pariani
2004,DEN,WR,Steve Watson
2004,DET,DC,Dick Jauron
2004,DET,HC,Steve Mariucci
2004,DET,OC,Sherman Lewis
2004,DET,OL,Pat Morris
2004,DET,QB,Greg Olson
2004,DET,RB,Tom Rathman
2004,DET,TE,Andy Sugarman
2004,DET,WR,Kevin Higgins
2004,GB,DC,Bob Slowik
2004,GB,OC,Tom Rossley
2004,GB,OL,Joe Philbin
2004,GB,OL,Larry Beightol
2004,GB,QB,Darrell Bevell
2004,GB,RB,Johnny Roland
2004,GB,TE,Joe Philbin
2004,GB,WR,Ray Sherman
2004,HOU,DC,Vic Fangio
2004,HOU,HC,Dom Capers
2004,HOU,OC,Chris Palmer
2004,HOU,OL,Joe Pendry
2004,HOU,QB,Greg Roman
2004,HOU,RB,Chick Harris
2004,HOU,TE,Tony Marciano
2004,HOU,WR,Kippy Brown
2004,JAX,DC,Mike Smith
2004,JAX,HC,Jack Del Rio
2004,JAX,OC,Bill Musgrave
2004,JAX,OL,Andy Heck
2004,JAX,OL,Paul Boudreau
2004,JAX,QB,Ken Anderson
2004,JAX,RB,Anthony Lynn
2004,JAX,TE,Alfredo Roberts
2004,JAX,WR,Ken Anderson
2004,KC,DC,Gunther Cunningham
2004,KC,HC,Dick Vermeil
2004,KC,OC,Al Saunders
2004,KC,OL,Mike Solari
2004,KC,QB,Jason Verduzco
2004,KC,RB,James Saxon
2004,KC,TE,Keith Rowen
2004,KC,WR,Charlie Joiner
2004,LAC,DC,Wade Phillips
2004,LAC,HC,Marty Schottenheimer
2004,LAC,OC,Cam Cameron
2004,LAC,OL,Hudson Houck
2004,LAC,QB,Brian Schottenheimer
2004,LAC,RB,Clarence Shelmon
2004,LAC,TE,Tim Brewster
2004,LAC,WR,James Lofton
2004,LV,DC,Rob Ryan
2004,LV,HC,Norv Turner
2004,LV,OC,Jimmy Raye
2004,LV,OL,Aaron Kromer
2004,LV,QB,Steve Sarkisian
2004,LV,RB,Skip Peete
2004,LV,TE,John Morton
2004,LV,WR,Fred Biletnikoff
2004,MIA,DC,Jim Bates (Interim Head Coach Games 10-16)
2004,MIA,HC,Dave Wannstedt (Games 1-9)
2004,MIA,OC,Chris Foerster
2004,MIA,OL,Tony Wise
2004,MIA,RB,Joel Collier
2004,MIA,TE,Bernie Parmalee
2004,MIA,WR,Jerry Sullivan
2004,MIN,DC,Ted Cottrell
2004,MIN,HC,Mike Tice
2004,MIN,OC,Scott Linehan
2004,MIN,OL,John Tice
2004,MIN,OL,Steve Loney
2004,MIN,QB,Scott Linehan
2004,MIN,RB,Dean Dalton
2004,MIN,TE,John Tice
2004,MIN,WR,Charlie Baggett
2004,NE,DC,Romeo Crennel
2004,NE,HC,Bill Belichick
2004,NE,OC,Charlie Weis
2004,NE,QB,Josh McDaniels
2004,NE,RB,Ivan Fears
2004,NE,WR,Brian Daboll
2004,NO,DC,Rick Venturi
2004,NO,HC,Jim Haslett
2004,NO,OC,Mike McCarthy
2004,NO,OL,Jack Henry
2004,NO,QB,Mike Sheppard
2004,NO,RB,Dave Atkins
2004,NO,TE,Bob Palcic
2004,NO,WR,Jimmy Robinson
2004,NYJ,DC,Donnie Henderson
2004,NYJ,HC,Herman Edwards
2004,NYJ,OC,Paul Hackett
2004,NYJ,OL,Doug Marrone
2004,NYJ,QB,Jim Hostler
2004,NYJ,QB,Pep Hamilton
2004,NYJ,RB,Bishop Harris
2004,NYJ,TE,John Zernhelt
2004,PHI,DC,Jim Johnson
2004,PHI,HC,Andy Reid
2004,PHI,OC,Brad Childress
2004,PHI,OL,Juan Castillo
2004,PHI,QB,Pat Shurmur
2004,PHI,RB,Ted Williams
2004,PHI,TE,Tom Melvin
2004,PHI,WR,David Culley
2004,PIT,DC,Dick LeBeau
2004,PIT,HC,Bill Cowher
2004,PIT,OC,Ken Whisenhunt
2004,PIT,QB,Mark Whipple
2004,PIT,RB,Dick Hoak
2004,PIT,TE,James Daniel
2004,PIT,WR,Bruce Arians
2004,TB,DC,Monte Kiffin
2004,TB,HC,Jon Gruden
2004,TB,OC,Bill Muir
2004,TB,OL,Bill Muir
2004,TB,QB,John Shoop
2004,TB,RB,Art Valero
2004,TB,TE,Ron Middleton
2004,TB,WR,Richard Mann
2004,TEN,DC,Jim Schwartz
2004,TEN,OC,Mike Heimerdinger
2004,TEN,OL,Mike Munchak
2004,TEN,QB,Craig Johnson
2004,TEN,RB,Sherman Smith
2004,TEN,WR,Steve Walters
2004,WAS,DC,Greg Blache
2004,WAS,HC,Joe Gibbs
2004,WAS,OC,Don Breaux
2004,WAS,QB,Jack Burns
2004,WAS,RB,Earnest Byner
2004,WAS,TE,Rennie Simmons
2004,WAS,WR,Stan Hixon
2005,ARI,DC,Clancy Pendergast
2005,ARI,HC,Dennis Green
2005,ARI,OC,Keith Rowen
2005,ARI,OL,Everett Lindsay
2005,ARI,QB,Mike Kruczek
2005,ARI,RB,Kirby Wilson
2005,ARI,TE,Carl Hargrave
2005,ARI,WR,Mike Wilson
2005,ATL,DC,Ed Donatell
2005,ATL,OC,Greg Knapp
2005,ATL,OL,Jeff Jagodzinski
2005,ATL,QB,Mike Johnson
2005,ATL,RB,Ollie Wilson
2005,ATL,TE,Clancy Barone
2005,ATL,WR,George Stewart
2005,BAL,DC,Rex Ryan
2005,BAL,HC,Brian Billick
2005,BAL,OC,Jim Fassel
2005,BAL,OL,Wade Harman
2005,BAL,QB,Rick Neuheisel
2005,BAL,RB,Matt Simon
2005,BAL,TE,Wade Harman
2005,BAL,WR,David Shaw
2005,BUF,DC,Jerry Gray
2005,BUF,HC,Mike Mularkey
2005,BUF,OC,Tom Clements
2005,BUF,OL,Frank Verducci
2005,BUF,OL,Jim McNally
2005,BUF,QB,Sam Wyche
2005,BUF,RB,Eric Studesville
2005,BUF,TE,Mike Miller
2005,BUF,WR,Tyke Tolbert
2005,CAR,DC,Mike Trgovac
2005,CAR,HC,John Fox
2005,CAR,OC,Dan Henning
2005,CAR,OL,Mike Maser
2005,CAR,QB,Mike McCoy
2005,CAR,RB,Jim Skipper
2005,CAR,TE,Dave Magazu
2005,CAR,WR,Richard Williamson
2005,CHI,DC,Ron Rivera
2005,CHI,HC,Lovie Smith
2005,CHI,OC,Ron Turner
2005,CHI,OL,Harry Hiestand
2005,CHI,QB,Wade Wilson
2005,CHI,RB,Tim Spencer
2005,CHI,TE,Rob Boras
2005,CHI,WR,Darryl Drake
2005,CIN,DC,Chuck Bresnahan
2005,CIN,HC,Marvin Lewis
2005,CIN,OC,Bob Bratkowski
2005,CIN,QB,Ken Zampese
2005,CIN,RB,Jim Anderson
2005,CIN,TE,Jonathan Hayes
2005,CIN,WR,Hue Jackson
2005,CLE,DC,Todd Grantham
2005,CLE,HC,Romeo Crennel
2005,CLE,OC,Maurice Carthon
2005,CLE,OL,Jeff Davidson
2005,CLE,QB,Rip Scherer
2005,CLE,RB,Dave Atkins
2005,CLE,TE,Ben Coates
2005,CLE,WR,Terry Robiskie
2005,DAL,DC,Mike Zimmer
2005,DAL,HC,Bill Parcells
2005,DAL,OL,Tony Sparano
2005,DAL,QB,David Lee
2005,DAL,RB,Anthony Lynn
2005,DAL,TE,Paul Pasqualoni
2005,DAL,WR,Todd Haley
2005,DEN,DC,Larry Coyer
2005,DEN,OC,Gary Kubiak
2005,DEN,OL,Rick Dennison
2005,DEN,QB,Pat McPherson
2005,DEN,RB,Bobby Turner
2005,DEN,TE,Tim Brewster
2005,DEN,WR,Steve Watson
2005,DET,DC,Dick Jauron
2005,DET,HC,Dick Jauron
2005,DET,HC,Steve Mariucci
2005,DET,OC,Ted Tollner
2005,DET,OL,Pat Morris
2005,DET,QB,Greg Olson
2005,DET,RB,Tom Rathman
2005,DET,TE,Andy Sugarman
2005,DET,WR,Fred Graves
2005,GB,DC,Jim Bates
2005,GB,OC,Tom Rossley
2005,GB,OL,Joe Philbin
2005,GB,OL,Larry Beightol
2005,GB,QB,Darrell Bevell
2005,GB,RB,Edgar Bennett
2005,GB,TE,Joe Philbin
2005,GB,WR,James Franklin
2005,HOU,DC,Vic Fangio
2005,HOU,HC,Dom Capers
2005,HOU,OC,Chris Palmer
2005,HOU,OC,Joe Pendry
2005,HOU,OL,Joe Pendry
2005,HOU,QB,Greg Roman
2005,HOU,RB,Chick Harris
2005,HOU,TE,Tony Marciano
2005,HOU,WR,Kippy Brown
2005,JAX,DC,Mike Smith
2005,JAX,HC,Jack Del Rio
2005,JAX,OC,Carl Smith
2005,JAX,OL,Paul Boudreau
2005,JAX,QB,Ken Anderson
2005,JAX,RB,Kennedy Polamalu
2005,JAX,TE,Alfredo Roberts
2005,JAX,WR,Steve Walters
2005,KC,DC,Gunther Cunningham
2005,KC,HC,Dick Vermeil
2005,KC,OC,Al Saunders
2005,KC,OL,Mike Solari
2005,KC,QB,Terry Shea
2005,KC,RB,James Saxon
2005,KC,TE,Jason Verduzco
2005,KC,WR,Charlie Joiner
2005,LAC,DC,Wade Phillips
2005,LAC,HC,Marty Schottenheimer
2005,LAC,OC,Cam Cameron
2005,LAC,OL,Carl Mauck
2005,LAC,QB,Brian Schottenheimer
2005,LAC,RB,Clarence Shelmon
2005,LAC,TE,Rob Chudzinski
2005,LAC,WR,James Lofton
2005,LV,DC,Rob Ryan
2005,LV,HC,Norv Turner
2005,LV,OC,Jimmy Raye
2005,LV,OL,Jim Colletto
2005,LV,QB,John Shoop
2005,LV,RB,Skip Peete
2005,LV,WR,Fred Biletnikoff
2005,MIA,DC,Richard Smith
2005,MIA,HC,Nick Saban
2005,MIA,OC,Scott Linehan
2005,MIA,OL,Hudson Houck
2005,MIA,QB,Jason Garrett
2005,MIA,RB,Bobby Williams
2005,MIA,TE,Derek Dooley
2005,MIN,DC,Ted Cottrell
2005,MIN,HC,Mike Tice
2005,MIN,OC,Steve Loney
2005,MIN,OL,John Tice
2005,MIN,OL,Steve Loney
2005,MIN,QB,Randy Hanson
2005,MIN,QB,Rich Olson
2005,MIN,RB,Dean Dalton
2005,MIN,TE,John Tice
2005,MIN,WR,Wes Chandler
2005,NE,DC,Eric Mangini
2005,NE,HC,Bill Belichick
2005,NE,QB,Josh McDaniels
2005,NE,RB,Ivan Fears
2005,NE,TE,Pete Mangurian
2005,NE,WR,Brian Daboll
2005,NO,DC,Rick Venturi
2005,NO,HC,Jim Haslett
2005,NO,OC,Mike Sheppard
2005,NO,QB,Turk Schonert
2005,NO,RB,Johnny Roland
2005,NO,TE,Bob Palcic
2005,NO,WR,Jimmy Robinson
2005,NYJ,DC,Donnie Henderson
2005,NYJ,HC,Herman Edwards
2005,NYJ,OC,Mike Heimerdinger
2005,NYJ,OL,Doug Marrone
2005,NYJ,QB,Jeremy Bates
2005,NYJ,QB,Pep Hamilton
2005,NYJ,TE,John Zernhelt
2005,PHI,DC,Jim Johnson
2005,PHI,HC,Andy Reid
2005,PHI,OC,Brad Childress
2005,PHI,OC,Marty Mornhinweg
2005,PHI,OL,Juan Castillo
2005,PHI,QB,Pat Shurmur
2005,PHI,RB,Ted Williams
2005,PHI,TE,Tom Melvin
2005,PHI,WR,David Culley
2005,PIT,DC,Dick LeBeau
2005,PIT,HC,Bill Cowher
2005,PIT,OC,Ken Whisenhunt
2005,PIT,QB,Mark Whipple
2005,PIT,RB,Dick Hoak
2005,PIT,TE,James Daniel
2005,PIT,WR,Bruce Arians
2005,SEA,DC,Ray Rhodes
2005,SEA,HC,Mike Holmgren
2005,SEA,OC,Gil Haskell
2005,SEA,OL,Bill Laveroni
2005,SEA,QB,Jim Zorn
2005,SEA,RB,Stump Mitchell
2005,SEA,TE,Jim Lind
2005,SEA,WR,Nolan Cromwell
2005,SF,DC,Bill Davis
2005,SF,HC,Mike Nolan
2005,SF,OC,Mike McCarthy
2005,SF,OL,George Warhop
2005,SF,QB,Jim Hostler
2005,SF,RB,Bishop Harris
2005,SF,TE,Pete Hoener
2005,TB,DC,Monte Kiffin
2005,TB,HC,Jon Gruden
2005,TB,OC,Bill Muir
2005,TB,OL,Bill Muir
2005,TB,QB,Paul Hackett
2005,TB,RB,Art Valero
2005,TB,TE,Ron Middleton
2005,TB,WR,Richard Mann
2005,TEN,DC,Jim Schwartz
2005,TEN,OC,Norm Chow
2005,TEN,OL,Mike Munchak
2005,TEN,QB,Craig Johnson
2005,TEN,RB,Sherman Smith
2005,TEN,WR,Ray Sherman
2005,WAS,HC,Joe Gibbs
2005,WAS,OC,Don Breaux
2005,WAS,OL,Joe Bugel
2005,WAS,QB,Bill Musgrave
2005,WAS,RB,Earnest Byner
2005,WAS,TE,Rennie Simmons
2005,WAS,WR,Stan Hixon
2006,ARI,DC,Clancy Pendergast
2006,ARI,HC,Dennis Green
2006,ARI,OC,Keith Rowen
2006,ARI,OC,Mike Kruczek
2006,ARI,OL,Steve Loney
2006,ARI,QB,Mike Kruczek
2006,ARI,RB,Kirby Wilson
2006,ARI,TE,Carl Hargrave
2006,ARI,WR,Mike Wilson
2006,ATL,DC,Ed Donatell
2006,ATL,HC,Jim Mora Jr.
2006,ATL,OC,Greg Knapp
2006,ATL,OL,Alex Gibbs
2006,ATL,OL,Tom Cable
2006,ATL,QB,Bill Musgrave
2006,ATL,RB,Ollie Wilson
2006,ATL,TE,Clancy Barone
2006,ATL,WR,George Stewart
2006,BAL,DC,Rex Ryan
2006,BAL,HC,Brian Billick
2006,BAL,OC,Jim Fassel
2006,BAL,OL,Wade Harman
2006,BAL,QB,Rick Neuheisel
2006,BAL,RB,Tony Nathan
2006,BAL,TE,Wade Harman
2006,BAL,WR,Mike Johnson
2006,BUF,DC,Perry Fewell
2006,BUF,HC,Dick Jauron
2006,BUF,OC,Steve Fairchild
2006,BUF,OL,Jim McNally
2006,BUF,OL,Larry Zierlein
2006,BUF,QB,Turk Schonert
2006,BUF,RB,Eric Studesville
2006,BUF,TE,Charlie Coiner
2006,BUF,WR,Tyke Tolbert
2006,CAR,DC,Mike Trgovac
2006,CAR,HC,John Fox
2006,CAR,OC,Dan Henning
2006,CAR,OL,Mike Maser
2006,CAR,QB,Mike McCoy
2006,CAR,TE,Dave Magazu
2006,CAR,WR,Richard Williamson
2006,CHI,DC,Ron Rivera
2006,CHI,HC,Lovie Smith
2006,CHI,OC,Ron Turner
2006,CHI,OL,Harry Hiestand
2006,CHI,QB,Wade Wilson
2006,CHI,RB,Tim Spencer
2006,CHI,TE,Rob Boras
2006,CHI,WR,Darryl Drake
2006,CIN,DC,Chuck Bresnahan
2006,CIN,HC,Marvin Lewis
2006,CIN,OC,Bob Bratkowski
2006,CIN,QB,Ken Zampese
2006,CIN,RB,Jim Anderson
2006,CIN,TE,Jonathan Hayes
2006,CIN,WR,Hue Jackson
2006,CLE,DC,Todd Grantham
2006,CLE,HC,Romeo Crennel
2006,CLE,OC,Jeff Davidson
2006,CLE,OC,Maurice Carthon (Resigned after week 7)
2006,CLE,OL,Jeff Davidson
2006,CLE,QB,Rip Scherer
2006,CLE,RB,Dave Atkins
2006,CLE,TE,Ben Coates
2006,CLE,WR,Terry Robiskie
2006,DAL,DC,Mike Zimmer
2006,DAL,HC,Bill Parcells
2006,DAL,OL,Tony Sparano
2006,DAL,QB,Chris Palmer
2006,DAL,RB,Anthony Lynn
2006,DAL,TE,Freddie Kitchens
2006,DAL,WR,Todd Haley
2006,DEN,DC,Larry Coyer
2006,DEN,OC,Rick Dennison
2006,DEN,QB,Pat McPherson
2006,DEN,RB,Bobby Turner
2006,DEN,TE,Tim Brewster
2006,DEN,WR,Steve Watson
2006,DET,HC,Rod Marinelli
2006,DET,OC,Mike Martz
2006,DET,OL,Larry Beightol
2006,DET,QB,Mike Martz
2006,DET,RB,Tom Rathman
2006,DET,TE,Pat Carter
2006,DET,WR,Kippy Brown
2006,GB,DC,Bob Sanders
2006,GB,HC,Mike McCarthy
2006,GB,OC,Jeff Jagodzinski
2006,GB,OL,Joe Philbin
2006,GB,QB,Tom Clements
2006,GB,RB,Edgar Bennett
2006,GB,TE,Ben McAdoo
2006,GB,WR,Jimmy Robinson
2006,HOU,DC,Richard Smith
2006,HOU,HC,Gary Kubiak
2006,HOU,OC,Troy Calhoun
2006,HOU,OL,John Benton
2006,HOU,QB,Troy Calhoun
2006,HOU,RB,Chick Harris
2006,HOU,TE,Brian Pariani
2006,HOU,WR,Kyle Shanahan
2006,IND,DC,Ron Meeks
2006,IND,HC,Tony Dungy
2006,IND,OC,Tom Moore
2006,IND,OL,Howard Mudd
2006,IND,RB,Gene Huey
2006,IND,TE,Ricky Thomas
2006,IND,WR,Clyde Christensen
2006,JAX,DC,Mike Smith
2006,JAX,HC,Jack Del Rio
2006,JAX,OC,Carl Smith
2006,JAX,OL,Andy Heck
2006,JAX,QB,Ken Anderson
2006,JAX,RB,Kennedy Polamalu
2006,JAX,TE,Alfredo Roberts
2006,JAX,WR,Steve Walters
2006,KC,DC,Gunther Cunningham
2006,KC,HC,Herm Edwards
2006,KC,OC,Mike Solari
2006,KC,OL,John Matsko
2006,KC,QB,Terry Shea
2006,KC,RB,James Saxon
2006,KC,TE,Jon Embree
2006,KC,WR,Charlie Joiner
2006,LA,DC,Jim Haslett
2006,LA,OC,Greg Olson
2006,LA,OL,Paul T Boudreau
2006,LA,QB,Doug Nussmeier
2006,LA,RB,Wayne Moses
2006,LA,TE,Judd Garrett
2006,LA,WR,Henry Ellard
2006,LAC,DC,Wade Phillips
2006,LAC,HC,Marty Schottenheimer
2006,LAC,OC,Cam Cameron
2006,LAC,OL,Jack Henry
2006,LAC,QB,John Ramsdell
2006,LAC,RB,Clarence Shelmon
2006,LAC,TE,Rob Chudzinski
2006,LAC,WR,James Lofton
2006,MIA,DC,Dom Capers
2006,MIA,HC,Nick Saban
2006,MIA,OC,Mike Mularkey
2006,MIA,OL,Hudson Houck
2006,MIA,QB,Jason Garrett
2006,MIA,RB,Bobby Williams
2006,MIA,TE,Derek Dooley
2006,MIN,DC,Mike Tomlin
2006,MIN,HC,Brad Childress
2006,MIN,OC,Darrell Bevell
2006,MIN,OL,Pat Morris
2006,MIN,QB,Kevin Rogers
2006,MIN,RB,Eric Bieniemy
2006,MIN,TE,Jimmie Johnson
2006,MIN,WR,Darrell Wyatt
2006,NE,DC,Dean Pees
2006,NE,HC,Bill Belichick
2006,NE,OC,Josh McDaniels
2006,NE,QB,Josh McDaniels
2006,NE,RB,Ivan Fears
2006,NE,TE,Pete Mangurian
2006,NE,WR,Brian Daboll
2006,NO,DC,Gary Gibbs
2006,NO,HC,Sean Payton
2006,NO,OC,Doug Marrone
2006,NO,OL,Doug Marrone
2006,NO,QB,"Pete Carmichael, Jr."
2006,NO,TE,Terry Malone
2006,NO,WR,Curtis Johnson
2006,NYG,DC,Tim Lewis
2006,NYG,HC,Tom Coughlin
2006,NYG,OC,John Hufnagel
2006,NYG,OL,Pat Flaherty
2006,NYG,QB,Kevin Gilbride
2006,NYG,RB,Jerald Ingram
2006,NYG,TE,Mike Pope
2006,NYG,WR,Mike Sullivan
2006,NYJ,DC,Bob Sutton
2006,NYJ,HC,Eric Mangini
2006,NYJ,OC,Brian Schottenheimer
2006,NYJ,OL,Tony Wise
2006,NYJ,RB,Jimmy Raye
2006,NYJ,WR,Noel Mazzone
2006,PHI,DC,Jim Johnson
2006,PHI,HC,Andy Reid
2006,PHI,OC,Marty Mornhinweg
2006,PHI,OL,Juan Castillo
2006,PHI,QB,Pat Shurmur
2006,PHI,RB,Ted Williams
2006,PHI,TE,Tom Melvin
2006,PHI,WR,David Culley
2006,PIT,DC,Dick LeBeau
2006,PIT,HC,Bill Cowher
2006,PIT,OC,Ken Whisenhunt
2006,PIT,QB,Mark Whipple
2006,PIT,RB,Dick Hoak
2006,PIT,TE,James Daniel
2006,PIT,WR,Bruce Arians
2006,SEA,DC,John Marshall
2006,SEA,HC,Mike Holmgren
2006,SEA,OC,Gil Haskell
2006,SEA,OL,Bill Laveroni
2006,SEA,QB,Jim Zorn
2006,SEA,RB,Stump Mitchell
2006,SEA,TE,Jim Lind
2006,SEA,WR,Nolan Cromwell
2006,SF,DC,Bill Davis
2006,SF,HC,Mike Nolan
2006,SF,OC,Norv Turner
2006,SF,OL,George Warhop
2006,SF,QB,Jim Hostler
2006,SF,QB,Pep Hamilton
2006,SF,RB,Bishop Harris
2006,SF,TE,Pete Hoener
2006,TB,DC,Monte Kiffin
2006,TB,HC,Jon Gruden
2006,TB,OC,Bill Muir
2006,TB,OL,Bill Muir
2006,TB,QB,Paul Hackett
2006,TB,TE,Ron Middleton
2006,TB,WR,Richard Mann
2006,TEN,DC,Jim Schwartz
2006,TEN,OC,Norm Chow
2006,TEN,OL,Mike Munchak
2006,TEN,QB,Craig Johnson
2006,TEN,RB,Sherman Smith
2006,TEN,WR,Ray Sherman
2006,WAS,DC,Greg Blache
2006,WAS,HC,Joe Gibbs
2006,WAS,OC,Don Breaux
2006,WAS,QB,Bill Lazor
2006,WAS,RB,Earnest Byner
2006,WAS,TE,Rennie Simmons
2006,WAS,WR,Stan Hixon
2007,ARI,DC,Clancy Pendergast
2007,ARI,HC,Ken Whisenhunt
2007,ARI,OC,Todd Haley
2007,ARI,QB,Jeff Rutledge
2007,ARI,RB,Maurice Carthon
2007,ARI,TE,Freddie Kitchens
2007,ARI,WR,Mike Miller
2007,ATL,DC,Mike Zimmer
2007,ATL,HC,Bobby Petrino
2007,ATL,HC,Emmitt Thomas
2007,ATL,OC,Hue Jackson
2007,ATL,OL,Mike Summers
2007,ATL,QB,Bill Musgrave
2007,ATL,RB,Ollie Wilson
2007,ATL,TE,Keith Rowen
2007,ATL,WR,Paul Petrino
2007,BAL,DC,Rex Ryan
2007,BAL,HC,Brian Billick
2007,BAL,OC,Rick Neuheisel
2007,BAL,OL,Wade Harman
2007,BAL,QB,Rick Neuheisel
2007,BAL,RB,Tony Nathan
2007,BAL,TE,Wade Harman
2007,BAL,WR,Mike Johnson
2007,BUF,DC,Perry Fewell
2007,BUF,HC,Dick Jauron
2007,BUF,OC,Steve Fairchild
2007,BUF,OL,Jim McNally
2007,BUF,QB,Turk Schonert
2007,BUF,RB,Eric Studesville
2007,BUF,TE,Charlie Coiner
2007,BUF,WR,Tyke Tolbert
2007,CAR,DC,Mike Trgovac
2007,CAR,HC,John Fox
2007,CAR,OC,Jeff Davidson
2007,CAR,OL,Dave Magazu
2007,CAR,QB,Mike McCoy
2007,CAR,WR,Richard Williamson
2007,CHI,DC,Bob Babich
2007,CHI,HC,Lovie Smith
2007,CHI,OC,Ron Turner
2007,CHI,OL,Harry Hiestand
2007,CHI,OL,Luke Butkus
2007,CHI,QB,Pep Hamilton
2007,CHI,RB,Tim Spencer
2007,CHI,TE,Rob Boras
2007,CHI,WR,Darryl Drake
2007,CIN,DC,Chuck Bresnahan
2007,CIN,HC,Marvin Lewis
2007,CIN,OC,Bob Bratkowski
2007,CIN,QB,Ken Zampese
2007,CIN,RB,Jim Anderson
2007,CIN,TE,Jonathan Hayes
2007,CIN,WR,Mike Sheppard
2007,CLE,DC,Todd Grantham
2007,CLE,HC,Romeo Crennel
2007,CLE,OC,Rob Chudzinski
2007,CLE,OL,Mike Sullivan
2007,CLE,OL,Steve Marshall
2007,CLE,RB,Anthony Lynn
2007,CLE,TE,Alfredo Roberts
2007,CLE,WR,Wes Chandler
2007,DEN,DC,Bob Slowik
2007,DEN,OC,Rick Dennison
2007,DEN,OL,Rick Dennison
2007,DEN,QB,Jeremy Bates
2007,DEN,RB,Bobby Turner
2007,DEN,TE,Pat McPherson
2007,DEN,WR,Jeremy Bates
2007,DET,DC,Joe Barry
2007,DET,HC,Rod Marinelli
2007,DET,OC,Mike Martz
2007,DET,OL,Jim Colletto
2007,DET,QB,Adam Gase
2007,DET,RB,Wilbert Montgomery
2007,DET,TE,Pat Carter
2007,DET,WR,Kippy Brown
2007,HOU,DC,Richard Smith
2007,HOU,HC,Gary Kubiak
2007,HOU,OC,Mike Sherman
2007,HOU,OL,John Benton
2007,HOU,QB,Kyle Shanahan
2007,HOU,RB,Chick Harris
2007,HOU,TE,Brian Pariani
2007,HOU,WR,Larry Kirksey
2007,IND,DC,Ron Meeks
2007,IND,HC,Tony Dungy
2007,IND,OC,Tom Moore
2007,IND,OL,Howard Mudd
2007,IND,RB,Gene Huey
2007,IND,TE,Ricky Thomas
2007,IND,WR,Clyde Christensen
2007,JAX,DC,Mike Smith
2007,JAX,HC,Jack Del Rio
2007,JAX,OC,Dirk Koetter
2007,JAX,OL,Andy Heck
2007,JAX,QB,Mike Shula
2007,JAX,RB,Kennedy Polamalu
2007,JAX,WR,Todd Monken
2007,LA,DC,Jim Haslett
2007,LA,OC,Greg Olson
2007,LA,OL,Paul T Boudreau
2007,LA,QB,Doug Nussmeier
2007,LA,RB,Wayne Moses
2007,LA,TE,Judd Garrett
2007,LA,WR,Henry Ellard
2007,LAC,DC,Ted Cottrell
2007,LAC,HC,Norv Turner
2007,LAC,OC,Clarence Shelmon
2007,LAC,OL,Hal Hunter
2007,LAC,OL,Jack Henry
2007,LAC,QB,John Ramsdell
2007,LAC,RB,Matt Simon
2007,LAC,TE,Clancy Barone
2007,LAC,WR,James Lofton
2007,LV,DC,Rob Ryan
2007,LV,HC,Lane Kiffin
2007,LV,OC,Greg Knapp
2007,LV,OL,Tom Cable
2007,LV,QB,John DeFilippo
2007,LV,RB,Tom Rathman
2007,LV,TE,Kelly Skipper
2007,LV,WR,Charles Coe
2007,MIA,DC,Dom Capers
2007,MIA,HC,Cam Cameron
2007,MIA,OL,Hudson Houck
2007,MIA,QB,Terry Shea
2007,MIA,RB,Bobby Jackson
2007,MIA,TE,Mike Mularkey
2007,MIA,WR,Terry Robiskie
2007,MIN,DC,Leslie Frazier
2007,MIN,HC,Brad Childress
2007,MIN,OC,Darrell Bevell
2007,MIN,OL,Pat Morris
2007,MIN,QB,Kevin Rogers
2007,MIN,RB,Eric Bieniemy
2007,MIN,TE,Jimmie Johnson
2007,MIN,WR,George Stewart
2007,NE,DC,Dean Pees
2007,NE,HC,Bill Belichick
2007,NE,OC,Josh McDaniels
2007,NE,QB,Josh McDaniels
2007,NE,RB,Ivan Fears
2007,NE,TE,Pete Mangurian
2007,NE,WR,Nick Caserio
2007,NO,DC,Gary Gibbs
2007,NO,HC,Sean Payton
2007,NO,OC,Doug Marrone
2007,NO,OL,Doug Marrone
2007,NO,QB,"Pete Carmichael, Jr."
2007,NO,TE,Terry Malone
2007,NO,WR,Curtis Johnson
2007,NYG,DC,Steve Spagnuolo
2007,NYG,HC,Tom Coughlin
2007,NYG,OC,Kevin Gilbride
2007,NYG,OL,Pat Flaherty
2007,NYG,QB,Chris Palmer
2007,NYG,RB,Jerald Ingram
2007,NYG,TE,Mike Pope
2007,NYG,WR,Mike Sullivan
2007,NYJ,DC,Bob Sutton
2007,NYJ,HC,Eric Mangini
2007,NYJ,OC,Brian Schottenheimer
2007,NYJ,OL,Tony Wise
2007,NYJ,QB,Brian Daboll
2007,NYJ,RB,Jimmy Raye
2007,NYJ,TE,Jason Michael
2007,NYJ,WR,Noel Mazzone
2007,PHI,DC,Jim Johnson
2007,PHI,HC,Andy Reid
2007,PHI,OC,Marty Mornhinweg
2007,PHI,OL,Juan Castillo
2007,PHI,QB,Pat Shurmur
2007,PHI,RB,Ted Williams
2007,PHI,TE,Tom Melvin
2007,PHI,WR,David Culley
2007,PIT,DC,Dick LeBeau
2007,PIT,HC,Mike Tomlin
2007,PIT,OC,Bruce Arians
2007,PIT,OL,Larry Zierlein
2007,PIT,QB,Ken Anderson
2007,PIT,RB,Kirby Wilson
2007,PIT,TE,James Daniel
2007,PIT,WR,Randy Fichtner
2007,SEA,DC,John Marshall
2007,SEA,HC,Mike Holmgren
2007,SEA,OC,Gil Haskell
2007,SEA,OL,Bill Laveroni
2007,SEA,QB,Jim Zorn
2007,SEA,RB,Stump Mitchell
2007,SEA,TE,Jim Lind
2007,SEA,WR,Nolan Cromwell
2007,SF,DC,Greg Manusky
2007,SF,HC,Mike Nolan
2007,SF,OC,Jim Hostler
2007,SF,OL,George Warhop
2007,SF,OL,Mark Nori
2007,SF,QB,Frank Cignetti Jr.
2007,SF,RB,Bishop Harris
2007,SF,TE,Pete Hoener
2007,TB,DC,Monte Kiffin
2007,TB,HC,Jon Gruden
2007,TB,OC,Bill Muir
2007,TB,OL,Bill Muir
2007,TB,QB,Paul Hackett
2007,TB,TE,Bob Casullo
2007,TB,WR,Richard Mann
2007,TEN,DC,Jim Schwartz
2007,TEN,OC,Norm Chow
2007,TEN,OL,Mike Munchak
2007,TEN,QB,Craig Johnson
2007,TEN,RB,Sherman Smith
2007,TEN,TE,John Zernhelt
2007,TEN,WR,Fred Graves
2008,ARI,DC,Clancy Pendergast
2008,ARI,OC,Todd Haley
2008,ARI,QB,Jeff Rutledge
2008,ARI,RB,Maurice Carthon
2008,ARI,TE,Freddie Kitchens
2008,ARI,WR,Mike Miller
2008,ATL,DC,Brian VanGorder
2008,ATL,HC,Mike Smith
2008,ATL,OC,Mike Mularkey
2008,ATL,OL,Paul T. Boudreau
2008,ATL,QB,Bill Musgrave
2008,ATL,RB,Gerald Brown
2008,ATL,TE,Chris Scelfo
2008,ATL,WR,Terry Robiskie
2008,BAL,DC,Rex Ryan
2008,BAL,HC,John Harbaugh
2008,BAL,OC,Cam Cameron
2008,BAL,OL,John Matsko
2008,BAL,OL,Wade Harman
2008,BAL,QB,Hue Jackson
2008,BAL,RB,Wilbert Montgomery
2008,BAL,TE,Wade Harman
2008,BAL,WR,Jim Hostler
2008,BUF,DC,Perry Fewell
2008,BUF,HC,Dick Jauron
2008,BUF,OC,Turk Schonert
2008,BUF,OL,Sean Kugler
2008,BUF,QB,Alex Van Pelt
2008,BUF,RB,Eric Studesville
2008,BUF,TE,Charlie Coiner
2008,BUF,WR,Tyke Tolbert
2008,CAR,DC,Mike Trgovac
2008,CAR,HC,John Fox
2008,CAR,OC,Jeff Davidson
2008,CAR,OL,Dave Magazu
2008,CAR,QB,Mike McCoy
2008,CAR,WR,Richard Williamson
2008,CHI,DC,Bob Babich
2008,CHI,HC,Lovie Smith
2008,CHI,OC,Ron Turner
2008,CHI,OL,Harry Hiestand
2008,CHI,OL,Luke Butkus
2008,CHI,QB,Pep Hamilton
2008,CHI,RB,Tim Spencer
2008,CHI,TE,Rob Boras
2008,CHI,WR,Charles London
2008,CHI,WR,Darryl Drake
2008,CIN,DC,Mike Zimmer
2008,CIN,HC,Marvin Lewis
2008,CIN,OC,Bob Bratkowski
2008,CIN,QB,Ken Zampese
2008,CIN,RB,Jim Anderson
2008,CIN,TE,Jonathan Hayes
2008,CIN,WR,Mike Sheppard
2008,CLE,DC,Mel Tucker
2008,CLE,HC,Romeo Crennel
2008,CLE,OC,Rob Chudzinski
2008,CLE,OL,Mike Sullivan
2008,CLE,OL,Steve Marshall
2008,CLE,RB,Anthony Lynn
2008,CLE,TE,Alfredo Roberts
2008,CLE,WR,Wes Chandler
2008,DEN,DC,Bob Slowik
2008,DEN,OC,Rick Dennison
2008,DEN,OL,Rick Dennison
2008,DEN,QB,Jeremy Bates
2008,DEN,RB,Bobby Turner
2008,DEN,TE,Pat McPherson
2008,DEN,WR,Jedd Fisch
2008,DET,DC,Joe Barry
2008,DET,HC,Rod Marinelli
2008,DET,OC,Jim Colletto
2008,DET,QB,Scot Loeffler
2008,DET,RB,Sam Gash
2008,DET,TE,Pat Carter
2008,DET,WR,Shawn Jefferson
2008,GB,DC,Bob Sanders
2008,GB,HC,Mike McCarthy
2008,GB,OC,Joe Philbin
2008,GB,OL,James Campen
2008,GB,QB,Tom Clements
2008,GB,RB,Edgar Bennett
2008,GB,TE,Ben McAdoo
2008,GB,WR,Jimmy Robinson
2008,HOU,DC,Richard Smith
2008,HOU,HC,Gary Kubiak
2008,HOU,OC,Kyle Shanahan
2008,HOU,OL,John Benton
2008,HOU,QB,Kyle Shanahan
2008,HOU,RB,Chick Harris
2008,HOU,TE,Brian Pariani
2008,HOU,WR,Larry Kirksey
2008,IND,DC,Ron Meeks
2008,IND,HC,Tony Dungy
2008,IND,OC,Tom Moore
2008,IND,OL,Howard Mudd
2008,IND,QB,Jim Caldwell
2008,IND,RB,Gene Huey
2008,IND,TE,Ricky Thomas
2008,IND,WR,Clyde Christensen
2008,KC,DC,Gunther Cunningham
2008,KC,HC,Herman Edwards
2008,KC,OC,Chan Gailey
2008,KC,OL,Bob Bicknell
2008,KC,RB,Curtis Modkins
2008,KC,TE,Jon Embree
2008,KC,WR,Eric Price
2008,LAC,DC,Ted Cottrell
2008,LAC,HC,Norv Turner
2008,LAC,OC,Clarence Shelmon
2008,LAC,OL,Hal Hunter
2008,LAC,OL,Jack Henry
2008,LAC,QB,John Ramsdell
2008,LAC,RB,Ollie Wilson
2008,LAC,TE,Clancy Barone
2008,LAC,WR,Charlie Joiner
2008,LV,DC,Rob Ryan
2008,LV,HC,Lane Kiffin
2008,LV,OC,Greg Knapp
2008,LV,OL,Tom Cable
2008,LV,QB,John DeFilippo
2008,LV,RB,Tom Rathman
2008,LV,TE,Kelly Skipper
2008,LV,WR,James Lofton
2008,MIA,DC,Paul Pasqualoni
2008,MIA,HC,Tony Sparano
2008,MIA,OC,Dan Henning
2008,MIA,OL,Mike Maser
2008,MIA,QB,David Lee
2008,MIA,RB,James Saxon
2008,MIA,TE,George DeLeone
2008,MIA,WR,Karl Dorrell
2008,MIN,DC,Leslie Frazier
2008,MIN,HC,Brad Childress
2008,MIN,OC,Darrell Bevell
2008,MIN,OL,Pat Morris
2008,MIN,QB,Kevin Rogers
2008,MIN,RB,Eric Bieniemy
2008,MIN,TE,Jimmie Johnson
2008,MIN,WR,George Stewart
2008,NE,DC,Dean Pees
2008,NE,HC,Bill Belichick
2008,NE,OC,Josh McDaniels
2008,NE,QB,Josh McDaniels
2008,NE,RB,Ivan Fears
2008,NE,TE,Pete Mangurian
2008,NE,WR,Bill O'Brien
2008,NO,DC,Gary Gibbs
2008,NO,HC,Sean Payton
2008,NO,OC,Doug Marrone
2008,NO,OL,Doug Marrone
2008,NO,QB,"Pete Carmichael, Jr."
2008,NO,RB,Aaron Kromer
2008,NO,TE,Terry Malone
2008,NO,WR,Curtis Johnson
2008,NYG,DC,Steve Spagnuolo
2008,NYG,HC,Tom Coughlin
2008,NYG,OC,Kevin Gilbride
2008,NYG,OL,Pat Flaherty
2008,NYG,QB,Chris Palmer
2008,NYG,RB,Jerald Ingram
2008,NYG,TE,Mike Pope
2008,NYG,WR,Mike Sullivan
2008,NYJ,DC,Bob Sutton
2008,NYJ,HC,Eric Mangini
2008,NYJ,OC,Brian Schottenheimer
2008,NYJ,QB,Brian Daboll
2008,NYJ,RB,Jimmy Raye
2008,NYJ,WR,Noel Mazzone
2008,PHI,DC,Jim Johnson
2008,PHI,HC,Andy Reid
2008,PHI,OC,Marty Mornhinweg
2008,PHI,OL,Juan Castillo
2008,PHI,QB,Pat Shurmur
2008,PHI,RB,Ted Williams
2008,PHI,TE,Tom Melvin
2008,PHI,WR,David Culley
2008,PIT,DC,Dick LeBeau
2008,PIT,HC,Mike Tomlin
2008,PIT,OC,Bruce Arians
2008,PIT,OL,Larry Zierlein
2008,PIT,QB,Ken Anderson
2008,PIT,RB,Kirby Wilson
2008,PIT,TE,James Daniel
2008,PIT,WR,Randy Fichtner
2008,SF,DC,Greg Manusky
2008,SF,HC,Mike Nolan
2008,SF,OC,Mike Martz
2008,SF,OL,Chris Foerster
2008,SF,OL,George Warhop
2008,SF,QB,Mike Martz
2008,SF,RB,Tony Nathan
2008,SF,TE,Pete Hoener
2008,TB,DC,Monte Kiffin
2008,TB,HC,Jon Gruden
2008,TB,OC,Bill Muir
2008,TB,OL,Bill Muir
2008,TB,QB,Greg Olson
2008,TB,RB,Richard Bisaccia
2008,TB,TE,Bob Casullo
2008,TB,WR,Richard Mann
2008,WAS,DC,Greg Blache
2008,WAS,OC,Sherman Smith
2008,WAS,OL,Joe Bugel
2008,WAS,QB,Jim Zorn
2008,WAS,TE,Scott Wachenheim
2008,WAS,WR,Stan Hixon
2009,ARI,DC,Billy Davis
2009,ARI,HC,Ken Whisenhunt
2009,ARI,QB,Chris Miller
2009,ARI,RB,Curtis Modkins
2009,ARI,TE,Freddie Kitchens
2009,ARI,WR,John McNulty
2009,ATL,DC,Brian VanGorder
2009,ATL,HC,Mike Smith
2009,ATL,OC,Mike Mularkey
2009,ATL,OL,Paul T. Boudreau
2009,ATL,QB,Bill Musgrave
2009,ATL,RB,Gerald Brown
2009,ATL,TE,Chris Scelfo
2009,ATL,WR,Terry Robiskie
2009,BAL,DC,Greg Mattison
2009,BAL,HC,John Harbaugh
2009,BAL,OC,Cam Cameron
2009,BAL,OL,John Matsko
2009,BAL,QB,Hue Jackson
2009,BAL,RB,Wilbert Montgomery
2009,BAL,TE,Wade Harman
2009,BAL,WR,Jim Hostler
2009,BUF,DC,Perry Fewell
2009,BUF,HC,Dick Jauron
2009,BUF,OC,Alex Van Pelt
2009,BUF,OL,Sean Kugler
2009,BUF,QB,Alex Van Pelt
2009,BUF,RB,Eric Studesville
2009,BUF,TE,Charlie Coiner
2009,BUF,WR,Tyke Tolbert
2009,CAR,DC,Ron Meeks
2009,CAR,HC,John Fox
2009,CAR,OC,Jeff Davidson
2009,CAR,OL,Dave Magazu
2009,CAR,QB,Rip Scherer
2009,CAR,WR,Richard Williamson
2009,CHI,DC,Bob Babich
2009,CHI,HC,Lovie Smith
2009,CHI,OC,Ron Turner
2009,CHI,OL,Harry Hiestand
2009,CHI,OL,Luke Butkus
2009,CHI,QB,Pep Hamilton
2009,CHI,RB,Tim Spencer
2009,CHI,TE,Rob Boras
2009,CHI,WR,Charles London
2009,CHI,WR,Darryl Drake
2009,CIN,DC,Mike Zimmer
2009,CIN,HC,Marvin Lewis
2009,CIN,OC,Bob Bratkowski
2009,CIN,QB,Ken Zampese
2009,CIN,RB,Jim Anderson
2009,CIN,TE,Jonathan Hayes
2009,CIN,WR,Mike Sheppard
2009,CLE,DC,Rob Ryan
2009,CLE,HC,Eric Mangini
2009,CLE,OC,Brian Daboll
2009,CLE,OL,George Warhop
2009,CLE,QB,Carl Smith
2009,CLE,RB,Gary Brown
2009,CLE,TE,Steve Hagen
2009,CLE,WR,George McDonald
2009,DAL,DC,Wade Phillips
2009,DAL,OC,Jason Garrett
2009,DAL,OL,Hudson Houck
2009,DAL,QB,Wade Wilson
2009,DAL,RB,Skip Peete
2009,DAL,TE,John Garrett
2009,DAL,WR,Ray Sherman
2009,DEN,DC,Mike Nolan
2009,DEN,HC,Josh McDaniels
2009,DEN,OC,Mike McCoy
2009,DEN,OL,Rick Dennison
2009,DEN,QB,Mike McCoy
2009,DEN,RB,Bobby Turner
2009,DEN,TE,Clancy Barone
2009,DEN,WR,Adam Gase
2009,DET,DC,Gunther Cunningham
2009,DET,HC,Jim Schwartz
2009,DET,OC,Scott Linehan
2009,DET,OL,George Yarno
2009,DET,QB,Jeff Horton
2009,DET,RB,Sam Gash
2009,DET,TE,Tim Lappano
2009,DET,WR,Shawn Jefferson
2009,GB,DC,Dom Capers
2009,GB,HC,Mike McCarthy
2009,GB,OC,Joe Philbin
2009,GB,OL,James Campen
2009,GB,QB,Tom Clements
2009,GB,RB,Edgar Bennett
2009,GB,TE,Ben McAdoo
2009,GB,WR,Jimmy Robinson
2009,HOU,DC,Frank Bush
2009,HOU,HC,Gary Kubiak
2009,HOU,OC,Kyle Shanahan
2009,HOU,OL,John Benton
2009,HOU,QB,Kyle Shanahan
2009,HOU,RB,Chick Harris
2009,HOU,TE,Brian Pariani
2009,HOU,WR,Larry Kirksey
2009,IND,DC,Larry Coyer
2009,IND,HC,Jim Caldwell
2009,IND,OC,Tom Moore
2009,IND,QB,Frank Reich
2009,IND,RB,Gene Huey
2009,IND,TE,Ricky Thomas
2009,JAX,DC,Mel Tucker
2009,JAX,HC,Jack Del Rio
2009,JAX,OC,Dirk Koetter
2009,JAX,OL,Andy Heck
2009,JAX,QB,Mike Shula
2009,JAX,RB,Kennedy Polamalu
2009,JAX,WR,Todd Monken
2009,KC,DC,Clancy Pendergast
2009,KC,HC,Todd Haley
2009,KC,OL,Bill Muir
2009,KC,TE,Bob Bicknell
2009,KC,WR,Dedric Ward
2009,LA,DC,Ken Flajole
2009,LA,HC,Steve Spagnuolo
2009,LA,OC,Pat Shurmur
2009,LA,OL,Steve Loney
2009,LA,RB,Sylvester Croom
2009,LA,TE,Frank Leonard
2009,LA,WR,Charlie Baggett
2009,LAC,DC,Ron Rivera
2009,LAC,HC,Norv Turner
2009,LAC,OC,Clarence Shelmon
2009,LAC,OL,Hal Hunter
2009,LAC,OL,Mike Sullivan
2009,LAC,QB,John Ramsdell
2009,LAC,RB,Ollie Wilson
2009,LAC,WR,Charlie Joiner
2009,LV,DC,John Marshall
2009,LV,HC,Tom Cable
2009,LV,OL,Jim Michalczik
2009,LV,QB,Paul Hackett
2009,LV,RB,Kelly Skipper
2009,LV,TE,Adam Henry
2009,LV,WR,Sanjay Lal
2009,MIA,DC,Paul Pasqualoni
2009,MIA,HC,Tony Sparano
2009,MIA,OC,Dan Henning
2009,MIA,OL,Dave DeGuglielmo
2009,MIA,QB,David Lee
2009,MIA,RB,James Saxon
2009,MIA,TE,George DeLeone
2009,MIA,WR,Karl Dorrell
2009,MIN,DC,Leslie Frazier
2009,MIN,HC,Brad Childress
2009,MIN,OC,Darrell Bevell
2009,MIN,OL,Pat Morris
2009,MIN,QB,Kevin Rogers
2009,MIN,RB,Eric Bieniemy
2009,MIN,TE,Jimmie Johnson
2009,MIN,WR,George Stewart
2009,NE,DC,Dean Pees
2009,NE,HC,Bill Belichick
2009,NE,QB,Bill O'Brien
2009,NE,RB,Ivan Fears
2009,NE,TE,Shane Waldron
2009,NO,DC,Gregg Williams
2009,NO,HC,Sean Payton
2009,NO,OC,"Pete Carmichael, Jr."
2009,NO,OL,Aaron Kromer
2009,NO,QB,Joe Lombardi
2009,NO,RB,Bret Ingalls
2009,NO,TE,Terry Malone
2009,NO,WR,Curtis Johnson
2009,NYG,DC,Bill Sheridan
2009,NYG,HC,Tom Coughlin
2009,NYG,OC,Kevin Gilbride
2009,NYG,OL,"Jack Bicknell, Jr."
2009,NYG,OL,Pat Flaherty
2009,NYG,QB,Chris Palmer
2009,NYG,RB,Jerald Ingram
2009,NYG,TE,Mike Pope
2009,NYG,WR,Mike Sullivan
2009,NYJ,DC,Mike Pettine
2009,NYJ,HC,Rex Ryan
2009,NYJ,OC,Brian Schottenheimer
2009,NYJ,QB,Matt Cavanaugh
2009,NYJ,RB,Anthony Lynn
2009,NYJ,WR,Henry Ellard
2009,PHI,DC,Sean McDermott
2009,PHI,HC,Andy Reid
2009,PHI,OC,Marty Mornhinweg
2009,PHI,OL,Juan Castillo
2009,PHI,QB,James Urban
2009,PHI,RB,Ted Williams
2009,PHI,TE,Tom Melvin
2009,PHI,WR,David Culley
2009,PIT,DC,Dick LeBeau
2009,PIT,HC,Mike Tomlin
2009,PIT,OC,Bruce Arians
2009,PIT,OL,Larry Zierlein
2009,PIT,QB,Ken Anderson
2009,PIT,RB,Kirby Wilson
2009,PIT,TE,James Daniel
2009,PIT,WR,Randy Fichtner
2009,SEA,DC,Gus Bradley
2009,SEA,HC,Jim Mora
2009,SEA,OC,Greg Knapp
2009,SEA,OL,Mike Solari
2009,SEA,QB,Bill Lazor
2009,SEA,RB,Kasey Dunn
2009,SEA,TE,Mike DeBord
2009,SEA,WR,Robert Prince
2009,SF,DC,Greg Manusky
2009,SF,HC,Mike Singletary
2009,SF,OC,Jimmy Raye
2009,SF,OL,Chris Foerster
2009,SF,QB,Mike Johnson
2009,SF,RB,Tom Rathman
2009,SF,TE,Pete Hoener
2009,TB,DC,Jim Bates
2009,TB,HC,Raheem Morris
2009,TB,OC,Greg Olson
2009,TB,OL,Pete Mangurian
2009,TB,QB,Greg Olson
2009,TB,RB,Steve Logan
2009,TB,TE,Alfredo Roberts
2009,TEN,DC,Chuck Cecil
2009,TEN,OC,Mike Heimerdinger
2009,TEN,OL,Mike Munchak
2009,TEN,QB,Craig Johnson
2009,TEN,TE,John Zernhelt
2009,TEN,WR,Fred Graves
2009,WAS,DC,Greg Blache
2009,WAS,OC,Sherman Smith
2009,WAS,OL,Joe Bugel
2009,WAS,QB,Jim Zorn
2009,WAS,TE,Scott Wachenheim
2009,WAS,WR,Stan Hixon
2010,ARI,DC,Billy Davis
2010,ARI,HC,Ken Whisenhunt
2010,ARI,QB,Chris Miller
2010,ARI,RB,Tommie Robinson
2010,ARI,TE,Freddie Kitchens
2010,ARI,WR,John McNulty
2010,ATL,DC,Brian VanGorder
2010,ATL,HC,Mike Smith
2010,ATL,OC,Mike Mularkey
2010,ATL,OL,Paul T. Boudreau
2010,ATL,RB,Gerald Brown
2010,ATL,TE,Chris Scelfo
2010,ATL,WR,Terry Robiskie
2010,BAL,DC,Greg Mattison
2010,BAL,HC,John Harbaugh
2010,BAL,OC,Cam Cameron
2010,BAL,OL,John Matsko
2010,BAL,QB,Jim Zorn
2010,BAL,RB,Wilbert Montgomery
2010,BAL,TE,Wade Harman
2010,BAL,WR,Jim Hostler
2010,BUF,DC,George Edwards
2010,BUF,HC,Chan Gailey
2010,BUF,OC,Curtis Modkins
2010,BUF,OL,Joe D'Alessandris
2010,BUF,QB,George Cortez
2010,BUF,RB,Curtis Modkins
2010,BUF,TE,Bob Bicknell
2010,BUF,WR,Stan Hixon
2010,CAR,DC,Ron Meeks
2010,CAR,HC,John Fox
2010,CAR,OC,Jeff Davidson
2010,CAR,OL,Dave Magazu
2010,CAR,QB,Rip Scherer
2010,CAR,WR,Tyke Tolbert
2010,CHI,DC,Rod Marinelli
2010,CHI,HC,Lovie Smith
2010,CHI,OC,Mike Martz
2010,CHI,OL,Mike Tice
2010,CHI,QB,Shane Day
2010,CHI,RB,Tim Spencer
2010,CHI,TE,Mike DeBord
2010,CHI,WR,Darryl Drake
2010,CIN,DC,Mike Zimmer
2010,CIN,HC,Marvin Lewis
2010,CIN,OC,Bob Bratkowski
2010,CIN,QB,Ken Zampese
2010,CIN,RB,Jim Anderson
2010,CIN,TE,Jonathan Hayes
2010,CIN,WR,Mike Sheppard
2010,CLE,DC,Rob Ryan
2010,CLE,HC,Eric Mangini
2010,CLE,OC,Brian Daboll
2010,CLE,OL,George Warhop
2010,CLE,QB,Carl Smith
2010,CLE,RB,Gary Brown
2010,CLE,TE,Steve Hagen
2010,CLE,WR,George McDonald
2010,DAL,DC,Paul Pasqualoni
2010,DAL,DC,"Wade Phillips (fired Nov 8, 2010)"
2010,DAL,HC,Jason Garrett
2010,DAL,OC,Jason Garrett
2010,DAL,OL,Hudson Houck
2010,DAL,QB,Wade Wilson
2010,DAL,RB,Skip Peete
2010,DAL,TE,John Garrett
2010,DAL,WR,Ray Sherman
2010,DEN,DC,Don Martindale
2010,DEN,HC,Josh McDaniels {{small|(fired December 6)}}
2010,DEN,OC,Mike McCoy
2010,DEN,OL,Clancy Barone
2010,DEN,QB,Ben McDaniels
2010,DEN,RB,Eric Studesville {{small|(interim Head Coach)}}
2010,DEN,TE,Bob Ligashesky
2010,DEN,WR,Adam Gase
2010,DET,DC,Gunther Cunningham
2010,DET,HC,Jim Schwartz
2010,DET,OC,Scott Linehan
2010,DET,OL,George Yarno
2010,DET,RB,Sam Gash
2010,DET,TE,Tim Lappano
2010,DET,WR,Shawn Jefferson
2010,GB,DC,Dom Capers
2010,GB,HC,Mike McCarthy
2010,GB,OC,Joe Philbin
2010,GB,OL,James Campen
2010,GB,QB,Tom Clements
2010,GB,RB,Edgar Bennett
2010,GB,TE,Ben McAdoo
2010,GB,WR,Jimmy Robinson
2010,HOU,DC,Frank Bush
2010,HOU,HC,Gary Kubiak
2010,HOU,OC,Rick Dennison
2010,HOU,OL,John Benton
2010,HOU,QB,Greg Knapp
2010,HOU,RB,Chick Harris
2010,HOU,TE,Brian Pariani
2010,HOU,WR,Larry Kirksey
2010,IND,DC,Larry Coyer
2010,IND,HC,Jim Caldwell
2010,IND,OC,Clyde Christensen
2010,IND,OL,Pete Metzelaars
2010,IND,QB,Frank Reich
2010,IND,RB,Gene Huey
2010,IND,TE,Ricky Thomas
2010,IND,WR,Ron Turner
2010,JAX,DC,Mel Tucker
2010,JAX,HC,Jack Del Rio
2010,JAX,OC,Dirk Koetter
2010,JAX,OL,Andy Heck
2010,JAX,QB,Mike Shula
2010,JAX,RB,Earnest Byner
2010,JAX,TE,Rob Boras
2010,JAX,WR,Todd Monken
2010,KC,DC,Romeo Crennel
2010,KC,HC,Todd Haley
2010,KC,OC,Charlie Weis
2010,KC,OL,Bill Muir
2010,KC,TE,Bernie Parmalee
2010,KC,WR,Richie Anderson
2010,LA,DC,Ken Flajole
2010,LA,HC,Steve Spagnuolo
2010,LA,OC,Pat Shurmur
2010,LA,OL,Steve Loney
2010,LA,RB,Sylvester Croom
2010,LA,TE,Frank Leonard
2010,LA,WR,Nolan Cromwell
2010,LAC,DC,Ron Rivera
2010,LAC,HC,Norv Turner
2010,LAC,OC,Clarence Shelmon
2010,LAC,OL,Hal Hunter
2010,LAC,OL,Mike Sullivan
2010,LAC,QB,John Ramsdell
2010,LAC,RB,Ollie Wilson
2010,LAC,WR,Charlie Joiner
2010,LV,DC,John Marshall
2010,LV,HC,Tom Cable
2010,LV,OC,Hue Jackson
2010,LV,OL,Jim Michalczik
2010,LV,QB,Paul Hackett
2010,LV,RB,Kelly Skipper
2010,LV,TE,Adam Henry
2010,LV,WR,Sanjay Lal
2010,MIA,DC,Mike Nolan
2010,MIA,HC,Tony Sparano
2010,MIA,OC,Dan Henning
2010,MIA,OL,Dave DeGuglielmo
2010,MIA,QB,David Lee
2010,MIA,RB,James Saxon
2010,MIA,TE,George DeLeone
2010,MIA,WR,Karl Dorrell
2010,MIN,DC,Leslie Frazier
2010,MIN,HC,Brad Childress
2010,MIN,HC,Leslie Frazier
2010,MIN,OC,Darrell Bevell
2010,MIN,OL,Pat Morris
2010,MIN,QB,Kevin Rogers
2010,MIN,TE,Jimmie Johnson
2010,MIN,WR,George Stewart
2010,NE,HC,Bill Belichick
2010,NE,QB,Bill O'Brien
2010,NE,RB,Ivan Fears
2010,NE,WR,Chad O'Shea
2010,NO,DC,Gregg Williams
2010,NO,HC,Sean Payton
2010,NO,OC,Pete Carmichael Jr.
2010,NO,OL,Aaron Kromer
2010,NO,QB,Joe Lombardi
2010,NO,RB,Bret Ingalls
2010,NO,TE,Terry Malone
2010,NO,WR,Curtis Johnson
2010,NYG,DC,Perry Fewell
2010,NYG,HC,Tom Coughlin
2010,NYG,OC,Kevin Gilbride
2010,NYG,OL,"Jack Bicknell, Jr."
2010,NYG,OL,Pat Flaherty
2010,NYG,QB,Mike Sullivan
2010,NYG,RB,Jerald Ingram
2010,NYG,TE,Mike Pope
2010,NYG,WR,Sean Ryan
2010,NYJ,DC,Mike Pettine
2010,NYJ,HC,Rex Ryan
2010,NYJ,OC,Brian Schottenheimer
2010,NYJ,QB,Matt Cavanaugh
2010,NYJ,RB,Anthony Lynn
2010,NYJ,WR,Henry Ellard
2010,PHI,DC,Sean McDermott
2010,PHI,HC,Andy Reid
2010,PHI,OC,Marty Mornhinweg
2010,PHI,OL,Juan Castillo
2010,PHI,QB,James Urban
2010,PHI,RB,Ted Williams
2010,PHI,TE,Tom Melvin
2010,PHI,WR,David Culley
2010,PIT,DC,Dick LeBeau
2010,PIT,HC,Mike Tomlin
2010,PIT,OC,Bruce Arians
2010,PIT,OL,Sean Kugler
2010,PIT,QB,Randy Fichtner
2010,PIT,RB,Kirby Wilson
2010,PIT,TE,James Daniel
2010,PIT,WR,Scottie Montgomery
2010,SEA,DC,Gus Bradley
2010,SEA,OC,Jeremy Bates
2010,SEA,OL,Art Valero
2010,SEA,QB,Jedd Fisch
2010,SEA,RB,Sherman Smith
2010,SEA,TE,Pat McPherson
2010,SEA,WR,Kippy Brown
2010,SF,DC,Greg Manusky
2010,SF,HC,Jim Tomsula
2010,SF,HC,Mike Singletary
2010,SF,OC,Jimmy Raye
2010,SF,OC,Mike Johnson
2010,SF,OL,Mike Solari
2010,SF,QB,Jason Michael
2010,SF,QB,Mike Johnson
2010,SF,RB,Tom Rathman
2010,SF,TE,Pete Hoener
2010,TB,HC,Raheem Morris
2010,TB,OC,Greg Olson
2010,TB,OL,Pete Mangurian
2010,TB,QB,Alex Van Pelt
2010,TB,RB,Steve Logan
2010,TB,TE,Alfredo Roberts
2010,TB,WR,Eric Yarber
2010,TEN,DC,Chuck Cecil
2010,TEN,OC,Mike Heimerdinger
2010,TEN,OL,Mike Munchak
2010,TEN,QB,Dowell Loggains
2010,TEN,TE,John Zernhelt
2010,TEN,WR,Fred Graves
2010,WAS,DC,Jim Haslett
2010,WAS,HC,Mike Shanahan
2010,WAS,OC,Kyle Shanahan
2010,WAS,OL,Chris Foerster
2010,WAS,QB,Matt LaFleur
2010,WAS,TE,Jon Embree
2010,WAS,WR,Keenan McCardell
2011,ARI,DC,Ray Horton
2011,ARI,HC,Ken Whisenhunt
2011,ARI,OC,Mike Miller
2011,ARI,QB,Chris Miller
2011,ARI,RB,Tommie Robinson
2011,ARI,TE,Freddie Kitchens
2011,ARI,WR,John McNulty
2011,ATL,DC,Brian VanGorder
2011,ATL,HC,Mike Smith
2011,ATL,OC,Mike Mularkey
2011,ATL,OL,Paul T Boudreau
2011,ATL,QB,Bob Bratkowski
2011,ATL,RB,Gerald Brown
2011,ATL,TE,Chris Scelfo
2011,ATL,WR,Terry Robiskie
2011,BAL,DC,Chuck Pagano
2011,BAL,HC,John Harbaugh
2011,BAL,OC,Cam Cameron
2011,BAL,OL,Andy Moeller
2011,BAL,QB,Craig Ver Steeg
2011,BAL,RB,Wilbert Montgomery
2011,BAL,TE,Wade Harman
2011,BAL,WR,Jim Hostler
2011,BUF,DC,George Edwards
2011,BUF,HC,Chan Gailey
2011,BUF,OC,Curtis Modkins
2011,BUF,OL,Joe D'Alessandris
2011,BUF,QB,George Cortez
2011,BUF,RB,Curtis Modkins
2011,BUF,TE,Bob Bicknell
2011,BUF,WR,Stan Hixon
2011,CAR,DC,Sean McDermott
2011,CAR,HC,Ron Rivera
2011,CAR,OC,Rob Chudzinski
2011,CAR,OL,John Matsko
2011,CAR,QB,Mike Shula
2011,CAR,RB,John Settle
2011,CAR,TE,Pete Hoener
2011,CAR,WR,Fred Graves
2011,CHI,DC,Rod Marinelli
2011,CHI,HC,Lovie Smith
2011,CHI,OC,Mike Martz
2011,CHI,OL,Mike Tice
2011,CHI,QB,Shane Day
2011,CHI,RB,Tim Spencer
2011,CHI,TE,Mike DeBord
2011,CHI,WR,Darryl Drake
2011,CIN,DC,Mike Zimmer
2011,CIN,HC,Marvin Lewis
2011,CIN,OC,Jay Gruden
2011,CIN,QB,Ken Zampese
2011,CIN,RB,Jim Anderson
2011,CIN,TE,Jonathan Hayes
2011,CIN,WR,James Urban
2011,CLE,DC,Dick Jauron
2011,CLE,HC,Pat Shurmur
2011,CLE,OL,George Warhop
2011,CLE,QB,Mark Whipple
2011,CLE,RB,Gary Brown
2011,CLE,TE,Steve Hagen
2011,CLE,WR,Mike Wilson
2011,DAL,DC,Rob Ryan
2011,DAL,HC,Jason Garrett
2011,DAL,OL,Hudson Houck
2011,DAL,QB,Wade Wilson
2011,DAL,RB,Skip Peete
2011,DAL,TE,John Garrett
2011,DEN,DC,Dennis Allen
2011,DEN,HC,John Fox
2011,DEN,OC,Mike McCoy
2011,DEN,OL,Dave Magazu
2011,DEN,QB,Adam Gase
2011,DEN,RB,Eric Studesville
2011,DEN,TE,Clancy Barone
2011,DEN,WR,Tyke Tolbert
2011,DET,DC,Gunther Cunningham
2011,DET,HC,Jim Schwartz
2011,DET,OC,Scott Linehan
2011,DET,OL,George Yarno
2011,DET,RB,Sam Gash
2011,DET,TE,Tim Lappano
2011,DET,WR,Shawn Jefferson
2011,GB,DC,Dom Capers
2011,GB,HC,Mike McCarthy
2011,GB,OC,Joe Philbin
2011,GB,OL,James Campen
2011,GB,QB,Tom Clements
2011,GB,RB,Jerry Fontenot
2011,GB,TE,Ben McAdoo
2011,GB,WR,Edgar Bennett
2011,HOU,DC,Wade Phillips
2011,HOU,HC,Gary Kubiak
2011,HOU,OC,Rick Dennison
2011,HOU,OL,John Benton
2011,HOU,QB,Greg Knapp
2011,HOU,RB,Chick Harris
2011,HOU,TE,Brian Pariani
2011,HOU,WR,Larry Kirksey
2011,IND,DC,Mike Murphy
2011,IND,HC,Jim Caldwell
2011,IND,OC,Clyde Christensen
2011,IND,OC,Jim Bob Cooter
2011,IND,OL,Pete Metzelaars
2011,IND,QB,Ron Turner
2011,IND,RB,David Walker
2011,IND,TE,Ricky Thomas
2011,IND,WR,Frank Reich
2011,JAX,DC,Mel Tucker
2011,JAX,HC,Jack Del Rio
2011,JAX,OC,Dirk Koetter
2011,JAX,OL,Andy Heck
2011,JAX,QB,Mike Sheppard
2011,JAX,RB,Earnest Byner
2011,JAX,TE,Rob Boras
2011,JAX,WR,Johnny Cox
2011,KC,DC,Romeo Crennel
2011,KC,HC,Romeo Crennel
2011,KC,HC,"Todd Haley (fired Dec 12, 2011)"
2011,KC,OC,Bill Muir
2011,KC,OL,Bill Muir
2011,KC,QB,Jim Zorn
2011,KC,TE,Bernie Parmalee
2011,KC,WR,Richie Anderson
2011,LA,DC,Ken Flajole
2011,LA,HC,Steve Spagnuolo
2011,LA,OC,Josh McDaniels
2011,LA,OL,Steve Loney
2011,LA,RB,Sylvester Croom
2011,LA,TE,Frank Leonard
2011,LA,WR,Nolan Cromwell
2011,LAC,DC,Greg Manusky
2011,LAC,HC,Norv Turner
2011,LAC,OC,Clarence Shelmon
2011,LAC,OL,Hal Hunter
2011,LAC,OL,Mike Sullivan
2011,LAC,QB,John Ramsdell
2011,LAC,RB,Ollie Wilson
2011,LAC,TE,Jason Michael
2011,LAC,WR,Charlie Joiner
2011,LV,DC,Chuck Bresnahan
2011,LV,HC,Hue Jackson
2011,LV,OC,Al Saunders
2011,LV,OL,Bob Wylie
2011,LV,QB,Al Saunders
2011,LV,RB,Kelly Skipper
2011,LV,TE,Adam Henry
2011,LV,WR,Sanjay Lal
2011,MIA,DC,Mike Nolan
2011,MIA,HC,Todd Bowles
2011,MIA,OC,Brian Daboll
2011,MIA,OL,Dave DeGuglielmo
2011,MIA,QB,Karl Dorrell
2011,MIA,RB,Jeff Nixon
2011,MIA,TE,Dan Campbell
2011,MIA,WR,Steve Bush
2011,MIN,DC,Fred Pagac
2011,MIN,HC,Leslie Frazier
2011,MIN,OC,Bill Musgrave
2011,MIN,OL,Jeff Davidson
2011,MIN,QB,Craig Johnson
2011,MIN,RB,James Saxon
2011,MIN,TE,Jimmie Johnson
2011,MIN,WR,George Stewart
2011,NE,HC,Bill Belichick
2011,NE,OC,Bill O'Brien
2011,NE,QB,Bill O'Brien
2011,NE,RB,Ivan Fears
2011,NE,TE,Brian Ferentz
2011,NE,WR,Chad O'Shea
2011,NO,DC,Gregg Williams
2011,NO,HC,Sean Payton
2011,NO,OC,"Pete Carmichael, Jr."
2011,NO,OL,Aaron Kromer
2011,NO,QB,Joe Lombardi
2011,NO,RB,Bret Ingalls
2011,NO,TE,Terry Malone
2011,NO,WR,Curtis Johnson
2011,NYG,DC,Perry Fewell
2011,NYG,HC,Tom Coughlin
2011,NYG,OC,Kevin Gilbride
2011,NYG,OL,Pat Flaherty
2011,NYG,QB,Mike Sullivan
2011,NYG,RB,Jerald Ingram
2011,NYG,TE,Mike Pope
2011,NYG,WR,Sean Ryan
2011,NYJ,DC,Mike Pettine
2011,NYJ,HC,Rex Ryan
2011,NYJ,OC,Brian Schottenheimer
2011,NYJ,QB,Matt Cavanaugh
2011,NYJ,RB,Anthony Lynn
2011,NYJ,WR,Henry Ellard
2011,PHI,DC,Juan Castillo
2011,PHI,HC,Andy Reid
2011,PHI,OC,Marty Mornhinweg
2011,PHI,OL,Howard Mudd
2011,PHI,QB,Doug Pederson
2011,PHI,RB,Ted Williams
2011,PHI,TE,Tom Melvin
2011,PIT,DC,Dick LeBeau
2011,PIT,HC,Mike Tomlin
2011,PIT,OC,Bruce Arians
2011,PIT,OL,Sean Kugler
2011,PIT,QB,Randy Fichtner
2011,PIT,RB,Kirby Wilson
2011,PIT,TE,James Daniel
2011,PIT,WR,Scottie Montgomery
2011,SEA,DC,Gus Bradley
2011,SEA,OC,Darrell Bevell
2011,SEA,QB,Carl Smith
2011,SEA,RB,Sherman Smith
2011,SEA,TE,Pat McPherson
2011,SEA,WR,Kippy Brown
2011,SF,DC,Vic Fangio
2011,SF,HC,Jim Harbaugh
2011,SF,OC,Greg Roman
2011,SF,OL,Mike Solari
2011,SF,OL,Tim Drevno
2011,SF,QB,Geep Chryst
2011,SF,RB,Tom Rathman
2011,SF,TE,Reggie Davis
2011,SF,WR,John Morton
2011,TB,HC,Raheem Morris
2011,TB,OC,Greg Olson
2011,TB,OL,Pat Morris
2011,TB,QB,Alex Van Pelt
2011,TB,RB,Steve Logan
2011,TB,TE,Alfredo Roberts
2011,TB,WR,Eric Yarber
2011,TEN,DC,Jerry Gray
2011,TEN,HC,Mike Munchak
2011,TEN,OC,Chris Palmer
2011,TEN,OL,Art Valero
2011,TEN,OL,Bruce Matthews
2011,TEN,QB,Dowell Loggains
2011,TEN,RB,Jim Skipper
2011,TEN,TE,John Zernhelt
2011,TEN,WR,Dave Ragone
2011,WAS,DC,Jim Haslett
2011,WAS,HC,Mike Shanahan
2011,WAS,OC,Kyle Shanahan
2011,WAS,OL,Chris Foerster
2011,WAS,QB,Matt LaFleur
2011,WAS,TE,Sean McVay
2011,WAS,WR,Keenan McCardell
2012,ARI,DC,Ray Horton
2012,ARI,HC,Ken Whisenhunt
2012,ARI,OC,Mike Miller
2012,ARI,QB,John McNulty
2012,ARI,RB,Tommie Robinson
2012,ARI,TE,Freddie Kitchens
2012,ARI,WR,Frank Reich
2012,ATL,DC,Mike Nolan
2012,ATL,HC,Mike Smith
2012,ATL,OC,Dirk Koetter
2012,ATL,OL,Pat Hill
2012,ATL,QB,Glenn Thomas
2012,ATL,RB,Gerald Brown
2012,ATL,TE,Chris Scelfo
2012,ATL,WR,Terry Robiskie
2012,BAL,DC,Dean Pees
2012,BAL,HC,John Harbaugh
2012,BAL,OC,Cam Cameron
2012,BAL,OC,Jim Caldwell
2012,BAL,OL,Andy Moeller
2012,BAL,QB,Jim Caldwell
2012,BAL,RB,Wilbert Montgomery
2012,BAL,TE,Wade Harman
2012,BAL,WR,Jim Hostler
2012,BUF,DC,Dave Wannstedt
2012,BUF,HC,Chan Gailey
2012,BUF,OC,Curtis Modkins
2012,BUF,OL,Joe D'Alessandris
2012,BUF,QB,David Lee
2012,BUF,RB,Curtis Modkins
2012,BUF,TE,Pete Metzelaars
2012,BUF,WR,Bob Bicknell
2012,CAR,DC,Sean McDermott
2012,CAR,HC,Ron Rivera
2012,CAR,OC,Rob Chudzinski
2012,CAR,OL,John Matsko
2012,CAR,QB,Mike Shula
2012,CAR,RB,John Settle
2012,CAR,TE,Pete Hoener
2012,CAR,WR,Fred Graves
2012,CHI,DC,Rod Marinelli
2012,CHI,HC,Lovie Smith
2012,CHI,OC,Mike Tice
2012,CHI,OL,Tim Holt
2012,CHI,QB,Jeremy Bates
2012,CHI,RB,Tim Spencer
2012,CHI,TE,Mike DeBord
2012,CHI,WR,Andrew Hayes-Stoker
2012,CHI,WR,Darryl Drake
2012,CIN,DC,Mike Zimmer
2012,CIN,HC,Marvin Lewis
2012,CIN,OC,Jay Gruden
2012,CIN,QB,Ken Zampese
2012,CIN,RB,Jim Anderson
2012,CIN,TE,Jonathan Hayes
2012,CIN,WR,James Urban
2012,CLE,DC,Dick Jauron
2012,CLE,HC,Pat Shurmur
2012,CLE,OC,Brad Childress
2012,CLE,OL,George Warhop
2012,CLE,QB,Mark Whipple
2012,CLE,RB,Gary Brown
2012,CLE,TE,Steve Hagen
2012,CLE,WR,Mike Wilson
2012,DAL,DC,Rob Ryan
2012,DAL,HC,Jason Garrett
2012,DAL,OC,Bill Callahan
2012,DAL,OL,Bill Callahan
2012,DAL,QB,Wade Wilson
2012,DAL,RB,Skip Peete
2012,DAL,TE,John Garrett
2012,DEN,DC,Jack Del Rio
2012,DEN,HC,John Fox
2012,DEN,OC,Mike McCoy
2012,DEN,OL,Dave Magazu
2012,DEN,QB,Adam Gase
2012,DEN,RB,Eric Studesville
2012,DEN,TE,Clancy Barone
2012,DEN,WR,Tyke Tolbert
2012,DET,DC,Gunther Cunningham
2012,DET,HC,Jim Schwartz
2012,DET,OC,Scott Linehan
2012,DET,OL,George Yarno
2012,DET,QB,Todd Downing
2012,DET,RB,Sam Gash
2012,DET,TE,Tim Lappano
2012,DET,WR,Shawn Jefferson
2012,GB,DC,Dom Capers
2012,GB,HC,Mike McCarthy
2012,GB,OC,Tom Clements
2012,GB,OL,James Campen
2012,GB,QB,Ben McAdoo
2012,GB,RB,Alex Van Pelt
2012,GB,TE,Jerry Fontenot
2012,GB,WR,Edgar Bennett
2012,HOU,DC,Wade Phillips
2012,HOU,HC,Gary Kubiak
2012,HOU,OC,Rick Dennison
2012,HOU,OL,John Benton
2012,HOU,QB,Karl Dorrell
2012,HOU,RB,Chick Harris
2012,HOU,TE,Brian Pariani
2012,HOU,WR,Larry Kirksey
2012,IND,DC,Greg Manusky
2012,IND,HC,Bruce Arians
2012,IND,HC,Chuck Pagano
2012,IND,OC,Bruce Arians
2012,IND,OL,Harold Goodwin
2012,IND,QB,Clyde Christensen
2012,IND,RB,David Walker
2012,IND,TE,Alfredo Roberts
2012,IND,WR,Charlie Williams
2012,JAX,DC,Mel Tucker
2012,JAX,HC,Mike Mularkey
2012,JAX,OC,Bob Bratkowski
2012,JAX,OL,Andy Heck
2012,JAX,RB,Sylvester Croom
2012,JAX,TE,Bobby Johnson
2012,JAX,WR,Jerry Sullivan
2012,KC,DC,Romeo Crennel
2012,KC,OC,Brian Daboll
2012,KC,OL,"Jack Bicknell, Jr."
2012,KC,QB,Jim Zorn
2012,KC,TE,Bernie Parmalee
2012,KC,WR,Nick Sirianni
2012,LA,DC,Gregg Williams†
2012,LA,HC,Jeff Fisher
2012,LA,OC,Brian Schottenheimer
2012,LA,OL,Paul Boudreau
2012,LA,QB,"Frank Cignetti, Jr."
2012,LA,RB,Ben Sirmans
2012,LA,TE,Rob Boras
2012,LA,WR,Ray Sherman
2012,LAC,DC,John Pagano
2012,LAC,HC,Norv Turner
2012,LAC,OC,Hal Hunter
2012,LAC,OL,Hal Hunter
2012,LAC,OL,Mike Sullivan
2012,LAC,QB,John Ramsdell
2012,LAC,RB,Ollie Wilson
2012,LAC,TE,Jason Michael
2012,LAC,WR,Charlie Joiner
2012,LV,DC,Jason Tarver
2012,LV,HC,Dennis Allen
2012,LV,OC,Greg Knapp
2012,LV,OL,Frank Pollack
2012,LV,QB,John DeFilippo
2012,LV,RB,Kelly Skipper
2012,LV,TE,Mark Hutson
2012,LV,WR,Ted Gilmore
2012,MIA,DC,Kevin Coyle
2012,MIA,HC,Joe Philbin
2012,MIA,OC,Mike Sherman
2012,MIA,OL,Jim Turner
2012,MIA,RB,Jeff Nixon
2012,MIA,TE,Dan Campbell
2012,MIA,WR,Ken O'Keefe
2012,MIN,DC,Alan Williams
2012,MIN,HC,Leslie Frazier
2012,MIN,OC,Bill Musgrave
2012,MIN,OL,Jeff Davidson
2012,MIN,QB,Craig Johnson
2012,MIN,RB,James Saxon
2012,MIN,TE,Jimmie Johnson
2012,MIN,WR,George Stewart
2012,NE,DC,Matt Patricia
2012,NE,HC,Bill Belichick
2012,NE,OC,Josh McDaniels
2012,NE,QB,Josh McDaniels
2012,NE,RB,Ivan Fears
2012,NE,TE,George Godsey
2012,NE,WR,Chad O'Shea
2012,NO,DC,Steve Spagnuolo
2012,NO,HC,Aaron Kromer
2012,NO,HC,Joe Vitt
2012,NO,HC,Sean Payton†
2012,NO,OC,"Pete Carmichael, Jr."
2012,NO,OL,Aaron Kromer
2012,NO,QB,Joe Lombardi
2012,NO,RB,Bret Ingalls
2012,NO,TE,Terry Malone
2012,NO,WR,Henry Ellard
2012,NYG,DC,Perry Fewell
2012,NYG,HC,Tom Coughlin
2012,NYG,OC,Kevin Gilbride
2012,NYG,OL,Pat Flaherty
2012,NYG,QB,Sean Ryan
2012,NYG,RB,Jerald Ingram
2012,NYG,TE,Mike Pope
2012,NYG,WR,Kevin Gilbride Jr.
2012,NYJ,DC,Mike Pettine
2012,NYJ,HC,Rex Ryan
2012,NYJ,OC,Tony Sparano
2012,NYJ,OL,Dave DeGuglielmo
2012,NYJ,QB,Matt Cavanaugh
2012,NYJ,RB,Anthony Lynn
2012,NYJ,WR,Sanjay Lal
2012,PHI,DC,Juan Castillo
2012,PHI,DC,Todd Bowles
2012,PHI,HC,Andy Reid
2012,PHI,OC,Marty Mornhinweg
2012,PHI,OL,Howard Mudd
2012,PHI,QB,Doug Pederson
2012,PHI,RB,Ted Williams
2012,PHI,TE,Tom Melvin
2012,PIT,DC,Dick LeBeau
2012,PIT,HC,Mike Tomlin
2012,PIT,OC,Todd Haley
2012,PIT,OL,Sean Kugler
2012,PIT,QB,Randy Fichtner
2012,PIT,RB,Kirby Wilson
2012,PIT,TE,James Daniel
2012,PIT,WR,Scottie Montgomery
2012,SEA,DC,Gus Bradley
2012,SEA,OC,Darrell Bevell
2012,SEA,QB,Carl Smith
2012,SEA,RB,Sherman Smith
2012,SEA,TE,Pat McPherson
2012,SEA,WR,Kippy Brown
2012,SF,DC,Vic Fangio
2012,SF,HC,Jim Harbaugh
2012,SF,OC,Greg Roman
2012,SF,OL,Mike Solari
2012,SF,OL,Tim Drevno
2012,SF,QB,Geep Chryst
2012,SF,RB,Tom Rathman
2012,SF,TE,Reggie Davis
2012,SF,WR,John Morton
2012,TB,DC,Bill Sheridan
2012,TB,HC,Greg Schiano
2012,TB,OC,Mike Sullivan
2012,TB,OL,Bob Bostad
2012,TB,QB,Ron Turner
2012,TB,RB,Earnest Byner
2012,TB,TE,Brian Angelichio
2012,TB,WR,P. J. Fleck
2012,TEN,DC,Jerry Gray
2012,TEN,HC,Mike Munchak
2012,TEN,OC,"Chris Palmer (fired Nov 26, 2012)"
2012,TEN,OC,Dowell Loggains
2012,TEN,OL,Bruce Matthews
2012,TEN,QB,Dowell Loggains
2012,TEN,RB,Jim Skipper
2012,TEN,TE,John Zernhelt
2012,TEN,WR,Dave Ragone
2012,WAS,DC,Jim Haslett
2012,WAS,HC,Mike Shanahan
2012,WAS,OC,Kyle Shanahan
2012,WAS,OL,Chris Foerster
2012,WAS,QB,Matt LaFleur
2012,WAS,TE,Sean McVay
2012,WAS,WR,Ike Hilliard
2013,ARI,DC,Todd Bowles
2013,ARI,HC,Bruce Arians
2013,ARI,OC,Harold Goodwin
2013,ARI,OL,Harold Goodwin
2013,ARI,QB,Freddie Kitchens
2013,ARI,RB,Stump Mitchell
2013,ARI,TE,Rick Christophel
2013,ARI,WR,Darryl Drake
2013,ATL,DC,Mike Nolan
2013,ATL,HC,Mike Smith
2013,ATL,OC,Dirk Koetter
2013,ATL,OL,Pat Hill
2013,ATL,OL,Paul Dunn
2013,ATL,QB,Glenn Thomas
2013,ATL,RB,Gerald Brown
2013,ATL,TE,Chris Scelfo
2013,BAL,DC,Dean Pees
2013,BAL,HC,John Harbaugh
2013,BAL,OC,Jim Caldwell
2013,BAL,OL,Andy Moeller
2013,BAL,RB,Wilbert Montgomery
2013,BAL,TE,Wade Harman
2013,BAL,WR,Jim Hostler
2013,BUF,DC,Mike Pettine
2013,BUF,HC,Doug Marrone
2013,BUF,OC,Nathaniel Hackett
2013,BUF,OL,Pat Morris
2013,BUF,RB,Tyrone Wheatley
2013,BUF,TE,Greg Adkins
2013,BUF,WR,Ike Hilliard
2013,CAR,DC,Sean McDermott
2013,CAR,HC,Ron Rivera
2013,CAR,OC,Mike Shula
2013,CAR,OL,John Matsko
2013,CAR,QB,Ken Dorsey
2013,CAR,RB,Jim Skipper
2013,CAR,TE,Pete Hoener
2013,CAR,WR,Ricky Proehl
2013,CHI,DC,Mel Tucker
2013,CHI,HC,Marc Trestman
2013,CHI,OC,Aaron Kromer
2013,CHI,OL,Aaron Kromer
2013,CHI,QB,Matt Cavanaugh
2013,CHI,RB,Skip Peete
2013,CHI,TE,Andy Bischoff
2013,CHI,WR,Mike Groh
2013,CIN,DC,Mike Zimmer
2013,CIN,HC,Marvin Lewis
2013,CIN,OC,Jay Gruden
2013,CIN,QB,Ken Zampese
2013,CIN,RB,Hue Jackson
2013,CIN,TE,Jonathan Hayes
2013,CIN,WR,James Urban
2013,CLE,DC,Ray Horton
2013,CLE,HC,Rob Chudzinski
2013,CLE,OC,Norv Turner
2013,CLE,OL,George Warhop
2013,CLE,OL,Mike Sullivan
2013,CLE,RB,John Settle
2013,CLE,TE,Jon Embree
2013,CLE,WR,Scott Turner
2013,DAL,DC,Monte Kiffin
2013,DAL,HC,Jason Garrett
2013,DAL,OC,Bill Callahan
2013,DAL,OL,Bill Callahan
2013,DAL,QB,Wade Wilson
2013,DAL,RB,Gary Brown
2013,DAL,TE,Wes Phillips
2013,DAL,WR,Derek Dooley
2013,DEN,DC,Jack Del Rio
2013,DEN,HC,John Fox
2013,DEN,OC,Adam Gase
2013,DEN,OL,Alex Gibbs
2013,DEN,OL,Dave Magazu
2013,DEN,QB,Greg Knapp
2013,DEN,RB,Eric Studesville
2013,DEN,TE,Clancy Barone
2013,DEN,WR,Tyke Tolbert
2013,DET,DC,Gunther Cunningham
2013,DET,HC,Jim Schwartz
2013,DET,OC,Scott Linehan
2013,DET,OL,Jeremiah Washburn
2013,DET,QB,Todd Downing
2013,DET,RB,Curtis Modkins
2013,DET,TE,Bobby Johnson
2013,DET,WR,Tim Lappano
2013,GB,DC,Dom Capers
2013,GB,HC,Mike McCarthy
2013,GB,OC,Tom Clements
2013,GB,OL,James Campen
2013,GB,QB,Ben McAdoo
2013,GB,RB,Alex Van Pelt
2013,GB,TE,Jerry Fontenot
2013,GB,WR,Edgar Bennett
2013,HOU,DC,Wade Phillips
2013,HOU,HC,Gary Kubiak
2013,HOU,OC,Rick Dennison
2013,HOU,OL,John Benton
2013,HOU,QB,Karl Dorrell
2013,HOU,RB,Chick Harris
2013,HOU,TE,Brian Pariani
2013,HOU,WR,Larry Kirksey
2013,IND,DC,Greg Manusky
2013,IND,HC,Chuck Pagano
2013,IND,OC,Pep Hamilton
2013,IND,OL,Joe Gilbert
2013,IND,QB,Clyde Christensen
2013,IND,RB,David Walker
2013,IND,TE,Alfredo Roberts
2013,IND,WR,Charlie Williams
2013,JAX,DC,Bob Babich
2013,JAX,HC,Gus Bradley
2013,JAX,OC,Jedd Fisch
2013,JAX,OL,George Yarno
2013,JAX,QB,Frank Scelfo
2013,JAX,RB,Terry Richardson
2013,JAX,TE,Ron Middleton
2013,JAX,WR,Jerry Sullivan
2013,KC,DC,Bob Sutton
2013,KC,HC,Andy Reid
2013,KC,OC,Doug Pederson
2013,KC,OL,Andy Heck
2013,KC,QB,Matt Nagy
2013,KC,RB,Eric Bieniemy
2013,KC,TE,Tom Melvin
2013,LA,DC,Tim Walton
2013,LA,OC,Brian Schottenheimer
2013,LA,OL,Paul Boudreau
2013,LA,QB,"Frank Cignetti, Jr."
2013,LA,RB,Ben Sirmans
2013,LA,TE,Rob Boras
2013,LA,WR,Ray Sherman
2013,LAC,DC,John Pagano
2013,LAC,HC,Mike McCoy
2013,LAC,OC,Ken Whisenhunt
2013,LAC,OL,Joe D'Alessandris
2013,LAC,QB,Frank Reich
2013,LAC,RB,Ollie Wilson
2013,LAC,TE,Jason Michael
2013,LAC,WR,Fred Graves
2013,LV,DC,Jason Tarver
2013,LV,HC,Dennis Allen
2013,LV,OC,Greg Olson
2013,LV,QB,John DeFilippo
2013,LV,RB,Kelly Skipper
2013,LV,TE,Mark Hutson
2013,LV,WR,Ted Gilmore
2013,MIA,DC,Kevin Coyle
2013,MIA,HC,Joe Philbin
2013,MIA,OC,Mike Sherman
2013,MIA,OL,Jim Turner
2013,MIA,QB,Zac Taylor
2013,MIA,RB,Jeff Nixon
2013,MIA,TE,Dan Campbell
2013,MIA,WR,Ken O'Keefe
2013,MIN,DC,Alan Williams
2013,MIN,HC,Leslie Frazier
2013,MIN,OC,Bill Musgrave
2013,MIN,OL,Jeff Davidson
2013,MIN,QB,Craig Johnson
2013,MIN,RB,James Saxon
2013,MIN,TE,Jimmie Johnson
2013,MIN,WR,George Stewart
2013,NE,DC,Matt Patricia
2013,NE,HC,Bill Belichick
2013,NE,OC,Josh McDaniels
2013,NE,QB,Josh McDaniels
2013,NE,RB,Ivan Fears
2013,NE,TE,George Godsey
2013,NE,WR,Chad O'Shea
2013,NO,DC,Rob Ryan
2013,NO,HC,Sean Payton
2013,NO,OC,"Pete Carmichael, Jr."
2013,NO,OL,Bret Ingalls
2013,NO,QB,Joe Lombardi
2013,NO,RB,Dan Roushar
2013,NO,TE,Terry Malone
2013,NO,WR,Henry Ellard
2013,NYG,DC,Perry Fewell
2013,NYG,HC,Tom Coughlin
2013,NYG,OC,Kevin Gilbride
2013,NYG,OL,Pat Flaherty
2013,NYG,QB,Sean Ryan
2013,NYG,RB,Jerald Ingram
2013,NYG,TE,Mike Pope
2013,NYG,WR,"Kevin Gilbride, Jr."
2013,NYJ,DC,Dennis Thurman
2013,NYJ,HC,Rex Ryan
2013,NYJ,OC,Marty Mornhinweg
2013,NYJ,OL,Mike Devlin
2013,NYJ,QB,David Lee
2013,NYJ,TE,Steve Hagen
2013,NYJ,WR,Sanjay Lal
2013,PHI,DC,Billy Davis
2013,PHI,HC,Chip Kelly
2013,PHI,OC,Pat Shurmur
2013,PHI,OL,Jeff Stoutland
2013,PHI,QB,Bill Lazor
2013,PHI,RB,Duce Staley
2013,PHI,TE,Ted Williams
2013,PHI,WR,Bob Bicknell
2013,PIT,DC,Dick LeBeau
2013,PIT,HC,Mike Tomlin
2013,PIT,OC,Todd Haley
2013,PIT,OL,Jack Bicknell Jr.
2013,PIT,QB,Randy Fichtner
2013,PIT,RB,James Saxon
2013,PIT,TE,James Daniel
2013,PIT,WR,Richard Mann
2013,SEA,DC,Dan Quinn
2013,SEA,OC,Darrell Bevell
2013,SEA,QB,Carl Smith
2013,SEA,RB,Sherman Smith
2013,SEA,TE,Pat McPherson
2013,SEA,WR,Kippy Brown
2013,SF,DC,Vic Fangio
2013,SF,HC,Jim Harbaugh
2013,SF,OC,Greg Roman
2013,SF,OL,Mike Solari
2013,SF,OL,Tim Drevno
2013,SF,QB,Geep Chryst
2013,SF,RB,Tom Rathman
2013,SF,TE,Reggie Davis
2013,SF,WR,John Morton
2013,TB,DC,Bill Sheridan
2013,TB,DC,Bob Fraser
2013,TB,HC,Greg Schiano
2013,TB,OC,Mike Sullivan
2013,TB,OL,Bob Bostad
2013,TB,QB,John McNulty
2013,TB,RB,Earnest Byner
2013,TB,TE,Brian Angelichio
2013,TB,WR,John Garrett
2013,TEN,DC,Jerry Gray
2013,TEN,HC,Mike Munchak
2013,TEN,OC,Dowell Loggains
2013,TEN,OL,Bruce Matthews
2013,TEN,QB,Dave Ragone
2013,TEN,RB,Sylvester Croom
2013,TEN,TE,George Henshaw
2013,TEN,WR,Shawn Jefferson
2013,WAS,DC,Jim Haslett
2013,WAS,HC,Mike Shanahan
2013,WAS,OC,Kyle Shanahan
2013,WAS,OL,Chris Foerster
2013,WAS,QB,Matt LaFleur
2013,WAS,TE,Sean McVay
2013,WAS,WR,Mike McDaniel
2014,ARI,DC,Todd Bowles
2014,ARI,HC,Bruce Arians
2014,ARI,OC,Harold Goodwin
2014,ARI,OL,Harold Goodwin
2014,ARI,QB,Freddie Kitchens
2014,ARI,RB,Stump Mitchell
2014,ARI,TE,Rick Christophel
2014,ARI,WR,Darryl Drake
2014,ATL,DC,Mike Nolan
2014,ATL,HC,Mike Smith
2014,ATL,OC,Dirk Koetter
2014,ATL,OL,Mike Tice
2014,ATL,QB,Glenn Thomas
2014,ATL,RB,Gerald Brown
2014,ATL,TE,Chris Scelfo
2014,BAL,DC,Dean Pees
2014,BAL,HC,John Harbaugh
2014,BAL,OC,Gary Kubiak
2014,BAL,OL,Juan Castillo
2014,BAL,QB,Rick Dennison
2014,BAL,RB,Thomas Hammock
2014,BAL,TE,Brian Pariani
2014,BAL,WR,Bobby Engram
2014,BUF,DC,Jim Schwartz
2014,BUF,HC,Doug Marrone
2014,BUF,OC,Nathaniel Hackett
2014,BUF,OL,Pat Morris
2014,BUF,QB,Todd Downing
2014,BUF,RB,Tyrone Wheatley
2014,BUF,TE,Greg Adkins
2014,BUF,WR,Rob Moore
2014,CAR,DC,Sean McDermott
2014,CAR,HC,Ron Rivera
2014,CAR,OC,Mike Shula
2014,CAR,OL,John Matsko
2014,CAR,QB,Ken Dorsey
2014,CAR,RB,Jim Skipper
2014,CAR,TE,Pete Hoener
2014,CAR,WR,Ricky Proehl
2014,CHI,DC,Mel Tucker
2014,CHI,HC,Marc Trestman
2014,CHI,OC,Aaron Kromer
2014,CHI,OL,Pat Meyer
2014,CHI,QB,Matt Cavanaugh
2014,CHI,RB,Skip Peete
2014,CHI,TE,Andy Bischoff
2014,CHI,WR,Mike Groh
2014,CIN,DC,Paul Guenther
2014,CIN,HC,Marvin Lewis
2014,CIN,OC,Hue Jackson
2014,CIN,QB,Ken Zampese
2014,CIN,RB,Kyle Caskey
2014,CIN,TE,Jonathan Hayes
2014,CIN,WR,James Urban
2014,CLE,DC,Jim O'Neil
2014,CLE,HC,Mike Pettine
2014,CLE,OC,Kyle Shanahan
2014,CLE,OL,Andy Moeller
2014,CLE,QB,Dowell Loggains
2014,CLE,RB,Wilbert Montgomery
2014,CLE,TE,Brian Angelichio
2014,CLE,WR,Mike McDaniel
2014,DAL,DC,Rod Marinelli
2014,DAL,HC,Jason Garrett
2014,DAL,OL,Bill Callahan
2014,DAL,QB,Wade Wilson
2014,DAL,RB,Gary Brown
2014,DAL,TE,Mike Pope
2014,DAL,WR,Derek Dooley
2014,DEN,DC,Jack Del Rio
2014,DEN,HC,John Fox
2014,DEN,OC,Adam Gase
2014,DEN,OL,Dave Magazu
2014,DEN,QB,Greg Knapp
2014,DEN,RB,Eric Studesville
2014,DEN,TE,Clancy Barone
2014,DEN,WR,Tyke Tolbert
2014,DET,DC,Teryl Austin
2014,DET,HC,Jim Caldwell
2014,DET,OC,Joe Lombardi
2014,DET,OL,Jeremiah Washburn
2014,DET,QB,Jim Bob Cooter
2014,DET,RB,Curtis Modkins
2014,DET,WR,Robert Prince
2014,GB,DC,Dom Capers
2014,GB,HC,Mike McCarthy
2014,GB,OC,Tom Clements
2014,GB,OL,James Campen
2014,GB,QB,Alex Van Pelt
2014,GB,RB,Sam Gash
2014,GB,TE,Jerry Fontenot
2014,GB,WR,Edgar Bennett
2014,HOU,DC,Romeo Crennel
2014,HOU,HC,Bill O'Brien
2014,HOU,OL,Paul Dunn
2014,HOU,QB,George Godsey
2014,HOU,RB,Charles London
2014,HOU,TE,John Perry
2014,HOU,WR,Stan Hixon
2014,IND,DC,Greg Manusky
2014,IND,HC,Chuck Pagano
2014,IND,OC,Pep Hamilton
2014,IND,OL,Joe Gilbert
2014,IND,QB,Clyde Christensen
2014,IND,RB,David Walker
2014,IND,TE,Alfredo Roberts
2014,IND,WR,Charlie Williams
2014,JAX,DC,Bob Babich
2014,JAX,HC,Gus Bradley
2014,JAX,OC,Jedd Fisch
2014,JAX,OL,George Yarno
2014,JAX,QB,Frank Scelfo
2014,JAX,RB,Terry Richardson
2014,JAX,TE,Ron Middleton
2014,JAX,WR,Jerry Sullivan
2014,KC,DC,Bob Sutton
2014,KC,HC,Andy Reid
2014,KC,OC,Doug Pederson
2014,KC,OL,Andy Heck
2014,KC,QB,Matt Nagy
2014,KC,RB,Eric Bieniemy
2014,KC,TE,Tom Melvin
2014,LA,DC,Gregg Williams
2014,LA,OC,Brian Schottenheimer
2014,LA,OL,Paul Boudreau
2014,LA,QB,Frank Cignetti Jr.
2014,LA,RB,Ben Sirmans
2014,LA,TE,Rob Boras
2014,LA,WR,Ray Sherman
2014,LAC,DC,John Pagano
2014,LAC,HC,Mike McCoy
2014,LAC,OC,Frank Reich
2014,LAC,OL,Joe D'Alessandris
2014,LAC,QB,Nick Sirianni
2014,LAC,RB,Ollie Wilson
2014,LAC,TE,Pete Metzelaars
2014,LAC,WR,Fred Graves
2014,LV,DC,Jason Tarver
2014,LV,HC,Dennis Allen
2014,LV,HC,Tony Sparano
2014,LV,OC,Greg Olson
2014,LV,OL,Tony Sparano
2014,LV,QB,John DeFilippo
2014,LV,RB,Kelly Skipper
2014,LV,TE,Mark Hutson
2014,LV,WR,Ted Gilmore
2014,MIA,DC,Kevin Coyle
2014,MIA,HC,Joe Philbin
2014,MIA,OC,Bill Lazor
2014,MIA,OL,John Benton
2014,MIA,QB,Zac Taylor
2014,MIA,RB,Jeff Nixon
2014,MIA,TE,Dan Campbell
2014,MIA,WR,Ken O'Keefe
2014,MIN,DC,George Edwards
2014,MIN,HC,Mike Zimmer
2014,MIN,OC,Norv Turner
2014,MIN,OL,Jeff Davidson
2014,MIN,QB,Scott Turner
2014,MIN,RB,Kirby Wilson
2014,MIN,TE,Kevin Stefanski
2014,MIN,WR,George Stewart
2014,NE,DC,Matt Patricia
2014,NE,HC,Bill Belichick
2014,NE,OC,Josh McDaniels
2014,NE,OL,Dave DeGuglielmo
2014,NE,QB,Josh McDaniels
2014,NE,RB,Ivan Fears
2014,NE,TE,Brian Daboll
2014,NE,WR,Chad O'Shea
2014,NO,DC,Rob Ryan
2014,NO,HC,Sean Payton
2014,NO,OC,"Pete Carmichael, Jr."
2014,NO,OL,Bret Ingalls
2014,NO,QB,Mike Neu
2014,NO,RB,Dan Roushar
2014,NO,TE,Terry Malone
2014,NO,WR,Henry Ellard
2014,NYG,DC,Perry Fewell
2014,NYG,HC,Tom Coughlin
2014,NYG,OC,Ben McAdoo
2014,NYG,OL,Pat Flaherty
2014,NYG,QB,Danny Langsdorf
2014,NYG,RB,Craig Johnson
2014,NYG,TE,Kevin Gilbride
2014,NYG,WR,Sean Ryan
2014,NYJ,DC,Dennis Thurman
2014,NYJ,HC,Rex Ryan
2014,NYJ,OC,Marty Mornhinweg
2014,NYJ,OL,Mike Devlin
2014,NYJ,QB,David Lee
2014,NYJ,TE,Steve Hagen
2014,NYJ,WR,Sanjay Lal
2014,PHI,DC,Bill Davis
2014,PHI,HC,Chip Kelly
2014,PHI,OC,Pat Shurmur
2014,PHI,OL,Jeff Stoutland
2014,PHI,QB,Bill Musgrave
2014,PHI,RB,Duce Staley
2014,PHI,TE,Ted Williams
2014,PHI,WR,Bob Bicknell
2014,PIT,DC,Dick LeBeau
2014,PIT,HC,Mike Tomlin
2014,PIT,OC,Todd Haley
2014,PIT,OL,Mike Munchak
2014,PIT,QB,Randy Fichtner
2014,PIT,RB,James Saxon
2014,PIT,TE,James Daniel
2014,PIT,WR,Richard Mann
2014,SEA,DC,Dan Quinn
2014,SEA,OC,Darrell Bevell
2014,SEA,QB,Carl Smith
2014,SEA,RB,Sherman Smith
2014,SEA,TE,Pat McPherson
2014,SEA,WR,Kippy Brown
2014,SF,DC,Vic Fangio
2014,SF,HC,Jim Harbaugh
2014,SF,OC,Greg Roman
2014,SF,OL,Mike Solari
2014,SF,OL,Reggie Davis
2014,SF,QB,Geep Chryst
2014,SF,RB,Tom Rathman
2014,SF,TE,Eric Mangini
2014,SF,WR,John Morton
2014,TB,DC,Leslie Frazier
2014,TB,HC,Lovie Smith
2014,TB,OC,Jeff Tedford
2014,TB,OL,George Warhop
2014,TB,QB,Marcus Arroyo
2014,TB,RB,Tim Spencer
2014,TB,TE,Jon Embree
2014,TB,WR,Andrew Hayes-Stoker
2014,TEN,DC,Ray Horton
2014,TEN,HC,Ken Whisenhunt
2014,TEN,OC,Jason Michael
2014,TEN,OL,Bob Bostad
2014,TEN,QB,John McNulty
2014,TEN,RB,Sylvester Croom
2014,TEN,TE,Mike Mularkey
2014,TEN,WR,Shawn Jefferson
2014,WAS,DC,Jim Haslett
2014,WAS,HC,Jay Gruden
2014,WAS,OC,Sean McVay
2014,WAS,OL,Chris Foerster
2014,WAS,RB,Randy Jordan
2014,WAS,TE,Wes Phillips
2014,WAS,WR,Ike Hilliard
2015,ARI,DC,James Bettcher
2015,ARI,HC,Bruce Arians
2015,ARI,OC,Harold Goodwin
2015,ARI,OL,Harold Goodwin
2015,ARI,QB,Freddie Kitchens
2015,ARI,RB,Stump Mitchell
2015,ARI,TE,Rick Christophel
2015,ARI,WR,Darryl Drake
2015,ATL,DC,Richard Smith
2015,ATL,HC,Dan Quinn
2015,ATL,OC,Kyle Shanahan
2015,ATL,OL,Chris Morgan
2015,ATL,QB,Matt LaFleur
2015,ATL,RB,Bobby Turner
2015,ATL,TE,Wade Harman
2015,ATL,WR,Terry Robiskie
2015,BAL,DC,Dean Pees
2015,BAL,HC,John Harbaugh
2015,BAL,OC,Marc Trestman
2015,BAL,OL,Juan Castillo
2015,BAL,QB,Marty Mornhinweg
2015,BAL,RB,Thomas Hammock
2015,BAL,TE,Richard Angulo
2015,BAL,WR,Bobby Engram
2015,BUF,DC,Dennis Thurman
2015,BUF,HC,Rex Ryan
2015,BUF,OC,Greg Roman
2015,BUF,OL,Aaron Kromer
2015,BUF,QB,David Lee
2015,BUF,TE,Tony Sparano Jr
2015,BUF,WR,Sanjay Lal
2015,CAR,DC,Sean McDermott
2015,CAR,HC,Ron Rivera
2015,CAR,OC,Mike Shula
2015,CAR,OL,John Matsko
2015,CAR,QB,Ken Dorsey
2015,CAR,RB,Jim Skipper
2015,CAR,TE,Pete Hoener
2015,CAR,WR,Ricky Proehl
2015,CHI,DC,Vic Fangio
2015,CHI,HC,John Fox
2015,CHI,OC,Adam Gase
2015,CHI,OL,Dave Magazu
2015,CHI,QB,Dowell Loggains
2015,CHI,RB,Stan Drayton
2015,CHI,TE,Frank Smith
2015,CHI,WR,Mike Groh
2015,CIN,DC,Paul Guenther
2015,CIN,HC,Marvin Lewis
2015,CIN,OC,Hue Jackson
2015,CIN,QB,Ken Zampese
2015,CIN,RB,Kyle Caskey
2015,CIN,TE,Jonathan Hayes
2015,CIN,WR,James Urban
2015,CLE,DC,Jim O'Neil
2015,CLE,OC,John DeFilippo
2015,CLE,OL,Andy Moeller
2015,CLE,QB,Kevin O'Connell
2015,CLE,RB,Wilbert Montgomery
2015,CLE,TE,Brian Angelichio
2015,CLE,WR,Joker Phillips
2015,DAL,DC,Rod Marinelli
2015,DAL,HC,Jason Garrett
2015,DAL,OC,Scott Linehan
2015,DAL,OL,Frank Pollack
2015,DAL,QB,Wade Wilson
2015,DAL,RB,Gary Brown
2015,DAL,TE,Mike Pope
2015,DAL,WR,Derek Dooley
2015,DEN,DC,Wade Phillips
2015,DEN,HC,Gary Kubiak
2015,DEN,OC,Rick Dennison
2015,DEN,OL,Clancy Barone
2015,DEN,QB,Brian Callahan
2015,DEN,QB,Greg Knapp
2015,DEN,RB,Eric Studesville
2015,DEN,TE,Brian Pariani
2015,DEN,WR,Tyke Tolbert
2015,DET,DC,Teryl Austin
2015,DET,HC,Jim Caldwell
2015,DET,OC,Jim Bob Cooter
2015,DET,OC,"Joe Lombardi (fired Oct 26, 2015)"
2015,DET,OL,"Jeremiah Washburn (fired Oct 26, 2015)"
2015,DET,QB,Jim Bob Cooter
2015,DET,RB,Curtis Modkins
2015,DET,TE,Devin Fitzsimmons
2015,DET,WR,Robert Prince
2015,GB,DC,Dom Capers
2015,GB,HC,Mike McCarthy
2015,GB,OC,Edgar Bennett
2015,GB,OL,James Campen
2015,GB,QB,Alex Van Pelt
2015,GB,RB,Sam Gash
2015,GB,TE,Jerry Fontenot
2015,GB,WR,Alex Van Pelt
2015,HOU,DC,Romeo Crennel
2015,HOU,HC,Bill O'Brien
2015,HOU,OC,George Godsey
2015,HOU,OL,Mike Devlin
2015,HOU,RB,Charles London
2015,HOU,TE,John Perry
2015,HOU,WR,Stan Hixon
2015,IND,DC,Greg Manusky
2015,IND,HC,Chuck Pagano
2015,IND,OC,Rob Chudzinski
2015,IND,OL,Hal Hunter
2015,IND,OL,Joe Gilbert
2015,IND,QB,Clyde Christensen
2015,IND,RB,Charlie Williams
2015,IND,TE,Alfredo Roberts
2015,IND,WR,Jim Hostler
2015,JAX,DC,Bob Babich
2015,JAX,HC,Gus Bradley
2015,JAX,OC,Greg Olson
2015,JAX,QB,Nathaniel Hackett
2015,JAX,RB,Kelly Skipper
2015,JAX,TE,Ron Middleton
2015,JAX,WR,Jerry Sullivan
2015,KC,DC,Bob Sutton
2015,KC,HC,Andy Reid
2015,KC,OC,Doug Pederson
2015,KC,OL,Andy Heck
2015,KC,QB,Matt Nagy
2015,KC,RB,Eric Bieniemy
2015,KC,TE,Tom Melvin
2015,LA,DC,Gregg Williams
2015,LA,OC,Rob Boras
2015,LA,OL,Paul Boudreau
2015,LA,QB,Chris Weinke
2015,LA,RB,Ben Sirmans
2015,LA,TE,Kenan Smith
2015,LA,WR,Ray Sherman
2015,LAC,DC,John Pagano
2015,LAC,HC,Mike McCoy
2015,LAC,OC,Frank Reich
2015,LAC,OL,Joe D'Alessandris
2015,LAC,QB,Nick Sirianni
2015,LAC,RB,Ollie Wilson
2015,LAC,TE,Pete Metzelaars
2015,LAC,WR,Fred Graves
2015,LV,DC,Ken Norton Jr.
2015,LV,HC,Jack Del Rio
2015,LV,OC,Bill Musgrave
2015,LV,OL,Mike Tice
2015,LV,QB,Todd Downing
2015,LV,RB,Bernie Parmalee
2015,LV,TE,Bobby Johnson
2015,LV,WR,Rob Moore
2015,MIA,DC,Lou Anarumo
2015,MIA,HC,Dan Campbell
2015,MIA,HC,Joe Philbin {{small|(fired on October 5)}}
2015,MIA,OC,Zac Taylor
2015,MIA,OL,John Benton
2015,MIA,QB,Zac Taylor
2015,MIA,RB,Jeff Nixon
2015,MIA,TE,Ben Johnson
2015,MIA,TE,Dan Campbell {{small|(promoted to interim head coach on October 5)}}
2015,MIA,WR,Phil McGeoghan
2015,MIN,DC,George Edwards
2015,MIN,HC,Mike Zimmer
2015,MIN,OC,Norv Turner
2015,MIN,OL,Jeff Davidson
2015,MIN,QB,Scott Turner
2015,MIN,RB,Kirby Wilson
2015,MIN,TE,Kevin Stefanski
2015,MIN,WR,George Stewart
2015,NE,DC,Matt Patricia
2015,NE,HC,Bill Belichick
2015,NE,OC,Josh McDaniels
2015,NE,OL,Dave DeGuglielmo
2015,NE,QB,Josh McDaniels
2015,NE,RB,Ivan Fears
2015,NE,TE,Brian Daboll
2015,NE,WR,Chad O'Shea
2015,NO,DC,Dennis Allen
2015,NO,HC,Sean Payton
2015,NO,OC,Pete Carmichael
2015,NO,OL,Bret Ingalls
2015,NO,QB,Mike Neu
2015,NO,RB,Joel Thomas
2015,NO,TE,Dan Roushar
2015,NO,WR,John Morton
2015,NYG,DC,Steve Spagnuolo
2015,NYG,HC,Tom Coughlin
2015,NYG,OC,Ben McAdoo
2015,NYG,OL,Pat Flaherty
2015,NYG,QB,Mike Sullivan
2015,NYG,RB,Craig Johnson
2015,NYG,TE,Kevin Gilbride Jr.
2015,NYG,WR,Sean Ryan
2015,NYJ,DC,Kacy Rodgers
2015,NYJ,HC,Todd Bowles
2015,NYJ,OC,Chan Gailey
2015,NYJ,OL,Steve Marshall
2015,NYJ,QB,Kevin Patullo
2015,NYJ,RB,Marcel Shipp
2015,NYJ,TE,Jimmie Johnson
2015,NYJ,WR,Karl Dorrell
2015,PHI,DC,Billy Davis
2015,PHI,HC,Chip Kelly {{small|(fired on December 29)}}
2015,PHI,HC,Pat Shurmur
2015,PHI,OC,Pat Shurmur
2015,PHI,OL,Jeff Stoutland
2015,PHI,QB,Ryan Day
2015,PHI,RB,Duce Staley
2015,PHI,TE,Justin Peelle
2015,PHI,WR,Bob Bicknell
2015,PIT,DC,Keith Butler
2015,PIT,HC,Mike Tomlin
2015,PIT,OC,Todd Haley
2015,PIT,OL,Mike Munchak
2015,PIT,QB,Randy Fichtner
2015,PIT,RB,James Saxon
2015,PIT,TE,James Daniel
2015,PIT,WR,Richard Mann
2015,SEA,DC,Kris Richard
2015,SEA,OC,Darrell Bevell
2015,SEA,QB,Carl Smith
2015,SEA,RB,Sherman Smith
2015,SEA,TE,Pat McPherson
2015,SEA,WR,Dave Canales
2015,SF,DC,Eric Mangini
2015,SF,HC,Jim Tomsula
2015,SF,OC,Geep Chryst
2015,SF,OL,Chris Foerster
2015,SF,QB,Steve Logan
2015,SF,RB,Tom Rathman
2015,SF,TE,Tony Sparano
2015,SF,WR,Adam Henry
2015,SF,WR,Ronald Curry
2015,TB,DC,Leslie Frazier
2015,TB,HC,Lovie Smith
2015,TB,OC,Dirk Koetter
2015,TB,OL,George Warhop
2015,TB,QB,Mike Bajakian
2015,TB,RB,Tim Spencer
2015,TB,TE,Jon Embree
2015,TB,WR,Andrew Hayes-Stoker
2015,TEN,DC,Ray Horton
2015,TEN,HC,"Ken Whisenhunt (fired November 3, 2015)"
2015,TEN,HC,Mike Mularkey
2015,TEN,OC,Jason Michael
2015,TEN,OL,Bob Bostad
2015,TEN,QB,John McNulty
2015,TEN,RB,Sylvester Croom
2015,TEN,TE,Mike Mularkey
2015,TEN,WR,Shawn Jefferson
2015,WAS,DC,Joe Barry
2015,WAS,HC,Jay Gruden
2015,WAS,OC,Sean McVay
2015,WAS,OL,Bill Callahan
2015,WAS,QB,Matt Cavanaugh
2015,WAS,RB,Randy Jordan
2015,WAS,TE,Wes Phillips
2015,WAS,WR,Ike Hilliard
2016,ARI,DC,James Bettcher
2016,ARI,HC,Bruce Arians
2016,ARI,OC,Harold Goodwin
2016,ARI,OL,Harold Goodwin
2016,ARI,QB,Freddie Kitchens
2016,ARI,RB,Stump Mitchell
2016,ARI,TE,Rick Christophel
2016,ARI,WR,Darryl Drake
2016,ATL,DC,Richard Smith
2016,ATL,HC,Dan Quinn
2016,ATL,OC,Kyle Shanahan
2016,ATL,OL,Chris Morgan
2016,ATL,QB,Matt LaFleur
2016,ATL,RB,Bobby Turner
2016,ATL,TE,Wade Harman
2016,BAL,DC,Dean Pees
2016,BAL,HC,John Harbaugh
2016,BAL,OC,Marc Trestman
2016,BAL,OL,Juan Castillo
2016,BAL,QB,Marty Mornhinweg
2016,BAL,RB,Thomas Hammock
2016,BAL,TE,Richard Angulo
2016,BAL,WR,Bobby Engram
2016,BUF,DC,Dennis Thurman
2016,BUF,HC,Anthony Lynn
2016,BUF,OL,Aaron Kromer
2016,BUF,QB,David Lee
2016,BUF,RB,Anthony Lynn
2016,BUF,TE,Tony Sparano Jr.
2016,BUF,WR,Sanjay Lal
2016,CAR,DC,Sean McDermott
2016,CAR,HC,Ron Rivera
2016,CAR,OC,Mike Shula
2016,CAR,QB,Ken Dorsey
2016,CAR,RB,Jim Skipper
2016,CAR,TE,Pete Hoener
2016,CAR,WR,Ricky Proehl
2016,CHI,DC,Vic Fangio
2016,CHI,HC,John Fox
2016,CHI,OC,Dowell Loggains
2016,CHI,OL,Dave Magazu
2016,CHI,QB,Dave Ragone
2016,CHI,RB,Stan Drayton
2016,CHI,TE,Frank Smith
2016,CHI,WR,Curtis Johnson
2016,CIN,DC,Paul Guenther
2016,CIN,HC,Marvin Lewis
2016,CIN,OC,Ken Zampese
2016,CIN,QB,Bill Lazor
2016,CIN,RB,Kyle Caskey
2016,CIN,TE,Jonathan Hayes
2016,CIN,WR,Dan Pitcher
2016,CIN,WR,James Urban
2016,CLE,DC,Ray Horton
2016,CLE,HC,Hue Jackson
2016,CLE,OL,Hal Hunter
2016,CLE,RB,Kirby Wilson
2016,CLE,TE,Greg Seamon
2016,DAL,DC,Rod Marinelli
2016,DAL,HC,Jason Garrett
2016,DAL,OC,Scott Linehan
2016,DAL,OL,Frank Pollack
2016,DAL,QB,Wade Wilson
2016,DAL,RB,Gary Brown
2016,DAL,TE,Mike Pope
2016,DAL,WR,Derek Dooley
2016,DEN,DC,Wade Phillips
2016,DEN,HC,Gary Kubiak
2016,DEN,OC,Rick Dennison
2016,DEN,OL,Clancy Barone
2016,DEN,QB,Greg Knapp
2016,DEN,QB,Klint Kubiak
2016,DEN,RB,Eric Studesville
2016,DEN,TE,Brian Pariani
2016,DEN,WR,Tyke Tolbert
2016,DET,DC,Teryl Austin
2016,DET,HC,Jim Caldwell
2016,DET,OC,Jim Bob Cooter
2016,DET,QB,Brian Callahan
2016,DET,RB,David Walker
2016,DET,TE,Al Golden
2016,DET,WR,Robert Prince
2016,GB,DC,Dom Capers
2016,GB,HC,Mike McCarthy
2016,GB,OC,Edgar Bennett
2016,GB,OL,James Campen
2016,GB,QB,Alex Van Pelt
2016,GB,RB,Ben Sirmans
2016,GB,TE,Brian Angelichio
2016,GB,WR,Luke Getsy
2016,HOU,DC,Romeo Crennel
2016,HOU,HC,Bill O'Brien
2016,HOU,OC,George Godsey
2016,HOU,OL,Mike Devlin
2016,HOU,RB,Charles London
2016,HOU,TE,John Perry
2016,HOU,WR,Sean Ryan
2016,IND,DC,Ted Monachino
2016,IND,HC,Chuck Pagano
2016,IND,OC,Rob Chudzinski
2016,IND,QB,Brian Schottenheimer
2016,IND,QB,Tim Berbenich
2016,IND,RB,Jemal Singleton
2016,IND,TE,Jim Hostler
2016,IND,WR,Lee Hull
2016,JAX,DC,Todd Wash
2016,JAX,HC,Doug Marrone
2016,JAX,HC,Gus Bradley
2016,JAX,OC,Greg Olson
2016,JAX,OC,Nathaniel Hackett
2016,JAX,OL,Doug Marrone
2016,JAX,QB,Nathaniel Hackett
2016,JAX,RB,Kelly Skipper
2016,JAX,TE,Ron Middleton
2016,JAX,WR,Jerry Sullivan
2016,KC,DC,Bob Sutton
2016,KC,HC,Andy Reid
2016,KC,OC,Brad Childress
2016,KC,OC,Matt Nagy
2016,KC,OL,Andy Heck
2016,KC,RB,Eric Bieniemy
2016,KC,TE,Tom Melvin
2016,LA,DC,Gregg Williams
2016,LA,HC,Jeff Fisher (Fired Week 14)
2016,LA,HC,John Fassel
2016,LA,OC,Rob Boras
2016,LA,OL,Paul Boudreau
2016,LA,QB,Chris Weinke
2016,LA,RB,Skip Peete
2016,LA,TE,John Lilly
2016,LA,WR,Mike Groh
2016,LAC,DC,John Pagano
2016,LAC,HC,Mike McCoy
2016,LAC,OC,Ken Whisenhunt
2016,LAC,OL,Jeff Davidson
2016,LAC,QB,Shane Steichen
2016,LAC,RB,Ollie Wilson
2016,LAC,TE,John McNulty
2016,LAC,WR,Nick Sirianni
2016,LV,DC,Ken Norton Jr.
2016,LV,HC,Jack Del Rio
2016,LV,OC,Bill Musgrave
2016,LV,OL,Mike Tice
2016,LV,QB,Todd Downing
2016,LV,RB,Bernie Parmalee
2016,LV,TE,Bobby Johnson
2016,LV,WR,Rob Moore
2016,MIA,DC,Vance Joseph
2016,MIA,HC,Adam Gase
2016,MIA,OC,Clyde Christensen
2016,MIA,OL,Chris Foerster
2016,MIA,QB,Bo Hardegree
2016,MIA,RB,Danny Barrett
2016,MIA,TE,Shane Day
2016,MIA,WR,Shawn Jefferson
2016,MIN,DC,George Edwards
2016,MIN,HC,Mike Zimmer
2016,MIN,OC,Norv Turner
2016,MIN,OC,Pat Shurmur
2016,MIN,OL,Tony Sparano
2016,MIN,QB,Scott Turner
2016,MIN,RB,Kevin Stefanski
2016,MIN,TE,Pat Shurmur
2016,MIN,WR,George Stewart
2016,NE,DC,Matt Patricia
2016,NE,HC,Bill Belichick
2016,NE,OC,Josh McDaniels
2016,NE,OL,Dante Scarnecchia
2016,NE,QB,Josh McDaniels
2016,NE,RB,Ivan Fears
2016,NE,TE,Brian Daboll
2016,NE,WR,Chad O'Shea
2016,NO,DC,Dennis Allen
2016,NO,HC,Sean Payton
2016,NO,OC,Pete Carmichael
2016,NO,OL,Dan Roushar
2016,NO,QB,Joe Lombardi
2016,NO,RB,Joel Thomas
2016,NO,WR,John Morton
2016,NYG,DC,Steve Spagnuolo
2016,NYG,HC,Ben McAdoo
2016,NYG,OC,Mike Sullivan
2016,NYG,OL,Mike Solari
2016,NYG,QB,Frank Cignetti Jr.
2016,NYG,RB,Craig Johnson
2016,NYG,TE,Kevin M. Gilbride
2016,NYG,WR,Adam Henry
2016,NYJ,DC,Kacy Rodgers
2016,NYJ,HC,Todd Bowles
2016,NYJ,OC,Chan Gailey
2016,NYJ,OL,David Diaz-Infante
2016,NYJ,OL,Steve Marshall
2016,NYJ,QB,Kevin Patullo
2016,NYJ,RB,Marcel Shipp
2016,NYJ,TE,Jimmie Johnson
2016,NYJ,WR,Karl Dorrell
2016,PHI,DC,Jim Schwartz
2016,PHI,HC,Doug Pederson
2016,PHI,OC,Frank Reich
2016,PHI,OL,Jeff Stoutland
2016,PHI,QB,John DeFilippo
2016,PHI,RB,Duce Staley
2016,PHI,TE,Justin Peelle
2016,PHI,WR,Greg Lewis
2016,PIT,DC,Keith Butler
2016,PIT,HC,Mike Tomlin
2016,PIT,OC,Todd Haley
2016,PIT,OL,Mike Munchak
2016,PIT,QB,Randy Fichtner
2016,PIT,RB,James Saxon
2016,PIT,TE,James Daniel
2016,PIT,WR,Richard Mann
2016,SEA,DC,Kris Richard
2016,SEA,OC,Darrell Bevell
2016,SEA,QB,Carl Smith
2016,SEA,RB,Sherman Smith
2016,SEA,TE,Pat McPherson
2016,SEA,WR,Dave Canales
2016,SF,DC,Jim O'Neil
2016,SF,HC,Chip Kelly
2016,SF,OC,Curtis Modkins
2016,SF,OL,Pat Flaherty
2016,SF,QB,Ryan Day
2016,SF,RB,Tom Rathman
2016,SF,TE,Jeff Nixon
2016,SF,WR,Bob Bicknell
2016,TB,DC,Mike Smith
2016,TB,HC,Dirk Koetter
2016,TB,OC,Todd Monken
2016,TB,OL,George Warhop
2016,TB,QB,Mike Bajakian
2016,TB,RB,Tim Spencer
2016,TB,TE,Jon Embree
2016,TB,WR,Todd Monken
2016,TEN,DC,Dick LeBeau
2016,TEN,HC,Mike Mularkey
2016,TEN,OC,Terry Robiskie
2016,TEN,OL,Russ Grimm
2016,TEN,QB,Jason Michael
2016,TEN,RB,Sylvester Croom
2016,TEN,TE,Arthur Smith
2016,TEN,WR,Bob Bratkowski
2016,WAS,DC,Joe Barry
2016,WAS,HC,Jay Gruden
2016,WAS,OC,Sean McVay
2016,WAS,OL,Bill Callahan
2016,WAS,QB,Matt Cavanaugh
2016,WAS,RB,Randy Jordan
2016,WAS,TE,Wes Phillips
2016,WAS,WR,Ike Hilliard
2017,ARI,DC,James Bettcher
2017,ARI,HC,Bruce Arians
2017,ARI,OC,Harold Goodwin
2017,ARI,OL,Harold Goodwin
2017,ARI,QB,Byron Leftwich
2017,ARI,RB,Freddie Kitchens
2017,ARI,TE,Rick Christophel
2017,ARI,WR,Darryl Drake
2017,ATL,DC,Marquand Manuel
2017,ATL,HC,Dan Quinn
2017,ATL,OC,Steve Sarkisian
2017,ATL,OL,Chris Morgan
2017,ATL,QB,Bush Hamdan
2017,ATL,RB,Keith Carter
2017,ATL,TE,Wade Harman
2017,BAL,DC,Dean Pees
2017,BAL,HC,John Harbaugh
2017,BAL,OC,Marty Mornhinweg
2017,BAL,OL,Joe D'Alessandris
2017,BAL,QB,Marty Mornhinweg
2017,BAL,RB,Thomas Hammock
2017,BAL,WR,Bobby Engram
2017,BUF,DC,Leslie Frazier
2017,BUF,HC,Sean McDermott
2017,BUF,OC,Rick Dennison
2017,BUF,OL,Juan Castillo
2017,BUF,QB,David Culley
2017,BUF,RB,Kelly Skipper
2017,BUF,TE,Rob Boras
2017,BUF,WR,Phil McGeoghan
2017,CAR,DC,Steve Wilks
2017,CAR,HC,Ron Rivera
2017,CAR,OC,Mike Shula
2017,CAR,OL,Ray Brown
2017,CAR,QB,Ken Dorsey
2017,CAR,RB,Jim Skipper
2017,CAR,TE,Pete Hoener
2017,CAR,WR,Lance Taylor
2017,CHI,DC,Vic Fangio
2017,CHI,HC,John Fox
2017,CHI,OC,Dowell Loggains
2017,CHI,OL,Jeremiah Washburn
2017,CHI,QB,Dave Ragone
2017,CHI,RB,Curtis Modkins
2017,CHI,TE,Frank Smith
2017,CHI,WR,Zach Azzanni
2017,CIN,DC,Paul Guenther
2017,CIN,HC,Marvin Lewis
2017,CIN,OC,Bill Lazor
2017,CIN,OC,"Ken Zampese (fired Sept 15, 2017)"
2017,CIN,QB,Bill Lazor
2017,CIN,RB,Kyle Caskey
2017,CIN,TE,Jonathan Hayes
2017,CIN,WR,Dan Pitcher
2017,CIN,WR,James Urban
2017,CLE,DC,Gregg Williams
2017,CLE,HC,Hue Jackson
2017,CLE,OL,Bob Wylie
2017,CLE,QB,David Lee
2017,CLE,RB,Kirby Wilson
2017,CLE,TE,Greg Seamon
2017,DAL,DC,Rod Marinelli
2017,DAL,HC,Jason Garrett
2017,DAL,OC,Scott Linehan
2017,DAL,OL,Frank Pollack
2017,DAL,QB,Wade Wilson
2017,DAL,RB,Gary Brown
2017,DAL,TE,Steve Loney
2017,DAL,WR,Derek Dooley
2017,DEN,DC,Joe Woods
2017,DEN,HC,Vance Joseph
2017,DEN,OC,"Mike McCoy (fired November 20, 2017)"
2017,DEN,OL,Jeff Davidson
2017,DEN,QB,Bill Musgrave (interim Offensive Coordinator)
2017,DEN,QB,Klint Kubiak
2017,DEN,TE,Geep Chryst
2017,DEN,WR,Tyke Tolbert
2017,DET,DC,Teryl Austin
2017,DET,HC,Jim Caldwell
2017,DET,OC,Jim Bob Cooter
2017,DET,QB,Brian Callahan
2017,DET,RB,David Walker
2017,DET,TE,Al Golden
2017,DET,WR,Robert Prince
2017,GB,DC,Dom Capers
2017,GB,HC,Mike McCarthy
2017,GB,OC,Edgar Bennett
2017,GB,OL,James Campen
2017,GB,QB,Alex Van Pelt
2017,GB,RB,Ben Sirmans
2017,GB,TE,Brian Angelichio
2017,GB,WR,Luke Getsy
2017,HOU,DC,Mike Vrabel
2017,HOU,HC,Bill O'Brien
2017,HOU,OL,Mike Devlin
2017,HOU,OL,Will Lawing
2017,HOU,QB,Pat O'Hara
2017,HOU,QB,Sean Ryan
2017,HOU,RB,Charles London
2017,HOU,TE,Tim Kelly
2017,HOU,WR,John Perry
2017,IND,DC,Ted Monachino
2017,IND,HC,Chuck Pagano
2017,IND,OC,Rob Chudzinski
2017,IND,QB,Brian Schottenheimer
2017,IND,QB,Tim Berbenich
2017,IND,RB,Jemal Singleton
2017,IND,TE,Jim Hostler
2017,IND,WR,Sanjay Lal
2017,JAX,DC,Todd Wash
2017,JAX,HC,Doug Marrone
2017,JAX,OC,Nathaniel Hackett
2017,JAX,OL,Pat Flaherty
2017,JAX,QB,Scott Milanovich
2017,JAX,RB,Tyrone Wheatley
2017,JAX,TE,Ron Middleton
2017,JAX,WR,Keenan McCardell
2017,KC,DC,Bob Sutton
2017,KC,HC,Andy Reid
2017,KC,OC,Matt Nagy
2017,KC,OL,Andy Heck
2017,KC,RB,Eric Bieniemy
2017,KC,TE,Tom Melvin
2017,KC,WR,Greg Lewis
2017,LA,DC,Wade Phillips
2017,LA,HC,Sean McVay
2017,LA,OC,Matt LaFleur
2017,LA,OL,Aaron Kromer
2017,LA,QB,Greg Olson
2017,LA,RB,Skip Peete
2017,LA,TE,Shane Waldron
2017,LA,WR,Eric Yarber
2017,LAC,DC,Gus Bradley
2017,LAC,HC,Anthony Lynn
2017,LAC,OC,Ken Whisenhunt
2017,LAC,OL,Pat Meyer
2017,LAC,QB,Shane Steichen
2017,LAC,RB,Alfredo Roberts
2017,LAC,TE,John McNulty
2017,LAC,WR,Nick Sirianni
2017,LV,DC,"John Pagano (November 22, 2017-onwards as defensive coordinator)"
2017,LV,DC,"Ken Norton Jr (fired November 21, 2017)"
2017,LV,HC,Jack Del Rio
2017,LV,OC,Todd Downing
2017,LV,OL,Mike Tice
2017,LV,QB,Jake Peetz
2017,LV,RB,Bernie Parmalee
2017,LV,TE,Bobby Johnson
2017,LV,WR,Rob Moore
2017,MIA,DC,Matt Burke
2017,MIA,HC,Adam Gase
2017,MIA,OC,Clyde Christensen
2017,MIA,OL,Dave DeGuglielmo
2017,MIA,QB,Bo Hardegree
2017,MIA,RB,Danny Barrett
2017,MIA,TE,Shane Day
2017,MIA,WR,Shawn Jefferson
2017,MIN,DC,George Edwards
2017,MIN,HC,Mike Zimmer
2017,MIN,OC,Pat Shurmur
2017,MIN,OL,Tony Sparano
2017,MIN,QB,Kevin Stefanski
2017,MIN,RB,Kennedy Polamalu
2017,MIN,TE,Clancy Barone
2017,MIN,WR,Darrell Hazell
2017,NE,DC,Matt Patricia
2017,NE,HC,Bill Belichick
2017,NE,OC,Josh McDaniels
2017,NE,OL,Dante Scarnecchia
2017,NE,QB,Josh McDaniels
2017,NE,RB,Ivan Fears
2017,NE,TE,Nick Caley
2017,NE,WR,Chad O'Shea
2017,NO,DC,Dennis Allen
2017,NO,HC,Sean Payton
2017,NO,OC,Pete Carmichael
2017,NO,OL,Dan Roushar
2017,NO,QB,Joe Lombardi
2017,NO,RB,Joel Thomas
2017,NYG,DC,Steve Spagnuolo
2017,NYG,HC,Ben McAdoo
2017,NYG,HC,Steve Spagnuolo
2017,NYG,OC,Mike Sullivan
2017,NYG,OL,Mike Solari
2017,NYG,QB,Frank Cignetti Jr.
2017,NYG,RB,Craig Johnson
2017,NYG,TE,Kevin M. Gilbride
2017,NYG,WR,Adam Henry
2017,NYJ,DC,Kacy Rodgers
2017,NYJ,HC,Todd Bowles
2017,NYJ,OC,John Morton
2017,NYJ,OL,David Diaz-Infante
2017,NYJ,OL,Steve Marshall
2017,NYJ,QB,Jeremy Bates
2017,NYJ,RB,Stump Mitchell
2017,NYJ,TE,Jimmie Johnson
2017,NYJ,WR,Karl Dorrell
2017,PHI,DC,Jim Schwartz
2017,PHI,HC,Doug Pederson
2017,PHI,OC,Frank Reich
2017,PHI,OL,Jeff Stoutland
2017,PHI,QB,John DeFilippo
2017,PHI,RB,Duce Staley
2017,PHI,TE,Justin Peelle
2017,PHI,WR,Mike Groh
2017,PIT,DC,Keith Butler
2017,PIT,HC,Mike Tomlin
2017,PIT,OC,Todd Haley
2017,PIT,OL,Mike Munchak
2017,PIT,QB,Randy Fichtner
2017,PIT,RB,James Saxon
2017,PIT,TE,James Daniel
2017,PIT,WR,Richard Mann
2017,SEA,DC,Kris Richard
2017,SEA,OC,Darrell Bevell
2017,SEA,QB,Carl Smith
2017,SEA,RB,Chad Morton
2017,SEA,TE,Pat McPherson
2017,SEA,WR,Dave Canales
2017,SF,DC,Robert Saleh
2017,SF,HC,Kyle Shanahan
2017,SF,OL,John Benton
2017,SF,QB,Rich Scangarello
2017,SF,RB,Bobby Turner
2017,SF,WR,Mike LaFleur
2017,TB,DC,Mike Smith
2017,TB,HC,Dirk Koetter
2017,TB,OC,Todd Monken
2017,TB,OL,George Warhop
2017,TB,QB,Mike Bajakian
2017,TB,RB,Tim Spencer
2017,TB,TE,Ben Steele
2017,TB,WR,Todd Monken
2017,TEN,DC,Dick LeBeau
2017,TEN,HC,Mike Mularkey
2017,TEN,OC,Terry Robiskie
2017,TEN,OL,Russ Grimm
2017,TEN,QB,Jason Michael
2017,TEN,RB,Sylvester Croom
2017,TEN,TE,Arthur Smith
2017,TEN,WR,Frisman Jackson
2017,WAS,DC,Greg Manusky
2017,WAS,HC,Jay Gruden
2017,WAS,OC,Matt Cavanaugh
2017,WAS,QB,Kevin O'Connell
2017,WAS,RB,Randy Jordan
2017,WAS,TE,Wes Phillips
2017,WAS,WR,Ike Hilliard
2018,ARI,DC,Al Holcomb
2018,ARI,HC,Steve Wilks
2018,ARI,OC,"Mike McCoy (fired Oct 19, 2018)"
2018,ARI,OL,Ray Brown
2018,ARI,QB,Byron Leftwich (interim Offensive Coordinator)
2018,ARI,RB,Kirby Wilson
2018,ARI,RB,Terry Allen
2018,ARI,TE,Jason Michael
2018,ARI,WR,Kevin Garver
2018,ATL,DC,Marquand Manuel
2018,ATL,HC,Dan Quinn
2018,ATL,OC,Steve Sarkisian
2018,ATL,OL,Chris Morgan
2018,ATL,QB,Greg Knapp
2018,ATL,RB,Bernie Parmalee
2018,ATL,TE,Wade Harman
2018,ATL,WR,Dave Brock
2018,BAL,DC,Don Martindale
2018,BAL,HC,John Harbaugh
2018,BAL,OC,Greg Roman
2018,BAL,OC,Marty Mornhinweg
2018,BAL,OL,Joe D'Alessandris
2018,BAL,QB,James Urban
2018,BAL,RB,Thomas Hammock
2018,BAL,TE,Andy Bischoff
2018,BAL,WR,Bobby Engram
2018,BAL,WR,Matt Weiss
2018,BUF,DC,Leslie Frazier
2018,BUF,HC,Sean McDermott
2018,BUF,OC,Brian Daboll
2018,BUF,OL,Juan Castillo
2018,BUF,QB,David Culley
2018,BUF,RB,Kelly Skipper
2018,BUF,TE,Rob Boras
2018,BUF,WR,Terry Robiskie
2018,CAR,DC,Eric Washington
2018,CAR,HC,Ron Rivera
2018,CAR,OC,Norv Turner
2018,CAR,QB,Scott Turner
2018,CAR,RB,Jim Skipper
2018,CAR,TE,Pete Hoener
2018,CAR,WR,Lance Taylor
2018,CHI,DC,Vic Fangio
2018,CHI,HC,Matt Nagy
2018,CHI,OC,Mark Helfrich
2018,CHI,OL,Harry Hiestand
2018,CHI,QB,Dave Ragone
2018,CHI,RB,Charles London
2018,CHI,TE,Kevin M. Gilbride
2018,CHI,WR,Mike Furrey
2018,CIN,DC,Marvin Lewis
2018,CIN,OC,Bill Lazor
2018,CIN,OL,Frank Pollack
2018,CIN,QB,Alex Van Pelt
2018,CIN,RB,Kyle Caskey
2018,CIN,TE,Jonathan Hayes
2018,CIN,WR,Bob Bicknell
2018,CIN,WR,Dan Pitcher
2018,CLE,DC,Blake Williams
2018,CLE,DC,Gregg Williams
2018,CLE,HC,Hue Jackson
2018,CLE,OC,Freddie Kitchens
2018,CLE,OC,Todd Haley
2018,CLE,OL,Bob Wylie
2018,CLE,QB,Ken Zampese
2018,CLE,RB,Freddie Kitchens
2018,CLE,RB,Ryan Lindley
2018,CLE,TE,Greg Seamon
2018,CLE,WR,Adam Henry
2018,DAL,DC,Rod Marinelli
2018,DAL,HC,Jason Garrett
2018,DAL,OC,Scott Linehan
2018,DAL,OL,Marc Colombo
2018,DAL,QB,Kellen Moore
2018,DAL,RB,Gary Brown
2018,DAL,TE,Doug Nussmeier
2018,DAL,WR,Sanjay Lal
2018,DEN,DC,Joe Woods
2018,DEN,HC,Vance Joseph
2018,DEN,OC,Bill Musgrave
2018,DEN,OL,Chris Strausser
2018,DEN,OL,Sean Kugler
2018,DEN,QB,Klint Kubiak
2018,DEN,QB,Mike Sullivan
2018,DEN,RB,Curtis Modkins
2018,DEN,TE,Geep Chryst
2018,DEN,WR,Zach Azzanni
2018,DET,DC,Paul Pasqualoni
2018,DET,HC,Matt Patricia
2018,DET,OC,Jim Bob Cooter
2018,DET,OL,Jeff Davidson
2018,DET,QB,George Godsey
2018,DET,RB,David Walker
2018,DET,TE,Chris White
2018,DET,WR,Robert Prince
2018,GB,DC,Mike Pettine
2018,GB,HC,Joe Philbin
2018,GB,OC,Joe Philbin
2018,GB,OL,James Campen
2018,GB,QB,Frank Cignetti Jr.
2018,GB,RB,Ben Sirmans
2018,GB,TE,Brian Angelichio
2018,GB,WR,David Raih
2018,HOU,DC,Romeo Crennel
2018,HOU,HC,Bill O'Brien
2018,HOU,OL,Mike Devlin
2018,HOU,OL,Will Lawing
2018,HOU,QB,Sean Ryan
2018,HOU,RB,Danny Barrett
2018,HOU,TE,Tim Kelly
2018,HOU,WR,John Perry
2018,IND,DC,Matt Eberflus
2018,IND,HC,Frank Reich
2018,IND,OC,Nick Sirianni
2018,IND,OL,Dave DeGuglielmo
2018,IND,RB,Tom Rathman
2018,IND,TE,Tom Manning
2018,IND,WR,Kevin Patullo
2018,JAX,DC,Todd Wash
2018,JAX,HC,Doug Marrone
2018,JAX,OC,Nathaniel Hackett
2018,JAX,OC,Scott Milanovich
2018,JAX,OL,Pat Flaherty
2018,JAX,QB,Scott Milanovich
2018,JAX,RB,Tyrone Wheatley
2018,JAX,TE,Ron Middleton
2018,JAX,WR,Keenan McCardell
2018,KC,DC,Bob Sutton
2018,KC,HC,Andy Reid
2018,KC,OC,Eric Bieniemy
2018,KC,OL,Andy Heck
2018,KC,QB,Joe Bleymaier
2018,KC,QB,Mike Kafka
2018,KC,RB,Deland McCullough
2018,KC,TE,Tom Melvin
2018,KC,WR,Greg Lewis
2018,LA,DC,Wade Phillips
2018,LA,HC,Sean McVay
2018,LA,QB,Zac Taylor
2018,LA,RB,Skip Peete
2018,LA,WR,Eric Yarber
2018,LAC,DC,Gus Bradley
2018,LAC,HC,Anthony Lynn
2018,LAC,OC,Ken Whisenhunt
2018,LAC,OL,Pat Meyer
2018,LAC,QB,Shane Steichen
2018,LAC,RB,Alfredo Roberts
2018,LAC,TE,Rip Scherer
2018,LAC,WR,Phil McGeoghan
2018,LV,DC,Paul Guenther
2018,LV,HC,Jon Gruden
2018,LV,OC,Greg Olson
2018,LV,OL,Tom Cable
2018,LV,QB,Brian Callahan
2018,LV,RB,Jemal Singleton
2018,LV,TE,Frank Smith
2018,LV,WR,Edgar Bennett
2018,MIA,DC,Matt Burke
2018,MIA,HC,Adam Gase
2018,MIA,OC,Dowell Loggains
2018,MIA,OL,Jeremiah Washburn
2018,MIA,QB,Bo Hardegree
2018,MIA,RB,Eric Studesville
2018,MIA,TE,Shane Day
2018,MIA,WR,Ben Johnson
2018,MIN,DC,George Edwards
2018,MIN,HC,Mike Zimmer
2018,MIN,OC,Kevin Stefanski
2018,MIN,OL,Andrew Janocko
2018,MIN,OL,Clancy Barone
2018,MIN,QB,Kevin Stefanski
2018,MIN,RB,Kennedy Polamalu
2018,MIN,TE,Todd Downing
2018,MIN,WR,Darrell Hazell
2018,NE,HC,Bill Belichick
2018,NE,OC,Josh McDaniels
2018,NE,OL,Dante Scarnecchia
2018,NE,QB,Josh McDaniels
2018,NE,RB,Ivan Fears
2018,NE,TE,Nick Caley
2018,NE,WR,Chad O'Shea
2018,NO,DC,Dennis Allen
2018,NO,HC,Sean Payton
2018,NO,OC,Pete Carmichael
2018,NO,OL,Dan Roushar
2018,NO,QB,Joe Lombardi
2018,NO,RB,Joel Thomas
2018,NO,WR,Ronald Curry
2018,NYG,DC,James Bettcher
2018,NYG,HC,Pat Shurmur
2018,NYG,OC,Mike Shula
2018,NYG,OL,Hal Hunter
2018,NYG,QB,Mike Shula
2018,NYG,RB,Craig Johnson
2018,NYG,TE,Lunda Wells
2018,NYG,WR,Tyke Tolbert
2018,NYJ,DC,Kacy Rodgers
2018,NYJ,HC,Todd Bowles
2018,NYJ,OC,Jeremy Bates
2018,NYJ,OL,Rick Dennison
2018,NYJ,QB,Jeremy Bates
2018,NYJ,QB,Mick Lombardi
2018,NYJ,RB,Stump Mitchell
2018,NYJ,TE,Jimmie Johnson
2018,NYJ,WR,Karl Dorrell
2018,PHI,DC,Jim Schwartz
2018,PHI,HC,Doug Pederson
2018,PHI,OC,Mike Groh
2018,PHI,OL,Jeff Stoutland
2018,PHI,QB,Press Taylor
2018,PHI,TE,Justin Peelle
2018,PHI,WR,Gunter Brewer
2018,PIT,DC,Keith Butler
2018,PIT,HC,Mike Tomlin
2018,PIT,OC,Randy Fichtner
2018,PIT,OL,Mike Munchak
2018,PIT,QB,Randy Fichtner
2018,PIT,RB,James Saxon
2018,PIT,TE,James Daniel
2018,PIT,WR,Darryl Drake
2018,SEA,DC,Ken Norton Jr.
2018,SEA,OC,Brian Schottenheimer
2018,SEA,OL,Mike Solari
2018,SEA,QB,Dave Canales
2018,SEA,RB,Chad Morton
2018,SEA,TE,Pat McPherson
2018,SEA,WR,Nate Carroll
2018,SF,DC,Robert Saleh
2018,SF,HC,Kyle Shanahan
2018,SF,OL,John Benton
2018,SF,QB,Rich Scangarello
2018,SF,RB,Bobby Turner
2018,SF,WR,Mike LaFleur
2018,TB,DC,Mark Duffner
2018,TB,HC,Dirk Koetter
2018,TB,OC,Todd Monken
2018,TB,OL,George Warhop
2018,TB,QB,Mike Bajakian
2018,TB,RB,Tim Spencer
2018,TB,TE,Ben Steele
2018,TB,WR,Skyler Fulton
2018,TEN,DC,Dean Pees
2018,TEN,HC,Mike Vrabel
2018,TEN,OC,Matt LaFleur
2018,TEN,OL,Keith Carter
2018,TEN,QB,Pat O'Hara
2018,TEN,RB,Tony Dews
2018,TEN,TE,Arthur Smith
2018,TEN,WR,Rob Moore
2018,WAS,DC,Greg Manusky
2018,WAS,HC,Jay Gruden
2018,WAS,OC,Matt Cavanaugh
2018,WAS,QB,Kevin O'Connell
2018,WAS,RB,Randy Jordan
2018,WAS,TE,Wes Phillips
2018,WAS,WR,Ike Hilliard
2019,ARI,DC,Vance Joseph
2019,ARI,HC,Kliff Kingsbury
2019,ARI,OL,Sean Kugler
2019,ARI,QB,Tom Clements
2019,ARI,RB,Don Shumpert
2019,ARI,RB,James Saxon
2019,ARI,TE,Steve Heiden
2019,ARI,WR,David Raih
2019,ATL,HC,Dan Quinn
2019,ATL,OC,Dirk Koetter
2019,ATL,OL,Bob Kronenberg
2019,ATL,OL,Chris Morgan
2019,ATL,QB,Greg Knapp
2019,ATL,RB,Dave Brock
2019,ATL,TE,Mike Mularkey
2019,BAL,DC,Don Martindale
2019,BAL,HC,John Harbaugh
2019,BAL,OC,Greg Roman
2019,BAL,OL,Joe D'Alessandris
2019,BAL,QB,James Urban
2019,BAL,RB,Matt Weiss
2019,BAL,TE,Bobby Engram
2019,BUF,DC,Leslie Frazier
2019,BUF,HC,Sean McDermott
2019,BUF,OC,Brian Daboll
2019,BUF,OL,Bobby Johnson
2019,BUF,QB,Ken Dorsey
2019,BUF,RB,Kelly Skipper
2019,BUF,TE,Rob Boras
2019,BUF,WR,Chad Hall
2019,CAR,DC,Eric Washington
2019,CAR,HC,Ron Rivera
2019,CAR,OC,Norv Turner
2019,CAR,OC,Scott Turner
2019,CAR,QB,Scott Turner
2019,CAR,RB,Jake Peetz
2019,CAR,TE,Pete Hoener
2019,CAR,WR,Jim Hostler
2019,CHI,DC,Chuck Pagano
2019,CHI,HC,Matt Nagy
2019,CHI,OC,Mark Helfrich
2019,CHI,OL,Harry Hiestand
2019,CHI,QB,Dave Ragone
2019,CHI,RB,Charles London
2019,CHI,TE,Kevin M. Gilbride
2019,CHI,WR,Mike Furrey
2019,CIN,DC,Lou Anarumo
2019,CIN,HC,Zac Taylor
2019,CIN,OC,Brian Callahan
2019,CIN,OL,Jim Turner
2019,CIN,QB,Alex Van Pelt
2019,CIN,RB,Jemal Singleton
2019,CIN,TE,James Casey
2019,CIN,WR,Bob Bicknell
2019,CLE,DC,Steve Wilks
2019,CLE,HC,Freddie Kitchens
2019,CLE,OC,Todd Monken
2019,CLE,OL,James Campen
2019,CLE,QB,Ryan Lindley
2019,CLE,RB,Stump Mitchell
2019,CLE,TE,John Lilly
2019,CLE,WR,Adam Henry
2019,DAL,DC,Rod Marinelli
2019,DAL,HC,Jason Garrett
2019,DAL,OC,Kellen Moore
2019,DAL,OL,Marc Colombo
2019,DAL,QB,Jon Kitna
2019,DAL,RB,Gary Brown
2019,DAL,TE,Doug Nussmeier
2019,DAL,WR,Sanjay Lal
2019,DEN,DC,Ed Donatell
2019,DEN,HC,Vic Fangio
2019,DEN,OC,Rich Scangarello
2019,DEN,OL,Mike Munchak
2019,DEN,QB,T. C. McCartney
2019,DEN,RB,Curtis Modkins
2019,DEN,TE,Wade Harman
2019,DEN,WR,Zach Azzanni
2019,DET,DC,Paul Pasqualoni
2019,DET,HC,Matt Patricia
2019,DET,OC,Darrell Bevell
2019,DET,OL,Jeff Davidson
2019,DET,QB,Sean Ryan
2019,DET,RB,Kyle Caskey
2019,DET,TE,Chris White
2019,DET,WR,Robert Prince
2019,GB,DC,Mike Pettine
2019,GB,HC,Matt LaFleur
2019,GB,OC,Nathaniel Hackett
2019,GB,OL,Adam Stenavich
2019,GB,QB,Luke Getsy
2019,GB,RB,Ben Sirmans
2019,GB,TE,Justin Outten
2019,GB,WR,Alvis Whitted
2019,HOU,DC,Romeo Crennel
2019,HOU,HC,Bill O'Brien
2019,HOU,OC,Tim Kelly
2019,HOU,OL,Mike Devlin
2019,HOU,QB,Carl Smith
2019,HOU,RB,Danny Barrett
2019,HOU,TE,Will Lawing
2019,HOU,WR,John Perry
2019,IND,DC,Matt Eberflus
2019,IND,HC,Frank Reich
2019,IND,OC,Nick Sirianni
2019,IND,OL,Chris Strausser
2019,IND,QB,Marcus Brady
2019,IND,RB,Tom Rathman
2019,IND,TE,Jason Michael
2019,IND,WR,Kevin Patullo
2019,JAX,DC,Todd Wash
2019,JAX,HC,Doug Marrone
2019,JAX,OC,John DeFilippo
2019,JAX,OL,George Warhop
2019,JAX,QB,Scott Milanovich
2019,JAX,RB,Terry Robiskie
2019,JAX,TE,Ron Middleton
2019,JAX,WR,Keenan McCardell
2019,KC,DC,Steve Spagnuolo
2019,KC,HC,Andy Reid
2019,KC,OC,Eric Bieniemy
2019,KC,OL,Andy Heck
2019,KC,QB,Joe Bleymaier
2019,KC,QB,Mike Kafka
2019,KC,RB,Deland McCullough
2019,KC,TE,Tom Melvin
2019,KC,WR,Greg Lewis
2019,LA,DC,Wade Phillips
2019,LA,HC,Sean McVay
2019,LA,OC,Jedd Fisch
2019,LA,QB,Shane Waldron
2019,LA,RB,Skip Peete
2019,LA,TE,Wes Phillips
2019,LA,WR,Eric Yarber
2019,LAC,DC,Gus Bradley
2019,LAC,HC,Anthony Lynn
2019,LAC,OC,Shane Steichen
2019,LAC,OL,Pat Meyer
2019,LAC,RB,Alfredo Roberts
2019,LAC,TE,Rip Scherer
2019,LAC,WR,Phil McGeoghan
2019,LV,DC,Paul Guenther
2019,LV,HC,Jon Gruden
2019,LV,OC,Greg Olson
2019,LV,OL,Tom Cable
2019,LV,RB,Kirby Wilson
2019,LV,TE,Frank Smith
2019,LV,WR,Edgar Bennett
2019,MIA,DC,Patrick Graham
2019,MIA,HC,Brian Flores
2019,MIA,OC,Chad O'Shea
2019,MIA,OL,Dave DeGuglielmo
2019,MIA,OL,"Pat Flaherty (fired July 29, 2019)"
2019,MIA,RB,Eric Studesville
2019,MIA,TE,George Godsey
2019,MIA,WR,Karl Dorrell
2019,MIN,DC,George Edwards
2019,MIN,HC,Mike Zimmer
2019,MIN,OC,Kevin Stefanski
2019,MIN,OL,Rick Dennison
2019,MIN,QB,Klint Kubiak
2019,MIN,RB,Kennedy Polamalu
2019,MIN,TE,Brian Pariani
2019,MIN,WR,Drew Petzing
2019,NE,DC,Greg Schiano (resigned March 28)
2019,NE,HC,Bill Belichick
2019,NE,OC,Josh McDaniels
2019,NE,OL,Dante Scarnecchia
2019,NE,QB,Josh McDaniels
2019,NE,RB,Ivan Fears
2019,NE,TE,Nick Caley
2019,NE,WR,Joe Judge
2019,NO,DC,Dennis Allen
2019,NO,HC,Sean Payton
2019,NO,OC,Pete Carmichael
2019,NO,OL,Dan Roushar
2019,NO,QB,Joe Lombardi
2019,NO,RB,Joel Thomas
2019,NO,WR,Ronald Curry
2019,NYG,DC,James Bettcher
2019,NYG,HC,Pat Shurmur
2019,NYG,OC,Mike Shula
2019,NYG,OL,Hal Hunter
2019,NYG,QB,Mike Shula
2019,NYG,RB,Craig Johnson
2019,NYG,TE,Lunda Wells
2019,NYG,WR,Tyke Tolbert
2019,NYJ,DC,Gregg Williams
2019,NYJ,HC,Adam Gase
2019,NYJ,OC,Dowell Loggains
2019,NYJ,OL,Frank Pollack
2019,NYJ,QB,Dowell Loggains
2019,NYJ,RB,Jim Bob Cooter
2019,NYJ,TE,John Dunn
2019,PHI,DC,Jim Schwartz
2019,PHI,HC,Doug Pederson
2019,PHI,OC,Mike Groh
2019,PHI,OL,Jeff Stoutland
2019,PHI,QB,Press Taylor
2019,PHI,TE,Justin Peelle
2019,PHI,WR,Carson Walch
2019,PIT,DC,Keith Butler
2019,PIT,HC,Mike Tomlin
2019,PIT,OC,Randy Fichtner
2019,PIT,OL,Shaun Sarrett
2019,PIT,QB,Randy Fichtner
2019,PIT,RB,Eddie Faulkner
2019,PIT,TE,James Daniel
2019,PIT,WR,Ray Sherman
2019,SEA,DC,Ken Norton Jr.
2019,SEA,OC,Brian Schottenheimer
2019,SEA,OL,Mike Solari
2019,SEA,QB,Dave Canales
2019,SEA,RB,Chad Morton
2019,SEA,TE,Pat McPherson
2019,SEA,WR,Nate Carroll
2019,SF,DC,Robert Saleh
2019,SF,HC,Kyle Shanahan
2019,SF,OL,John Benton
2019,SF,QB,Shane Day
2019,SF,RB,Bobby Turner
2019,SF,WR,Wes Welker
2019,TB,DC,Todd Bowles
2019,TB,HC,Bruce Arians
2019,TB,OC,Byron Leftwich
2019,TB,OL,Joe Gilbert
2019,TB,QB,Clyde Christensen
2019,TB,RB,Todd McNair
2019,TB,TE,Rick Christophel
2019,TB,WR,Kevin Garver
2019,TEN,DC,Dean Pees
2019,TEN,HC,Mike Vrabel
2019,TEN,OC,Arthur Smith
2019,TEN,OL,Keith Carter
2019,TEN,QB,Pat O'Hara
2019,TEN,RB,Tony Dews
2019,TEN,TE,Todd Downing
2019,TEN,WR,Rob Moore
2019,WAS,DC,Greg Manusky
2019,WAS,HC,Bill Callahan
2019,WAS,HC,Jay Gruden
2019,WAS,OC,Kevin O'Connell
2019,WAS,OL,Bill Callahan
2019,WAS,QB,Tim Rattay
2019,WAS,RB,Randy Jordan
2019,WAS,TE,Brian Angelichio
2019,WAS,WR,Ike Hilliard
2020,ARI,DC,Vance Joseph
2020,ARI,HC,Kliff Kingsbury
2020,ARI,OL,Sean Kugler
2020,ARI,QB,Cameron Turner
2020,ARI,QB,Jordan Hogan
2020,ARI,QB,Tom Clements
2020,ARI,RB,James Saxon
2020,ARI,TE,Steve Heiden
2020,ARI,WR,David Raih
2020,ATL,DC,Jeff Ulbrich
2020,ATL,DC,Raheem Morris
2020,ATL,HC,Dan Quinn
2020,ATL,HC,Raheem Morris
2020,ATL,OC,Dirk Koetter
2020,ATL,OL,Bob Kronenberg
2020,ATL,OL,Chris Morgan
2020,ATL,QB,Greg Knapp
2020,ATL,RB,Bernie Parmalee
2020,ATL,TE,Ben Steele
2020,ATL,WR,Dave Brock
2020,BAL,DC,Don Martindale
2020,BAL,HC,John Harbaugh
2020,BAL,OC,Greg Roman
2020,BAL,OL,Joe D'Alessandris
2020,BAL,QB,James Urban
2020,BAL,RB,Matt Weiss
2020,BAL,TE,Bobby Engram
2020,BUF,DC,Leslie Frazier
2020,BUF,HC,Sean McDermott
2020,BUF,OC,Brian Daboll
2020,BUF,OL,Bobby Johnson
2020,BUF,QB,Ken Dorsey
2020,BUF,RB,Kelly Skipper
2020,BUF,TE,Rob Boras
2020,BUF,WR,Chad Hall
2020,CAR,DC,Phil Snow
2020,CAR,HC,Matt Rhule
2020,CAR,OC,Joe Brady
2020,CAR,OL,Pat Meyer
2020,CAR,QB,Jake Peetz
2020,CAR,TE,Brian Angelichio
2020,CAR,WR,Frisman Jackson
2020,CHI,DC,Chuck Pagano
2020,CHI,HC,Matt Nagy
2020,CHI,OC,Bill Lazor
2020,CHI,OL,Juan Castillo
2020,CHI,QB,John DeFilippo
2020,CHI,RB,Charles London
2020,CHI,TE,Clancy Barone
2020,CHI,WR,Mike Furrey
2020,CIN,DC,Lou Anarumo
2020,CIN,HC,Zac Taylor
2020,CIN,OC,Brian Callahan
2020,CIN,OL,Jim Turner
2020,CIN,QB,Dan Pitcher
2020,CIN,RB,Jemal Singleton
2020,CIN,TE,James Casey
2020,CIN,WR,Bob Bicknell
2020,CLE,DC,Joe Woods
2020,CLE,HC,Kevin Stefanski
2020,CLE,OC,Alex Van Pelt
2020,CLE,OL,Bill Callahan
2020,CLE,RB,Stump Mitchell
2020,CLE,TE,Drew Petzing
2020,CLE,WR,Chad O'Shea
2020,DAL,DC,Mike Nolan
2020,DAL,HC,Mike McCarthy
2020,DAL,OC,Kellen Moore
2020,DAL,OL,Joe Philbin
2020,DAL,QB,Doug Nussmeier
2020,DAL,RB,Skip Peete
2020,DAL,TE,Lunda Wells
2020,DAL,WR,Adam Henry
2020,DEN,DC,Ed Donatell
2020,DEN,HC,Vic Fangio
2020,DEN,OC,Pat Shurmur
2020,DEN,OL,Mike Munchak
2020,DEN,QB,Mike Shula
2020,DEN,RB,Curtis Modkins
2020,DEN,TE,Wade Harman
2020,DEN,WR,Zach Azzanni
2020,DET,DC,Cory Undlin
2020,DET,HC,Darrell Bevell
2020,DET,OC,Darrell Bevell
2020,DET,OL,Hank Fraley
2020,DET,QB,Sean Ryan
2020,DET,RB,Kyle Caskey
2020,DET,TE,Ben Johnson
2020,DET,WR,Robert Prince
2020,GB,DC,Mike Pettine
2020,GB,HC,Matt LaFleur
2020,GB,OC,Nathaniel Hackett
2020,GB,OL,Adam Stenavich
2020,GB,QB,Luke Getsy
2020,GB,RB,Ben Sirmans
2020,GB,TE,Justin Outten
2020,GB,WR,Jason Vrable
2020,HOU,DC,Anthony Weaver
2020,HOU,HC,Bill O'Brien
2020,HOU,HC,Romeo Crennel
2020,HOU,OC,Tim Kelly
2020,HOU,OL,Mike Devlin
2020,HOU,QB,Tim Kelly
2020,HOU,RB,Danny Barrett
2020,HOU,TE,Will Lawing
2020,HOU,WR,John Perry
2020,IND,DC,Matt Eberflus
2020,IND,HC,Frank Reich
2020,IND,OC,Nick Sirianni
2020,IND,OL,Chris Strausser
2020,IND,QB,Marcus Brady
2020,IND,RB,Tom Rathman
2020,IND,TE,Jason Michael
2020,IND,WR,Mike Groh
2020,JAX,DC,Todd Wash
2020,JAX,HC,Doug Marrone
2020,JAX,OC,Jay Gruden
2020,JAX,OL,George Warhop
2020,JAX,QB,Ben McAdoo
2020,JAX,RB,Terry Robiskie
2020,JAX,TE,Ron Middleton
2020,JAX,WR,Keenan McCardell
2020,KC,DC,Steve Spagnuolo
2020,KC,HC,Andy Reid
2020,KC,OC,Eric Bieniemy
2020,KC,OL,Andy Heck
2020,KC,QB,Joe Bleymaier
2020,KC,QB,Mike Kafka
2020,KC,RB,Deland McCullough
2020,KC,TE,Tom Melvin
2020,KC,WR,Greg Lewis
2020,LA,DC,Brandon Staley
2020,LA,HC,Sean McVay
2020,LA,OC,Kevin O'Connell
2020,LA,OL,Aaron Kromer
2020,LA,RB,Thomas Brown
2020,LA,TE,Wes Phillips
2020,LA,WR,Eric Yarber
2020,LAC,DC,Gus Bradley
2020,LAC,HC,Anthony Lynn
2020,LAC,OC,Shane Steichen
2020,LAC,OL,James Campen
2020,LAC,QB,Pep Hamilton
2020,LAC,RB,Mark Ridgley
2020,LAC,TE,Alfredo Roberts
2020,LAC,WR,Phil McGeoghan
2020,LV,DC,Rod Marinelli
2020,LV,HC,Jon Gruden
2020,LV,OC,Greg Olson
2020,LV,OL,Tom Cable
2020,LV,RB,Kirby Wilson
2020,LV,TE,Frank Smith
2020,LV,WR,Edgar Bennett
2020,MIA,DC,Josh Boyer
2020,MIA,HC,Brian Flores
2020,MIA,OC,Chan Gailey
2020,MIA,OL,Steve Marshall
2020,MIA,QB,Robby Brown
2020,MIA,RB,Eric Studesville
2020,MIA,TE,George Godsey
2020,MIA,WR,Josh Grizzard
2020,MIN,DC,Adam Zimmer
2020,MIN,DC,Andre Patterson
2020,MIN,HC,Mike Zimmer
2020,MIN,OC,Gary Kubiak
2020,MIN,OL,Rick Dennison
2020,MIN,QB,Klint Kubiak
2020,MIN,RB,Kennedy Polamalu
2020,MIN,TE,Brian Pariani
2020,MIN,WR,Andrew Janocko
2020,NE,HC,Bill Belichick
2020,NE,OC,Josh McDaniels
2020,NE,OL,Carmen Bricillo
2020,NE,OL,Cole Popovich
2020,NE,QB,Jedd Fisch
2020,NE,RB,Ivan Fears
2020,NE,RB,Troy Brown
2020,NE,TE,Nick Caley
2020,NE,WR,Mick Lombardi
2020,NO,DC,Dennis Allen
2020,NO,HC,Sean Payton
2020,NO,OC,Pete Carmichael
2020,NO,OL,Dan Roushar
2020,NO,QB,Joe Lombardi
2020,NO,RB,Joel Thomas
2020,NO,WR,Ronald Curry
2020,NYG,DC,Patrick Graham
2020,NYG,HC,Joe Judge
2020,NYG,OC,Jason Garrett
2020,NYG,OL,Dave DeGuglielmo (took over for Colombo)
2020,NYG,OL,Marc Colombo (fired after week 10)
2020,NYG,QB,Jerry Schuplinski
2020,NYG,RB,Burton Burns
2020,NYG,TE,Freddie Kitchens
2020,NYG,WR,Tyke Tolbert
2020,NYJ,DC,Frank Bush
2020,NYJ,HC,Adam Gase
2020,NYJ,OC,Dowell Loggains
2020,NYJ,OL,Frank Pollack
2020,NYJ,QB,Dowell Loggains
2020,NYJ,RB,Jim Bob Cooter
2020,NYJ,TE,John Dunn
2020,PHI,DC,Jim Schwartz
2020,PHI,HC,Doug Pederson
2020,PHI,OL,Jeff Stoutland
2020,PHI,QB,Press Taylor
2020,PHI,TE,Justin Peelle
2020,PHI,WR,Aaron Moorehead
2020,PIT,DC,Keith Butler
2020,PIT,HC,Mike Tomlin
2020,PIT,OC,Randy Fichtner
2020,PIT,OL,Shaun Sarrett
2020,PIT,QB,Matt Canada
2020,PIT,RB,Eddie Faulkner
2020,PIT,TE,James Daniel
2020,PIT,WR,Ike Hilliard
2020,SEA,DC,Ken Norton Jr.
2020,SEA,OC,Brian Schottenheimer
2020,SEA,OL,Mike Solari
2020,SEA,QB,Austin Davis
2020,SEA,RB,Chad Morton
2020,SEA,TE,Pat McPherson
2020,SEA,WR,Nate Carroll
2020,SF,DC,Robert Saleh
2020,SF,HC,Kyle Shanahan
2020,SF,OL,John Benton
2020,SF,QB,Shane Day
2020,SF,RB,Bobby Turner
2020,SF,WR,Wes Welker
2020,TB,DC,Todd Bowles
2020,TB,HC,Bruce Arians
2020,TB,OC,Byron Leftwich
2020,TB,OL,Joe Gilbert
2020,TB,QB,Clyde Christensen
2020,TB,RB,Todd McNair
2020,TB,TE,Rick Christophel
2020,TB,WR,Kevin Garver
2020,TEN,HC,Mike Vrabel
2020,TEN,OC,Arthur Smith
2020,TEN,OL,Keith Carter
2020,TEN,QB,Pat O'Hara
2020,TEN,RB,Tony Dews
2020,TEN,TE,Todd Downing
2020,TEN,WR,Rob Moore
2020,WAS,DC,Jack Del Rio
2020,WAS,HC,Ron Rivera
2020,WAS,OC,Scott Turner
2020,WAS,OL,John Matsko
2020,WAS,QB,Ken Zampese
2020,WAS,RB,Randy Jordan
2020,WAS,TE,Pete Hoener
2020,WAS,WR,Jim Hostler
2021,ARI,DC,Vance Joseph
2021,ARI,HC,Kliff Kingsbury
2021,ARI,OL,Sean Kugler
2021,ARI,QB,Cameron Turner
2021,ARI,RB,James Saxon
2021,ARI,TE,Steve Heiden
2021,ARI,WR,Shawn Jefferson
2021,ATL,DC,Dean Pees
2021,ATL,HC,Arthur Smith
2021,ATL,OC,Dave Ragone
2021,ATL,OL,Dwayne Ledford
2021,ATL,QB,Charles London
2021,ATL,RB,Des Kitchings
2021,ATL,TE,Justin Peelle
2021,ATL,WR,Dave Brock
2021,BAL,DC,Don Martindale
2021,BAL,HC,John Harbaugh
2021,BAL,OC,Greg Roman
2021,BAL,OL,Joe D'Alessandris
2021,BAL,QB,James Urban
2021,BAL,RB,Craig Ver Steeg
2021,BAL,TE,Bobby Engram
2021,BAL,WR,Tee Martin
2021,BUF,DC,Leslie Frazier
2021,BUF,HC,Sean McDermott
2021,BUF,OC,Brian Daboll
2021,BUF,OL,Bobby Johnson
2021,BUF,QB,Ken Dorsey
2021,BUF,RB,Kelly Skipper
2021,BUF,TE,Rob Boras
2021,BUF,WR,Chad Hall
2021,CAR,DC,Phil Snow
2021,CAR,HC,Matt Rhule
2021,CAR,OC,Jeff Nixon
2021,CAR,OC,Joe Brady (fired mid season)
2021,CAR,OL,Pat Meyer
2021,CAR,QB,Sean Ryan
2021,CAR,TE,Brian Angelichio
2021,CAR,WR,Frisman Jackson
2021,CHI,DC,Sean Desai
2021,CHI,HC,Matt Nagy
2021,CHI,OC,Bill Lazor
2021,CHI,OL,Juan Castillo
2021,CHI,QB,John DeFilippo
2021,CHI,RB,Michael Pitre
2021,CHI,TE,Clancy Barone
2021,CHI,WR,Mike Furrey
2021,CIN,DC,Lou Anarumo
2021,CIN,HC,Zac Taylor
2021,CIN,OC,Brian Callahan
2021,CIN,OL,Frank Pollack
2021,CIN,QB,Dan Pitcher
2021,CIN,RB,Justin Hill
2021,CIN,TE,James Casey
2021,CIN,WR,Troy Walters
2021,CLE,DC,Joe Woods
2021,CLE,HC,Kevin Stefanski
2021,CLE,OC,Alex Van Pelt
2021,CLE,OL,Bill Callahan
2021,CLE,RB,Stump Mitchell
2021,CLE,TE,Drew Petzing
2021,CLE,WR,Chad O'Shea
2021,DAL,DC,Dan Quinn
2021,DAL,HC,Mike McCarthy
2021,DAL,OC,Kellen Moore
2021,DAL,OL,Joe Philbin
2021,DAL,QB,Doug Nussmeier
2021,DAL,RB,Skip Peete
2021,DAL,TE,Lunda Wells
2021,DAL,WR,Adam Henry
2021,DEN,DC,Ed Donatell
2021,DEN,HC,Vic Fangio
2021,DEN,OC,Pat Shurmur
2021,DEN,OL,Mike Munchak
2021,DEN,QB,Mike Shula
2021,DEN,RB,Curtis Modkins
2021,DEN,TE,Wade Harman
2021,DEN,WR,Zach Azzanni
2021,DET,DC,Aaron Glenn
2021,DET,HC,Dan Campbell
2021,DET,OC,Anthony Lynn
2021,DET,OL,Hank Fraley
2021,DET,QB,Mark Brunell
2021,DET,TE,Ben Johnson
2021,DET,WR,Antwaan Randle El
2021,GB,DC,Joe Barry
2021,GB,HC,Matt LaFleur
2021,GB,OC,Nathaniel Hackett
2021,GB,OL,Adam Stenavich
2021,GB,QB,Luke Getsy
2021,GB,RB,Ben Sirmans
2021,GB,TE,Justin Outten
2021,GB,WR,Jason Vrable
2021,HOU,DC,Lovie Smith
2021,HOU,HC,David Culley
2021,HOU,OC,Tim Kelly
2021,HOU,OL,James Campen
2021,HOU,QB,Pep Hamilton
2021,HOU,RB,Danny Barrett
2021,HOU,TE,Andy Bischoff
2021,HOU,WR,Robert Prince
2021,IND,DC,Matt Eberflus
2021,IND,HC,Frank Reich
2021,IND,OC,Marcus Brady
2021,IND,OL,Chris Strausser
2021,IND,QB,Scott Milanovich
2021,IND,RB,Scottie Montgomery
2021,IND,TE,Klayton Adams
2021,IND,WR,Mike Groh
2021,JAX,DC,Joe Cullen
2021,JAX,HC,Darrell Bevell
2021,JAX,HC,Urban Meyer (fired mid season)
2021,JAX,OC,Darrell Bevell
2021,JAX,OL,George Warhop
2021,JAX,QB,Brian Schottenheimer
2021,JAX,RB,Bernie Parmalee
2021,JAX,TE,Tyler Bowen
2021,JAX,WR,Sanjay Lal
2021,KC,DC,Steve Spagnuolo
2021,KC,HC,Andy Reid
2021,KC,OC,Eric Bieniemy
2021,KC,OL,Andy Heck
2021,KC,QB,David Girardi
2021,KC,QB,Mike Kafka
2021,KC,RB,Greg Lewis
2021,KC,TE,Tom Melvin
2021,KC,WR,Joe Bleymaier
2021,LA,DC,Raheem Morris
2021,LA,HC,Sean McVay
2021,LA,OC,Kevin O'Connell
2021,LA,OL,Kevin Carberry
2021,LA,TE,Wes Phillips
2021,LA,WR,Eric Yarber
2021,LAC,DC,Renaldo Hill
2021,LAC,HC,Brandon Staley
2021,LAC,OC,Joe Lombardi
2021,LAC,OL,Frank Smith
2021,LAC,QB,Shane Day
2021,LAC,RB,Derrick Foster
2021,LAC,TE,Kevin Koger
2021,LAC,WR,Chris Beatty
2021,LV,DC,Gus Bradley
2021,LV,HC,Rich Bisaccia
2021,LV,OC,Greg Olson
2021,LV,OL,Tom Cable
2021,LV,RB,Tim Berbenich
2021,LV,TE,Austin King
2021,LV,WR,Edgar Bennett
2021,MIA,DC,Josh Boyer
2021,MIA,HC,Brian Flores
2021,MIA,OC,Eric Studesville
2021,MIA,OC,George Godsey
2021,MIA,OL,Lemuel Jeanpierre
2021,MIA,QB,Charlie Frye
2021,MIA,RB,Eric Studesville
2021,MIA,TE,George Godsey
2021,MIA,WR,Josh Grizzard
2021,MIN,DC,Adam Zimmer
2021,MIN,DC,Andre Patterson
2021,MIN,HC,Mike Zimmer
2021,MIN,OC,Klint Kubiak
2021,MIN,OL,Phil Rauscher
2021,MIN,QB,Andrew Janocko
2021,MIN,RB,Kennedy Polamalu
2021,MIN,TE,Brian Pariani
2021,MIN,WR,Keenan McCardell
2021,NE,HC,Bill Belichick
2021,NE,OC,Josh McDaniels
2021,NE,OL,Carmen Bricillo
2021,NE,OL,Cole Popovich*
2021,NE,QB,Josh McDaniels
2021,NE,RB,Ivan Fears
2021,NE,RB,Vinnie Sunseri
2021,NE,TE,Nick Caley
2021,NE,WR,Mick Lombardi
2021,NE,WR,Troy Brown
2021,NO,DC,Dennis Allen
2021,NO,HC,Sean Payton
2021,NO,OC,Pete Carmichael
2021,NO,OL,Brendan Nugent
2021,NO,QB,Ronald Curry
2021,NO,RB,Joel Thomas
2021,NO,TE,Dan Roushar
2021,NYG,DC,Patrick Graham
2021,NYG,HC,Joe Judge
2021,NYG,OC,Freddie Kitchens
2021,NYG,OC,Jason Garrett (fired after week 11)
2021,NYG,OL,Rob Sale
2021,NYG,QB,Jerry Schuplinski
2021,NYG,RB,Burton Burns
2021,NYG,TE,Derek Dooley
2021,NYG,WR,Tyke Tolbert
2021,NYJ,DC,Jeff Ulbrich
2021,NYJ,HC,Robert Saleh
2021,NYJ,OC,Mike LaFleur
2021,NYJ,OL,John Benton
2021,NYJ,QB,Rob Calabrese
2021,NYJ,RB,Taylor Embree
2021,NYJ,TE,Ron Middleton
2021,NYJ,WR,Miles Austin
2021,PHI,DC,Jonathan Gannon
2021,PHI,HC,Nick Sirianni
2021,PHI,OC,Shane Steichen
2021,PHI,OL,Jeff Stoutland
2021,PHI,QB,Brian Johnson
2021,PHI,TE,Jason Michael
2021,PHI,WR,Aaron Moorehead
2021,PIT,DC,Keith Butler
2021,PIT,HC,Mike Tomlin
2021,PIT,OC,Matt Canada
2021,PIT,OL,Adrian Klemm
2021,PIT,QB,Mike Sullivan
2021,PIT,RB,Eddie Faulkner
2021,PIT,TE,Alfredo Roberts
2021,PIT,WR,Ike Hilliard
2021,SEA,DC,Ken Norton Jr.
2021,SEA,OC,Shane Waldron
2021,SEA,OL,Mike Solari
2021,SEA,QB,Austin Davis
2021,SEA,RB,Chad Morton
2021,SEA,TE,Pat McPherson
2021,SEA,WR,Nate Carroll
2021,SF,DC,DeMeco Ryans
2021,SF,HC,Kyle Shanahan
2021,SF,OC,Mike McDaniel
2021,SF,OL,Chris Foerster
2021,SF,QB,Rich Scangarello
2021,SF,RB,Bobby Turner
2021,SF,WR,Wes Welker
2021,TB,DC,Todd Bowles
2021,TB,HC,Bruce Arians
2021,TB,OC,Byron Leftwich
2021,TB,OL,Joe Gilbert
2021,TB,QB,Clyde Christensen
2021,TB,RB,Todd McNair
2021,TB,TE,Rick Christophel
2021,TB,WR,Kevin Garver
2021,TEN,DC,Shane Bowen
2021,TEN,HC,Mike Vrabel
2021,TEN,OC,Todd Downing
2021,TEN,OL,Keith Carter
2021,TEN,QB,Pat O'Hara
2021,TEN,RB,Tony Dews
2021,TEN,TE,Luke Steckel
2021,TEN,WR,Rob Moore
2021,WAS,DC,Jack Del Rio
2021,WAS,HC,Ron Rivera
2021,WAS,OC,Scott Turner
2021,WAS,OL,John Matsko
2021,WAS,QB,Ken Zampese
2021,WAS,RB,Randy Jordan
2021,WAS,TE,Pete Hoener
2021,WAS,WR,Drew Terrell
2022,ARI,DC,Vance Joseph
2022,ARI,HC,Kliff Kingsbury
2022,ARI,QB,Connor Senger
2022,ARI,TE,Steve Heiden
2022,ARI,WR,Shawn Jefferson
2022,ATL,DC,Dean Pees
2022,ATL,HC,Arthur Smith
2022,ATL,OC,Dave Ragone
2022,ATL,OL,Dwayne Ledford
2022,ATL,QB,Charles London
2022,ATL,RB,Michael Pitre
2022,ATL,TE,Justin Peelle
2022,BAL,DC,Mike Macdonald
2022,BAL,HC,John Harbaugh
2022,BAL,OC,Greg Roman
2022,BAL,OL,Joe D'Alessandris
2022,BAL,QB,James Urban
2022,BAL,RB,Craig Ver Steeg
2022,BAL,TE,George Godsey
2022,BAL,WR,Tee Martin
2022,BUF,DC,Leslie Frazier
2022,BUF,HC,Sean McDermott
2022,BUF,OC,Ken Dorsey
2022,BUF,OL,Aaron Kromer
2022,BUF,QB,Joe Brady
2022,BUF,RB,Kelly Skipper
2022,BUF,TE,Rob Boras
2022,BUF,WR,Chad Hall
2022,CAR,DC,Al Holcomb
2022,CAR,HC,Steve Wilks
2022,CAR,OC,Ben McAdoo
2022,CAR,OL,James Campen
2022,CAR,QB,Sean Ryan
2022,CAR,TE,Kevin M. Gilbride
2022,CAR,WR,Joe Dailey
2022,CHI,DC,Alan Williams
2022,CHI,HC,Matt Eberflus
2022,CHI,OC,Luke Getsy
2022,CHI,OL,Chris Morgan
2022,CHI,QB,Andrew Janocko
2022,CHI,RB,David Walker
2022,CHI,TE,Jim Dray
2022,CHI,WR,Tyke Tolbert
2022,CIN,DC,Lou Anarumo
2022,CIN,HC,Zac Taylor
2022,CIN,OC,Brian Callahan
2022,CIN,OL,Frank Pollack
2022,CIN,QB,Dan Pitcher
2022,CIN,RB,Justin Hill
2022,CIN,TE,James Casey
2022,CIN,WR,Troy Walters
2022,CLE,DC,Joe Woods
2022,CLE,HC,Kevin Stefanski
2022,CLE,OC,Alex Van Pelt
2022,CLE,OL,Bill Callahan
2022,CLE,QB,Drew Petzing
2022,CLE,RB,Stump Mitchell
2022,CLE,TE,T. C. McCartney
2022,CLE,WR,Chad O'Shea
2022,DAL,DC,Dan Quinn
2022,DAL,HC,Mike McCarthy
2022,DAL,OC,Kellen Moore
2022,DAL,OL,Joe Philbin
2022,DAL,QB,Doug Nussmeier
2022,DAL,RB,Skip Peete
2022,DAL,TE,Lunda Wells
2022,DAL,WR,Robert Prince
2022,DEN,DC,Ejiro Evero
2022,DEN,HC,Jerry Rosburg
2022,DEN,OC,Justin Outten
2022,DEN,OL,Ben Steele
2022,DEN,QB,Klint Kubiak
2022,DEN,RB,Tyrone Wheatley
2022,DEN,TE,Jake Moreland
2022,DEN,WR,Zach Azzanni
2022,DET,DC,Aaron Glenn
2022,DET,HC,Dan Campbell
2022,DET,OC,Ben Johnson
2022,DET,OL,Hank Fraley
2022,DET,QB,Mark Brunell
2022,DET,TE,Tanner Engstrand
2022,DET,WR,Antwaan Randle El
2022,GB,DC,Joe Barry
2022,GB,HC,Matt LaFleur
2022,GB,OC,Adam Stenavich
2022,GB,OL,Luke Butkus
2022,GB,QB,Tom Clements
2022,GB,RB,Ben Sirmans
2022,GB,TE,John Dunn
2022,GB,WR,Jason Vrable
2022,HOU,HC,Lovie Smith
2022,HOU,OC,Pep Hamilton
2022,HOU,OL,George Warhop
2022,HOU,QB,Ted White
2022,HOU,RB,Danny Barrett
2022,HOU,TE,Tim Berbenich
2022,HOU,WR,Ben McDaniels
2022,IND,DC,Gus Bradley
2022,IND,HC,Jeff Saturday
2022,IND,OC,Parks Frazier
2022,IND,OL,Chris Strausser
2022,IND,QB,Scott Milanovich
2022,IND,RB,Scottie Montgomery
2022,IND,TE,Kevin Mawae
2022,IND,WR,Reggie Wayne
2022,JAX,DC,Mike Caldwell
2022,JAX,HC,Doug Pederson
2022,JAX,OC,Press Taylor
2022,JAX,OL,Phil Rauscher
2022,JAX,QB,Mike McCoy
2022,JAX,RB,Bernie Parmalee
2022,JAX,TE,Richard Angulo
2022,JAX,WR,Chris Jackson
2022,KC,DC,Steve Spagnuolo
2022,KC,HC,Andy Reid
2022,KC,OC,Eric Bieniemy
2022,KC,OL,Andy Heck
2022,KC,QB,David Girardi
2022,KC,RB,Greg Lewis
2022,KC,TE,Tom Melvin
2022,KC,WR,Joe Bleymaier
2022,LA,DC,Raheem Morris
2022,LA,HC,Sean McVay
2022,LA,OC,Liam Coen
2022,LA,OL,Kevin Carberry
2022,LA,QB,Zac Robinson
2022,LA,RB,Ra'Shaad Samples
2022,LA,WR,Eric Yarber
2022,LAC,DC,Renaldo Hill
2022,LAC,HC,Brandon Staley
2022,LAC,OC,Joe Lombardi
2022,LAC,OL,Brendan Nugent
2022,LAC,QB,Shane Day
2022,LAC,RB,Derrick Foster
2022,LAC,TE,Kevin Koger
2022,LAC,WR,Chris Beatty
2022,LV,DC,Patrick Graham
2022,LV,HC,Josh McDaniels
2022,LV,OC,Mick Lombardi
2022,LV,OL,Carmen Bricillo
2022,LV,QB,Bo Hardegree
2022,LV,RB,Kennedy Polamalu
2022,LV,WR,Edgar Bennett
2022,MIA,DC,Josh Boyer
2022,MIA,HC,Mike McDaniel
2022,MIA,OC,Frank Smith
2022,MIA,OL,Matt Applebaum
2022,MIA,QB,Darrell Bevell
2022,MIA,RB,Eric Studesville
2022,MIA,WR,Wes Welker
2022,MIN,DC,Ed Donatell
2022,MIN,HC,Kevin O'Connell
2022,MIN,OC,Wes Phillips
2022,MIN,OL,Chris Kuper
2022,MIN,QB,Chris O'Hara
2022,MIN,RB,Curtis Modkins
2022,MIN,TE,Brian Angelichio
2022,MIN,WR,Keenan McCardell
2022,NE,HC,Bill Belichick
2022,NE,QB,Joe Judge
2022,NE,RB,Vinnie Sunseri
2022,NE,TE,Nick Caley
2022,NE,WR,Ross Douglas
2022,NE,WR,Troy Brown
2022,NO,DC,Kris Richard
2022,NO,DC,Ryan Nielsen
2022,NO,HC,Dennis Allen
2022,NO,OC,Pete Carmichael
2022,NO,OL,Doug Marrone
2022,NO,OL,Zach Strief
2022,NO,QB,Ronald Curry
2022,NO,RB,Joel Thomas
2022,NO,TE,Dan Roushar
2022,NO,WR,Kodi Burns
2022,NYG,DC,Don Martindale
2022,NYG,HC,Brian Daboll
2022,NYG,OC,Mike Kafka
2022,NYG,OL,Bobby Johnson
2022,NYG,QB,Shea Tierney
2022,NYG,RB,DeAndre Smith
2022,NYG,TE,Andy Bischoff
2022,NYG,WR,Mike Groh
2022,NYJ,DC,Jeff Ulbrich
2022,NYJ,HC,Robert Saleh
2022,NYJ,OC,Mike LaFleur
2022,NYJ,OL,John Benton
2022,NYJ,QB,Rob Calabrese
2022,NYJ,RB,Taylor Embree
2022,NYJ,TE,Ron Middleton
2022,PHI,DC,Jonathan Gannon
2022,PHI,HC,Nick Sirianni
2022,PHI,OC,Shane Steichen
2022,PHI,OL,Jeff Stoutland
2022,PHI,QB,Brian Johnson
2022,PHI,TE,Jason Michael
2022,PHI,WR,Aaron Moorehead
2022,PIT,DC,Teryl Austin
2022,PIT,HC,Mike Tomlin
2022,PIT,OC,Matt Canada
2022,PIT,OL,Pat Meyer
2022,PIT,QB,Mike Sullivan
2022,PIT,RB,Eddie Faulkner
2022,PIT,TE,Alfredo Roberts
2022,PIT,WR,Frisman Jackson
2022,SEA,DC,Clint Hurtt
2022,SEA,OC,Shane Waldron
2022,SEA,OL,Andy Dickerson
2022,SEA,QB,Dave Canales
2022,SEA,RB,Chad Morton
2022,SEA,TE,Pat McPherson
2022,SEA,WR,Sanjay Lal
2022,SF,DC,DeMeco Ryans
2022,SF,HC,Kyle Shanahan
2022,SF,OL,Chris Foerster
2022,SF,QB,Brian Griese
2022,SF,TE,Brian Fleury
2022,SF,WR,Leonard Hankerson
2022,TB,HC,Todd Bowles
2022,TB,OC,Byron Leftwich
2022,TB,OL,Joe Gilbert
2022,TB,QB,Clyde Christensen
2022,TB,RB,Todd McNair
2022,TB,TE,John Van Dam
2022,TB,WR,Kevin Garver
2022,TEN,DC,Shane Bowen
2022,TEN,HC,Mike Vrabel
2022,TEN,OC,Todd Downing
2022,TEN,OL,Keith Carter
2022,TEN,QB,Pat O'Hara
2022,TEN,RB,Tony Dews
2022,TEN,TE,Luke Steckel
2022,TEN,WR,Rob Moore
2022,WAS,DC,Jack Del Rio
2022,WAS,HC,Ron Rivera
2022,WAS,OC,Scott Turner
2022,WAS,OL,John Matsko
2022,WAS,QB,Ken Zampese
2022,WAS,RB,Randy Jordan
2022,WAS,TE,Juan Castillo
2022,WAS,WR,Drew Terrell
2023,ARI,DC,Nick Rallis
2023,ARI,HC,Jonathan Gannon
2023,ARI,OC,Drew Petzing
2023,ARI,OL,Klayton Adams
2023,ARI,QB,Israel Woolfork
2023,ARI,RB,Autry Denson
2023,ARI,TE,Ben Steele
2023,ARI,WR,Drew Terrell
2023,ATL,DC,Ryan Nielsen
2023,ATL,HC,Arthur Smith
2023,ATL,OC,Dave Ragone
2023,ATL,OL,Dwayne Ledford
2023,ATL,OL,Mateo Kambui
2023,ATL,RB,Michael Pitre
2023,ATL,TE,Justin Peelle
2023,BAL,DC,Mike Macdonald
2023,BAL,HC,John Harbaugh
2023,BAL,OC,Todd Monken
2023,BAL,OL,Joe D'Alessandris
2023,BAL,QB,Tee Martin
2023,BAL,RB,Willie Taggart
2023,BAL,TE,George Godsey
2023,BAL,WR,Greg Lewis
2023,BUF,HC,Sean McDermott
2023,BUF,OC,Joe Brady
2023,BUF,OC,Ken Dorsey; fired after Week 10
2023,BUF,OL,Aaron Kromer
2023,BUF,OL,Austin Gund
2023,BUF,QB,Joe Brady
2023,BUF,RB,Kelly Skipper
2023,BUF,TE,Rob Boras
2023,BUF,WR,Adam Henry
2023,CAR,DC,Ejiro Evero
2023,CAR,HC,Chris Tabor
2023,CAR,HC,Frank Reich; fired on November 27
2023,CAR,OC,Thomas Brown
2023,CAR,OL,James Campen
2023,CAR,QB,Josh McCown; fired on November 27
2023,CAR,TE,John Lilly
2023,CAR,WR,Shawn Jefferson
2023,CHI,DC,Alan Williams; <br>resigned on September 20
2023,CHI,HC,Matt Eberflus
2023,CHI,OC,Luke Getsy
2023,CHI,OL,Chris Morgan
2023,CHI,QB,Andrew Janocko
2023,CHI,RB,David Walker; <br>fired on November 1
2023,CHI,TE,Jim Dray
2023,CHI,WR,Tyke Tolbert
2023,CIN,DC,Lou Anarumo
2023,CIN,HC,Zac Taylor
2023,CIN,OC,Brian Callahan
2023,CIN,OL,Frank Pollack
2023,CIN,QB,Dan Pitcher
2023,CIN,RB,Justin Hill
2023,CIN,TE,James Casey
2023,CIN,WR,Troy Walters
2023,CLE,DC,Jim Schwartz
2023,CLE,HC,Kevin Stefanski
2023,CLE,OC,Alex Van Pelt
2023,CLE,OL,Bill Callahan
2023,CLE,QB,Ashton Grant
2023,CLE,RB,Stump Mitchell
2023,CLE,TE,T. C. McCartney
2023,CLE,WR,Chad O'Shea
2023,DAL,DC,Dan Quinn
2023,DAL,HC,Mike McCarthy
2023,DAL,OC,Brian Schottenheimer
2023,DAL,OL,Mike Solari
2023,DAL,QB,Scott Tolzien
2023,DAL,RB,Jeff Blasko
2023,DAL,TE,Lunda Wells
2023,DAL,WR,Robert Prince
2023,DEN,DC,Vance Joseph
2023,DEN,HC,Sean Payton
2023,DEN,OC,Joe Lombardi
2023,DEN,OL,Zach Strief
2023,DEN,QB,Davis Webb
2023,DEN,RB,Lou Ayeni
2023,DEN,TE,Declan Doyle
2023,DEN,WR,Keary Colbert
2023,DET,DC,Aaron Glenn
2023,DET,HC,Dan Campbell
2023,DET,OC,Ben Johnson
2023,DET,OL,Hank Fraley
2023,DET,QB,Mark Brunell
2023,DET,TE,Steve Heiden
2023,DET,WR,Antwaan Randle El
2023,GB,DC,Joe Barry
2023,GB,HC,Matt LaFleur
2023,GB,OC,Adam Stenavich
2023,GB,OL,Luke Butkus
2023,GB,QB,Tom Clements
2023,GB,RB,Ben Sirmans
2023,GB,TE,John Dunn
2023,GB,WR,Jason Vrable
2023,HOU,DC,Matt Burke
2023,HOU,HC,DeMeco Ryans
2023,HOU,OC,Bobby Slowik
2023,HOU,OL,Chris Strausser
2023,HOU,QB,Jerrod Johnson
2023,HOU,TE,Jake Moreland
2023,HOU,WR,Ben McDaniels
2023,IND,DC,Gus Bradley
2023,IND,HC,Shane Steichen
2023,IND,OC,Jim Bob Cooter
2023,IND,OL,Tony Sparano Jr.
2023,IND,QB,Cam Turner
2023,IND,RB,DeAndre Smith
2023,IND,TE,Tom Manning
2023,IND,WR,Reggie Wayne
2023,JAX,DC,Mike Caldwell
2023,JAX,HC,Doug Pederson
2023,JAX,OC,Press Taylor
2023,JAX,OL,Phil Rauscher
2023,JAX,QB,Mike McCoy
2023,JAX,RB,Bernie Parmalee
2023,JAX,TE,Richard Angulo
2023,JAX,WR,Chad Hall
2023,KC,DC,Steve Spagnuolo
2023,KC,HC,Andy Reid
2023,KC,OC,Matt Nagy
2023,KC,OL,Andy Heck
2023,KC,QB,David Girardi
2023,KC,RB,Todd Pinkston
2023,KC,TE,Tom Melvin
2023,KC,WR,Connor Embree
2023,LA,DC,Raheem Morris
2023,LA,HC,Sean McVay
2023,LA,OC,Mike LaFleur
2023,LA,OL,Ryan Wendell
2023,LA,QB,Zac Robinson
2023,LA,RB,Ron Gould
2023,LA,TE,Nick Caley
2023,LA,WR,Eric Yarber
2023,LAC,DC,Derrick Ansley
2023,LAC,HC,Brandon Staley; fired on December 15
2023,LAC,HC,Giff Smith
2023,LAC,OC,Kellen Moore
2023,LAC,OL,Brendan Nugent
2023,LAC,QB,Doug Nussmeier
2023,LAC,RB,Derrick Foster
2023,LAC,TE,Kevin Koger
2023,LAC,WR,Chris Beatty
2023,LV,DC,Patrick Graham
2023,LV,HC,Antonio Pierce
2023,LV,HC,Josh McDaniels; fired on October 31
2023,LV,OC,Bo Hardegree
2023,LV,OC,Mick Lombardi; fired on October 31
2023,LV,OL,Carmen Bricillo
2023,LV,QB,Bo Hardegree
2023,LV,RB,Kennedy Polamalu
2023,LV,TE,Jerry Schuplinski
2023,LV,WR,Edgar Bennett
2023,LV,WR,Matt Lombardi
2023,MIA,DC,Vic Fangio
2023,MIA,HC,Mike McDaniel
2023,MIA,OC,Frank Smith
2023,MIA,OL,Butch Barry
2023,MIA,QB,Darrell Bevell
2023,MIA,RB,Eric Studesville
2023,MIA,WR,Wes Welker
2023,MIN,DC,Brian Flores
2023,MIN,HC,Kevin O'Connell
2023,MIN,OC,Wes Phillips
2023,MIN,OL,Chris Kuper
2023,MIN,QB,Chris O'Hara
2023,MIN,RB,Curtis Modkins
2023,MIN,TE,Brian Angelichio
2023,MIN,WR,Keenan McCardell
2023,NE,HC,Bill Belichick
2023,NE,OC,Bill O'Brien
2023,NE,OL,Adrian Klemm
2023,NE,QB,Bill O'Brien
2023,NE,RB,Vinnie Sunseri
2023,NE,TE,Will Lawing
2023,NE,WR,Ross Douglas
2023,NE,WR,Troy Brown
2023,NO,DC,Joe Woods
2023,NO,HC,Dennis Allen
2023,NO,OC,Pete Carmichael
2023,NO,OL,Doug Marrone
2023,NO,OL,Kevin Carberry
2023,NO,QB,Ronald Curry
2023,NO,RB,Joel Thomas
2023,NO,TE,Clancy Barone
2023,NO,WR,Kodi Burns
2023,NYG,DC,Don Martindale
2023,NYG,HC,Brian Daboll
2023,NYG,OC,Mike Kafka
2023,NYG,OL,Bobby Johnson
2023,NYG,QB,Shea Tierney
2023,NYG,RB,Jeff Nixon
2023,NYG,TE,Andy Bischoff
2023,NYG,WR,Mike Groh
2023,NYJ,DC,Jeff Ulbrich
2023,NYJ,HC,Robert Saleh
2023,NYJ,OC,Nathaniel Hackett
2023,NYJ,OL,Keith Carter
2023,NYJ,QB,Rob Calabrese
2023,NYJ,RB,Taylor Embree
2023,NYJ,TE,Ron Middleton
2023,NYJ,WR,Zach Azzanni
2023,PHI,DC,Sean Desai
2023,PHI,HC,Nick Sirianni
2023,PHI,OC,Brian Johnson
2023,PHI,OL,Jeff Stoutland
2023,PHI,QB,Alex Tanney
2023,PHI,TE,Jason Michael
2023,PHI,TE,T. J. Paganetti
2023,PHI,WR,Aaron Moorehead
2023,PIT,DC,Teryl Austin
2023,PIT,HC,Mike Tomlin
2023,PIT,OC,Eddie Faulkner
2023,PIT,OC,Matt Canada; fired after Week 11
2023,PIT,OL,Pat Meyer
2023,PIT,QB,Mike Sullivan
2023,PIT,RB,Eddie Faulkner
2023,PIT,TE,Alfredo Roberts
2023,PIT,WR,Frisman Jackson
2023,SEA,DC,Clint Hurtt
2023,SEA,OC,Shane Waldron
2023,SEA,OL,Andy Dickerson
2023,SEA,QB,Greg Olson
2023,SEA,RB,Chad Morton
2023,SEA,TE,Pat McPherson
2023,SEA,WR,Sanjay Lal
2023,SF,DC,Steve Wilks
2023,SF,HC,Kyle Shanahan
2023,SF,OL,Chris Foerster
2023,SF,QB,Brian Griese
2023,SF,RB,Bobby Turner
2023,SF,TE,Brian Fleury
2023,SF,WR,Leonard Hankerson
2023,TB,HC,Todd Bowles
2023,TB,OC,Dave Canales
2023,TB,OL,Joe Gilbert
2023,TB,QB,Thad Lewis
2023,TB,RB,Skip Peete
2023,TB,TE,John Van Dam
2023,TB,WR,Brad Idzik
2023,TEN,DC,Shane Bowen
2023,TEN,HC,Mike Vrabel
2023,TEN,OC,Tim Kelly
2023,TEN,OL,Jason Houghtaling
2023,TEN,OL,Matt Jones
2023,TEN,QB,Charles London
2023,TEN,RB,Justin Outten
2023,TEN,TE,Tony Dews
2023,TEN,WR,Rob Moore
2023,WAS,DC,Ron Rivera (interim)
2023,WAS,HC,Ron Rivera
2023,WAS,OC,Eric Bieniemy
2023,WAS,OL,Travelle Wharton
2023,WAS,QB,Tavita Pritchard
2023,WAS,TE,Todd Storm
2023,WAS,WR,Bobby Engram
2024,ARI,DC,Nick Rallis
2024,ARI,HC,Jonathan Gannon
2024,ARI,OC,Drew Petzing
2024,ARI,OL,Klayton Adams
2024,ARI,QB,Israel Woolfork
2024,ARI,RB,Autry Denson
2024,ARI,TE,Ben Steele
2024,ARI,WR,Drew Terrell
2024,ATL,DC,Jimmy Lake
2024,ATL,HC,Raheem Morris
2024,ATL,OC,Zac Robinson
2024,ATL,OL,Dwayne Ledford
2024,ATL,QB,D. J. Williams
2024,ATL,QB,T. J. Yates
2024,ATL,RB,Michael Pitre
2024,ATL,TE,Kevin Koger
2024,ATL,WR,Ike Hilliard
2024,BAL,DC,Zachary Orr
2024,BAL,HC,John Harbaugh
2024,BAL,OC,Todd Monken
2024,BAL,OL,George Warhop
2024,BAL,QB,Daniel Stern
2024,BAL,QB,Tee Martin
2024,BAL,RB,Willie Taggart
2024,BAL,TE,George Godsey
2024,BAL,WR,Greg Lewis
2024,BUF,DC,Bobby Babich
2024,BUF,HC,Sean McDermott
2024,BUF,OC,Joe Brady
2024,BUF,OL,Aaron Kromer
2024,BUF,OL,Austin Gund
2024,BUF,QB,Ronald Curry
2024,BUF,RB,Kelly Skipper
2024,BUF,TE,Rob Boras
2024,BUF,WR,Adam Henry
2024,CAR,DC,Ejiro Evero
2024,CAR,HC,Dave Canales
2024,CAR,OC,Brad Idzik
2024,CAR,OL,Joe Gilbert
2024,CAR,QB,Will Harriger
2024,CAR,RB,Bernie Parmalee
2024,CAR,TE,Pat McPherson
2024,CAR,WR,Rob Moore
2024,CHI,DC,Eric Washington
2024,CHI,HC,Matt Eberflus (fired on November 29)
2024,CHI,HC,Thomas Brown
2024,CHI,OC,Chris Beatty
2024,CHI,OC,Shane Waldron (fired on November 10)
2024,CHI,OL,Chris Morgan
2024,CHI,QB,Kerry Joseph
2024,CHI,QB,Robbie Picazo
2024,CHI,QB,Ryan Griffin
2024,CHI,RB,Chad Morton
2024,CHI,RB,Jennifer King
2024,CHI,TE,Jim Dray
2024,CHI,WR,Robbie Picazo
2024,CHI,WR,Ryan Griffin
2024,CIN,DC,Lou Anarumo
2024,CIN,HC,Zac Taylor
2024,CIN,OC,Dan Pitcher
2024,CIN,OL,Frank Pollack
2024,CIN,QB,Brad Kragthorpe
2024,CIN,RB,Justin Hill
2024,CIN,TE,James Casey
2024,CIN,WR,Troy Walters
2024,CLE,DC,Jim Schwartz
2024,CLE,HC,Kevin Stefanski
2024,CLE,OC,Ken Dorsey
2024,CLE,OL,Andy Dickerson
2024,CLE,QB,Ashton Grant
2024,CLE,RB,Duce Staley
2024,CLE,TE,Tommy Rees
2024,CLE,WR,Chad O'Shea
2024,DAL,DC,Mike Zimmer
2024,DAL,HC,Mike McCarthy
2024,DAL,OC,Brian Schottenheimer
2024,DAL,OL,Mike Solari
2024,DAL,QB,Scott Tolzien
2024,DAL,RB,Jeff Blasko
2024,DAL,TE,Lunda Wells
2024,DAL,WR,Robert Prince
2024,DEN,DC,Vance Joseph
2024,DEN,HC,Sean Payton
2024,DEN,OC,Joe Lombardi
2024,DEN,OL,Zach Strief
2024,DEN,QB,Davis Webb
2024,DEN,RB,Lou Ayeni
2024,DEN,TE,Declan Doyle
2024,DEN,WR,Keary Colbert
2024,DET,DC,Aaron Glenn
2024,DET,HC,Dan Campbell
2024,DET,OC,Ben Johnson
2024,DET,OL,Hank Fraley
2024,DET,QB,Mark Brunell
2024,DET,TE,Steve Heiden
2024,DET,WR,Antwaan Randle El
2024,GB,DC,Jeff Hafley
2024,GB,HC,Matt LaFleur
2024,GB,OC,Adam Stenavich
2024,GB,OL,Luke Butkus
2024,GB,QB,Tom Clements
2024,GB,RB,Ben Sirmans
2024,GB,TE,John Dunn
2024,GB,WR,Ryan Mahaffey
2024,HOU,DC,Matt Burke
2024,HOU,HC,DeMeco Ryans
2024,HOU,OC,Bobby Slowik
2024,HOU,OL,Chris Strausser
2024,HOU,QB,Jerrod Johnson
2024,HOU,TE,Jake Moreland
2024,HOU,WR,Ben McDaniels
2024,IND,DC,Gus Bradley
2024,IND,HC,Shane Steichen
2024,IND,OC,Jim Bob Cooter
2024,IND,OL,Tony Sparano Jr.
2024,IND,QB,Cameron Turner
2024,IND,RB,DeAndre Smith
2024,IND,TE,Tom Manning
2024,IND,WR,Reggie Wayne
2024,JAX,DC,Ryan Nielsen
2024,JAX,HC,Doug Pederson
2024,JAX,OC,Press Taylor
2024,JAX,OL,Phil Rauscher
2024,JAX,QB,Mike McCoy
2024,JAX,TE,Richard Angulo
2024,JAX,WR,Chad Hall
2024,KC,DC,Steve Spagnuolo
2024,KC,HC,Andy Reid
2024,KC,OC,Matt Nagy
2024,KC,OL,Andy Heck
2024,KC,QB,David Girardi
2024,KC,RB,Todd Pinkston
2024,KC,TE,Tom Melvin
2024,KC,WR,Connor Embree
2024,LA,DC,Chris Shula
2024,LA,HC,Sean McVay
2024,LA,OC,Mike LaFleur
2024,LA,OL,Ryan Wendell
2024,LA,QB,Dave Ragone
2024,LA,RB,Ron Gould
2024,LA,TE,Nick Caley
2024,LA,WR,Eric Yarber
2024,LAC,DC,Jesse Minter
2024,LAC,HC,Jim Harbaugh
2024,LAC,OC,Greg Roman
2024,LAC,OL,Mike Devlin
2024,LAC,QB,Jonathan Goodwin
2024,LAC,QB,Shane Day
2024,LAC,RB,Kiel McDonald
2024,LAC,TE,Andy Bischoff
2024,LAC,WR,Sanjay Lal
2024,LV,DC,Patrick Graham
2024,LV,HC,Antonio Pierce
2024,LV,OC,Luke Getsy (fired on November 5)
2024,LV,OC,Scott Turner
2024,LV,OL,Joe Philbin
2024,LV,RB,Cadillac Williams
2024,LV,TE,Luke Steckel
2024,LV,WR,Edgar Bennett
2024,MIA,DC,Anthony Weaver
2024,MIA,HC,Mike McDaniel
2024,MIA,OC,Frank Smith
2024,MIA,OL,Butch Barry
2024,MIA,QB,Darrell Bevell
2024,MIA,RB,Eric Studesville
2024,MIA,WR,Wes Welker
2024,MIN,DC,Brian Flores
2024,MIN,HC,Kevin O'Connell
2024,MIN,OC,Grant Udinski
2024,MIN,OC,Wes Phillips
2024,MIN,OL,Chris Kuper
2024,MIN,QB,Josh McCown
2024,MIN,RB,Curtis Modkins
2024,MIN,TE,Brian Angelichio
2024,MIN,WR,Keenan McCardell
2024,NE,DC,DeMarcus Covington
2024,NE,HC,Jerod Mayo
2024,NE,OC,Alex Van Pelt
2024,NE,OL,Scott Peters
2024,NE,QB,T. C. McCartney
2024,NE,RB,Taylor Embree
2024,NE,TE,Bob Bicknell
2024,NE,WR,Tyler Hughes
2024,NO,DC,Joe Woods
2024,NO,HC,Darren Rizzi
2024,NO,HC,Dennis Allen (fired on November 4)
2024,NO,OC,Klint Kubiak
2024,NO,OL,John Benton
2024,NO,QB,Andrew Janocko
2024,NO,RB,Derrick Foster
2024,NO,TE,Clancy Barone
2024,NO,WR,Keith Williams
2024,NYG,DC,Shane Bowen
2024,NYG,HC,Brian Daboll
2024,NYG,OC,Mike Kafka
2024,NYG,OL,Carmen Bricillo
2024,NYG,QB,Shea Tierney
2024,NYG,RB,Joel Thomas
2024,NYG,TE,Tim Kelly
2024,NYG,WR,Mike Groh
2024,NYJ,DC,Marquand Manuel
2024,NYJ,HC,Jeff Ulbrich
2024,NYJ,HC,Robert Saleh (fired on October 8)
2024,NYJ,OC,Nathaniel Hackett
2024,NYJ,OL,Keith Carter
2024,NYJ,RB,Tony Dews
2024,NYJ,TE,Ron Middleton
2024,NYJ,WR,Shawn Jefferson
2024,PHI,DC,Vic Fangio
2024,PHI,HC,Nick Sirianni
2024,PHI,OC,Kellen Moore
2024,PHI,OL,Jeff Stoutland
2024,PHI,OL,T. J. Paganetti
2024,PHI,QB,Doug Nussmeier
2024,PHI,TE,Jason Michael
2024,PHI,WR,Aaron Moorehead
2024,PIT,DC,Teryl Austin
2024,PIT,HC,Mike Tomlin
2024,PIT,OC,Arthur Smith
2024,PIT,OL,Pat Meyer
2024,PIT,QB,Tom Arth
2024,PIT,RB,Eddie Faulkner
2024,PIT,TE,Alfredo Roberts
2024,PIT,WR,Zach Azzanni
2024,SEA,DC,Aden Durde
2024,SEA,HC,Mike Macdonald
2024,SEA,OC,Ryan Grubb
2024,SEA,OL,Scott Huff
2024,SEA,QB,Charles London
2024,SEA,RB,Kennedy Polamalu
2024,SEA,TE,Mack Brown
2024,SEA,WR,Frisman Jackson
2024,SF,DC,Nick Sorensen
2024,SF,HC,Kyle Shanahan
2024,SF,OL,Chris Foerster
2024,SF,QB,Brian Griese
2024,SF,RB,Bobby Turner
2024,SF,TE,Brian Fleury
2024,SF,WR,Leonard Hankerson
2024,TB,HC,Todd Bowles
2024,TB,OC,Liam Coen
2024,TB,OL,Kevin Carberry
2024,TB,QB,Thad Lewis
2024,TB,RB,Skip Peete
2024,TB,TE,Justin Peelle
2024,TB,WR,Bryan McClendon
2024,TEN,DC,Dennard Wilson
2024,TEN,HC,Brian Callahan
2024,TEN,OC,Nick Holz
2024,TEN,OL,Bill Callahan
2024,TEN,QB,Bo Hardegree
2024,TEN,RB,Randy Jordan
2024,TEN,TE,Justin Outten
2024,TEN,WR,Tyke Tolbert
2024,WAS,DC,Joe Whitt Jr.
2024,WAS,HC,Dan Quinn
2024,WAS,OC,Kliff Kingsbury
2024,WAS,OL,Bobby Johnson
2024,WAS,QB,Tavita Pritchard
2024,WAS,RB,Anthony Lynn
2024,WAS,TE,David Raih
2024,WAS,WR,Bobby Engram
2025,ARI,DC,Nick Rallis
2025,ARI,HC,Jonathan Gannon
2025,ARI,OC,Drew Petzing
2025,ARI,OL,Justin Frye
2025,ARI,QB,Israel Woolfork
2025,ARI,RB,Autry Denson
2025,ARI,TE,Ben Steele
2025,ARI,WR,Drew Terrell
2025,ATL,DC,Jeff Ulbrich
2025,ATL,HC,Raheem Morris
2025,ATL,OC,Zac Robinson
2025,ATL,OL,Dwayne Ledford
2025,ATL,QB,D. J. Williams
2025,ATL,RB,Michael Pitre
2025,ATL,TE,Kevin Koger
2025,ATL,WR,T. J. Yates
2025,BAL,DC,Zachary Orr
2025,BAL,HC,John Harbaugh
2025,BAL,OC,Todd Monken
2025,BAL,OL,George Warhop
2025,BAL,QB,Daniel Stern
2025,BAL,QB,Tee Martin
2025,BAL,TE,George Godsey
2025,BAL,WR,Greg Lewis
2025,BUF,DC,Bobby Babich
2025,BUF,HC,Sean McDermott
2025,BUF,OC,Joe Brady
2025,BUF,OL,Aaron Kromer
2025,BUF,QB,Ronald Curry
2025,BUF,RB,Kelly Skipper
2025,BUF,TE,Rob Boras
2025,BUF,WR,Adam Henry
2025,CAR,DC,Ejiro Evero
2025,CAR,HC,Dave Canales
2025,CAR,OC,Brad Idzik
2025,CAR,OL,Joe Gilbert
2025,CAR,QB,Will Harriger
2025,CAR,RB,Bernie Parmalee
2025,CAR,TE,Pat McPherson
2025,CAR,WR,Rob Moore
2025,CHI,DC,Dennis Allen
2025,CHI,HC,Ben Johnson
2025,CHI,OC,Declan Doyle
2025,CHI,OL,Dan Roushar
2025,CHI,QB,JT Barrett
2025,CHI,QB,Robbie Picazo
2025,CHI,RB,Eric Bieniemy
2025,CHI,TE,Jim Dray
2025,CIN,DC,Al Golden
2025,CIN,HC,Zac Taylor
2025,CIN,OC,Dan Pitcher
2025,CIN,OL,Scott Peters
2025,CIN,QB,Brad Kragthorpe
2025,CIN,RB,Justin Hill
2025,CIN,TE,James Casey
2025,CIN,WR,Troy Walters
2025,CLE,DC,Jim Schwartz
2025,CLE,HC,Kevin Stefanski
2025,CLE,OC,Tommy Rees
2025,CLE,OL,Mike Bloomgren
2025,CLE,QB,Bill Musgrave
2025,CLE,RB,Duce Staley
2025,CLE,TE,Christian Jones
2025,CLE,WR,Chad O'Shea
2025,DAL,DC,Matt Eberflus
2025,DAL,HC,Brian Schottenheimer
2025,DAL,OC,Klayton Adams
2025,DAL,OL,Conor Riley
2025,DAL,QB,Dele Harding
2025,DAL,QB,Steve Shimko
2025,DAL,RB,Derrick Foster
2025,DAL,TE,Lunda Wells
2025,DAL,WR,Junior Adams
2025,DEN,DC,Vance Joseph
2025,DEN,HC,Sean Payton
2025,DEN,OC,Joe Lombardi
2025,DEN,OL,Evan Rothstein
2025,DEN,QB,Davis Webb
2025,DEN,RB,Lou Ayeni
2025,DEN,TE,Austin King
2025,DEN,WR,Keary Colbert
2025,DET,DC,Kelvin Sheppard
2025,DET,HC,Dan Campbell
2025,DET,OC,John Morton
2025,DET,OL,Hank Fraley
2025,DET,QB,Mark Brunell
2025,DET,RB,Tashard Choice
2025,DET,TE,Tyler Roehl
2025,GB,DC,Jeff Hafley
2025,GB,HC,Matt LaFleur
2025,GB,OC,Adam Stenavich
2025,GB,OL,Luke Butkus
2025,GB,QB,Sean Mannion
2025,GB,RB,Ben Sirmans
2025,GB,TE,John Dunn
2025,GB,WR,Ryan Mahaffey
2025,HOU,DC,Matt Burke
2025,HOU,HC,DeMeco Ryans
2025,HOU,OC,Nick Caley
2025,HOU,OL,Cole Popovich
2025,HOU,QB,Jerrod Johnson
2025,HOU,TE,Jake Moreland
2025,HOU,WR,Ben McDaniels
2025,IND,DC,Lou Anarumo
2025,IND,HC,Shane Steichen
2025,IND,OC,Jim Bob Cooter
2025,IND,OL,Tony Sparano Jr.
2025,IND,QB,Cameron Turner
2025,IND,RB,DeAndre Smith
2025,IND,TE,Tom Manning
2025,IND,WR,Reggie Wayne
2025,JAX,DC,Anthony Campanile
2025,JAX,HC,Liam Coen
2025,JAX,OC,Grant Udinski
2025,JAX,OL,Shaun Sarrett
2025,JAX,QB,Spencer Whipple
2025,JAX,RB,Chad Morton
2025,JAX,TE,Richard Angulo
2025,JAX,WR,Edgar Bennett
2025,KC,DC,Steve Spagnuolo
2025,KC,HC,Andy Reid
2025,KC,OC,Matt Nagy
2025,KC,OL,Andy Heck
2025,KC,QB,David Girardi
2025,KC,RB,Todd Pinkston
2025,KC,TE,Tom Melvin
2025,KC,WR,Connor Embree
2025,LA,DC,Chris Shula
2025,LA,HC,Sean McVay
2025,LA,OC,Mike LaFleur
2025,LA,OL,Ryan Wendell
2025,LA,QB,Dave Ragone
2025,LA,RB,Ron Gould
2025,LA,TE,Dan Shamash
2025,LA,TE,Scott Huff
2025,LA,WR,Eric Yarber
2025,LAC,DC,Jesse Minter
2025,LAC,HC,Jim Harbaugh
2025,LAC,OC,Greg Roman
2025,LAC,OL,Mike Devlin
2025,LAC,QB,Shane Day
2025,LAC,RB,Kiel McDonald
2025,LAC,TE,Andy Bischoff
2025,LAC,WR,Sanjay Lal
2025,LV,DC,Patrick Graham
2025,LV,HC,Pete Carroll
2025,LV,OC,Greg Olson
2025,LV,OL,Brennan Carroll
2025,LV,QB,Greg Olson
2025,LV,RB,Deland McCullough
2025,LV,TE,Luke Steckel
2025,LV,WR,Chris Beatty
2025,MIA,DC,Anthony Weaver
2025,MIA,HC,Mike McDaniel
2025,MIA,OC,Frank Smith
2025,MIA,OL,Butch Barry
2025,MIA,QB,Darrell Bevell
2025,MIA,RB,Eric Studesville
2025,MIA,WR,Robert Prince
2025,MIN,DC,Brian Flores
2025,MIN,HC,Kevin O'Connell
2025,MIN,OC,Jordan Traylor
2025,MIN,OC,Wes Phillips
2025,MIN,OL,Chris Kuper
2025,MIN,QB,Josh McCown
2025,MIN,RB,Curtis Modkins
2025,MIN,TE,Brian Angelichio
2025,MIN,WR,Keenan McCardell
2025,NE,DC,Terrell Williams
2025,NE,HC,Mike Vrabel
2025,NE,OC,Josh McDaniels
2025,NE,OL,Doug Marrone
2025,NE,QB,Ashton Grant
2025,NE,RB,Tony Dews
2025,NE,TE,Thomas Brown
2025,NE,WR,Todd Downing
2025,NO,DC,Brandon Staley
2025,NO,HC,Kellen Moore
2025,NO,OC,Doug Nussmeier
2025,NO,OL,Brendan Nugent
2025,NO,QB,Scott Tolzien
2025,NO,RB,Joel Thomas
2025,NO,TE,Chase Haslett
2025,NO,WR,Keith Williams
2025,NYG,DC,Charlie Bullen
2025,NYG,HC,"Brian Daboll (fired November 10, 2–8 record)"
2025,NYG,HC,Mike Kafka
2025,NYG,OC,Tim Kelly
2025,NYG,OL,Carmen Bricillo
2025,NYG,QB,Shea Tierney
2025,NYG,RB,Ladell Betts
2025,NYG,TE,Tim Kelly
2025,NYG,WR,Mike Groh
2025,NYJ,DC,Chris Harris
2025,NYJ,HC,Aaron Glenn
2025,NYJ,OC,Tanner Engstrand
2025,NYJ,OL,Steve Heiden
2025,NYJ,QB,Charles London
2025,NYJ,RB,Nic McKissic-Luke
2025,NYJ,TE,Jeff Blasko
2025,NYJ,WR,Shawn Jefferson
2025,PHI,DC,Vic Fangio
2025,PHI,HC,Nick Sirianni
2025,PHI,OC,Kevin Patullo
2025,PHI,OL,Jeff Stoutland
2025,PHI,QB,Scot Loeffler
2025,PHI,TE,Jason Michael
2025,PHI,WR,Aaron Moorehead
2025,PIT,DC,Teryl Austin
2025,PIT,HC,Mike Tomlin
2025,PIT,OC,Arthur Smith
2025,PIT,OL,Pat Meyer
2025,PIT,QB,Tom Arth
2025,PIT,RB,Eddie Faulkner
2025,PIT,TE,Alfredo Roberts
2025,PIT,WR,Zach Azzanni
2025,SEA,DC,Aden Durde
2025,SEA,HC,Mike Macdonald
2025,SEA,OC,Klint Kubiak
2025,SEA,OL,John Benton
2025,SEA,OL,Justin Outten
2025,SEA,QB,Andrew Janocko
2025,SEA,QB,Tyson Prince
2025,SEA,RB,Kennedy Polamalu
2025,SEA,TE,Mack Brown
2025,SEA,WR,Frisman Jackson
2025,SF,DC,Robert Saleh
2025,SF,HC,Kyle Shanahan
2025,SF,OC,Klay Kubiak
2025,SF,QB,Joe Graves
2025,SF,QB,Mick Lombardi
2025,SF,RB,Robert Turner Jr
2025,SF,TE,Brian Fleury
2025,SF,WR,Andrew Hayes-Stoker
2025,SF,WR,Leonard Hankerson
2025,TB,HC,Todd Bowles
2025,TB,OC,Josh Grizzard
2025,TB,OL,Brian Picucci
2025,TB,OL,Kevin Carberry
2025,TB,QB,Thad Lewis
2025,TB,RB,Skip Peete
2025,TB,TE,Justin Peelle
2025,TB,WR,Bryan McClendon
2025,TEN,DC,Dennard Wilson
2025,TEN,HC,"Brian Callahan (fired October 13, 1–5 record)"
2025,TEN,HC,Mike McCoy
2025,TEN,OC,Nick Holz
2025,TEN,OL,Scott Fuchs
2025,TEN,QB,Bo Hardegree
2025,TEN,RB,Randy Jordan
2025,TEN,TE,Luke Stocker
2025,TEN,WR,Tyke Tolbert
2025,WAS,DC,Joe Whitt Jr.
2025,WAS,HC,Dan Quinn
2025,WAS,OC,Kliff Kingsbury
2025,WAS,OL,Bobby Johnson
2025,WAS,QB,Tavita Pritchard
2025,WAS,RB,Anthony Lynn
2025,WAS,TE,David Raih
2025,WAS,WR,Bobby Engram
