player_id,display_name_y0,position_y0,season,team_y0,ppg_y0,tier_score_y0,off_pctile_y0,off_rank_y0,display_name_y1,position_y1,team_y1,ppg_y1,tier_score_y1,off_pctile_y1,off_rank_y1,off_pctile_change,player_ppg_change,player_tier_change
00-0000166,Stephen Alexander,TE,2005,DEN,3.142857142857143,0,0.875,5,Stephen Alexander,TE,DEN,5.75,0,0.53125,16,-0.34375,2.607142857142857,0
00-0000552,Obafemi Ayanbadejo,RB,2004,ARI,5.561538461538461,0,0.21875,26,Obafemi Ayanbadejo,RB,ARI,4.93076923076923,0,0.40625,20,0.1875,-0.6307692307692312,0
00-0000552,Obafemi Ayanbadejo,RB,2005,ARI,4.93076923076923,0,0.40625,20,Obafemi Ayanbadejo,RB,ARI,3.46,0,0.46875,18,0.0625,-1.4707692307692302,0
00-0000745,Tiki Barber,RB,2001,NYG,17.614285714285714,4,0.4516129032258064,18,Tiki Barber,RB,NYG,20.06875,5,0.5,17,0.048387096774193616,2.4544642857142875,1
00-0000745,Tiki Barber,RB,2002,NYG,20.06875,5,0.5,17,Tiki Barber,RB,NYG,15.3,3,0.09375,30,-0.40625,-4.768750000000001,-2
00-0000745,Tiki Barber,RB,2003,NYG,15.3,3,0.09375,30,Tiki Barber,RB,NYG,21.725,5,0.5,17,0.40625,6.425000000000001,2
00-0000745,Tiki Barber,RB,2004,NYG,21.725,5,0.5,17,Tiki Barber,RB,NYG,22.4625,5,0.75,9,0.25,0.7374999999999972,0
00-0000745,Tiki Barber,RB,2005,NYG,22.4625,5,0.75,9,Tiki Barber,RB,NYG,18.66875,5,0.59375,14,-0.15625,-3.7937499999999993,0
00-0000865,Charlie Batch,QB,2006,PIT,5.468571428571429,0,0.71875,10,Charlie Batch,QB,PIT,1.5114285714285711,0,0.84375,6,0.125,-3.9571428571428577,0
00-0000869,D'Wayne Bates,WR,2002,MIN,10.207142857142856,1,0.875,5,D'Wayne Bates,WR,MIN,4.5125,0,0.9375,3,0.0625,-5.694642857142855,-1
00-0000911,Fred Baxter,TE,2001,CHI,3.753846153846154,0,0.3548387096774194,21,Fred Baxter,TE,CHI,2.02,0,0.1875,27,-0.16733870967741937,-1.7338461538461538,0
00-0001098,Brandon Bennett,RB,2001,CIN,3.88,0,0.2580645161290322,24,Brandon Bennett,RB,CIN,5.04,0,0.28125,24,0.023185483870967805,1.1600000000000001,0
00-0001098,Brandon Bennett,RB,2002,CIN,5.04,0,0.28125,24,Brandon Bennett,RB,CIN,4.564285714285714,0,0.84375,6,0.5625,-0.475714285714286,0
00-0001215,Jerome Bettis,RB,2001,PIT,13.57090909090909,3,0.9032258064516128,4,Jerome Bettis,RB,PIT,10.941666666666668,1,0.59375,14,-0.30947580645161277,-2.629242424242422,-2
00-0001215,Jerome Bettis,RB,2002,PIT,10.941666666666668,1,0.59375,14,Jerome Bettis,RB,PIT,8.68125,0,0.40625,20,-0.1875,-2.260416666666668,-1
00-0001215,Jerome Bettis,RB,2003,PIT,8.68125,0,0.40625,20,Jerome Bettis,RB,PIT,13.364285714285714,3,0.75,9,0.34375,4.6830357142857135,3
00-0001215,Jerome Bettis,RB,2004,PIT,13.364285714285714,3,0.75,9,Jerome Bettis,RB,PIT,8.233333333333333,0,0.78125,8,0.03125,-5.130952380952381,-3
00-0001218,Steve Beuerlein,QB,2002,DEN,11.18,1,0.90625,4,Steve Beuerlein,QB,DEN,3.715,0,0.8125,7,-0.09375,-7.465,-1
00-0001361,Drew Bledsoe,QB,2002,BUF,15.69125,2,0.71875,10,Drew Bledsoe,QB,BUF,8.20625,0,0.125,29,-0.59375,-7.484999999999999,-2
00-0001361,Drew Bledsoe,QB,2003,BUF,8.20625,0,0.125,29,Drew Bledsoe,QB,BUF,10.03,0,0.25,25,0.125,1.8237499999999986,0
00-0001361,Drew Bledsoe,QB,2005,DAL,12.91,1,0.5625,15,Drew Bledsoe,QB,DAL,11.893333333333333,1,0.90625,4,0.34375,-1.0166666666666675,0
00-0001477,Marty Booker,WR,2001,CHI,16.2475,3,0.3548387096774194,21,Marty Booker,WR,CHI,16.01625,3,0.1875,27,-0.16733870967741937,-0.2312499999999993,0
00-0001477,Marty Booker,WR,2002,CHI,16.01625,3,0.1875,27,Marty Booker,WR,CHI,11.292307692307691,2,0.28125,24,0.09375,-4.723942307692308,-1
00-0001477,Marty Booker,WR,2004,MIA,8.061333333333334,0,0.0625,31,Marty Booker,WR,MIA,9.66153846153846,1,0.5,17,0.4375,1.6002051282051255,1
00-0001477,Marty Booker,WR,2005,MIA,9.66153846153846,1,0.5,17,Marty Booker,WR,MIA,12.257142857142856,2,0.1875,27,-0.3125,2.595604395604397,1
00-0001477,Marty Booker,WR,2006,MIA,12.257142857142856,2,0.1875,27,Marty Booker,WR,MIA,7.386666666666667,0,0.3125,23,0.125,-4.8704761904761895,-2
00-0001532,David Boston,WR,2001,ARI,19.20625,4,0.5806451612903226,14,David Boston,WR,ARI,11.5125,2,0.21875,26,-0.3618951612903226,-7.693750000000001,-2
00-0001627,Corey Bradford,WR,2002,HOU,9.35,1,0.0625,31,Corey Bradford,WR,HOU,6.714285714285714,0,0.25,25,0.1875,-2.6357142857142852,-1
00-0001627,Corey Bradford,WR,2003,HOU,6.714285714285714,0,0.25,25,Corey Bradford,WR,HOU,7.075,0,0.5625,15,0.3125,0.36071428571428577,0
00-0001627,Corey Bradford,WR,2004,HOU,7.075,0,0.5625,15,Corey Bradford,WR,HOU,9.116666666666667,1,0.28125,24,-0.28125,2.041666666666667,1
00-0001661,Kyle Brady,TE,2001,JAX,5.7733333333333325,0,0.032258064516129,31,Kyle Brady,TE,JAX,7.06875,1,0.03125,32,-0.0010080645161289967,1.295416666666667,1
00-0001661,Kyle Brady,TE,2002,JAX,7.06875,1,0.03125,32,Kyle Brady,TE,JAX,4.364285714285715,0,0.5625,15,0.53125,-2.704464285714285,-1
00-0001661,Kyle Brady,TE,2003,JAX,4.364285714285715,0,0.5625,15,Kyle Brady,TE,JAX,3.3666666666666667,0,0.4375,19,-0.125,-0.9976190476190481,0
00-0001661,Kyle Brady,TE,2004,JAX,3.3666666666666667,0,0.4375,19,Kyle Brady,TE,JAX,3.5700000000000003,0,0.71875,10,0.28125,0.2033333333333336,0
00-0001661,Kyle Brady,TE,2005,JAX,3.5700000000000003,0,0.71875,10,Kyle Brady,TE,JAX,1.7399999999999998,0,0.75,9,0.03125,-1.8300000000000005,0
00-0001823,Aaron Brooks,QB,2001,NO,15.8175,2,0.2903225806451613,23,Aaron Brooks,QB,NO,16.03625,2,0.40625,20,0.11592741935483869,0.21874999999999822,0
00-0001823,Aaron Brooks,QB,2002,NO,16.03625,2,0.40625,20,Aaron Brooks,QB,NO,14.38375,1,0.65625,12,0.25,-1.6524999999999999,-1
00-0001823,Aaron Brooks,QB,2003,NO,14.38375,1,0.65625,12,Aaron Brooks,QB,NO,15.4625,2,0.53125,16,-0.125,1.0787500000000012,1
00-0001823,Aaron Brooks,QB,2004,NO,15.4625,2,0.53125,16,Aaron Brooks,QB,NO,13.029230769230768,1,0.3125,23,-0.21875,-2.4332692307692323,-1
00-0002058,Tim Brown,WR,2001,LV,16.9625,3,0.935483870967742,3,Tim Brown,WR,LV,11.74375,2,0.96875,2,0.03326612903225801,-5.218749999999998,-1
00-0002058,Tim Brown,WR,2002,LV,11.74375,2,0.96875,2,Tim Brown,WR,LV,7.48125,0,0.1875,27,-0.78125,-4.2625,-2
00-0002068,Troy Brown,WR,2001,NE,17.0,3,0.6774193548387096,11,Troy Brown,WR,NE,14.671428571428573,2,0.4375,19,-0.23991935483870963,-2.3285714285714274,-1
00-0002068,Troy Brown,WR,2002,NE,14.671428571428573,2,0.4375,19,Troy Brown,WR,NE,9.541666666666666,1,0.53125,16,0.09375,-5.1297619047619065,-1
00-0002068,Troy Brown,WR,2003,NE,9.541666666666666,1,0.53125,16,Troy Brown,WR,NE,5.175,0,0.84375,6,0.3125,-4.366666666666666,-1
00-0002068,Troy Brown,WR,2004,NE,5.175,0,0.84375,6,Troy Brown,WR,NE,8.872727272727273,1,0.8125,7,-0.03125,3.697727272727273,1
00-0002068,Troy Brown,WR,2005,NE,8.872727272727273,1,0.8125,7,Troy Brown,WR,NE,7.346666666666667,0,0.875,5,0.0625,-1.5260606060606063,-1
00-0002099,Isaac Bruce,WR,2001,LA,13.05625,2,1.0,1,Isaac Bruce,WR,LA,14.1625,2,0.25,25,-0.75,1.1062499999999993,0
00-0002099,Isaac Bruce,WR,2002,LA,14.1625,2,0.25,25,Isaac Bruce,WR,LA,14.388571428571428,2,0.6875,11,0.4375,0.22607142857142826,0
00-0002099,Isaac Bruce,WR,2003,LA,14.388571428571428,2,0.6875,11,Isaac Bruce,WR,LA,15.3875,3,0.625,13,-0.0625,0.9989285714285714,1
00-0002099,Isaac Bruce,WR,2004,LA,15.3875,3,0.625,13,Isaac Bruce,WR,LA,9.681818181818182,1,0.625,13,0.0,-5.705681818181818,-2
00-0002099,Isaac Bruce,WR,2005,LA,9.681818181818182,1,0.625,13,Isaac Bruce,WR,LA,12.7375,2,0.78125,8,0.15625,3.055681818181819,1
00-0002099,Isaac Bruce,WR,2006,LA,12.7375,2,0.78125,8,Isaac Bruce,WR,LA,11.684615384615386,2,0.09375,30,-0.6875,-1.052884615384615,0
00-0002099,Isaac Bruce,WR,2008,SF,12.333333333333334,2,0.25,25,Isaac Bruce,WR,SF,5.177777777777778,0,0.3125,23,0.0625,-7.155555555555556,-2
00-0002102,Mark Bruener,TE,2001,PIT,2.725,0,0.9032258064516128,4,Mark Bruener,TE,PIT,2.56,0,0.59375,14,-0.30947580645161277,-0.16500000000000004,0
00-0002110,Mark Brunell,QB,2001,JAX,13.784,1,0.032258064516129,31,Mark Brunell,QB,JAX,12.414666666666667,1,0.03125,32,-0.0010080645161289967,-1.3693333333333335,0
00-0002110,Mark Brunell,QB,2004,WAS,7.328888888888888,0,0.15625,28,Mark Brunell,QB,WAS,12.19375,1,0.6875,11,0.53125,4.864861111111112,1
00-0002110,Mark Brunell,QB,2005,WAS,12.19375,1,0.6875,11,Mark Brunell,QB,WAS,10.096,0,0.6875,11,0.0,-2.0977499999999996,-1
00-0002159,Shawn Bryson,RB,2003,DET,10.4125,1,0.0625,31,Shawn Bryson,RB,DET,6.13125,0,0.3125,23,0.25,-4.28125,-1
00-0002159,Shawn Bryson,RB,2004,DET,6.13125,0,0.3125,23,Shawn Bryson,RB,DET,6.25,0,0.25,25,-0.0625,0.11875000000000036,0
00-0002159,Shawn Bryson,RB,2005,DET,6.25,0,0.25,25,Shawn Bryson,RB,DET,4.779999999999999,0,0.15625,28,-0.09375,-1.4700000000000006,0
00-0002380,Steve Bush,RB,2001,ARI,3.2,0,0.5806451612903226,14,Steve Bush,RB,ARI,3.091666666666667,0,0.21875,26,-0.3618951612903226,-0.10833333333333339,0
00-0002380,Steve Bush,RB,2002,ARI,3.091666666666667,0,0.21875,26,Steve Bush,RB,ARI,4.016666666666667,0,0.03125,32,-0.1875,0.9249999999999998,0
00-0002469,Isaac Byrd,WR,2001,CAR,6.133333333333334,0,0.064516129032258,30,Isaac Byrd,WR,CAR,3.64,0,0.125,29,0.06048387096774201,-2.4933333333333336,0
00-0002565,Dan Campbell,TE,2001,NYG,2.8166666666666664,0,0.4516129032258064,18,Dan Campbell,TE,NYG,3.25,0,0.5,17,0.048387096774193616,0.43333333333333357,0
00-0002586,Mark Campbell,TE,2003,BUF,5.684615384615385,0,0.125,29,Mark Campbell,TE,BUF,9.614285714285714,2,0.25,25,0.125,3.929670329670329,2
00-0002586,Mark Campbell,TE,2004,BUF,9.614285714285714,2,0.25,25,Mark Campbell,TE,BUF,3.655555555555555,0,0.34375,22,0.09375,-5.958730158730159,-2
00-0002861,Byron Chamberlain,TE,2001,MIN,8.6125,2,0.4193548387096774,19,Byron Chamberlain,TE,MIN,5.607692307692308,0,0.875,5,0.4556451612903226,-3.0048076923076925,-2
00-0002876,Chris Chandler,QB,2002,CHI,5.765,0,0.1875,27,Chris Chandler,QB,CHI,5.7125,0,0.28125,24,0.09375,-0.052499999999999325,0
00-0002962,Wayne Chrebet,WR,2001,NYJ,9.133333333333333,1,0.5483870967741935,15,Wayne Chrebet,WR,NYJ,11.34,2,0.84375,6,0.2953629032258065,2.206666666666667,1
00-0002962,Wayne Chrebet,WR,2002,NYJ,11.34,2,0.84375,6,Wayne Chrebet,WR,NYJ,8.842857142857143,1,0.625,13,-0.21875,-2.4971428571428564,-1
00-0002962,Wayne Chrebet,WR,2003,NYJ,8.842857142857143,1,0.625,13,Wayne Chrebet,WR,NYJ,6.391666666666667,0,0.71875,10,0.09375,-2.451190476190477,-1
00-0002962,Wayne Chrebet,WR,2004,NYJ,6.391666666666667,0,0.71875,10,Wayne Chrebet,WR,NYJ,5.05,0,0.125,29,-0.59375,-1.3416666666666668,0
00-0003035,Desmond Clark,TE,2003,CHI,6.3533333333333335,1,0.28125,24,Desmond Clark,TE,CHI,4.683333333333334,0,0.03125,32,-0.25,-1.67,-1
00-0003035,Desmond Clark,TE,2004,CHI,4.683333333333334,0,0.03125,32,Desmond Clark,TE,CHI,5.354545454545455,0,0.0625,31,0.03125,0.6712121212121218,0
00-0003035,Desmond Clark,TE,2005,CHI,5.354545454545455,0,0.0625,31,Desmond Clark,TE,CHI,10.257142857142856,2,0.5,17,0.4375,4.902597402597401,2
00-0003035,Desmond Clark,TE,2006,CHI,10.257142857142856,2,0.5,17,Desmond Clark,TE,CHI,8.166666666666666,2,0.15625,28,-0.34375,-2.09047619047619,0
00-0003035,Desmond Clark,TE,2007,CHI,8.166666666666666,2,0.15625,28,Desmond Clark,TE,CHI,5.23125,0,0.1875,27,0.03125,-2.935416666666666,-2
00-0003035,Desmond Clark,TE,2008,CHI,5.23125,0,0.1875,27,Desmond Clark,TE,CHI,4.55,0,0.28125,24,0.09375,-0.6812500000000004,0
00-0003103,Cameron Cleeland,TE,2003,LA,2.4,0,0.6875,11,Cameron Cleeland,TE,LA,1.7857142857142858,0,0.625,13,-0.0625,-0.6142857142857141,0
00-0003103,Cameron Cleeland,TE,2004,LA,1.7857142857142858,0,0.625,13,Cameron Cleeland,TE,LA,3.175,0,0.625,13,0.0,1.389285714285714,0
00-0003292,Kerry Collins,QB,2001,NYG,11.91625,1,0.4516129032258064,18,Kerry Collins,QB,NYG,13.14375,1,0.5,17,0.048387096774193616,1.227500000000001,0
00-0003292,Kerry Collins,QB,2002,NYG,13.14375,1,0.5,17,Kerry Collins,QB,NYG,10.884615384615383,1,0.09375,30,-0.40625,-2.2591346153846175,0
00-0003292,Kerry Collins,QB,2004,LV,12.95,1,0.46875,18,Kerry Collins,QB,LV,13.877333333333333,1,0.53125,16,0.0625,0.9273333333333333,0
00-0003292,Kerry Collins,QB,2007,TEN,3.1566666666666667,0,0.40625,20,Kerry Collins,QB,TEN,9.13375,0,0.5625,15,0.15625,5.977083333333333,0
00-0003292,Kerry Collins,QB,2008,TEN,9.13375,0,0.5625,15,Kerry Collins,QB,TEN,8.642857142857142,0,0.59375,14,0.03125,-0.4908928571428568,0
00-0003292,Kerry Collins,QB,2009,TEN,8.642857142857142,0,0.59375,14,Kerry Collins,QB,TEN,10.902,1,0.5,17,-0.09375,2.259142857142857,1
00-0003396,Curtis Conway,WR,2001,LAC,14.69375,2,0.7419354838709677,9,Curtis Conway,WR,LAC,15.458333333333334,3,0.625,13,-0.11693548387096775,0.7645833333333343,1
00-0003400,Ernie Conwell,TE,2001,LA,6.86875,1,1.0,1,Ernie Conwell,TE,LA,6.05625,1,0.25,25,-0.75,-0.8125,0
00-0003400,Ernie Conwell,TE,2003,NO,8.375,2,0.65625,12,Ernie Conwell,TE,NO,3.742857142857143,0,0.53125,16,-0.125,-4.632142857142857,-2
00-0003400,Ernie Conwell,TE,2004,NO,3.742857142857143,0,0.53125,16,Ernie Conwell,TE,NO,8.375,2,0.3125,23,-0.21875,4.632142857142857,2
00-0003535,Tim Couch,QB,2001,CLE,9.65,0,0.1290322580645161,28,Tim Couch,QB,CLE,11.098571428571429,1,0.46875,18,0.3397177419354839,1.4485714285714284,1
00-0003535,Tim Couch,QB,2002,CLE,11.098571428571429,1,0.46875,18,Tim Couch,QB,CLE,7.336,0,0.21875,26,-0.25,-3.7625714285714285,-1
00-0003663,Zack Crockett,RB,2001,LV,3.678571428571429,0,0.935483870967742,3,Zack Crockett,RB,LV,4.983333333333333,0,0.96875,2,0.03326612903225801,1.3047619047619046,0
00-0003663,Zack Crockett,RB,2002,LV,4.983333333333333,0,0.96875,2,Zack Crockett,RB,LV,4.771428571428571,0,0.1875,27,-0.78125,-0.21190476190476204,0
00-0003663,Zack Crockett,RB,2003,LV,4.771428571428571,0,0.1875,27,Zack Crockett,RB,LV,4.991666666666666,0,0.46875,18,0.28125,0.2202380952380949,0
00-0003663,Zack Crockett,RB,2004,LV,4.991666666666666,0,0.46875,18,Zack Crockett,RB,LV,3.393333333333333,0,0.53125,16,0.0625,-1.5983333333333332,0
00-0003663,Zack Crockett,RB,2005,LV,3.393333333333333,0,0.53125,16,Zack Crockett,RB,LV,2.3000000000000003,0,0.03125,32,-0.5,-1.0933333333333328,0
00-0003700,Germane Crowell,WR,2001,DET,12.7,2,0.1612903225806451,27,Germane Crowell,WR,DET,5.344444444444445,0,0.15625,28,-0.005040322580645101,-7.355555555555554,-2
00-0003739,Daunte Culpepper,QB,2001,MIN,18.134545454545453,3,0.4193548387096774,19,Daunte Culpepper,QB,MIN,17.75625,3,0.875,5,0.4556451612903226,-0.37829545454545155,0
00-0003739,Daunte Culpepper,QB,2002,MIN,17.75625,3,0.875,5,Daunte Culpepper,QB,MIN,19.525714285714287,3,0.9375,3,0.0625,1.7694642857142853,0
00-0003739,Daunte Culpepper,QB,2003,MIN,19.525714285714287,3,0.9375,3,Daunte Culpepper,QB,MIN,23.3425,4,0.9375,3,0.0,3.8167857142857144,1
00-0003739,Daunte Culpepper,QB,2004,MIN,23.3425,4,0.9375,3,Daunte Culpepper,QB,MIN,11.237142857142857,1,0.375,21,-0.5625,-12.105357142857144,-3
00-0003739,Daunte Culpepper,QB,2008,DET,8.388,0,0.09375,30,Daunte Culpepper,QB,DET,5.8625,0,0.09375,30,0.0,-2.5255,0
00-0004004,John Davis,TE,2001,CHI,1.78,0,0.3548387096774194,21,John Davis,TE,CHI,5.73,0,0.1875,27,-0.16733870967741937,3.95,0
00-0004052,Stephen Davis,RB,2001,WAS,13.61875,3,0.1935483870967742,26,Stephen Davis,RB,WAS,13.266666666666666,3,0.34375,22,0.1502016129032258,-0.35208333333333464,0
00-0004161,Jake Delhomme,QB,2003,CAR,10.69125,1,0.4375,19,Jake Delhomme,QB,CAR,15.53375,2,0.65625,12,0.21875,4.842499999999999,1
00-0004161,Jake Delhomme,QB,2004,CAR,15.53375,2,0.65625,12,Jake Delhomme,QB,CAR,12.37125,1,0.65625,12,0.0,-3.1624999999999996,-1
00-0004161,Jake Delhomme,QB,2005,CAR,12.37125,1,0.65625,12,Jake Delhomme,QB,CAR,11.646153846153847,1,0.34375,22,-0.3125,-0.7250961538461524,0
00-0004161,Jake Delhomme,QB,2008,CAR,10.96625,1,0.75,9,Jake Delhomme,QB,CAR,7.145454545454545,0,0.375,21,-0.375,-3.820795454545456,-1
00-0004229,Koy Detmer,QB,2004,PHI,0.316,0,0.8125,7,Koy Detmer,QB,PHI,-0.0633333333333333,0,0.21875,26,-0.59375,-0.3793333333333333,0
00-0004293,Trent Dilfer,QB,2001,SEA,10.793333333333337,1,0.7096774193548387,10,Trent Dilfer,QB,SEA,8.663333333333332,0,0.75,9,0.040322580645161255,-2.1300000000000043,-1
00-0004293,Trent Dilfer,QB,2002,SEA,8.663333333333332,0,0.75,9,Trent Dilfer,QB,SEA,0.2279999999999999,0,0.90625,4,0.15625,-8.435333333333332,0
00-0004293,Trent Dilfer,QB,2003,SEA,0.2279999999999999,0,0.90625,4,Trent Dilfer,QB,SEA,3.18,0,0.6875,11,-0.21875,2.9520000000000004,0
00-0004294,Ken Dilger,TE,2002,TB,5.635714285714286,0,0.375,21,Ken Dilger,TE,TB,4.030769230769231,0,0.5,17,0.125,-1.6049450549450555,0
00-0004294,Ken Dilger,TE,2003,TB,4.030769230769231,0,0.5,17,Ken Dilger,TE,TB,6.233333333333333,1,0.28125,24,-0.21875,2.2025641025641027,1
00-0004304,Corey Dillon,RB,2001,CIN,16.14375,3,0.2580645161290322,24,Corey Dillon,RB,CIN,15.11875,3,0.28125,24,0.023185483870967805,-1.0250000000000004,0
00-0004304,Corey Dillon,RB,2002,CIN,15.11875,3,0.28125,24,Corey Dillon,RB,CIN,6.476923076923077,0,0.84375,6,0.5625,-8.641826923076923,-3
00-0004304,Corey Dillon,RB,2004,NE,17.4,4,0.84375,6,Corey Dillon,RB,NE,17.21818181818182,4,0.8125,7,-0.03125,-0.18181818181817988,0
00-0004304,Corey Dillon,RB,2005,NE,17.21818181818182,4,0.8125,7,Corey Dillon,RB,NE,11.55625,2,0.875,5,0.0625,-5.661931818181818,-2
00-0004541,Donald Driver,WR,2001,GB,4.55,0,0.8709677419354839,5,Donald Driver,WR,GB,14.7125,3,0.5625,15,-0.3084677419354839,10.162500000000001,3
00-0004541,Donald Driver,WR,2002,GB,14.7125,3,0.5625,15,Donald Driver,WR,GB,8.746666666666666,0,0.875,5,0.3125,-5.965833333333334,-3
00-0004541,Donald Driver,WR,2003,GB,8.746666666666666,0,0.875,5,Donald Driver,WR,GB,16.075,3,0.875,5,0.0,7.328333333333333,3
00-0004541,Donald Driver,WR,2004,GB,16.075,3,0.875,5,Donald Driver,WR,GB,14.9625,3,0.46875,18,-0.40625,-1.112499999999999,0
00-0004541,Donald Driver,WR,2005,GB,14.9625,3,0.46875,18,Donald Driver,WR,GB,16.66875,3,0.375,21,-0.09375,1.706249999999999,0
00-0004541,Donald Driver,WR,2006,GB,16.66875,3,0.375,21,Donald Driver,WR,GB,13.28,2,0.875,5,0.5,-3.38875,-1
00-0004541,Donald Driver,WR,2007,GB,13.28,2,0.875,5,Donald Driver,WR,GB,12.85,2,0.71875,10,-0.15625,-0.4299999999999997,0
00-0004541,Donald Driver,WR,2008,GB,12.85,2,0.71875,10,Donald Driver,WR,GB,13.2125,2,0.9375,3,0.21875,0.3625000000000007,0
00-0004541,Donald Driver,WR,2009,GB,13.2125,2,0.9375,3,Donald Driver,WR,GB,8.633333333333333,0,0.84375,6,-0.09375,-4.5791666666666675,-2
00-0004541,Donald Driver,WR,2010,GB,8.633333333333333,0,0.84375,6,Donald Driver,WR,GB,7.34375,0,1.0,1,0.15625,-1.2895833333333329,0
00-0004541,Donald Driver,WR,2011,GB,7.34375,0,1.0,1,Donald Driver,WR,GB,3.077777777777777,0,0.84375,6,-0.15625,-4.2659722222222225,0
00-0004574,Rickey Dudley,TE,2002,TB,4.092307692307693,0,0.375,21,Rickey Dudley,TE,TB,3.44,0,0.5,17,0.125,-0.6523076923076929,0
00-0004637,Jason Dunn,TE,2003,KC,6.625,1,1.0,1,Jason Dunn,TE,KC,4.2727272727272725,0,0.96875,2,-0.03125,-2.3522727272727275,-1
00-0004637,Jason Dunn,TE,2004,KC,4.2727272727272725,0,0.96875,2,Jason Dunn,TE,KC,2.575,0,0.90625,4,-0.0625,-1.6977272727272723,0
00-0004640,Warrick Dunn,RB,2002,ATL,15.226666666666668,3,0.78125,8,Warrick Dunn,RB,ATL,15.072727272727274,3,0.15625,28,-0.625,-0.15393939393939426,0
00-0004640,Warrick Dunn,RB,2003,ATL,15.072727272727274,3,0.15625,28,Warrick Dunn,RB,ATL,13.68125,3,0.40625,20,0.25,-1.3914772727272737,0
00-0004640,Warrick Dunn,RB,2004,ATL,13.68125,3,0.40625,20,Warrick Dunn,RB,ATL,13.4125,3,0.59375,14,0.1875,-0.2687500000000007,0
00-0004640,Warrick Dunn,RB,2005,ATL,13.4125,3,0.59375,14,Warrick Dunn,RB,ATL,11.4,2,0.4375,19,-0.15625,-2.0124999999999993,-1
00-0004640,Warrick Dunn,RB,2006,ATL,11.4,2,0.4375,19,Warrick Dunn,RB,ATL,9.5375,1,0.0625,31,-0.375,-1.8625000000000007,-1
00-0004673,Tim Dwight,WR,2001,LAC,8.0,0,0.7419354838709677,9,Tim Dwight,WR,LAC,8.81875,0,0.625,13,-0.11693548387096775,0.8187499999999996,0
00-0004673,Tim Dwight,WR,2002,LAC,8.81875,0,0.625,13,Tim Dwight,WR,LAC,5.2625,0,0.59375,14,-0.03125,-3.5562499999999995,0
00-0004673,Tim Dwight,WR,2003,LAC,5.2625,0,0.59375,14,Tim Dwight,WR,LAC,5.625,0,0.90625,4,0.3125,0.3624999999999998,0
00-0004694,Kevin Dyson,WR,2001,TEN,11.28125,2,0.7741935483870968,8,Kevin Dyson,WR,TEN,9.872727272727271,1,0.8125,7,0.03830645161290325,-1.4085227272727288,-1
00-0004780,Troy Edwards,WR,2003,JAX,8.4,0,0.5625,15,Troy Edwards,WR,JAX,7.033333333333333,0,0.4375,19,-0.125,-1.3666666666666671,0
00-0004915,Bobby Engram,WR,2001,SEA,4.3125,0,0.7096774193548387,10,Bobby Engram,WR,SEA,7.7266666666666675,0,0.75,9,0.040322580645161255,3.4141666666666675,0
00-0004915,Bobby Engram,WR,2002,SEA,7.7266666666666675,0,0.75,9,Bobby Engram,WR,SEA,10.473333333333333,1,0.90625,4,0.15625,2.7466666666666653,1
00-0004915,Bobby Engram,WR,2003,SEA,10.473333333333333,1,0.90625,4,Bobby Engram,WR,SEA,7.376923076923077,0,0.6875,11,-0.21875,-3.0964102564102554,-1
00-0004915,Bobby Engram,WR,2004,SEA,7.376923076923077,0,0.6875,11,Bobby Engram,WR,SEA,12.184615384615386,2,0.96875,2,0.28125,4.807692307692308,2
00-0004915,Bobby Engram,WR,2005,SEA,12.184615384615386,2,0.96875,2,Bobby Engram,WR,SEA,9.9,1,0.3125,23,-0.65625,-2.2846153846153854,-1
00-0004915,Bobby Engram,WR,2006,SEA,9.9,1,0.3125,23,Bobby Engram,WR,SEA,15.16875,3,0.71875,10,0.40625,5.268749999999999,2
00-0004915,Bobby Engram,WR,2007,SEA,15.16875,3,0.71875,10,Bobby Engram,WR,SEA,7.991666666666667,0,0.21875,26,-0.5,-7.177083333333332,-3
00-0005091,Kevin Faulk,RB,2001,NE,5.514666666666667,0,0.6774193548387096,11,Kevin Faulk,RB,NE,9.466666666666669,1,0.4375,19,-0.23991935483870963,3.9520000000000017,1
00-0005091,Kevin Faulk,RB,2002,NE,9.466666666666669,1,0.4375,19,Kevin Faulk,RB,NE,9.813333333333333,1,0.53125,16,0.09375,0.346666666666664,0
00-0005091,Kevin Faulk,RB,2003,NE,9.813333333333333,1,0.53125,16,Kevin Faulk,RB,NE,8.39090909090909,0,0.84375,6,0.3125,-1.422424242424242,-1
00-0005091,Kevin Faulk,RB,2004,NE,8.39090909090909,0,0.84375,6,Kevin Faulk,RB,NE,8.175,0,0.8125,7,-0.03125,-0.21590909090908994,0
00-0005091,Kevin Faulk,RB,2005,NE,8.175,0,0.8125,7,Kevin Faulk,RB,NE,7.260000000000001,0,0.875,5,0.0625,-0.915,0
00-0005091,Kevin Faulk,RB,2006,NE,7.260000000000001,0,0.875,5,Kevin Faulk,RB,NE,7.38125,0,1.0,1,0.125,0.12124999999999897,0
00-0005091,Kevin Faulk,RB,2007,NE,7.38125,0,1.0,1,Kevin Faulk,RB,NE,12.881333333333334,2,0.90625,4,-0.09375,5.500083333333334,2
00-0005091,Kevin Faulk,RB,2008,NE,12.881333333333334,2,0.90625,4,Kevin Faulk,RB,NE,7.906666666666666,0,0.90625,4,0.0,-4.974666666666668,-2
00-0005092,Marshall Faulk,RB,2001,LA,29.99285714285714,5,1.0,1,Marshall Faulk,RB,LA,20.214285714285715,5,0.25,25,-0.75,-9.778571428571425,0
00-0005092,Marshall Faulk,RB,2002,LA,20.214285714285715,5,0.25,25,Marshall Faulk,RB,LA,20.163636363636364,5,0.6875,11,0.4375,-0.05064935064935128,0
00-0005092,Marshall Faulk,RB,2003,LA,20.163636363636364,5,0.6875,11,Marshall Faulk,RB,LA,13.2,2,0.625,13,-0.0625,-6.963636363636365,-3
00-0005092,Marshall Faulk,RB,2004,LA,13.2,2,0.625,13,Marshall Faulk,RB,LA,7.233333333333333,0,0.625,13,0.0,-5.966666666666666,-2
00-0005101,Christian Fauria,TE,2002,NE,6.42,1,0.4375,19,Christian Fauria,TE,NE,5.269230769230769,0,0.53125,16,0.09375,-1.1507692307692308,-1
00-0005101,Christian Fauria,TE,2003,NE,5.269230769230769,0,0.53125,16,Christian Fauria,TE,NE,5.277777777777778,0,0.84375,6,0.3125,0.008547008547008517,0
00-0005101,Christian Fauria,TE,2004,NE,5.277777777777778,0,0.84375,6,Christian Fauria,TE,NE,5.14,0,0.8125,7,-0.03125,-0.137777777777778,0
00-0005106,Brett Favre,QB,2001,GB,16.1525,2,0.8709677419354839,5,Brett Favre,QB,GB,13.85125,1,0.5625,15,-0.3084677419354839,-2.3012499999999996,-1
00-0005106,Brett Favre,QB,2002,GB,13.85125,1,0.5625,15,Brett Favre,QB,GB,13.87125,1,0.875,5,0.3125,0.019999999999999574,0
00-0005106,Brett Favre,QB,2003,GB,13.87125,1,0.875,5,Brett Favre,QB,GB,15.94,2,0.875,5,0.0,2.0687499999999996,1
00-0005106,Brett Favre,QB,2004,GB,15.94,2,0.875,5,Brett Favre,QB,GB,10.91125,1,0.46875,18,-0.40625,-5.028749999999999,-1
00-0005106,Brett Favre,QB,2005,GB,10.91125,1,0.46875,18,Brett Favre,QB,GB,11.8575,1,0.375,21,-0.09375,0.9462499999999991,0
00-0005106,Brett Favre,QB,2006,GB,11.8575,1,0.375,21,Brett Favre,QB,GB,15.2175,2,0.875,5,0.5,3.3599999999999994,1
00-0005106,Brett Favre,QB,2009,MIN,17.72375,3,0.8125,7,Brett Favre,QB,MIN,7.473846153846154,0,0.125,29,-0.6875,-10.249903846153845,-3
00-0005180,Jay Fiedler,QB,2001,MIA,13.75125,1,0.6451612903225806,12,Jay Fiedler,QB,MIA,13.16909090909091,1,0.65625,12,0.011088709677419373,-0.5821590909090908,0
00-0005180,Jay Fiedler,QB,2002,MIA,13.16909090909091,1,0.65625,12,Jay Fiedler,QB,MIA,10.251666666666669,0,0.3125,23,-0.34375,-2.917424242424241,-1
00-0005180,Jay Fiedler,QB,2003,MIA,10.251666666666669,0,0.3125,23,Jay Fiedler,QB,MIA,7.1675,0,0.0625,31,-0.25,-3.0841666666666683,0
00-0005231,Brian Finneran,WR,2001,ATL,7.508333333333333,0,0.3870967741935484,20,Brian Finneran,WR,ATL,10.8625,1,0.78125,8,0.3941532258064516,3.354166666666668,1
00-0005231,Brian Finneran,WR,2002,ATL,10.8625,1,0.78125,8,Brian Finneran,WR,ATL,6.8,0,0.15625,28,-0.625,-4.062500000000001,-1
00-0005231,Brian Finneran,WR,2003,ATL,6.8,0,0.15625,28,Brian Finneran,WR,ATL,5.88,0,0.40625,20,0.25,-0.9199999999999999,0
00-0005231,Brian Finneran,WR,2004,ATL,5.88,0,0.40625,20,Brian Finneran,WR,ATL,9.930769230769233,1,0.59375,14,0.1875,4.050769230769233,1
00-0005231,Brian Finneran,WR,2008,ATL,3.809090909090909,0,0.78125,8,Brian Finneran,WR,ATL,2.7625,0,0.625,13,-0.15625,-1.046590909090909,0
00-0005231,Brian Finneran,WR,2009,ATL,2.7625,0,0.625,13,Brian Finneran,WR,ATL,4.466666666666667,0,0.8125,7,0.1875,1.7041666666666666,0
00-0005324,Terrell Fletcher,RB,2001,LAC,4.175,0,0.7419354838709677,9,Terrell Fletcher,RB,LAC,5.0,0,0.625,13,-0.11693548387096775,0.8250000000000002,0
00-0005620,Chris Fuamatu-Ma'afala,RB,2001,PIT,7.538461538461538,0,0.9032258064516128,4,Chris Fuamatu-Ma'afala,RB,PIT,2.45,0,0.59375,14,-0.30947580645161277,-5.088461538461538,0
00-0005620,Chris Fuamatu-Ma'afala,RB,2003,JAX,2.4000000000000004,0,0.5625,15,Chris Fuamatu-Ma'afala,RB,JAX,2.685714285714286,0,0.4375,19,-0.125,0.2857142857142856,0
00-0005668,Oronde Gadsden,WR,2001,MIA,9.885714285714286,1,0.6451612903225806,12,Oronde Gadsden,WR,MIA,6.466666666666666,0,0.65625,12,0.011088709677419373,-3.4190476190476202,-1
00-0005720,Joey Galloway,WR,2001,DAL,8.94125,1,0.0967741935483871,29,Joey Galloway,WR,DAL,11.80625,2,0.09375,30,-0.003024193548387094,2.865,1
00-0005720,Joey Galloway,WR,2002,DAL,11.80625,2,0.09375,30,Joey Galloway,WR,DAL,8.876923076923077,1,0.375,21,0.28125,-2.929326923076923,-1
00-0005720,Joey Galloway,WR,2004,TB,11.25,2,0.28125,24,Joey Galloway,WR,TB,19.435714285714287,4,0.4375,19,0.15625,8.185714285714287,2
00-0005720,Joey Galloway,WR,2005,TB,19.435714285714287,4,0.4375,19,Joey Galloway,WR,TB,15.042857142857144,3,0.09375,30,-0.34375,-4.392857142857142,-1
00-0005720,Joey Galloway,WR,2006,TB,15.042857142857144,3,0.09375,30,Joey Galloway,WR,TB,12.966666666666669,2,0.65625,12,0.5625,-2.076190476190476,-1
00-0005720,Joey Galloway,WR,2007,TB,12.966666666666669,2,0.65625,12,Joey Galloway,WR,TB,5.36,0,0.40625,20,-0.25,-7.606666666666668,-2
00-0005741,Rich Gannon,QB,2001,LV,16.65125,2,0.935483870967742,3,Rich Gannon,QB,LV,18.9475,3,0.96875,2,0.03326612903225801,2.2962500000000006,1
00-0005741,Rich Gannon,QB,2002,LV,18.9475,3,0.96875,2,Rich Gannon,QB,LV,9.8,0,0.1875,27,-0.78125,-9.1475,-3
00-0005755,Jeff Garcia,QB,2001,SF,18.5575,3,0.967741935483871,2,Jeff Garcia,QB,SF,15.70375,2,0.9375,3,-0.030241935483870996,-2.8537500000000016,-1
00-0005755,Jeff Garcia,QB,2002,SF,15.70375,2,0.9375,3,Jeff Garcia,QB,SF,17.404615384615383,2,0.71875,10,-0.21875,1.7008653846153834,0
00-0005755,Jeff Garcia,QB,2007,TB,11.938461538461535,1,0.65625,12,Jeff Garcia,QB,TB,13.631666666666668,1,0.40625,20,-0.25,1.6932051282051326,0
00-0005779,Charlie Garner,RB,2001,LV,14.23125,3,0.935483870967742,3,Charlie Garner,RB,LV,21.70625,5,0.96875,2,0.03326612903225801,7.475000000000001,2
00-0005779,Charlie Garner,RB,2002,LV,21.70625,5,0.96875,2,Charlie Garner,RB,LV,11.85,2,0.1875,27,-0.78125,-9.856250000000001,-3
00-0005816,Olandis Gary,RB,2001,DEN,4.4625,0,0.4838709677419355,17,Olandis Gary,RB,DEN,5.944444444444445,0,0.90625,4,0.4223790322580645,1.4819444444444443,0
00-0005883,Eddie George,RB,2001,TEN,10.98125,1,0.7741935483870968,8,Eddie George,RB,TEN,16.3875,4,0.8125,7,0.03830645161290325,5.40625,3
00-0005883,Eddie George,RB,2002,TEN,16.3875,4,0.8125,7,Eddie George,RB,TEN,10.7125,1,0.75,9,-0.0625,-5.674999999999999,-3
00-0006043,Terry Glenn,WR,2003,DAL,12.53076923076923,2,0.375,21,Terry Glenn,WR,DAL,12.283333333333331,2,0.375,21,0.0,-0.24743589743589922,0
00-0006043,Terry Glenn,WR,2004,DAL,12.283333333333331,2,0.375,21,Terry Glenn,WR,DAL,13.90625,2,0.5625,15,0.1875,1.6229166666666686,0
00-0006043,Terry Glenn,WR,2005,DAL,13.90625,2,0.5625,15,Terry Glenn,WR,DAL,14.12,2,0.90625,4,0.34375,0.21374999999999922,0
00-0006101,Tony Gonzalez,TE,2001,KC,12.825,4,0.8387096774193549,6,Tony Gonzalez,TE,KC,11.39375,3,1.0,1,0.16129032258064513,-1.4312499999999986,-1
00-0006101,Tony Gonzalez,TE,2002,KC,11.39375,3,1.0,1,Tony Gonzalez,TE,KC,13.90625,4,1.0,1,0.0,2.5124999999999993,1
00-0006101,Tony Gonzalez,TE,2003,KC,13.90625,4,1.0,1,Tony Gonzalez,TE,KC,16.89375,5,0.96875,2,-0.03125,2.9875000000000007,1
00-0006101,Tony Gonzalez,TE,2004,KC,16.89375,5,0.96875,2,Tony Gonzalez,TE,KC,11.28125,3,0.90625,4,-0.0625,-5.612500000000001,-2
00-0006101,Tony Gonzalez,TE,2005,KC,11.28125,3,0.90625,4,Tony Gonzalez,TE,KC,13.0,4,0.65625,12,-0.25,1.71875,1
00-0006101,Tony Gonzalez,TE,2006,KC,13.0,4,0.65625,12,Tony Gonzalez,TE,KC,15.3875,5,0.125,29,-0.53125,2.3874999999999993,1
00-0006101,Tony Gonzalez,TE,2007,KC,15.3875,5,0.125,29,Tony Gonzalez,TE,KC,16.4125,5,0.28125,24,0.15625,1.0250000000000021,0
00-0006101,Tony Gonzalez,TE,2009,ATL,12.85625,4,0.625,13,Tony Gonzalez,TE,ATL,10.725,3,0.8125,7,0.1875,-2.1312499999999996,-1
00-0006101,Tony Gonzalez,TE,2010,ATL,10.725,3,0.8125,7,Tony Gonzalez,TE,ATL,13.09375,4,0.71875,10,-0.09375,2.3687500000000004,1
00-0006101,Tony Gonzalez,TE,2011,ATL,13.09375,4,0.71875,10,Tony Gonzalez,TE,ATL,14.625,4,0.78125,8,0.0625,1.53125,0
00-0006101,Tony Gonzalez,TE,2012,ATL,14.625,4,0.78125,8,Tony Gonzalez,TE,ATL,13.68125,4,0.53125,16,-0.25,-0.9437499999999996,0
00-0006133,Hunter Goodwin,TE,2002,MIN,3.0,0,0.875,5,Hunter Goodwin,TE,MIN,1.72,0,0.9375,3,0.0625,-1.28,0
00-0006305,Ahman Green,RB,2001,GB,19.88125,5,0.8709677419354839,5,Ahman Green,RB,GB,19.164285714285715,5,0.5625,15,-0.3084677419354839,-0.7169642857142868,0
00-0006305,Ahman Green,RB,2002,GB,19.164285714285715,5,0.5625,15,Ahman Green,RB,GB,24.0625,5,0.875,5,0.3125,4.898214285714285,0
00-0006305,Ahman Green,RB,2003,GB,24.0625,5,0.875,5,Ahman Green,RB,GB,15.24,3,0.875,5,0.0,-8.8225,-2
00-0006305,Ahman Green,RB,2004,GB,15.24,3,0.875,5,Ahman Green,RB,GB,11.84,2,0.46875,18,-0.40625,-3.4000000000000004,-1
00-0006305,Ahman Green,RB,2005,GB,11.84,2,0.46875,18,Ahman Green,RB,GB,15.921428571428573,3,0.375,21,-0.09375,4.081428571428573,1
00-0006305,Ahman Green,RB,2007,HOU,10.716666666666669,1,0.625,13,Ahman Green,RB,HOU,7.7,0,0.65625,12,0.03125,-3.0166666666666684,-1
00-0006355,Trent Green,QB,2001,KC,11.65125,1,0.8387096774193549,6,Trent Green,QB,KC,16.01875,2,1.0,1,0.16129032258064513,4.3675000000000015,1
00-0006355,Trent Green,QB,2002,KC,16.01875,2,1.0,1,Trent Green,QB,KC,15.74125,2,1.0,1,0.0,-0.27749999999999986,0
00-0006355,Trent Green,QB,2003,KC,15.74125,2,1.0,1,Trent Green,QB,KC,16.25375,2,0.96875,2,-0.03125,0.5124999999999993,0
00-0006355,Trent Green,QB,2004,KC,16.25375,2,0.96875,2,Trent Green,QB,KC,13.1725,1,0.90625,4,-0.0625,-3.0812500000000007,-1
00-0006355,Trent Green,QB,2005,KC,13.1725,1,0.90625,4,Trent Green,QB,KC,7.9475,0,0.65625,12,-0.25,-5.225,-1
00-0006423,Brian Griese,QB,2001,DEN,12.852,1,0.4838709677419355,17,Brian Griese,QB,DEN,13.48153846153846,1,0.90625,4,0.4223790322580645,0.6295384615384592,0
00-0006423,Brian Griese,QB,2004,TB,14.507272727272728,1,0.28125,24,Brian Griese,QB,TB,9.773333333333332,0,0.4375,19,0.15625,-4.733939393939396,-1
00-0006423,Brian Griese,QB,2006,CHI,1.26,0,0.5,17,Brian Griese,QB,CHI,12.702857142857145,1,0.15625,28,-0.34375,11.442857142857145,1
00-0006627,Az-Zahir Hakim,WR,2002,DET,10.94,1,0.15625,28,Az-Zahir Hakim,WR,DET,9.526153846153846,1,0.0625,31,-0.09375,-1.413846153846153,0
00-0006627,Az-Zahir Hakim,WR,2003,DET,9.526153846153846,1,0.0625,31,Az-Zahir Hakim,WR,DET,10.48,1,0.3125,23,0.25,0.953846153846154,0
00-0006804,Patrick Hape,TE,2001,DEN,3.872727272727273,0,0.4838709677419355,17,Patrick Hape,TE,DEN,2.942857142857143,0,0.90625,4,0.4223790322580645,-0.92987012987013,0
00-0007024,Marvin Harrison,WR,2001,IND,21.98125,5,0.8064516129032258,7,Marvin Harrison,WR,IND,24.0125,5,0.6875,11,-0.11895161290322576,2.03125,0
00-0007024,Marvin Harrison,WR,2002,IND,24.0125,5,0.6875,11,Marvin Harrison,WR,IND,18.5,4,0.96875,2,0.28125,-5.512499999999999,-1
00-0007024,Marvin Harrison,WR,2003,IND,18.5,4,0.96875,2,Marvin Harrison,WR,IND,17.83125,4,1.0,1,0.03125,-0.6687499999999993,0
00-0007024,Marvin Harrison,WR,2004,IND,17.83125,4,1.0,1,Marvin Harrison,WR,IND,17.84,4,1.0,1,0.0,0.008749999999999147,0
00-0007024,Marvin Harrison,WR,2005,IND,17.84,4,1.0,1,Marvin Harrison,WR,IND,18.85,4,1.0,1,0.0,1.0100000000000016,0
00-0007024,Marvin Harrison,WR,2006,IND,18.85,4,1.0,1,Marvin Harrison,WR,IND,10.14,1,0.96875,2,-0.03125,-8.71,-3
00-0007024,Marvin Harrison,WR,2007,IND,10.14,1,0.96875,2,Marvin Harrison,WR,IND,10.106666666666666,1,0.9375,3,-0.03125,-0.03333333333333499,0
00-0007091,Matt Hasselbeck,QB,2001,SEA,7.924615384615384,0,0.7096774193548387,10,Matt Hasselbeck,QB,SEA,14.107692307692307,1,0.75,9,0.040322580645161255,6.183076923076923,1
00-0007091,Matt Hasselbeck,QB,2002,SEA,14.107692307692307,1,0.75,9,Matt Hasselbeck,QB,SEA,15.64125,2,0.90625,4,0.15625,1.5335576923076921,1
00-0007091,Matt Hasselbeck,QB,2003,SEA,15.64125,2,0.90625,4,Matt Hasselbeck,QB,SEA,14.928571428571429,1,0.6875,11,-0.21875,-0.7126785714285706,-1
00-0007091,Matt Hasselbeck,QB,2004,SEA,14.928571428571429,1,0.6875,11,Matt Hasselbeck,QB,SEA,14.4125,1,0.96875,2,0.28125,-0.5160714285714292,0
00-0007091,Matt Hasselbeck,QB,2005,SEA,14.4125,1,0.96875,2,Matt Hasselbeck,QB,SEA,12.39,1,0.3125,23,-0.65625,-2.022499999999999,0
00-0007091,Matt Hasselbeck,QB,2006,SEA,12.39,1,0.3125,23,Matt Hasselbeck,QB,SEA,15.39625,2,0.71875,10,0.40625,3.0062499999999996,1
00-0007091,Matt Hasselbeck,QB,2007,SEA,15.39625,2,0.71875,10,Matt Hasselbeck,QB,SEA,7.934285714285714,0,0.21875,26,-0.5,-7.461964285714286,-2
00-0007091,Matt Hasselbeck,QB,2008,SEA,7.934285714285714,0,0.21875,26,Matt Hasselbeck,QB,SEA,11.504285714285714,1,0.25,25,0.03125,3.5700000000000003,1
00-0007091,Matt Hasselbeck,QB,2009,SEA,11.504285714285714,1,0.25,25,Matt Hasselbeck,QB,SEA,10.565714285714284,1,0.09375,30,-0.15625,-0.9385714285714304,0
00-0007091,Matt Hasselbeck,QB,2011,TEN,11.8775,1,0.4375,19,Matt Hasselbeck,QB,TEN,9.56,0,0.15625,28,-0.28125,-2.317499999999999,-1
00-0007091,Matt Hasselbeck,QB,2014,IND,4.235,0,0.75,9,Matt Hasselbeck,QB,IND,11.3875,1,0.125,29,-0.625,7.152499999999999,1
00-0007180,Garrison Hearst,RB,2001,SF,14.01875,3,0.967741935483871,2,Garrison Hearst,RB,SF,14.18125,3,0.9375,3,-0.030241935483870996,0.16249999999999964,0
00-0007180,Garrison Hearst,RB,2002,SF,14.18125,3,0.9375,3,Garrison Hearst,RB,SF,11.908333333333331,2,0.71875,10,-0.21875,-2.272916666666669,-1
00-0007213,Steve Heiden,TE,2002,CLE,3.0454545454545454,0,0.46875,18,Steve Heiden,TE,CLE,4.485714285714286,0,0.21875,26,-0.25,1.4402597402597404,0
00-0007213,Steve Heiden,TE,2003,CLE,4.485714285714286,0,0.21875,26,Steve Heiden,TE,CLE,7.881818181818182,1,0.125,29,-0.09375,3.396103896103896,1
00-0007213,Steve Heiden,TE,2004,CLE,7.881818181818182,1,0.125,29,Steve Heiden,TE,CLE,6.739999999999999,1,0.09375,30,-0.03125,-1.1418181818181825,0
00-0007213,Steve Heiden,TE,2005,CLE,6.739999999999999,1,0.09375,30,Steve Heiden,TE,CLE,4.86,0,0.0625,31,-0.03125,-1.879999999999999,-1
00-0007213,Steve Heiden,TE,2006,CLE,4.86,0,0.0625,31,Steve Heiden,TE,CLE,2.24,0,0.59375,14,0.53125,-2.62,0
00-0007213,Steve Heiden,TE,2007,CLE,2.24,0,0.59375,14,Steve Heiden,TE,CLE,5.322222222222222,0,0.125,29,-0.46875,3.0822222222222218,0
00-0007213,Steve Heiden,TE,2008,CLE,5.322222222222222,0,0.125,29,Steve Heiden,TE,CLE,3.5500000000000003,0,0.125,29,0.0,-1.7722222222222217,0
00-0007468,Ike Hilliard,WR,2001,NYG,11.235714285714286,2,0.4516129032258064,18,Ike Hilliard,WR,NYG,11.185714285714283,2,0.5,17,0.048387096774193616,-0.05000000000000249,0
00-0007468,Ike Hilliard,WR,2002,NYG,11.185714285714283,2,0.5,17,Ike Hilliard,WR,NYG,11.9,2,0.09375,30,-0.40625,0.7142857142857171,0
00-0007468,Ike Hilliard,WR,2003,NYG,11.9,2,0.09375,30,Ike Hilliard,WR,NYG,5.88125,0,0.5,17,0.40625,-6.018750000000001,-2
00-0007468,Ike Hilliard,WR,2005,TB,5.323076923076924,0,0.4375,19,Ike Hilliard,WR,TB,5.707142857142857,0,0.09375,30,-0.34375,0.3840659340659336,0
00-0007468,Ike Hilliard,WR,2006,TB,5.707142857142857,0,0.09375,30,Ike Hilliard,WR,TB,9.12,1,0.65625,12,0.5625,3.412857142857142,1
00-0007468,Ike Hilliard,WR,2007,TB,9.12,1,0.65625,12,Ike Hilliard,WR,TB,7.426666666666667,0,0.40625,20,-0.25,-1.6933333333333325,-1
00-0007546,James Hodgins,RB,2001,LA,1.842857142857143,0,1.0,1,James Hodgins,RB,LA,2.0571428571428574,0,0.25,25,-0.75,0.2142857142857144,0
00-0007576,Kelly Holcomb,QB,2002,CLE,13.625,1,0.46875,18,Kelly Holcomb,QB,CLE,8.458,0,0.21875,26,-0.25,-5.167,-1
00-0007576,Kelly Holcomb,QB,2003,CLE,8.458,0,0.21875,26,Kelly Holcomb,QB,CLE,11.82,1,0.125,29,-0.09375,3.362,1
00-0007661,Priest Holmes,RB,2001,KC,20.80625,5,0.8387096774193549,6,Priest Holmes,RB,KC,31.478571428571428,5,1.0,1,0.16129032258064513,10.67232142857143,0
00-0007661,Priest Holmes,RB,2002,KC,31.478571428571428,5,1.0,1,Priest Holmes,RB,KC,27.8125,5,1.0,1,0.0,-3.6660714285714278,0
00-0007661,Priest Holmes,RB,2003,KC,27.8125,5,1.0,1,Priest Holmes,RB,KC,26.6125,5,0.96875,2,-0.03125,-1.1999999999999993,0
00-0007661,Priest Holmes,RB,2004,KC,26.6125,5,0.96875,2,Priest Holmes,RB,KC,18.257142857142856,4,0.90625,4,-0.0625,-8.355357142857144,-1
00-0007681,Torry Holt,WR,2001,LA,16.20625,3,1.0,1,Torry Holt,WR,LA,15.3125,3,0.25,25,-0.75,-0.8937500000000007,0
00-0007681,Torry Holt,WR,2002,LA,15.3125,3,0.25,25,Torry Holt,WR,LA,22.44375,5,0.6875,11,0.4375,7.131250000000001,2
00-0007681,Torry Holt,WR,2003,LA,22.44375,5,0.6875,11,Torry Holt,WR,LA,18.075,4,0.625,13,-0.0625,-4.368750000000002,-1
00-0007681,Torry Holt,WR,2004,LA,18.075,4,0.625,13,Torry Holt,WR,LA,20.52142857142857,4,0.625,13,0.0,2.4464285714285694,0
00-0007681,Torry Holt,WR,2005,LA,20.52142857142857,4,0.625,13,Torry Holt,WR,LA,16.8625,3,0.78125,8,0.15625,-3.658928571428568,-1
00-0007681,Torry Holt,WR,2006,LA,16.8625,3,0.78125,8,Torry Holt,WR,LA,15.86875,3,0.09375,30,-0.6875,-0.9937500000000004,0
00-0007681,Torry Holt,WR,2007,LA,15.86875,3,0.09375,30,Torry Holt,WR,LA,10.1,1,0.03125,32,-0.0625,-5.768750000000001,-2
00-0007744,Joe Horn,WR,2001,NO,16.36875,3,0.2903225806451613,23,Joe Horn,WR,NO,16.4625,3,0.40625,20,0.11592741935483869,0.09375,0
00-0007744,Joe Horn,WR,2002,NO,16.4625,3,0.40625,20,Joe Horn,WR,NO,15.824000000000002,3,0.65625,12,0.25,-0.638499999999997,0
00-0007744,Joe Horn,WR,2003,NO,15.824000000000002,3,0.65625,12,Joe Horn,WR,NO,18.86875,4,0.53125,16,-0.125,3.044749999999997,1
00-0007744,Joe Horn,WR,2004,NO,18.86875,4,0.53125,16,Joe Horn,WR,NO,9.7,1,0.3125,23,-0.21875,-9.16875,-3
00-0007744,Joe Horn,WR,2005,NO,9.7,1,0.3125,23,Joe Horn,WR,NO,13.09,2,0.9375,3,0.625,3.3900000000000006,1
00-0007835,Damon Huard,QB,2006,KC,11.142,1,0.65625,12,Damon Huard,QB,KC,9.289090909090907,0,0.125,29,-0.53125,-1.8529090909090922,-1
00-0007835,Damon Huard,QB,2007,KC,9.289090909090907,0,0.125,29,Damon Huard,QB,KC,3.676,0,0.28125,24,0.15625,-5.613090909090907,0
00-0008196,Terry Jackson,RB,2004,SF,3.0500000000000003,0,0.09375,30,Terry Jackson,RB,SF,2.2,0,0.03125,32,-0.0625,-0.8500000000000001,0
00-0008241,Edgerrin James,RB,2001,IND,20.916666666666668,5,0.8064516129032258,7,Edgerrin James,RB,IND,15.107142857142858,3,0.6875,11,-0.11895161290322576,-5.80952380952381,-2
00-0008241,Edgerrin James,RB,2002,IND,15.107142857142858,3,0.6875,11,Edgerrin James,RB,IND,20.45384615384615,5,0.96875,2,0.28125,5.346703296703293,2
00-0008241,Edgerrin James,RB,2003,IND,20.45384615384615,5,0.96875,2,Edgerrin James,RB,IND,19.14375,5,1.0,1,0.03125,-1.3100961538461497,0
00-0008241,Edgerrin James,RB,2004,IND,19.14375,5,1.0,1,Edgerrin James,RB,IND,20.686666666666667,5,1.0,1,0.0,1.5429166666666667,0
00-0008241,Edgerrin James,RB,2006,ARI,12.85,2,0.46875,18,Edgerrin James,RB,ARI,13.1125,2,0.5,17,0.03125,0.26250000000000107,0
00-0008241,Edgerrin James,RB,2007,ARI,13.1125,2,0.5,17,Edgerrin James,RB,ARI,6.776923076923077,0,0.6875,11,0.1875,-6.335576923076924,-2
00-0008313,Shawn Jefferson,WR,2001,ATL,7.492857142857143,0,0.3870967741935484,20,Shawn Jefferson,WR,ATL,5.56923076923077,0,0.78125,8,0.3941532258064516,-1.923626373626373,0
00-0008357,MarTay Jenkins,WR,2001,ARI,7.861538461538462,0,0.5806451612903226,14,MarTay Jenkins,WR,ARI,8.371428571428572,0,0.21875,26,-0.3618951612903226,0.5098901098901099,0
00-0008442,Brad Johnson,QB,2001,TB,12.265,1,0.6129032258064516,13,Brad Johnson,QB,TB,15.458461538461538,2,0.375,21,-0.23790322580645162,3.1934615384615377,1
00-0008442,Brad Johnson,QB,2002,TB,15.458461538461538,2,0.375,21,Brad Johnson,QB,TB,13.50875,1,0.5,17,0.125,-1.949711538461539,-1
00-0008442,Brad Johnson,QB,2003,TB,13.50875,1,0.5,17,Brad Johnson,QB,TB,8.815,0,0.28125,24,-0.21875,-4.69375,-1
00-0008442,Brad Johnson,QB,2005,MIN,10.427272727272728,1,0.375,21,Brad Johnson,QB,MIN,8.146666666666667,0,0.125,29,-0.25,-2.280606060606061,-1
00-0008560,Kevin Johnson,WR,2001,CLE,15.48125,3,0.1290322580645161,28,Kevin Johnson,WR,CLE,10.41375,1,0.46875,18,0.3397177419354839,-5.067499999999999,-2
00-0008560,Kevin Johnson,WR,2002,CLE,10.41375,1,0.46875,18,Kevin Johnson,WR,CLE,9.293333333333331,1,0.21875,26,-0.25,-1.120416666666669,0
00-0008561,Keyshawn Johnson,WR,2001,TB,15.773333333333332,3,0.6129032258064516,13,Keyshawn Johnson,WR,TB,13.675,2,0.375,21,-0.23790322580645162,-2.098333333333331,-1
00-0008561,Keyshawn Johnson,WR,2002,TB,13.675,2,0.375,21,Keyshawn Johnson,WR,TB,12.31,2,0.5,17,0.125,-1.3650000000000002,0
00-0008561,Keyshawn Johnson,WR,2004,DAL,12.59125,2,0.375,21,Keyshawn Johnson,WR,DAL,11.7,2,0.5625,15,0.1875,-0.8912500000000012,0
00-0008568,Leon Johnson,RB,2001,CHI,4.4525,0,0.3548387096774194,21,Leon Johnson,RB,CHI,4.432,0,0.1875,27,-0.16733870967741937,-0.020499999999999297,0
00-0008749,Freddie Jones,TE,2002,ARI,5.72,0,0.21875,26,Freddie Jones,TE,ARI,8.313333333333334,2,0.03125,32,-0.1875,2.5933333333333346,2
00-0008749,Freddie Jones,TE,2003,ARI,8.313333333333334,2,0.03125,32,Freddie Jones,TE,ARI,6.225,1,0.21875,26,0.1875,-2.0883333333333347,-1
00-0008962,Joe Jurevicius,WR,2002,TB,7.946153846153846,0,0.375,21,Joe Jurevicius,WR,TB,8.95,1,0.5,17,0.125,1.003846153846153,1
00-0008962,Joe Jurevicius,WR,2003,TB,8.95,1,0.5,17,Joe Jurevicius,WR,TB,8.033333333333333,0,0.28125,24,-0.21875,-0.9166666666666661,-1
00-0008962,Joe Jurevicius,WR,2006,CLE,9.772727272727272,1,0.0625,31,Joe Jurevicius,WR,CLE,8.2125,0,0.59375,14,0.53125,-1.5602272727272712,-1
00-0009119,Reggie Kelly,TE,2001,ATL,2.323076923076923,0,0.3870967741935484,20,Reggie Kelly,TE,ATL,2.323076923076923,0,0.78125,8,0.3941532258064516,0.0,0
00-0009119,Reggie Kelly,TE,2003,CIN,3.011111111111111,0,0.84375,6,Reggie Kelly,TE,CIN,2.611111111111111,0,0.34375,22,-0.5,-0.3999999999999999,0
00-0009119,Reggie Kelly,TE,2004,CIN,2.611111111111111,0,0.34375,22,Reggie Kelly,TE,CIN,3.75,0,0.9375,3,0.59375,1.1388888888888888,0
00-0009119,Reggie Kelly,TE,2005,CIN,3.75,0,0.9375,3,Reggie Kelly,TE,CIN,4.366666666666666,0,0.8125,7,-0.125,0.6166666666666663,0
00-0009119,Reggie Kelly,TE,2006,CIN,4.366666666666666,0,0.8125,7,Reggie Kelly,TE,CIN,3.161538461538462,0,0.78125,8,-0.03125,-1.2051282051282044,0
00-0009119,Reggie Kelly,TE,2007,CIN,3.161538461538462,0,0.78125,8,Reggie Kelly,TE,CIN,3.976923076923077,0,0.0625,31,-0.71875,0.8153846153846152,0
00-0009163,Eddie Kennison,WR,2002,KC,10.0875,1,1.0,1,Eddie Kennison,WR,KC,10.64375,1,1.0,1,0.0,0.5562500000000004,0
00-0009163,Eddie Kennison,WR,2003,KC,10.64375,1,1.0,1,Eddie Kennison,WR,KC,15.721428571428572,3,0.96875,2,-0.03125,5.077678571428571,2
00-0009163,Eddie Kennison,WR,2004,KC,15.721428571428572,3,0.96875,2,Eddie Kennison,WR,KC,14.033333333333331,2,0.90625,4,-0.0625,-1.68809523809524,-1
00-0009163,Eddie Kennison,WR,2005,KC,14.033333333333331,2,0.90625,4,Eddie Kennison,WR,KC,10.6625,1,0.65625,12,-0.25,-3.370833333333332,-1
00-0009163,Eddie Kennison,WR,2006,KC,10.6625,1,0.65625,12,Eddie Kennison,WR,KC,3.3714285714285714,0,0.125,29,-0.53125,-7.291071428571428,-1
00-0009288,Terry Kirby,RB,2001,LV,3.2625,0,0.935483870967742,3,Terry Kirby,RB,LV,6.933333333333334,0,0.96875,2,0.03326612903225801,3.6708333333333334,0
00-0009311,Jon Kitna,QB,2001,CIN,8.74625,0,0.2580645161290322,24,Jon Kitna,QB,CIN,13.60153846153846,1,0.28125,24,0.023185483870967805,4.855288461538461,1
00-0009311,Jon Kitna,QB,2002,CIN,13.60153846153846,1,0.28125,24,Jon Kitna,QB,CIN,13.86875,1,0.84375,6,0.5625,0.2672115384615399,0
00-0009311,Jon Kitna,QB,2003,CIN,13.86875,1,0.84375,6,Jon Kitna,QB,CIN,9.78,0,0.34375,22,-0.5,-4.088750000000001,-1
00-0009311,Jon Kitna,QB,2006,DET,13.62,1,0.15625,28,Jon Kitna,QB,DET,11.9275,1,0.375,21,0.21875,-1.692499999999999,0
00-0009311,Jon Kitna,QB,2007,DET,11.9275,1,0.375,21,Jon Kitna,QB,DET,10.23,0,0.09375,30,-0.28125,-1.6974999999999998,-1
00-0009323,Jimmy Kleinsasser,TE,2001,MIN,4.690909090909091,0,0.4193548387096774,19,Jimmy Kleinsasser,TE,MIN,6.0,1,0.875,5,0.4556451612903226,1.3090909090909086,1
00-0009323,Jimmy Kleinsasser,TE,2002,MIN,6.0,1,0.875,5,Jimmy Kleinsasser,TE,MIN,7.971428571428571,1,0.9375,3,0.0625,1.9714285714285706,0
00-0009323,Jimmy Kleinsasser,TE,2005,MIN,3.007692307692308,0,0.375,21,Jimmy Kleinsasser,TE,MIN,1.95,0,0.125,29,-0.25,-1.0576923076923082,0
00-0009323,Jimmy Kleinsasser,TE,2006,MIN,1.95,0,0.125,29,Jimmy Kleinsasser,TE,MIN,3.575,0,0.53125,16,0.40625,1.6250000000000002,0
00-0009323,Jimmy Kleinsasser,TE,2007,MIN,3.575,0,0.53125,16,Jimmy Kleinsasser,TE,MIN,3.04,0,0.34375,22,-0.1875,-0.5350000000000001,0
00-0009323,Jimmy Kleinsasser,TE,2008,MIN,3.04,0,0.34375,22,Jimmy Kleinsasser,TE,MIN,1.8888888888888888,0,0.8125,7,0.46875,-1.1511111111111112,0
00-0009323,Jimmy Kleinsasser,TE,2009,MIN,1.8888888888888888,0,0.8125,7,Jimmy Kleinsasser,TE,MIN,2.271428571428572,0,0.125,29,-0.6875,0.38253968253968296,0
00-0009323,Jimmy Kleinsasser,TE,2010,MIN,2.271428571428572,0,0.125,29,Jimmy Kleinsasser,TE,MIN,0.2799999999999999,0,0.40625,20,0.28125,-1.991428571428572,0
00-0009443,Brian Kozlowski,TE,2001,ATL,5.333333333333333,0,0.3870967741935484,20,Brian Kozlowski,TE,ATL,1.9833333333333327,0,0.78125,8,0.3941532258064516,-3.3500000000000005,0
00-0009443,Brian Kozlowski,TE,2002,ATL,1.9833333333333327,0,0.78125,8,Brian Kozlowski,TE,ATL,2.077777777777777,0,0.15625,28,-0.625,0.09444444444444433,0
00-0009842,Chad Lewis,TE,2001,PHI,7.813333333333333,1,0.5161290322580645,16,Chad Lewis,TE,PHI,6.653333333333333,1,0.53125,16,0.015120967741935498,-1.1599999999999993,0
00-0009842,Chad Lewis,TE,2002,PHI,6.653333333333333,1,0.53125,16,Chad Lewis,TE,PHI,4.164285714285714,0,0.78125,8,0.25,-2.4890476190476196,-1
00-0009842,Chad Lewis,TE,2003,PHI,4.164285714285714,0,0.78125,8,Chad Lewis,TE,PHI,6.7,1,0.8125,7,0.03125,2.5357142857142865,1
00-0009842,Chad Lewis,TE,2004,PHI,6.7,1,0.8125,7,Chad Lewis,TE,PHI,2.85,0,0.21875,26,-0.59375,-3.85,-1
00-0010007,Kevin Lockett,WR,2001,WAS,3.8957142857142855,0,0.1935483870967742,26,Kevin Lockett,WR,WAS,5.255,0,0.34375,22,0.1502016129032258,1.3592857142857144,0
00-0010137,Ray Lucas,QB,2001,MIA,1.2,0,0.6451612903225806,12,Ray Lucas,QB,MIA,8.914285714285715,0,0.65625,12,0.011088709677419373,7.714285714285714,0
00-0010240,Stacey Mack,RB,2001,JAX,11.575,2,0.032258064516129,31,Stacey Mack,RB,JAX,7.766666666666667,0,0.03125,32,-0.0010080645161289967,-3.8083333333333327,-2
00-0010261,Tommy Maddox,QB,2002,PIT,13.811666666666667,1,0.59375,14,Tommy Maddox,QB,PIT,10.735,1,0.40625,20,-0.1875,-3.076666666666668,0
00-0010261,Tommy Maddox,QB,2003,PIT,10.735,1,0.40625,20,Tommy Maddox,QB,PIT,2.665,0,0.75,9,0.34375,-8.07,-1
00-0010333,Kris Mangum,TE,2001,CAR,3.988888888888889,0,0.064516129032258,30,Kris Mangum,TE,CAR,2.1266666666666665,0,0.125,29,0.06048387096774201,-1.8622222222222224,0
00-0010333,Kris Mangum,TE,2002,CAR,2.1266666666666665,0,0.125,29,Kris Mangum,TE,CAR,3.69,0,0.4375,19,0.3125,1.5633333333333335,0
00-0010333,Kris Mangum,TE,2003,CAR,3.69,0,0.4375,19,Kris Mangum,TE,CAR,6.661538461538461,1,0.65625,12,0.21875,2.971538461538461,1
00-0010333,Kris Mangum,TE,2004,CAR,6.661538461538461,1,0.65625,12,Kris Mangum,TE,CAR,5.0181818181818185,0,0.65625,12,0.0,-1.6433566433566424,-1
00-0010333,Kris Mangum,TE,2005,CAR,5.0181818181818185,0,0.65625,12,Kris Mangum,TE,CAR,4.888888888888889,0,0.34375,22,-0.3125,-0.12929292929292924,0
00-0010346,Peyton Manning,QB,2001,IND,16.30875,2,0.8064516129032258,7,Peyton Manning,QB,IND,16.55,2,0.6875,11,-0.11895161290322576,0.24125000000000085,0
00-0010346,Peyton Manning,QB,2002,IND,16.55,2,0.6875,11,Peyton Manning,QB,IND,16.89875,2,0.96875,2,0.28125,0.348749999999999,0
00-0010346,Peyton Manning,QB,2003,IND,16.89875,2,0.96875,2,Peyton Manning,QB,IND,22.505,4,1.0,1,0.03125,5.606249999999999,2
00-0010346,Peyton Manning,QB,2004,IND,22.505,4,1.0,1,Peyton Manning,QB,IND,15.14875,2,1.0,1,0.0,-7.356249999999999,-2
00-0010346,Peyton Manning,QB,2005,IND,15.14875,2,1.0,1,Peyton Manning,QB,IND,19.3425,3,1.0,1,0.0,4.193750000000001,1
00-0010346,Peyton Manning,QB,2006,IND,19.3425,3,1.0,1,Peyton Manning,QB,IND,17.19375,2,0.96875,2,-0.03125,-2.1487499999999997,-1
00-0010346,Peyton Manning,QB,2007,IND,17.19375,2,0.96875,2,Peyton Manning,QB,IND,15.88625,2,0.9375,3,-0.03125,-1.307500000000001,0
00-0010346,Peyton Manning,QB,2008,IND,15.88625,2,0.9375,3,Peyton Manning,QB,IND,17.41875,2,0.96875,2,0.03125,1.5324999999999989,0
00-0010346,Peyton Manning,QB,2009,IND,17.41875,2,0.96875,2,Peyton Manning,QB,IND,17.8625,3,0.90625,4,-0.0625,0.4437500000000014,1
00-0010346,Peyton Manning,QB,2012,DEN,19.435,3,0.9375,3,Peyton Manning,QB,DEN,25.62375,5,1.0,1,0.0625,6.188750000000002,2
00-0010346,Peyton Manning,QB,2013,DEN,25.62375,5,1.0,1,Peyton Manning,QB,DEN,19.5425,3,0.84375,6,-0.15625,-6.081250000000001,-2
00-0010346,Peyton Manning,QB,2014,DEN,19.5425,3,0.84375,6,Peyton Manning,QB,DEN,9.136,0,0.25,25,-0.59375,-10.406500000000001,-3
00-0010436,Cecil Martin,RB,2001,PHI,3.4066666666666667,0,0.5161290322580645,16,Cecil Martin,RB,PHI,1.9384615384615385,0,0.53125,16,0.015120967741935498,-1.4682051282051283,0
00-0010442,Curtis Martin,RB,2001,NYJ,18.495,4,0.5483870967741935,15,Curtis Martin,RB,NYJ,14.925,3,0.84375,6,0.2953629032258065,-3.5700000000000003,-1
00-0010442,Curtis Martin,RB,2002,NYJ,14.925,3,0.84375,6,Curtis Martin,RB,NYJ,12.9375,2,0.625,13,-0.21875,-1.9875000000000007,-1
00-0010442,Curtis Martin,RB,2003,NYJ,12.9375,2,0.625,13,Curtis Martin,RB,NYJ,19.95,5,0.71875,10,0.09375,7.012499999999999,3
00-0010442,Curtis Martin,RB,2004,NYJ,19.95,5,0.71875,10,Curtis Martin,RB,NYJ,11.441666666666668,2,0.125,29,-0.59375,-8.508333333333331,-3
00-0010500,Derrick Mason,WR,2001,TEN,16.52,3,0.7741935483870968,8,Derrick Mason,WR,TEN,14.87142857142857,3,0.8125,7,0.03830645161290325,-1.6485714285714295,0
00-0010500,Derrick Mason,WR,2002,TEN,14.87142857142857,3,0.8125,7,Derrick Mason,WR,TEN,17.15,3,0.75,9,-0.0625,2.2785714285714285,0
00-0010500,Derrick Mason,WR,2003,TEN,17.15,3,0.75,9,Derrick Mason,WR,TEN,15.90625,3,0.59375,14,-0.15625,-1.2437499999999986,0
00-0010500,Derrick Mason,WR,2005,BAL,13.08125,2,0.1875,27,Derrick Mason,WR,BAL,10.306666666666668,1,0.625,13,0.4375,-2.7745833333333323,-1
00-0010500,Derrick Mason,WR,2006,BAL,10.306666666666668,1,0.625,13,Derrick Mason,WR,BAL,14.98125,3,0.21875,26,-0.40625,4.674583333333331,2
00-0010500,Derrick Mason,WR,2007,BAL,14.98125,3,0.21875,26,Derrick Mason,WR,BAL,13.375,2,0.5,17,0.28125,-1.6062499999999993,-1
00-0010500,Derrick Mason,WR,2008,BAL,13.375,2,0.5,17,Derrick Mason,WR,BAL,13.625,2,0.75,9,0.25,0.25,0
00-0010500,Derrick Mason,WR,2009,BAL,13.625,2,0.75,9,Derrick Mason,WR,BAL,11.45,2,0.65625,12,-0.09375,-2.1750000000000007,0
00-0010650,Ed McCaffrey,WR,2002,DEN,10.71875,1,0.90625,4,Ed McCaffrey,WR,DEN,4.277777777777778,0,0.8125,7,-0.09375,-6.440972222222222,-1
00-0010668,Keenan McCardell,WR,2002,TB,11.592857142857143,2,0.375,21,Keenan McCardell,WR,TB,15.5,3,0.5,17,0.125,3.9071428571428566,1
00-0010668,Keenan McCardell,WR,2004,LAC,10.94285714285714,1,0.90625,4,Keenan McCardell,WR,LAC,13.49375,2,0.84375,6,-0.0625,2.550892857142861,1
00-0010668,Keenan McCardell,WR,2005,LAC,13.49375,2,0.84375,6,Keenan McCardell,WR,LAC,6.541666666666667,0,0.96875,2,0.125,-6.952083333333333,-2
00-0010747,Fred McCrary,RB,2001,LAC,1.7,0,0.7419354838709677,9,Fred McCrary,RB,LAC,3.6692307692307695,0,0.625,13,-0.11693548387096775,1.9692307692307696,0
00-0010974,James McKnight,WR,2001,MIA,8.84375,1,0.6451612903225806,12,James McKnight,WR,MIA,6.828571428571428,0,0.65625,12,0.011088709677419373,-2.0151785714285717,-1
00-0010974,James McKnight,WR,2002,MIA,6.828571428571428,0,0.65625,12,James McKnight,WR,MIA,6.416666666666667,0,0.3125,23,-0.34375,-0.41190476190476133,0
00-0011022,Donovan McNabb,QB,2001,PHI,17.301333333333332,2,0.5161290322580645,16,Donovan McNabb,QB,PHI,22.356,4,0.53125,16,0.015120967741935498,5.0546666666666695,2
00-0011022,Donovan McNabb,QB,2002,PHI,22.356,4,0.53125,16,Donovan McNabb,QB,PHI,13.695,1,0.78125,8,0.25,-8.661000000000001,-3
00-0011022,Donovan McNabb,QB,2003,PHI,13.695,1,0.78125,8,Donovan McNabb,QB,PHI,19.40666666666667,3,0.8125,7,0.03125,5.71166666666667,2
00-0011022,Donovan McNabb,QB,2004,PHI,19.40666666666667,3,0.8125,7,Donovan McNabb,QB,PHI,17.086666666666666,2,0.21875,26,-0.59375,-2.320000000000004,-1
00-0011022,Donovan McNabb,QB,2005,PHI,17.086666666666666,2,0.21875,26,Donovan McNabb,QB,PHI,19.568,3,0.84375,6,0.625,2.4813333333333354,1
00-0011022,Donovan McNabb,QB,2006,PHI,19.568,3,0.84375,6,Donovan McNabb,QB,PHI,14.897142857142857,1,0.8125,7,-0.03125,-4.670857142857145,-2
00-0011022,Donovan McNabb,QB,2007,PHI,14.897142857142857,1,0.8125,7,Donovan McNabb,QB,PHI,15.22875,2,0.59375,14,-0.21875,0.331607142857143,1
00-0011022,Donovan McNabb,QB,2008,PHI,15.22875,2,0.59375,14,Donovan McNabb,QB,PHI,16.80857142857143,2,0.71875,10,0.125,1.5798214285714298,0
00-0011024,Steve McNair,QB,2001,TEN,17.69333333333333,3,0.7741935483870968,8,Steve McNair,QB,TEN,15.855,2,0.8125,7,0.03830645161290325,-1.8383333333333312,-1
00-0011024,Steve McNair,QB,2002,TEN,15.855,2,0.8125,7,Steve McNair,QB,TEN,17.374285714285715,2,0.75,9,-0.0625,1.519285714285715,0
00-0011024,Steve McNair,QB,2003,TEN,17.374285714285715,2,0.75,9,Steve McNair,QB,TEN,10.34,1,0.59375,14,-0.15625,-7.034285714285716,-1
00-0011024,Steve McNair,QB,2004,TEN,10.34,1,0.59375,14,Steve McNair,QB,TEN,12.881428571428572,1,0.15625,28,-0.4375,2.541428571428572,0
00-0011024,Steve McNair,QB,2006,BAL,11.11875,1,0.625,13,Steve McNair,QB,BAL,5.62,0,0.21875,26,-0.40625,-5.49875,-1
00-0011224,Itula Mili,TE,2001,SEA,3.725,0,0.7096774193548387,10,Itula Mili,TE,SEA,7.053333333333333,1,0.75,9,0.040322580645161255,3.3283333333333327,1
00-0011224,Itula Mili,TE,2002,SEA,7.053333333333333,1,0.75,9,Itula Mili,TE,SEA,7.45,1,0.90625,4,0.15625,0.3966666666666674,0
00-0011224,Itula Mili,TE,2003,SEA,7.45,1,0.90625,4,Itula Mili,TE,SEA,4.818181818181818,0,0.6875,11,-0.21875,-2.631818181818182,-1
00-0011236,Billy Miller,TE,2002,HOU,9.30714285714286,2,0.0625,31,Billy Miller,TE,HOU,6.233333333333333,1,0.25,25,0.1875,-3.073809523809527,-1
00-0011236,Billy Miller,TE,2003,HOU,6.233333333333333,1,0.25,25,Billy Miller,TE,HOU,4.533333333333333,0,0.5625,15,0.3125,-1.7000000000000002,-1
00-0011236,Billy Miller,TE,2006,NO,3.3625,0,0.9375,3,Billy Miller,TE,NO,5.983333333333333,1,0.75,9,-0.1875,2.6208333333333336,1
00-0011236,Billy Miller,TE,2007,NO,5.983333333333333,1,0.75,9,Billy Miller,TE,NO,9.075,2,0.96875,2,0.21875,3.091666666666666,1
00-0011276,Jim Miller,QB,2001,CHI,8.290000000000001,0,0.3548387096774194,21,Jim Miller,QB,CHI,10.886,1,0.1875,27,-0.16733870967741937,2.5959999999999983,1
00-0011551,Dave Moore,TE,2002,BUF,4.21,0,0.71875,10,Dave Moore,TE,BUF,5.44,0,0.125,29,-0.59375,1.2300000000000004,0
00-0011727,Johnnie Morton,WR,2002,KC,6.221428571428571,0,1.0,1,Johnnie Morton,WR,KC,10.493333333333334,1,1.0,1,0.0,4.271904761904763,1
00-0011727,Johnnie Morton,WR,2003,KC,10.493333333333334,1,1.0,1,Johnnie Morton,WR,KC,11.907692307692308,2,0.96875,2,-0.03125,1.414358974358974,1
00-0011754,Randy Moss,WR,2001,MIN,16.86625,3,0.4193548387096774,19,Randy Moss,WR,MIN,18.27,4,0.875,5,0.4556451612903226,1.4037499999999987,1
00-0011754,Randy Moss,WR,2002,MIN,18.27,4,0.875,5,Randy Moss,WR,MIN,24.05,5,0.9375,3,0.0625,5.780000000000001,1
00-0011754,Randy Moss,WR,2003,MIN,24.05,5,0.9375,3,Randy Moss,WR,MIN,18.28909090909091,4,0.9375,3,0.0,-5.760909090909092,-1
00-0011754,Randy Moss,WR,2005,LV,13.9,2,0.53125,16,Randy Moss,WR,LV,9.608333333333333,1,0.03125,32,-0.5,-4.291666666666668,-1
00-0011754,Randy Moss,WR,2007,NE,24.0125,5,1.0,1,Randy Moss,WR,NE,14.4875,2,0.90625,4,-0.09375,-9.524999999999999,-3
00-0011754,Randy Moss,WR,2008,NE,14.4875,2,0.90625,4,Randy Moss,WR,NE,17.9625,4,0.90625,4,0.0,3.474999999999998,2
00-0011770,Eric Moulds,WR,2001,BUF,11.73125,2,0.3225806451612903,22,Eric Moulds,WR,BUF,18.11875,4,0.71875,10,0.3961693548387097,6.387499999999999,2
00-0011770,Eric Moulds,WR,2002,BUF,18.11875,4,0.71875,10,Eric Moulds,WR,BUF,11.384615384615383,2,0.125,29,-0.59375,-6.734134615384615,-2
00-0011770,Eric Moulds,WR,2003,BUF,11.384615384615383,2,0.125,29,Eric Moulds,WR,BUF,13.8875,2,0.25,25,0.125,2.502884615384616,0
00-0011770,Eric Moulds,WR,2004,BUF,13.8875,2,0.25,25,Eric Moulds,WR,BUF,13.328571428571427,2,0.34375,22,0.09375,-0.5589285714285719,0
00-0011795,Muhsin Muhammad,WR,2001,CAR,10.227272727272728,1,0.064516129032258,30,Muhsin Muhammad,WR,CAR,11.95,2,0.125,29,0.06048387096774201,1.7227272727272709,1
00-0011795,Muhsin Muhammad,WR,2002,CAR,11.95,2,0.125,29,Muhsin Muhammad,WR,CAR,10.233333333333333,1,0.4375,19,0.3125,-1.7166666666666668,-1
00-0011795,Muhsin Muhammad,WR,2003,CAR,10.233333333333333,1,0.4375,19,Muhsin Muhammad,WR,CAR,20.5625,4,0.65625,12,0.21875,10.329166666666667,3
00-0011795,Muhsin Muhammad,WR,2005,CHI,11.642857142857142,2,0.0625,31,Muhsin Muhammad,WR,CHI,10.89375,1,0.5,17,0.4375,-0.7491071428571416,-1
00-0011795,Muhsin Muhammad,WR,2006,CHI,10.89375,1,0.5,17,Muhsin Muhammad,WR,CHI,7.666666666666667,0,0.15625,28,-0.34375,-3.2270833333333337,-1
00-0011795,Muhsin Muhammad,WR,2008,CAR,11.58125,2,0.75,9,Muhsin Muhammad,WR,CAR,8.564285714285715,0,0.375,21,-0.375,-3.0169642857142858,-2
00-0012478,Terrell Owens,WR,2001,SF,20.76875,5,0.967741935483871,2,Terrell Owens,WR,SF,22.99285714285714,5,0.9375,3,-0.030241935483870996,2.2241071428571395,0
00-0012478,Terrell Owens,WR,2002,SF,22.99285714285714,5,0.9375,3,Terrell Owens,WR,SF,16.266666666666666,3,0.71875,10,-0.21875,-6.7261904761904745,-2
00-0012478,Terrell Owens,WR,2004,PHI,19.892857142857142,4,0.8125,7,Terrell Owens,WR,PHI,22.785714285714285,5,0.21875,26,-0.59375,2.8928571428571423,1
00-0012478,Terrell Owens,WR,2006,DAL,17.6875,4,0.90625,4,Terrell Owens,WR,DAL,20.466666666666665,4,0.90625,4,0.0,2.779166666666665,0
00-0012478,Terrell Owens,WR,2007,DAL,20.466666666666665,4,0.90625,4,Terrell Owens,WR,DAL,14.71875,3,0.46875,18,-0.4375,-5.747916666666665,-1
00-0012637,Jerome Pathon,WR,2002,NO,8.52142857142857,0,0.40625,20,Jerome Pathon,WR,NO,7.23125,0,0.65625,12,0.25,-1.2901785714285703,0
00-0012637,Jerome Pathon,WR,2003,NO,7.23125,0,0.65625,12,Jerome Pathon,WR,NO,8.008333333333333,0,0.53125,16,-0.125,0.7770833333333327,0
00-0012642,David Patten,WR,2001,NE,11.133333333333333,2,0.6774193548387096,11,David Patten,WR,NE,10.875,1,0.4375,19,-0.23991935483870963,-0.25833333333333286,-1
00-0012642,David Patten,WR,2002,NE,10.875,1,0.4375,19,David Patten,WR,NE,4.68,0,0.53125,16,0.09375,-6.195,-1
00-0012642,David Patten,WR,2003,NE,4.68,0,0.53125,16,David Patten,WR,NE,11.1,2,0.84375,6,0.3125,6.42,2
00-0012642,David Patten,WR,2007,NO,10.62142857142857,1,0.75,9,David Patten,WR,NO,6.640000000000001,0,0.96875,2,0.21875,-3.9814285714285695,-1
00-0012726,Doug Pederson,QB,2002,GB,2.315,0,0.5625,15,Doug Pederson,QB,GB,-0.015,0,0.875,5,0.3125,-2.33,0
00-0013013,Michael Pittman,RB,2002,TB,11.28125,2,0.375,21,Michael Pittman,RB,TB,13.73125,3,0.5,17,0.125,2.4499999999999993,1
00-0013013,Michael Pittman,RB,2003,TB,13.73125,3,0.5,17,Michael Pittman,RB,TB,16.976923076923075,4,0.28125,24,-0.21875,3.245673076923076,1
00-0013013,Michael Pittman,RB,2004,TB,16.976923076923075,4,0.28125,24,Michael Pittman,RB,TB,8.106666666666666,0,0.4375,19,0.15625,-8.87025641025641,-4
00-0013013,Michael Pittman,RB,2005,TB,8.106666666666666,0,0.4375,19,Michael Pittman,RB,TB,7.375,0,0.09375,30,-0.34375,-0.7316666666666656,0
00-0013013,Michael Pittman,RB,2006,TB,7.375,0,0.09375,30,Michael Pittman,RB,TB,7.19,0,0.65625,12,0.5625,-0.1849999999999996,0
00-0013042,Jake Plummer,QB,2001,ARI,12.66375,1,0.5806451612903226,14,Jake Plummer,QB,ARI,11.39875,1,0.21875,26,-0.3618951612903226,-1.2650000000000006,0
00-0013042,Jake Plummer,QB,2003,DEN,15.256363636363636,2,0.8125,7,Jake Plummer,QB,DEN,16.06625,2,0.78125,8,-0.03125,0.8098863636363642,0
00-0013042,Jake Plummer,QB,2004,DEN,16.06625,2,0.78125,8,Jake Plummer,QB,DEN,13.64,1,0.875,5,0.09375,-2.4262499999999996,-1
00-0013042,Jake Plummer,QB,2005,DEN,13.64,1,0.875,5,Jake Plummer,QB,DEN,9.246666666666666,0,0.53125,16,-0.34375,-4.393333333333334,-1
00-0013080,Marcus Pollard,TE,2001,IND,10.55625,3,0.8064516129032258,7,Marcus Pollard,TE,IND,8.453333333333333,2,0.6875,11,-0.11895161290322576,-2.102916666666667,-1
00-0013080,Marcus Pollard,TE,2002,IND,8.453333333333333,2,0.6875,11,Marcus Pollard,TE,IND,8.623076923076923,2,0.96875,2,0.28125,0.1697435897435895,0
00-0013080,Marcus Pollard,TE,2003,IND,8.623076923076923,2,0.96875,2,Marcus Pollard,TE,IND,8.718181818181819,2,1.0,1,0.03125,0.09510489510489606,0
00-0013080,Marcus Pollard,TE,2005,DET,7.64,1,0.25,25,Marcus Pollard,TE,DET,2.4444444444444446,0,0.15625,28,-0.09375,-5.195555555555555,-1
00-0013232,Peerless Price,WR,2001,BUF,12.2625,2,0.3225806451612903,22,Peerless Price,WR,BUF,16.86875,3,0.71875,10,0.3961693548387097,4.606249999999999,1
00-0013232,Peerless Price,WR,2003,ATL,10.38125,1,0.15625,28,Peerless Price,WR,ATL,8.326666666666666,0,0.40625,20,0.25,-2.0545833333333334,-1
00-0013232,Peerless Price,WR,2006,BUF,6.85625,0,0.25,25,Peerless Price,WR,BUF,3.45,0,0.1875,27,-0.0625,-3.40625,0
00-0013262,Stanley Pritchett,RB,2002,CHI,3.475,0,0.1875,27,Stanley Pritchett,RB,CHI,3.4,0,0.28125,24,0.09375,-0.07500000000000018,0
00-0013268,Ricky Proehl,WR,2001,LA,9.2,1,1.0,1,Ricky Proehl,WR,LA,7.573333333333333,0,0.25,25,-0.75,-1.626666666666666,-1
00-0013268,Ricky Proehl,WR,2003,CAR,7.491666666666667,0,0.4375,19,Ricky Proehl,WR,CAR,6.042857142857143,0,0.65625,12,0.21875,-1.4488095238095244,0
00-0013268,Ricky Proehl,WR,2004,CAR,6.042857142857143,0,0.65625,12,Ricky Proehl,WR,CAR,7.691666666666666,0,0.65625,12,0.0,1.6488095238095237,0
00-0013422,Walter Rasby,TE,2001,WAS,2.9,0,0.1935483870967742,26,Walter Rasby,TE,WAS,1.9444444444444444,0,0.34375,22,0.1502016129032258,-0.9555555555555555,0
00-0013639,Jerry Rice,WR,2001,LV,15.68125,3,0.935483870967742,3,Jerry Rice,WR,LV,15.94375,3,0.96875,2,0.03326612903225801,0.2624999999999993,0
00-0013639,Jerry Rice,WR,2002,LV,15.94375,3,0.96875,2,Jerry Rice,WR,LV,9.94375,1,0.1875,27,-0.78125,-6.0,-2
00-0013712,Mikhael Ricks,TE,2002,DET,5.635714285714286,0,0.15625,28,Mikhael Ricks,TE,DET,7.107692307692308,1,0.0625,31,-0.09375,1.471978021978022,1
00-0013728,Jay Riemersma,TE,2001,BUF,8.125,2,0.3225806451612903,22,Jay Riemersma,TE,BUF,4.1875,0,0.71875,10,0.3961693548387097,-3.9375,-2
00-0013728,Jay Riemersma,TE,2003,PIT,4.966666666666667,0,0.40625,20,Jay Riemersma,TE,PIT,4.533333333333333,0,0.75,9,0.34375,-0.43333333333333357,0
00-0013888,Marcus Robinson,WR,2001,CHI,12.38,2,0.3548387096774194,21,Marcus Robinson,WR,CHI,4.319999999999999,0,0.1875,27,-0.16733870967741937,-8.060000000000002,-2
00-0013888,Marcus Robinson,WR,2004,MIN,10.713333333333331,1,0.9375,3,Marcus Robinson,WR,MIN,8.178571428571429,0,0.375,21,-0.5625,-2.5347619047619023,-1
00-0013888,Marcus Robinson,WR,2005,MIN,8.178571428571429,0,0.375,21,Marcus Robinson,WR,MIN,11.3875,2,0.125,29,-0.25,3.2089285714285705,2
00-0014328,Frank Sanders,WR,2001,ARI,7.52,0,0.5806451612903226,14,Frank Sanders,WR,ARI,8.018181818181818,0,0.21875,26,-0.3618951612903226,0.49818181818181806,0
00-0014489,Bill Schroeder,WR,2002,DET,9.107142857142858,1,0.15625,28,Bill Schroeder,WR,DET,6.264285714285714,0,0.0625,31,-0.09375,-2.8428571428571434,-1
00-0014655,Mike Sellers,TE,2005,WAS,7.477777777777778,1,0.6875,11,Mike Sellers,TE,WAS,2.8285714285714287,0,0.6875,11,0.0,-4.649206349206349,-1
00-0014655,Mike Sellers,TE,2006,WAS,2.8285714285714287,0,0.6875,11,Mike Sellers,TE,WAS,4.1923076923076925,0,0.4375,19,-0.25,1.3637362637362638,0
00-0014655,Mike Sellers,TE,2007,WAS,4.1923076923076925,0,0.4375,19,Mike Sellers,TE,WAS,3.525,0,0.375,21,-0.0625,-0.6673076923076926,0
00-0014655,Mike Sellers,TE,2008,WAS,3.525,0,0.375,21,Mike Sellers,TE,WAS,3.185714285714286,0,0.40625,20,0.03125,-0.33928571428571397,0
00-0014655,Mike Sellers,TE,2009,WAS,3.185714285714286,0,0.40625,20,Mike Sellers,TE,WAS,2.9733333333333336,0,0.25,25,-0.15625,-0.21238095238095234,0
00-0014722,Shannon Sharpe,TE,2002,DEN,11.353846153846153,3,0.90625,4,Shannon Sharpe,TE,DEN,12.466666666666669,4,0.8125,7,-0.09375,1.112820512820516,1
00-0015091,Antowain Smith,RB,2001,NE,13.99375,3,0.6774193548387096,11,Antowain Smith,RB,NE,12.60625,2,0.4375,19,-0.23991935483870963,-1.387500000000001,-1
00-0015091,Antowain Smith,RB,2002,NE,12.60625,2,0.4375,19,Antowain Smith,RB,NE,7.953846153846154,0,0.53125,16,0.09375,-4.652403846153845,-2
00-0015165,Emmitt Smith,RB,2001,DAL,10.478571428571428,1,0.0967741935483871,29,Emmitt Smith,RB,DAL,9.4,1,0.09375,30,-0.003024193548387094,-1.0785714285714274,0
00-0015165,Emmitt Smith,RB,2003,ARI,6.23,0,0.03125,32,Emmitt Smith,RB,ARI,11.736,2,0.21875,26,0.1875,5.506,2
00-0015218,Jimmy Smith,WR,2001,JAX,18.5625,4,0.032258064516129,31,Jimmy Smith,WR,JAX,14.18125,2,0.03125,32,-0.0010080645161289967,-4.38125,-2
00-0015218,Jimmy Smith,WR,2002,JAX,14.18125,2,0.03125,32,Jimmy Smith,WR,JAX,13.208333333333334,2,0.5625,15,0.53125,-0.9729166666666664,0
00-0015218,Jimmy Smith,WR,2003,JAX,13.208333333333334,2,0.5625,15,Jimmy Smith,WR,JAX,14.075,2,0.4375,19,-0.125,0.8666666666666654,0
00-0015218,Jimmy Smith,WR,2004,JAX,14.075,2,0.4375,19,Jimmy Smith,WR,JAX,13.01875,2,0.71875,10,0.28125,-1.0562499999999986,0
00-0015290,Rod Smith,WR,2001,DEN,21.2,5,0.4838709677419355,17,Rod Smith,WR,DEN,13.7875,2,0.90625,4,0.4223790322580645,-7.4125,-3
00-0015290,Rod Smith,WR,2002,DEN,13.7875,2,0.90625,4,Rod Smith,WR,DEN,13.018666666666666,2,0.8125,7,-0.09375,-0.7688333333333333,0
00-0015290,Rod Smith,WR,2003,DEN,13.018666666666666,2,0.8125,7,Rod Smith,WR,DEN,14.91875,3,0.78125,8,-0.03125,1.900083333333333,1
00-0015290,Rod Smith,WR,2004,DEN,14.91875,3,0.78125,8,Rod Smith,WR,DEN,14.2625,2,0.875,5,0.09375,-0.65625,-1
00-0015290,Rod Smith,WR,2005,DEN,14.2625,2,0.875,5,Rod Smith,WR,DEN,7.41875,0,0.53125,16,-0.34375,-6.843749999999999,-2
00-0015523,Duce Staley,RB,2001,PHI,16.0,3,0.5161290322580645,16,Duce Staley,RB,PHI,16.1375,3,0.53125,16,0.015120967741935498,0.1374999999999993,0
00-0015523,Duce Staley,RB,2002,PHI,16.1375,3,0.53125,16,Duce Staley,RB,PHI,9.86875,1,0.78125,8,0.25,-6.268749999999999,-2
00-0015523,Duce Staley,RB,2004,PIT,9.65,1,0.75,9,Duce Staley,RB,PIT,7.55,0,0.78125,8,0.03125,-2.1000000000000005,-1
00-0015601,Aaron Stecker,RB,2001,TB,5.614285714285714,0,0.6129032258064516,13,Aaron Stecker,RB,TB,2.9416666666666664,0,0.375,21,-0.23790322580645162,-2.6726190476190474,0
00-0015601,Aaron Stecker,RB,2002,TB,2.9416666666666664,0,0.375,21,Aaron Stecker,RB,TB,2.6916666666666664,0,0.5,17,0.125,-0.25,0
00-0015601,Aaron Stecker,RB,2004,NO,6.2,0,0.53125,16,Aaron Stecker,RB,NO,7.338461538461539,0,0.3125,23,-0.21875,1.1384615384615389,0
00-0015601,Aaron Stecker,RB,2005,NO,7.338461538461539,0,0.3125,23,Aaron Stecker,RB,NO,5.585714285714286,0,0.9375,3,0.625,-1.7527472527472527,0
00-0015601,Aaron Stecker,RB,2006,NO,5.585714285714286,0,0.9375,3,Aaron Stecker,RB,NO,9.35,1,0.75,9,-0.1875,3.7642857142857133,1
00-0015601,Aaron Stecker,RB,2007,NO,9.35,1,0.75,9,Aaron Stecker,RB,NO,4.083333333333333,0,0.96875,2,0.21875,-5.266666666666667,-1
00-0015698,James Stewart,RB,2001,DET,11.60909090909091,2,0.1612903225806451,27,James Stewart,RB,DET,15.528571428571428,3,0.15625,28,-0.005040322580645101,3.919480519480519,1
00-0015700,Kordell Stewart,QB,2001,PIT,14.62875,1,0.9032258064516128,4,Kordell Stewart,QB,PIT,12.471428571428572,1,0.59375,14,-0.30947580645161277,-2.1573214285714286,0
00-0015751,J.J. Stokes,WR,2001,SF,9.65625,1,0.967741935483871,2,J.J. Stokes,WR,SF,5.933333333333334,0,0.9375,3,-0.030241935483870996,-3.7229166666666664,-1
00-0015754,Brandon Stokley,WR,2001,BAL,4.40625,0,0.2258064516129032,25,Brandon Stokley,WR,BAL,9.1,1,0.3125,23,0.08669354838709681,4.69375,1
00-0015754,Brandon Stokley,WR,2003,IND,12.22,2,0.96875,2,Brandon Stokley,WR,IND,15.58,3,1.0,1,0.03125,3.3599999999999994,1
00-0015754,Brandon Stokley,WR,2004,IND,15.58,3,1.0,1,Brandon Stokley,WR,IND,8.441666666666666,0,1.0,1,0.0,-7.138333333333334,-3
00-0015754,Brandon Stokley,WR,2005,IND,8.441666666666666,0,1.0,1,Brandon Stokley,WR,IND,5.625,0,1.0,1,0.0,-2.8166666666666664,0
00-0015754,Brandon Stokley,WR,2007,DEN,10.223076923076924,1,0.6875,11,Brandon Stokley,WR,DEN,7.966666666666667,0,0.875,5,0.1875,-2.2564102564102573,-1
00-0015754,Brandon Stokley,WR,2008,DEN,7.966666666666667,0,0.875,5,Brandon Stokley,WR,DEN,6.881818181818182,0,0.4375,19,-0.4375,-1.084848484848485,0
00-0015811,Tai Streets,WR,2001,SF,4.28125,0,0.967741935483871,2,Tai Streets,WR,SF,11.84,2,0.9375,3,-0.030241935483870996,7.55875,2
00-0015811,Tai Streets,WR,2002,SF,11.84,2,0.9375,3,Tai Streets,WR,SF,10.607142857142858,1,0.71875,10,-0.21875,-1.2328571428571422,-1
00-0015959,Kevin Swayne,WR,2001,NYJ,2.5615384615384613,0,0.5483870967741935,15,Kevin Swayne,WR,NYJ,1.8,0,0.84375,6,0.2953629032258065,-0.7615384615384613,0
00-0015970,Justin Swift,WR,2001,SF,2.6222222222222222,0,0.967741935483871,2,Justin Swift,WR,SF,2.0375,0,0.9375,3,-0.030241935483870996,-0.5847222222222221,0
00-0015980,Reggie Swinton,WR,2001,DAL,4.328571428571428,0,0.0967741935483871,29,Reggie Swinton,WR,DAL,5.4,0,0.09375,30,-0.003024193548387094,1.071428571428572,0
00-0015980,Reggie Swinton,WR,2003,DET,6.42,0,0.0625,31,Reggie Swinton,WR,DET,5.7,0,0.3125,23,0.25,-0.7199999999999998,0
00-0016098,Fred Taylor,RB,2002,JAX,16.8375,4,0.03125,32,Fred Taylor,RB,JAX,17.2625,4,0.5625,15,0.53125,0.4250000000000007,0
00-0016098,Fred Taylor,RB,2003,JAX,17.2625,4,0.5625,15,Fred Taylor,RB,JAX,14.778571428571428,3,0.4375,19,-0.125,-2.483928571428571,-1
00-0016098,Fred Taylor,RB,2004,JAX,14.778571428571428,3,0.4375,19,Fred Taylor,RB,JAX,10.727272727272728,1,0.71875,10,0.28125,-4.0512987012987,-2
00-0016098,Fred Taylor,RB,2005,JAX,10.727272727272728,1,0.71875,10,Fred Taylor,RB,JAX,12.92,2,0.75,9,0.03125,2.1927272727272715,1
00-0016098,Fred Taylor,RB,2006,JAX,12.92,2,0.75,9,Fred Taylor,RB,JAX,10.866666666666667,1,0.9375,3,0.1875,-2.053333333333333,-1
00-0016098,Fred Taylor,RB,2007,JAX,10.866666666666667,1,0.9375,3,Fred Taylor,RB,JAX,6.56923076923077,0,0.53125,16,-0.40625,-4.297435897435897,-1
00-0016098,Fred Taylor,RB,2009,NE,8.766666666666667,0,0.90625,4,Fred Taylor,RB,NE,2.585714285714286,0,1.0,1,0.09375,-6.180952380952382,0
00-0016193,Vinny Testaverde,QB,2001,NYJ,8.855,0,0.5483870967741935,15,Vinny Testaverde,QB,NYJ,5.252000000000001,0,0.84375,6,0.2953629032258065,-3.6029999999999998,0
00-0016193,Vinny Testaverde,QB,2002,NYJ,5.252000000000001,0,0.84375,6,Vinny Testaverde,QB,NYJ,11.528571428571428,1,0.625,13,-0.21875,6.276571428571428,1
00-0016347,Jeff Thomason,TE,2001,PHI,1.0375,0,0.5161290322580645,16,Jeff Thomason,TE,PHI,4.971428571428571,0,0.53125,16,0.015120967741935498,3.9339285714285706,0
00-0016373,Derrius Thompson,WR,2001,WAS,3.55,0,0.1935483870967742,26,Derrius Thompson,WR,WAS,10.533333333333331,1,0.34375,22,0.1502016129032258,6.983333333333332,1
00-0016373,Derrius Thompson,WR,2003,MIA,4.7615384615384615,0,0.3125,23,Derrius Thompson,WR,MIA,6.376923076923077,0,0.0625,31,-0.25,1.6153846153846159,0
00-0016440,James Thrash,WR,2001,PHI,13.2,2,0.5161290322580645,16,James Thrash,WR,PHI,10.88125,1,0.53125,16,0.015120967741935498,-2.3187499999999996,-1
00-0016440,James Thrash,WR,2002,PHI,10.88125,1,0.53125,16,James Thrash,WR,PHI,7.25625,0,0.78125,8,0.25,-3.625,-1
00-0016440,James Thrash,WR,2004,WAS,6.216666666666666,0,0.15625,28,James Thrash,WR,WAS,4.275,0,0.6875,11,0.53125,-1.9416666666666655,0
00-0016440,James Thrash,WR,2005,WAS,4.275,0,0.6875,11,James Thrash,WR,WAS,5.516666666666667,0,0.6875,11,0.0,1.2416666666666663,0
00-0016440,James Thrash,WR,2006,WAS,5.516666666666667,0,0.6875,11,James Thrash,WR,WAS,7.925,0,0.4375,19,-0.25,2.408333333333333,0
00-0016440,James Thrash,WR,2007,WAS,7.925,0,0.4375,19,James Thrash,WR,WAS,3.3000000000000003,0,0.375,21,-0.0625,-4.625,0
00-0016550,Amani Toomer,WR,2001,NYG,13.0125,2,0.4516129032258064,18,Amani Toomer,WR,NYG,16.53125,3,0.5,17,0.048387096774193616,3.5187500000000007,1
00-0016550,Amani Toomer,WR,2002,NYG,16.53125,3,0.5,17,Amani Toomer,WR,NYG,12.45,2,0.09375,30,-0.40625,-4.081250000000001,-1
00-0016550,Amani Toomer,WR,2003,NYG,12.45,2,0.09375,30,Amani Toomer,WR,NYG,8.246666666666666,0,0.5,17,0.40625,-4.203333333333333,-2
00-0016550,Amani Toomer,WR,2004,NYG,8.246666666666666,0,0.5,17,Amani Toomer,WR,NYG,12.171428571428573,2,0.75,9,0.25,3.9247619047619065,2
00-0016550,Amani Toomer,WR,2005,NYG,12.171428571428573,2,0.75,9,Amani Toomer,WR,NYG,10.75,1,0.59375,14,-0.15625,-1.4214285714285726,-1
00-0016550,Amani Toomer,WR,2006,NYG,10.75,1,0.59375,14,Amani Toomer,WR,NYG,10.928571428571429,1,0.46875,18,-0.125,0.17857142857142883,0
00-0016550,Amani Toomer,WR,2007,NYG,10.928571428571429,1,0.46875,18,Amani Toomer,WR,NYG,8.666666666666666,0,0.84375,6,0.375,-2.2619047619047628,-1
00-0016677,Jerame Tuman,TE,2001,PIT,2.26,0,0.9032258064516128,4,Jerame Tuman,TE,PIT,1.8111111111111111,0,0.59375,14,-0.30947580645161277,-0.44888888888888867,0
00-0016677,Jerame Tuman,TE,2002,PIT,1.8111111111111111,0,0.59375,14,Jerame Tuman,TE,PIT,2.588888888888889,0,0.40625,20,-0.1875,0.7777777777777779,0
00-0016677,Jerame Tuman,TE,2003,PIT,2.588888888888889,0,0.40625,20,Jerame Tuman,TE,PIT,7.18,1,0.75,9,0.34375,4.591111111111111,1
00-0017109,Wesley Walls,TE,2001,CAR,8.442857142857143,2,0.064516129032258,30,Wesley Walls,TE,CAR,5.591666666666666,0,0.125,29,0.06048387096774201,-2.851190476190477,-2
00-0017110,Chris Walsh,WR,2001,MIN,1.9625,0,0.4193548387096774,19,Chris Walsh,WR,MIN,3.1818181818181817,0,0.875,5,0.4556451612903226,1.2193181818181817,0
00-0017160,Dedric Ward,WR,2001,MIA,3.3846153846153846,0,0.6451612903225806,12,Dedric Ward,WR,MIA,2.4133333333333336,0,0.65625,12,0.011088709677419373,-0.971282051282051,0
00-0017162,Hines Ward,WR,2001,PIT,14.0375,2,0.9032258064516128,4,Hines Ward,WR,PIT,20.94375,5,0.59375,14,-0.30947580645161277,6.906250000000002,3
00-0017162,Hines Ward,WR,2002,PIT,20.94375,5,0.59375,14,Hines Ward,WR,PIT,17.40625,3,0.40625,20,-0.1875,-3.5375000000000014,-2
00-0017162,Hines Ward,WR,2003,PIT,17.40625,3,0.40625,20,Hines Ward,WR,PIT,13.30625,2,0.75,9,0.34375,-4.1,-1
00-0017162,Hines Ward,WR,2004,PIT,13.30625,2,0.75,9,Hines Ward,WR,PIT,15.433333333333334,3,0.78125,8,0.03125,2.127083333333333,1
00-0017162,Hines Ward,WR,2005,PIT,15.433333333333334,3,0.78125,8,Hines Ward,WR,PIT,14.892857142857142,3,0.71875,10,-0.0625,-0.5404761904761912,0
00-0017162,Hines Ward,WR,2006,PIT,14.892857142857142,3,0.71875,10,Hines Ward,WR,PIT,14.63846153846154,2,0.84375,6,0.125,-0.2543956043956026,-1
00-0017162,Hines Ward,WR,2007,PIT,14.63846153846154,2,0.84375,6,Hines Ward,WR,PIT,14.29375,2,0.4375,19,-0.40625,-0.34471153846154046,0
00-0017162,Hines Ward,WR,2008,PIT,14.29375,2,0.4375,19,Hines Ward,WR,PIT,15.35625,3,0.65625,12,0.21875,1.0625,1
00-0017162,Hines Ward,WR,2009,PIT,15.35625,3,0.65625,12,Hines Ward,WR,PIT,10.14375,1,0.71875,10,0.0625,-5.212499999999999,-2
00-0017162,Hines Ward,WR,2010,PIT,10.14375,1,0.71875,10,Hines Ward,WR,PIT,6.721428571428571,0,0.84375,6,0.125,-3.42232142857143,-1
00-0017200,Kurt Warner,QB,2001,LA,18.325,3,1.0,1,Kurt Warner,QB,LA,6.648571428571429,0,0.25,25,-0.75,-11.67642857142857,-3
00-0017200,Kurt Warner,QB,2005,ARI,13.032,1,0.40625,20,Kurt Warner,QB,ARI,10.563333333333334,1,0.46875,18,0.0625,-2.4686666666666657,0
00-0017200,Kurt Warner,QB,2006,ARI,10.563333333333334,1,0.46875,18,Kurt Warner,QB,ARI,14.704285714285716,1,0.5,17,0.03125,4.140952380952381,0
00-0017200,Kurt Warner,QB,2007,ARI,14.704285714285716,1,0.5,17,Kurt Warner,QB,ARI,16.3175,2,0.6875,11,0.1875,1.6132142857142835,1
00-0017200,Kurt Warner,QB,2008,ARI,16.3175,2,0.6875,11,Kurt Warner,QB,ARI,14.621333333333332,1,0.46875,18,-0.21875,-1.6961666666666666,-1
00-0017356,Jed Weaver,TE,2001,MIA,3.5357142857142856,0,0.6451612903225806,12,Jed Weaver,TE,MIA,5.25,0,0.65625,12,0.011088709677419373,1.7142857142857144,0
00-0017486,Tyrone Wheatley,RB,2001,LV,7.245454545454546,0,0.935483870967742,3,Tyrone Wheatley,RB,LV,5.214285714285714,0,0.96875,2,0.03326612903225801,-2.0311688311688316,0
00-0017486,Tyrone Wheatley,RB,2002,LV,5.214285714285714,0,0.96875,2,Tyrone Wheatley,RB,LV,7.453333333333333,0,0.1875,27,-0.78125,2.2390476190476187,0
00-0017486,Tyrone Wheatley,RB,2003,LV,7.453333333333333,0,0.1875,27,Tyrone Wheatley,RB,LV,9.9375,1,0.46875,18,0.28125,2.484166666666667,1
00-0017611,Alvis Whitted,WR,2003,LV,3.4125,0,0.1875,27,Alvis Whitted,WR,LV,6.528571428571429,0,0.46875,18,0.28125,3.1160714285714293,0
00-0017611,Alvis Whitted,WR,2004,LV,6.528571428571429,0,0.46875,18,Alvis Whitted,WR,LV,4.155555555555555,0,0.53125,16,0.0625,-2.3730158730158744,0
00-0017611,Alvis Whitted,WR,2005,LV,4.155555555555555,0,0.53125,16,Alvis Whitted,WR,LV,4.608333333333333,0,0.03125,32,-0.5,0.4527777777777784,0
00-0017644,Jermaine Wiggins,TE,2002,CAR,2.8857142857142857,0,0.125,29,Jermaine Wiggins,TE,CAR,3.6666666666666665,0,0.4375,19,0.3125,0.7809523809523808,0
00-0017644,Jermaine Wiggins,TE,2004,MIN,11.821428571428571,4,0.9375,3,Jermaine Wiggins,TE,MIN,8.72,2,0.375,21,-0.5625,-3.1014285714285705,-2
00-0017644,Jermaine Wiggins,TE,2005,MIN,8.72,2,0.375,21,Jermaine Wiggins,TE,MIN,6.04,1,0.125,29,-0.25,-2.6800000000000006,-1
00-0017847,Karl Williams,WR,2001,TB,5.184615384615385,0,0.6129032258064516,13,Karl Williams,WR,TB,3.742857142857143,0,0.375,21,-0.23790322580645162,-1.441758241758242,0
00-0017847,Karl Williams,WR,2002,TB,3.742857142857143,0,0.375,21,Karl Williams,WR,TB,3.4333333333333336,0,0.5,17,0.125,-0.3095238095238093,0
00-0017892,Moe Williams,RB,2002,MIN,9.80625,1,0.875,5,Moe Williams,RB,MIN,15.0875,3,0.9375,3,0.0625,5.28125,2
00-0017892,Moe Williams,RB,2003,MIN,15.0875,3,0.9375,3,Moe Williams,RB,MIN,6.492307692307692,0,0.9375,3,0.0,-8.595192307692308,-3
00-0017892,Moe Williams,RB,2004,MIN,6.492307692307692,0,0.9375,3,Moe Williams,RB,MIN,3.04,0,0.375,21,-0.5625,-3.4523076923076923,0
00-0017915,Ricky Williams,RB,2002,MIA,22.5375,5,0.65625,12,Ricky Williams,RB,MIA,17.01875,4,0.3125,23,-0.34375,-5.518750000000001,-1
00-0017915,Ricky Williams,RB,2008,MIA,8.90625,1,0.8125,7,Ricky Williams,RB,MIA,15.48125,3,0.53125,16,-0.28125,6.574999999999999,2
00-0017915,Ricky Williams,RB,2009,MIA,15.48125,3,0.53125,16,Ricky Williams,RB,MIA,7.15,0,0.3125,23,-0.21875,-8.331249999999999,-3
00-0017924,Roland Williams,TE,2001,LV,5.05,0,0.935483870967742,3,Roland Williams,TE,LV,3.715384615384615,0,0.96875,2,0.03326612903225801,-1.3346153846153848,0
00-0018343,Frank Wycheck,TE,2001,TEN,9.50875,2,0.7741935483870968,8,Frank Wycheck,TE,TEN,6.08,1,0.8125,7,0.03830645161290325,-3.428749999999999,-1
00-0018343,Frank Wycheck,TE,2002,TEN,6.08,1,0.8125,7,Frank Wycheck,TE,TEN,5.055555555555555,0,0.75,9,-0.0625,-1.0244444444444447,-1
00-0018501,Amos Zereoue,RB,2001,PIT,6.1923076923076925,0,0.9032258064516128,4,Amos Zereoue,RB,PIT,10.76875,1,0.59375,14,-0.30947580645161277,4.576442307692308,1
00-0018501,Amos Zereoue,RB,2002,PIT,10.76875,1,0.59375,14,Amos Zereoue,RB,PIT,7.89375,0,0.40625,20,-0.1875,-2.875000000000001,-1
00-0018588,Alan Ricard,RB,2002,BAL,2.8166666666666664,0,0.3125,23,Alan Ricard,RB,BAL,1.65,0,0.34375,22,0.03125,-1.1666666666666665,0
00-0018588,Alan Ricard,RB,2003,BAL,1.65,0,0.34375,22,Alan Ricard,RB,BAL,1.5416666666666667,0,0.1875,27,-0.15625,-0.10833333333333317,0
00-0018958,Laveranues Coles,WR,2001,NYJ,12.4125,2,0.5483870967741935,15,Laveranues Coles,WR,NYJ,15.70625,3,0.84375,6,0.2953629032258065,3.293750000000001,1
00-0018958,Laveranues Coles,WR,2003,WAS,15.14375,3,0.46875,18,Laveranues Coles,WR,WAS,11.79375,2,0.15625,28,-0.3125,-3.3500000000000014,-1
00-0018958,Laveranues Coles,WR,2005,NYJ,11.71875,2,0.125,29,Laveranues Coles,WR,NYJ,14.76875,3,0.5625,15,0.4375,3.0500000000000007,1
00-0018958,Laveranues Coles,WR,2006,NYJ,14.76875,3,0.5625,15,Laveranues Coles,WR,NYJ,14.145454545454545,2,0.34375,22,-0.21875,-0.6232954545454561,-1
00-0018958,Laveranues Coles,WR,2007,NYJ,14.145454545454545,2,0.34375,22,Laveranues Coles,WR,NYJ,12.3,2,0.625,13,0.28125,-1.845454545454544,0
00-0019041,Billy Volek,QB,2003,TEN,6.7,0,0.75,9,Billy Volek,QB,TEN,15.93,2,0.59375,14,-0.15625,9.23,2
00-0019041,Billy Volek,QB,2004,TEN,15.93,2,0.59375,14,Billy Volek,QB,TEN,5.452,0,0.15625,28,-0.4375,-10.478,-2
00-0019057,Jamel White,RB,2001,CLE,10.39375,1,0.1290322580645161,28,Jamel White,RB,CLE,12.37142857142857,2,0.46875,18,0.3397177419354839,1.9776785714285694,1
00-0019057,Jamel White,RB,2002,CLE,12.37142857142857,2,0.46875,18,Jamel White,RB,CLE,7.05625,0,0.21875,26,-0.25,-5.31517857142857,-2
00-0019087,Doug Johnson,QB,2002,ATL,4.586666666666667,0,0.78125,8,Doug Johnson,QB,ATL,8.23,0,0.15625,28,-0.625,3.6433333333333335,0
00-0019109,Scottie Montgomery,WR,2001,DEN,2.675,0,0.4838709677419355,17,Scottie Montgomery,WR,DEN,2.225,0,0.90625,4,0.4223790322580645,-0.44999999999999973,0
00-0019127,Todd Yoder,TE,2007,WAS,4.54,0,0.4375,19,Todd Yoder,TE,WAS,3.8,0,0.375,21,-0.0625,-0.7400000000000002,0
00-0019127,Todd Yoder,TE,2008,WAS,3.8,0,0.375,21,Todd Yoder,TE,WAS,4.58,0,0.40625,20,0.03125,0.7800000000000002,0
00-0019231,Larry Foster,WR,2001,DET,3.9153846153846152,0,0.1612903225806451,27,Larry Foster,WR,DET,2.433333333333333,0,0.15625,28,-0.005040322580645101,-1.4820512820512821,0
00-0019242,Dane Looker,WR,2003,LA,7.05875,0,0.6875,11,Dane Looker,WR,LA,4.883333333333334,0,0.625,13,-0.0625,-2.175416666666666,0
00-0019242,Dane Looker,WR,2004,LA,4.883333333333334,0,0.625,13,Dane Looker,WR,LA,4.844444444444445,0,0.625,13,0.0,-0.03888888888888875,0
00-0019242,Dane Looker,WR,2007,LA,1.96,0,0.09375,30,Dane Looker,WR,LA,5.525454545454545,0,0.03125,32,-0.0625,3.5654545454545454,0
00-0019281,Mike Furrey,WR,2006,DET,15.0375,3,0.15625,28,Mike Furrey,WR,DET,9.528571428571428,1,0.375,21,0.21875,-5.508928571428571,-2
00-0019281,Mike Furrey,WR,2007,DET,9.528571428571428,1,0.375,21,Mike Furrey,WR,DET,5.9,0,0.09375,30,-0.28125,-3.628571428571428,-1
00-0019290,Zeron Flemister,TE,2001,WAS,4.509090909090909,0,0.1935483870967742,26,Zeron Flemister,TE,WAS,3.327272727272728,0,0.34375,22,0.1502016129032258,-1.1818181818181808,0
00-0019290,Zeron Flemister,TE,2002,WAS,3.327272727272728,0,0.34375,22,Zeron Flemister,TE,WAS,2.65,0,0.46875,18,0.125,-0.6772727272727281,0
00-0019302,Bryan Gilmore,WR,2004,MIA,5.45,0,0.0625,31,Bryan Gilmore,WR,MIA,4.3,0,0.5,17,0.4375,-1.1500000000000004,0
00-0019302,Bryan Gilmore,WR,2006,SF,3.64,0,0.21875,26,Bryan Gilmore,WR,SF,4.325,0,0.03125,32,-0.1875,0.685,0
00-0019455,Peter Warrick,WR,2001,CIN,8.88125,1,0.2580645161290322,24,Peter Warrick,WR,CIN,10.12,1,0.28125,24,0.023185483870967805,1.2387499999999996,0
00-0019455,Peter Warrick,WR,2002,CIN,10.12,1,0.28125,24,Peter Warrick,WR,CIN,15.04,3,0.84375,6,0.5625,4.92,2
00-0019457,Anthony Becht,TE,2001,NYJ,6.13125,1,0.5483870967741935,15,Anthony Becht,TE,NYJ,6.021428571428571,1,0.84375,6,0.2953629032258065,-0.10982142857142829,0
00-0019457,Anthony Becht,TE,2002,NYJ,6.021428571428571,1,0.84375,6,Anthony Becht,TE,NYJ,6.7733333333333325,1,0.625,13,-0.21875,0.7519047619047612,0
00-0019457,Anthony Becht,TE,2003,NYJ,6.7733333333333325,1,0.625,13,Anthony Becht,TE,NYJ,3.625,0,0.71875,10,0.09375,-3.1483333333333325,-1
00-0019457,Anthony Becht,TE,2005,TB,2.72,0,0.4375,19,Anthony Becht,TE,TB,3.55,0,0.09375,30,-0.34375,0.8299999999999996,0
00-0019457,Anthony Becht,TE,2006,TB,3.55,0,0.09375,30,Anthony Becht,TE,TB,3.8,0,0.65625,12,0.5625,0.25,0
00-0019464,Dustin Lyman,TE,2002,CHI,7.62,1,0.1875,27,Dustin Lyman,TE,CHI,3.8,0,0.28125,24,0.09375,-3.8200000000000003,-1
00-0019464,Dustin Lyman,TE,2003,CHI,3.8,0,0.28125,24,Dustin Lyman,TE,CHI,3.4714285714285715,0,0.03125,32,-0.25,-0.3285714285714283,0
00-0019484,Sammy Morris,RB,2001,BUF,1.3166666666666669,0,0.3225806451612903,22,Sammy Morris,RB,BUF,1.66,0,0.71875,10,0.3961693548387097,0.34333333333333305,0
00-0019484,Sammy Morris,RB,2002,BUF,1.66,0,0.71875,10,Sammy Morris,RB,BUF,4.111111111111111,0,0.125,29,-0.59375,2.4511111111111106,0
00-0019484,Sammy Morris,RB,2004,MIA,10.225,1,0.0625,31,Sammy Morris,RB,MIA,3.15,0,0.5,17,0.4375,-7.074999999999999,-1
00-0019484,Sammy Morris,RB,2005,MIA,3.15,0,0.5,17,Sammy Morris,RB,MIA,6.6000000000000005,0,0.1875,27,-0.3125,3.4500000000000006,0
00-0019484,Sammy Morris,RB,2007,NE,10.983333333333334,1,1.0,1,Sammy Morris,RB,NE,11.215384615384616,2,0.90625,4,-0.09375,0.23205128205128212,1
00-0019484,Sammy Morris,RB,2008,NE,11.215384615384616,2,0.90625,4,Sammy Morris,RB,NE,6.575,0,0.90625,4,0.0,-4.640384615384616,-2
00-0019484,Sammy Morris,RB,2009,NE,6.575,0,0.90625,4,Sammy Morris,RB,NE,1.45,0,1.0,1,0.09375,-5.125,0
00-0019491,James Williams,WR,2001,SEA,7.840000000000001,0,0.7096774193548387,10,James Williams,WR,SEA,2.3625,0,0.75,9,0.040322580645161255,-5.477500000000001,0
00-0019505,Charles Lee,WR,2003,TB,14.933333333333332,3,0.5,17,Charles Lee,WR,TB,5.616666666666667,0,0.28125,24,-0.21875,-9.316666666666665,-3
00-0019516,Troy Hambrick,RB,2001,DAL,4.88125,0,0.0967741935483871,29,Troy Hambrick,RB,DAL,4.1625,0,0.09375,30,-0.003024193548387094,-0.71875,0
00-0019516,Troy Hambrick,RB,2002,DAL,4.1625,0,0.09375,30,Troy Hambrick,RB,DAL,9.25625,1,0.375,21,0.28125,5.09375,1
00-0019533,Patrick Pass,RB,2003,NE,2.2,0,0.53125,16,Patrick Pass,RB,NE,5.3,0,0.84375,6,0.3125,3.0999999999999996,0
00-0019533,Patrick Pass,RB,2004,NE,5.3,0,0.84375,6,Patrick Pass,RB,NE,8.52,0,0.8125,7,-0.03125,3.2199999999999998,0
00-0019539,Dante Hall,WR,2002,KC,6.685714285714285,0,1.0,1,Dante Hall,WR,KC,7.793333333333334,0,1.0,1,0.0,1.1076190476190488,0
00-0019539,Dante Hall,WR,2003,KC,7.793333333333334,0,1.0,1,Dante Hall,WR,KC,5.046153846153846,0,0.96875,2,-0.03125,-2.747179487179488,0
00-0019539,Dante Hall,WR,2004,KC,5.046153846153846,0,0.96875,2,Dante Hall,WR,KC,6.846666666666667,0,0.90625,4,-0.0625,1.8005128205128207,0
00-0019539,Dante Hall,WR,2005,KC,6.846666666666667,0,0.90625,4,Dante Hall,WR,KC,5.038461538461538,0,0.65625,12,-0.25,-1.8082051282051284,0
00-0019539,Dante Hall,WR,2007,LA,3.1,0,0.09375,30,Dante Hall,WR,LA,3.3428571428571425,0,0.03125,32,-0.0625,0.24285714285714244,0
00-0019543,Danny Farmer,WR,2001,CIN,5.475,0,0.2580645161290322,24,Danny Farmer,WR,CIN,3.4166666666666665,0,0.28125,24,0.023185483870967805,-2.058333333333333,0
00-0019552,Troy Walters,WR,2002,IND,4.0,0,0.6875,11,Troy Walters,WR,IND,8.35,0,0.96875,2,0.28125,4.35,0
00-0019559,Chad Pennington,QB,2002,NYJ,14.513333333333332,1,0.84375,6,Chad Pennington,QB,NYJ,12.776,1,0.625,13,-0.21875,-1.737333333333332,0
00-0019559,Chad Pennington,QB,2003,NYJ,12.776,1,0.625,13,Chad Pennington,QB,NYJ,12.886153846153848,1,0.71875,10,0.09375,0.11015384615384782,0
00-0019559,Chad Pennington,QB,2006,NYJ,10.82375,1,0.5625,15,Chad Pennington,QB,NYJ,11.315555555555555,1,0.34375,22,-0.21875,0.4918055555555547,0
00-0019564,Aaron Shea,TE,2001,CLE,2.511111111111111,0,0.1290322580645161,28,Aaron Shea,TE,CLE,2.38,0,0.46875,18,0.3397177419354839,-0.13111111111111118,0
00-0019564,Aaron Shea,TE,2004,CLE,6.836363636363637,1,0.125,29,Aaron Shea,TE,CLE,5.614285714285714,0,0.09375,30,-0.03125,-1.222077922077923,-1
00-0019576,Mike Green,RB,2001,TEN,4.1875,0,0.7741935483870968,8,Mike Green,RB,TEN,2.58,0,0.8125,7,0.03830645161290325,-1.6075,0
00-0019594,Mike Anderson,RB,2001,DEN,6.5375,0,0.4838709677419355,17,Mike Anderson,RB,DEN,6.3533333333333335,0,0.90625,4,0.4223790322580645,-0.18416666666666615,0
00-0019594,Mike Anderson,RB,2002,DEN,6.3533333333333335,0,0.90625,4,Mike Anderson,RB,DEN,7.3,0,0.8125,7,-0.09375,0.9466666666666663,0
00-0019594,Mike Anderson,RB,2006,BAL,2.976923076923077,0,0.625,13,Mike Anderson,RB,BAL,1.8,0,0.21875,26,-0.40625,-1.176923076923077,0
00-0019596,Tom Brady,QB,2001,NE,10.888,1,0.6774193548387096,11,Tom Brady,QB,NE,15.3475,2,0.4375,19,-0.23991935483870963,4.4595,1
00-0019596,Tom Brady,QB,2002,NE,15.3475,2,0.4375,19,Tom Brady,QB,NE,13.44375,1,0.53125,16,0.09375,-1.9037500000000005,-1
00-0019596,Tom Brady,QB,2003,NE,13.44375,1,0.53125,16,Tom Brady,QB,NE,14.025,1,0.84375,6,0.3125,0.5812500000000007,0
00-0019596,Tom Brady,QB,2004,NE,14.025,1,0.84375,6,Tom Brady,QB,NE,15.58125,2,0.8125,7,-0.03125,1.5562500000000004,1
00-0019596,Tom Brady,QB,2005,NE,15.58125,2,0.8125,7,Tom Brady,QB,NE,13.72,1,0.875,5,0.0625,-1.86125,-1
00-0019596,Tom Brady,QB,2006,NE,13.72,1,0.875,5,Tom Brady,QB,NE,24.3775,5,1.0,1,0.125,10.6575,4
00-0019596,Tom Brady,QB,2009,NE,16.895,2,0.90625,4,Tom Brady,QB,NE,18.6875,3,1.0,1,0.09375,1.7925000000000004,1
00-0019596,Tom Brady,QB,2010,NE,18.6875,3,1.0,1,Tom Brady,QB,NE,22.89375,4,0.9375,3,-0.0625,4.206250000000001,1
00-0019596,Tom Brady,QB,2011,NE,22.89375,4,0.9375,3,Tom Brady,QB,NE,21.2675,4,1.0,1,0.0625,-1.6262500000000024,0
00-0019596,Tom Brady,QB,2012,NE,21.2675,4,1.0,1,Tom Brady,QB,NE,15.72,2,0.8125,7,-0.1875,-5.547499999999998,-2
00-0019596,Tom Brady,QB,2013,NE,15.72,2,0.8125,7,Tom Brady,QB,NE,17.37875,2,0.875,5,0.0625,1.6587499999999995,0
00-0019596,Tom Brady,QB,2014,NE,17.37875,2,0.875,5,Tom Brady,QB,NE,21.54375,4,0.9375,3,0.0625,4.164999999999999,2
00-0019596,Tom Brady,QB,2015,NE,21.54375,4,0.9375,3,Tom Brady,QB,NE,21.546666666666667,4,0.96875,2,0.03125,0.0029166666666675667,0
00-0019596,Tom Brady,QB,2016,NE,21.546666666666667,4,0.96875,2,Tom Brady,QB,NE,18.4925,3,1.0,1,0.03125,-3.054166666666667,-1
00-0019596,Tom Brady,QB,2017,NE,18.4925,3,1.0,1,Tom Brady,QB,NE,17.58125,2,0.8125,7,-0.1875,-0.911249999999999,-1
00-0019596,Tom Brady,QB,2018,NE,17.58125,2,0.8125,7,Tom Brady,QB,NE,16.48,2,0.5625,15,-0.25,-1.1012500000000003,0
00-0019596,Tom Brady,QB,2020,TB,21.12,4,0.875,5,Tom Brady,QB,TB,22.043529411764705,4,1.0,1,0.125,0.9235294117647044,0
00-0019596,Tom Brady,QB,2021,TB,22.043529411764705,4,1.0,1,Tom Brady,QB,TB,15.980000000000002,2,0.40625,20,-0.59375,-6.063529411764703,-2
00-0019599,Marc Bulger,QB,2002,LA,17.005714285714287,2,0.25,25,Marc Bulger,QB,LA,14.486666666666668,1,0.6875,11,0.4375,-2.519047619047619,-1
00-0019599,Marc Bulger,QB,2003,LA,14.486666666666668,1,0.6875,11,Marc Bulger,QB,LA,16.818571428571428,2,0.625,13,-0.0625,2.3319047619047595,1
00-0019599,Marc Bulger,QB,2004,LA,16.818571428571428,2,0.625,13,Marc Bulger,QB,LA,16.235,2,0.625,13,0.0,-0.5835714285714282,0
00-0019599,Marc Bulger,QB,2005,LA,16.235,2,0.625,13,Marc Bulger,QB,LA,15.7775,2,0.78125,8,0.15625,-0.4574999999999996,0
00-0019599,Marc Bulger,QB,2006,LA,15.7775,2,0.78125,8,Marc Bulger,QB,LA,8.748333333333333,0,0.09375,30,-0.6875,-7.029166666666667,-2
00-0019599,Marc Bulger,QB,2007,LA,8.748333333333333,0,0.09375,30,Marc Bulger,QB,LA,8.458666666666666,0,0.03125,32,-0.0625,-0.2896666666666672,0
00-0019599,Marc Bulger,QB,2008,LA,8.458666666666666,0,0.03125,32,Marc Bulger,QB,LA,7.439999999999999,0,0.03125,32,0.0,-1.0186666666666673,0
00-0019600,Michael L. Lewis,WR,2002,NO,5.6875,0,0.40625,20,Michael L. Lewis,WR,NO,6.3500000000000005,0,0.65625,12,0.25,0.6625000000000005,0
00-0019600,Michael L. Lewis,WR,2003,NO,6.3500000000000005,0,0.65625,12,Michael L. Lewis,WR,NO,5.34,0,0.53125,16,-0.125,-1.0100000000000007,0
00-0019606,Todd Pinkston,WR,2001,PHI,8.34,0,0.5161290322580645,16,Todd Pinkston,WR,PHI,12.02,2,0.53125,16,0.015120967741935498,3.6799999999999997,2
00-0019606,Todd Pinkston,WR,2002,PHI,12.02,2,0.53125,16,Todd Pinkston,WR,PHI,6.826666666666667,0,0.78125,8,0.25,-5.1933333333333325,-2
00-0019606,Todd Pinkston,WR,2003,PHI,6.826666666666667,0,0.78125,8,Todd Pinkston,WR,PHI,8.430769230769231,0,0.8125,7,0.03125,1.604102564102564,0
00-0019610,Reuben Droughns,RB,2002,DEN,3.3428571428571425,0,0.90625,4,Reuben Droughns,RB,DEN,4.442857142857143,0,0.8125,7,-0.09375,1.1000000000000005,0
00-0019610,Reuben Droughns,RB,2003,DEN,4.442857142857143,0,0.8125,7,Reuben Droughns,RB,DEN,14.806666666666668,3,0.78125,8,-0.03125,10.363809523809525,3
00-0019610,Reuben Droughns,RB,2005,CLE,13.06875,2,0.09375,30,Reuben Droughns,RB,CLE,9.69285714285714,1,0.0625,31,-0.03125,-3.37589285714286,-1
00-0019614,Michael Wiley,RB,2001,DAL,3.773333333333333,0,0.0967741935483871,29,Michael Wiley,RB,DAL,3.1375,0,0.09375,30,-0.003024193548387094,-0.6358333333333328,0
00-0019623,Tim Rattay,QB,2002,SF,4.32,0,0.9375,3,Tim Rattay,QB,SF,7.28,0,0.71875,10,-0.21875,2.96,0
00-0019623,Tim Rattay,QB,2003,SF,7.28,0,0.71875,10,Tim Rattay,QB,SF,11.828888888888889,1,0.09375,30,-0.625,4.5488888888888885,1
00-0019623,Tim Rattay,QB,2004,SF,11.828888888888889,1,0.09375,30,Tim Rattay,QB,SF,8.12,0,0.03125,32,-0.0625,-3.7088888888888896,-1
00-0019641,Thomas Jones,RB,2001,ARI,6.38125,0,0.5806451612903226,14,Thomas Jones,RB,ARI,10.044444444444444,1,0.21875,26,-0.3618951612903226,3.6631944444444446,1
00-0019641,Thomas Jones,RB,2004,CHI,16.678571428571427,4,0.03125,32,Thomas Jones,RB,CHI,14.92,3,0.0625,31,0.03125,-1.7585714285714271,-1
00-0019641,Thomas Jones,RB,2005,CHI,14.92,3,0.0625,31,Thomas Jones,RB,CHI,12.85875,2,0.5,17,0.4375,-2.0612499999999994,-1
00-0019641,Thomas Jones,RB,2007,NYJ,10.85,1,0.34375,22,Thomas Jones,RB,NYJ,17.24375,4,0.625,13,0.28125,6.393749999999999,3
00-0019641,Thomas Jones,RB,2008,NYJ,17.24375,4,0.625,13,Thomas Jones,RB,NYJ,15.0,3,0.34375,22,-0.28125,-2.2437499999999986,-1
00-0019641,Thomas Jones,RB,2010,KC,9.3625,1,0.6875,11,Thomas Jones,RB,KC,3.56875,0,0.1875,27,-0.5,-5.793750000000001,-1
00-0019642,Plaxico Burress,WR,2001,PIT,12.675,2,0.9032258064516128,4,Plaxico Burress,WR,PIT,15.78125,3,0.59375,14,-0.30947580645161277,3.1062499999999993,1
00-0019642,Plaxico Burress,WR,2002,PIT,15.78125,3,0.59375,14,Plaxico Burress,WR,PIT,10.58125,1,0.40625,20,-0.1875,-5.199999999999999,-2
00-0019642,Plaxico Burress,WR,2003,PIT,10.58125,1,0.40625,20,Plaxico Burress,WR,PIT,12.254545454545456,2,0.75,9,0.34375,1.673295454545455,1
00-0019642,Plaxico Burress,WR,2005,NYG,14.8375,3,0.75,9,Plaxico Burress,WR,NYG,14.653333333333334,2,0.59375,14,-0.15625,-0.18416666666666615,-1
00-0019642,Plaxico Burress,WR,2006,NYG,14.653333333333334,2,0.59375,14,Plaxico Burress,WR,NYG,15.28125,3,0.46875,18,-0.125,0.6279166666666658,1
00-0019642,Plaxico Burress,WR,2007,NYG,15.28125,3,0.46875,18,Plaxico Burress,WR,NYG,11.6,2,0.84375,6,0.375,-3.6812500000000004,-1
00-0019643,Ron Dayne,RB,2001,NYG,7.86875,0,0.4516129032258064,18,Ron Dayne,RB,NYG,4.66875,0,0.5,17,0.048387096774193616,-3.2,0
00-0019643,Ron Dayne,RB,2006,HOU,11.51,2,0.40625,20,Ron Dayne,RB,HOU,10.884615384615383,1,0.625,13,0.21875,-0.6253846153846165,-1
00-0019644,Bubba Franks,TE,2001,GB,8.146666666666667,2,0.8709677419354839,5,Bubba Franks,TE,GB,9.09,2,0.5625,15,-0.3084677419354839,0.9433333333333334,0
00-0019644,Bubba Franks,TE,2002,GB,9.09,2,0.5625,15,Bubba Franks,TE,GB,6.315384615384615,1,0.875,5,0.3125,-2.7746153846153847,-1
00-0019644,Bubba Franks,TE,2003,GB,6.315384615384615,1,0.875,5,Bubba Franks,TE,GB,7.473333333333333,1,0.875,5,0.0,1.1579487179487176,0
00-0019644,Bubba Franks,TE,2004,GB,7.473333333333333,1,0.875,5,Bubba Franks,TE,GB,7.685714285714285,1,0.46875,18,-0.40625,0.21238095238095234,0
00-0019644,Bubba Franks,TE,2005,GB,7.685714285714285,1,0.46875,18,Bubba Franks,TE,GB,4.2,0,0.375,21,-0.09375,-3.485714285714285,-1
00-0019644,Bubba Franks,TE,2006,GB,4.2,0,0.375,21,Bubba Franks,TE,GB,7.028571428571429,1,0.875,5,0.5,2.828571428571429,1
00-0019647,Shaun Alexander,RB,2001,SEA,18.63125,5,0.7096774193548387,10,Shaun Alexander,RB,SEA,20.53125,5,0.75,9,0.040322580645161255,1.8999999999999986,0
00-0019647,Shaun Alexander,RB,2002,SEA,20.53125,5,0.75,9,Shaun Alexander,RB,SEA,19.0625,5,0.90625,4,0.15625,-1.46875,0
00-0019647,Shaun Alexander,RB,2003,SEA,19.0625,5,0.90625,4,Shaun Alexander,RB,SEA,20.175,5,0.6875,11,-0.21875,1.1125000000000007,0
00-0019647,Shaun Alexander,RB,2004,SEA,20.175,5,0.6875,11,Shaun Alexander,RB,SEA,23.55,5,0.96875,2,0.28125,3.375,0
00-0019647,Shaun Alexander,RB,2005,SEA,23.55,5,0.96875,2,Shaun Alexander,RB,SEA,14.24,3,0.3125,23,-0.65625,-9.31,-2
00-0019647,Shaun Alexander,RB,2006,SEA,14.24,3,0.3125,23,Shaun Alexander,RB,SEA,9.476923076923075,1,0.71875,10,0.40625,-4.763076923076925,-2
00-0019649,Trung Canidate,RB,2001,LA,7.546153846153846,0,1.0,1,Trung Canidate,RB,LA,1.65,0,0.25,25,-0.75,-5.896153846153846,0
00-0019650,Dennis Northcutt,WR,2001,CLE,4.9625,0,0.1290322580645161,28,Dennis Northcutt,WR,CLE,13.125,2,0.46875,18,0.3397177419354839,8.1625,2
00-0019650,Dennis Northcutt,WR,2002,CLE,13.125,2,0.46875,18,Dennis Northcutt,WR,CLE,10.293333333333331,1,0.21875,26,-0.25,-2.8316666666666688,-1
00-0019650,Dennis Northcutt,WR,2003,CLE,10.293333333333331,1,0.21875,26,Dennis Northcutt,WR,CLE,9.34375,1,0.125,29,-0.09375,-0.9495833333333312,0
00-0019650,Dennis Northcutt,WR,2004,CLE,9.34375,1,0.125,29,Dennis Northcutt,WR,CLE,7.671428571428572,0,0.09375,30,-0.03125,-1.6723214285714283,-1
00-0019650,Dennis Northcutt,WR,2005,CLE,7.671428571428572,0,0.09375,30,Dennis Northcutt,WR,CLE,4.181818181818182,0,0.0625,31,-0.03125,-3.48961038961039,0
00-0019650,Dennis Northcutt,WR,2007,JAX,8.72,0,0.9375,3,Dennis Northcutt,WR,JAX,8.338461538461539,0,0.53125,16,-0.40625,-0.3815384615384616,0
00-0019659,Erron Kinney,TE,2001,TEN,5.209090909090909,0,0.7741935483870968,8,Erron Kinney,TE,TEN,3.3666666666666667,0,0.8125,7,0.03830645161290325,-1.8424242424242423,0
00-0019659,Erron Kinney,TE,2002,TEN,3.3666666666666667,0,0.8125,7,Erron Kinney,TE,TEN,6.2625,1,0.75,9,-0.0625,2.8958333333333335,1
00-0019659,Erron Kinney,TE,2003,TEN,6.2625,1,0.75,9,Erron Kinney,TE,TEN,6.922222222222222,1,0.59375,14,-0.15625,0.6597222222222214,0
00-0019659,Erron Kinney,TE,2004,TEN,6.922222222222222,1,0.59375,14,Erron Kinney,TE,TEN,9.453846153846154,2,0.15625,28,-0.4375,2.5316239316239324,1
00-0019660,Dez White,WR,2001,CHI,6.271428571428571,0,0.3548387096774194,21,Dez White,WR,CHI,8.73125,0,0.1875,27,-0.16733870967741937,2.459821428571428,0
00-0019660,Dez White,WR,2002,CHI,8.73125,0,0.1875,27,Dez White,WR,CHI,8.44,0,0.28125,24,0.09375,-0.2912499999999998,0
00-0019662,Ron Dixon,WR,2001,NYG,3.2444444444444445,0,0.4516129032258064,18,Ron Dixon,WR,NYG,6.92,0,0.5,17,0.048387096774193616,3.6755555555555555,0
00-0019663,Darrell Jackson,WR,2001,SEA,14.1875,2,0.7096774193548387,10,Darrell Jackson,WR,SEA,13.076923076923077,2,0.75,9,0.040322580645161255,-1.1105769230769234,0
00-0019663,Darrell Jackson,WR,2002,SEA,13.076923076923077,2,0.75,9,Darrell Jackson,WR,SEA,15.64,3,0.90625,4,0.15625,2.563076923076924,1
00-0019663,Darrell Jackson,WR,2003,SEA,15.64,3,0.90625,4,Darrell Jackson,WR,SEA,15.60625,3,0.6875,11,-0.21875,-0.03375000000000128,0
00-0019663,Darrell Jackson,WR,2004,SEA,15.60625,3,0.6875,11,Darrell Jackson,WR,SEA,17.483333333333334,3,0.96875,2,0.28125,1.877083333333335,0
00-0019663,Darrell Jackson,WR,2005,SEA,17.483333333333334,3,0.96875,2,Darrell Jackson,WR,SEA,16.815384615384616,3,0.3125,23,-0.65625,-0.6679487179487182,0
00-0019693,Jamal Lewis,RB,2002,BAL,15.74375,3,0.3125,23,Jamal Lewis,RB,BAL,20.175,5,0.34375,22,0.03125,4.43125,2
00-0019693,Jamal Lewis,RB,2003,BAL,20.175,5,0.34375,22,Jamal Lewis,RB,BAL,13.683333333333332,3,0.1875,27,-0.15625,-6.491666666666669,-2
00-0019693,Jamal Lewis,RB,2004,BAL,13.683333333333332,3,0.1875,27,Jamal Lewis,RB,BAL,10.38,1,0.1875,27,0.0,-3.303333333333331,-2
00-0019693,Jamal Lewis,RB,2005,BAL,10.38,1,0.1875,27,Jamal Lewis,RB,BAL,12.04375,2,0.625,13,0.4375,1.6637499999999985,1
00-0019693,Jamal Lewis,RB,2007,CLE,16.473333333333333,4,0.59375,14,Jamal Lewis,RB,CLE,10.1875,1,0.125,29,-0.46875,-6.285833333333333,-3
00-0019693,Jamal Lewis,RB,2008,CLE,10.1875,1,0.125,29,Jamal Lewis,RB,CLE,7.666666666666667,0,0.125,29,0.0,-2.520833333333333,-1
00-0019703,Jerry Porter,WR,2001,LV,3.021428571428572,0,0.935483870967742,3,Jerry Porter,WR,LV,11.15,2,0.96875,2,0.03326612903225801,8.128571428571428,2
00-0019703,Jerry Porter,WR,2002,LV,11.15,2,0.96875,2,Jerry Porter,WR,LV,7.677777777777777,0,0.1875,27,-0.78125,-3.472222222222223,-2
00-0019703,Jerry Porter,WR,2003,LV,7.677777777777777,0,0.1875,27,Jerry Porter,WR,LV,13.3375,2,0.46875,18,0.28125,5.659722222222223,2
00-0019703,Jerry Porter,WR,2004,LV,13.3375,2,0.46875,18,Jerry Porter,WR,LV,12.4625,2,0.53125,16,0.0625,-0.875,0
00-0019708,Ron Dugans,WR,2001,CIN,4.473333333333333,0,0.2580645161290322,24,Ron Dugans,WR,CIN,5.94,0,0.28125,24,0.023185483870967805,1.4666666666666677,0
00-0019712,Doug Chapman,RB,2001,MIN,4.161538461538462,0,0.4193548387096774,19,Doug Chapman,RB,MIN,1.78,0,0.875,5,0.4556451612903226,-2.3815384615384616,0
00-0019721,Travis Taylor,WR,2001,BAL,8.04,0,0.2258064516129032,25,Travis Taylor,WR,BAL,12.15,2,0.3125,23,0.08669354838709681,4.110000000000001,2
00-0019721,Travis Taylor,WR,2002,BAL,12.15,2,0.3125,23,Travis Taylor,WR,BAL,7.9,0,0.34375,22,0.03125,-4.25,-2
00-0019721,Travis Taylor,WR,2003,BAL,7.9,0,0.34375,22,Travis Taylor,WR,BAL,7.409999999999999,0,0.1875,27,-0.15625,-0.4900000000000011,0
00-0019721,Travis Taylor,WR,2005,MIN,8.41875,0,0.375,21,Travis Taylor,WR,MIN,8.56875,0,0.125,29,-0.25,0.15000000000000036,0
00-0019794,Aveion Cason,RB,2001,DET,1.66,0,0.1612903225806451,27,Aveion Cason,RB,DET,7.05,0,0.15625,28,-0.005040322580645101,5.39,0
00-0019794,Aveion Cason,RB,2006,DET,3.4,0,0.15625,28,Aveion Cason,RB,DET,3.411111111111111,0,0.375,21,0.21875,0.011111111111111072,0
00-0019794,Aveion Cason,RB,2007,DET,3.411111111111111,0,0.375,21,Aveion Cason,RB,DET,1.48,0,0.09375,30,-0.28125,-1.931111111111111,0
00-0019808,Kenny Watson,RB,2006,CIN,4.2733333333333325,0,0.8125,7,Kenny Watson,RB,CIN,13.573333333333332,3,0.78125,8,-0.03125,9.3,3
00-0019808,Kenny Watson,RB,2007,CIN,13.573333333333332,3,0.78125,8,Kenny Watson,RB,CIN,1.2714285714285716,0,0.0625,31,-0.71875,-12.30190476190476,-3
00-0019831,Nick Goings,RB,2001,CAR,3.95,0,0.064516129032258,30,Nick Goings,RB,CAR,3.5461538461538464,0,0.125,29,0.06048387096774201,-0.40384615384615374,0
00-0019831,Nick Goings,RB,2002,CAR,3.5461538461538464,0,0.125,29,Nick Goings,RB,CAR,4.199999999999999,0,0.4375,19,0.3125,0.6538461538461529,0
00-0019831,Nick Goings,RB,2003,CAR,4.199999999999999,0,0.4375,19,Nick Goings,RB,CAR,12.825,2,0.65625,12,0.21875,8.625,2
00-0019831,Nick Goings,RB,2004,CAR,12.825,2,0.65625,12,Nick Goings,RB,CAR,3.533333333333333,0,0.65625,12,0.0,-9.291666666666666,-2
00-0019831,Nick Goings,RB,2005,CAR,3.533333333333333,0,0.65625,12,Nick Goings,RB,CAR,4.557142857142857,0,0.34375,22,-0.3125,1.0238095238095237,0
00-0019863,Dominic Rhodes,RB,2003,IND,3.0818181818181816,0,0.96875,2,Dominic Rhodes,RB,IND,3.6181818181818177,0,1.0,1,0.03125,0.5363636363636362,0
00-0019863,Dominic Rhodes,RB,2004,IND,3.6181818181818177,0,1.0,1,Dominic Rhodes,RB,IND,5.79,0,1.0,1,0.0,2.1718181818181823,0
00-0019863,Dominic Rhodes,RB,2005,IND,5.79,0,1.0,1,Dominic Rhodes,RB,IND,9.325,1,1.0,1,0.0,3.5349999999999993,1
00-0019919,Randal Williams,TE,2005,LV,3.675,0,0.53125,16,Randal Williams,TE,LV,4.1,0,0.03125,32,-0.5,0.4249999999999998,0
00-0019976,Drew Bennett,WR,2001,TEN,5.5,0,0.7741935483870968,8,Drew Bennett,WR,TEN,6.1866666666666665,0,0.8125,7,0.03830645161290325,0.6866666666666665,0
00-0019976,Drew Bennett,WR,2002,TEN,6.1866666666666665,0,0.8125,7,Drew Bennett,WR,TEN,11.884444444444444,2,0.75,9,-0.0625,5.697777777777778,2
00-0019976,Drew Bennett,WR,2003,TEN,11.884444444444444,2,0.75,9,Drew Bennett,WR,TEN,18.462666666666667,4,0.59375,14,-0.15625,6.578222222222223,2
00-0019976,Drew Bennett,WR,2004,TEN,18.462666666666667,4,0.59375,14,Drew Bennett,WR,TEN,12.007692307692308,2,0.15625,28,-0.4375,-6.45497435897436,-2
00-0019976,Drew Bennett,WR,2005,TEN,12.007692307692308,2,0.15625,28,Drew Bennett,WR,TEN,10.592307692307692,1,0.28125,24,0.125,-1.4153846153846157,-1
00-0019997,Antonio Chatman,WR,2004,GB,4.683333333333334,0,0.875,5,Antonio Chatman,WR,GB,9.153333333333334,1,0.46875,18,-0.40625,4.470000000000001,1
00-0019997,Antonio Chatman,WR,2007,CIN,3.3666666666666667,0,0.78125,8,Antonio Chatman,WR,CIN,5.542857142857143,0,0.0625,31,-0.71875,2.176190476190476,0
00-0020018,Arnold Jackson,WR,2001,ARI,1.488888888888889,0,0.5806451612903226,14,Arnold Jackson,WR,ARI,3.8,0,0.21875,26,-0.3618951612903226,2.311111111111111,0
00-0020021,Nate Poole,WR,2002,ARI,7.45,0,0.21875,26,Nate Poole,WR,ARI,6.116666666666667,0,0.03125,32,-0.1875,-1.333333333333333,0
00-0020022,Marcel Shipp,RB,2002,ARI,14.907142857142857,3,0.21875,26,Marcel Shipp,RB,ARI,7.8375,0,0.03125,32,-0.1875,-7.069642857142856,-3
00-0020022,Marcel Shipp,RB,2005,ARI,6.64,0,0.40625,20,Marcel Shipp,RB,ARI,5.0125,0,0.46875,18,0.0625,-1.6274999999999995,0
00-0020022,Marcel Shipp,RB,2006,ARI,5.0125,0,0.46875,18,Marcel Shipp,RB,ARI,1.8444444444444448,0,0.5,17,0.03125,-3.168055555555555,0
00-0020127,Daniel Wilcox,TE,2004,BAL,5.29,0,0.1875,27,Daniel Wilcox,TE,BAL,5.375,0,0.1875,27,0.0,0.08499999999999996,0
00-0020127,Daniel Wilcox,TE,2005,BAL,5.375,0,0.1875,27,Daniel Wilcox,TE,BAL,4.6000000000000005,0,0.625,13,0.4375,-0.7749999999999995,0
00-0020127,Daniel Wilcox,TE,2006,BAL,4.6000000000000005,0,0.625,13,Daniel Wilcox,TE,BAL,3.45,0,0.21875,26,-0.40625,-1.1500000000000004,0
00-0020127,Daniel Wilcox,TE,2007,BAL,3.45,0,0.21875,26,Daniel Wilcox,TE,BAL,4.725,0,0.5,17,0.28125,1.2749999999999995,0
00-0020171,Boo Williams,TE,2001,NO,5.82,0,0.2903225806451613,23,Boo Williams,TE,NO,3.4416666666666664,0,0.40625,20,0.11592741935483869,-2.378333333333334,0
00-0020171,Boo Williams,TE,2002,NO,3.4416666666666664,0,0.40625,20,Boo Williams,TE,NO,8.815384615384614,2,0.65625,12,0.25,5.373717948717948,2
00-0020171,Boo Williams,TE,2003,NO,8.815384615384614,2,0.65625,12,Boo Williams,TE,NO,5.6571428571428575,0,0.53125,16,-0.125,-3.158241758241757,-2
00-0020245,Mike Vick,QB,2001,ATL,7.2875,0,0.3870967741935484,20,Mike Vick,QB,ATL,18.60933333333333,3,0.78125,8,0.3941532258064516,11.321833333333329,3
00-0020245,Mike Vick,QB,2002,ATL,18.60933333333333,3,0.78125,8,Mike Vick,QB,ATL,12.58,1,0.15625,28,-0.625,-6.029333333333328,-2
00-0020245,Mike Vick,QB,2003,ATL,12.58,1,0.15625,28,Mike Vick,QB,ATL,14.581333333333331,1,0.40625,20,0.25,2.0013333333333314,0
00-0020245,Mike Vick,QB,2004,ATL,14.581333333333331,1,0.40625,20,Mike Vick,QB,ATL,14.605333333333334,1,0.59375,14,0.1875,0.024000000000002686,0
00-0020245,Mike Vick,QB,2005,ATL,14.605333333333334,1,0.59375,14,Mike Vick,QB,ATL,16.4975,2,0.4375,19,-0.15625,1.8921666666666646,1
00-0020245,Mike Vick,QB,2009,PHI,2.411666666666666,0,0.71875,10,Mike Vick,QB,PHI,25.86,5,0.875,5,0.15625,23.448333333333334,5
00-0020245,Mike Vick,QB,2010,PHI,25.86,5,0.875,5,Mike Vick,QB,PHI,17.924615384615386,3,0.8125,7,-0.0625,-7.9353846153846135,-2
00-0020245,Mike Vick,QB,2011,PHI,17.924615384615386,3,0.8125,7,Mike Vick,QB,PHI,15.168,2,0.1875,27,-0.625,-2.7566153846153867,-1
00-0020245,Mike Vick,QB,2012,PHI,15.168,2,0.1875,27,Mike Vick,QB,PHI,14.411428571428573,1,0.90625,4,0.71875,-0.7565714285714265,-1
00-0020268,Tony Stewart,TE,2003,CIN,4.220000000000001,0,0.84375,6,Tony Stewart,TE,CIN,2.9714285714285715,0,0.34375,22,-0.5,-1.248571428571429,0
00-0020268,Tony Stewart,TE,2008,LV,2.3875,0,0.15625,28,Tony Stewart,TE,LV,1.9777777777777776,0,0.0625,31,-0.09375,-0.40972222222222254,0
00-0020270,Correll Buckhalter,RB,2006,PHI,5.475,0,0.84375,6,Correll Buckhalter,RB,PHI,5.846153846153846,0,0.8125,7,-0.03125,0.37115384615384617,0
00-0020270,Correll Buckhalter,RB,2007,PHI,5.846153846153846,0,0.8125,7,Correll Buckhalter,RB,PHI,8.52142857142857,0,0.59375,14,-0.21875,2.6752747252747247,0
00-0020270,Correll Buckhalter,RB,2009,DEN,8.657142857142857,0,0.4375,19,Correll Buckhalter,RB,DEN,6.335714285714286,0,0.4375,19,0.0,-2.3214285714285703,0
00-0020285,Alge Crumpler,TE,2001,ATL,4.933333333333334,0,0.3870967741935484,20,Alge Crumpler,TE,ATL,6.96875,1,0.78125,8,0.3941532258064516,2.0354166666666664,1
00-0020285,Alge Crumpler,TE,2002,ATL,6.96875,1,0.78125,8,Alge Crumpler,TE,ATL,7.2,1,0.15625,28,-0.625,0.23125000000000018,0
00-0020285,Alge Crumpler,TE,2003,ATL,7.2,1,0.15625,28,Alge Crumpler,TE,ATL,11.385714285714286,3,0.40625,20,0.25,4.185714285714286,2
00-0020285,Alge Crumpler,TE,2004,ATL,11.385714285714286,3,0.40625,20,Alge Crumpler,TE,ATL,11.41875,3,0.59375,14,0.1875,0.03303571428571317,0
00-0020285,Alge Crumpler,TE,2005,ATL,11.41875,3,0.59375,14,Alge Crumpler,TE,ATL,11.375,3,0.4375,19,-0.15625,-0.04374999999999929,0
00-0020285,Alge Crumpler,TE,2006,ATL,11.375,3,0.4375,19,Alge Crumpler,TE,ATL,8.953846153846154,2,0.0625,31,-0.375,-2.421153846153846,-1
00-0020285,Alge Crumpler,TE,2008,TEN,4.641666666666667,0,0.5625,15,Alge Crumpler,TE,TEN,3.8,0,0.59375,14,0.03125,-0.8416666666666668,0
00-0020308,Mike McMahon,QB,2001,DET,7.362857142857143,0,0.1612903225806451,27,Mike McMahon,QB,DET,9.2825,0,0.15625,28,-0.005040322580645101,1.9196428571428577,0
00-0020315,Derrick Blaylock,RB,2002,KC,2.414285714285714,0,1.0,1,Derrick Blaylock,RB,KC,6.922222222222222,0,1.0,1,0.0,4.507936507936508,0
00-0020315,Derrick Blaylock,RB,2003,KC,6.922222222222222,0,1.0,1,Derrick Blaylock,RB,KC,13.108333333333334,2,0.96875,2,-0.03125,6.186111111111113,2
00-0020332,David Martin,TE,2001,GB,3.34,0,0.8709677419354839,5,David Martin,TE,GB,2.8833333333333333,0,0.5625,15,-0.3084677419354839,-0.45666666666666655,0
00-0020332,David Martin,TE,2002,GB,2.8833333333333333,0,0.5625,15,David Martin,TE,GB,4.1125,0,0.875,5,0.3125,1.2291666666666665,0
00-0020332,David Martin,TE,2003,GB,4.1125,0,0.875,5,David Martin,TE,GB,2.76,0,0.875,5,0.0,-1.3525,0
00-0020332,David Martin,TE,2004,GB,2.76,0,0.875,5,David Martin,TE,GB,6.94,1,0.46875,18,-0.40625,4.180000000000001,1
00-0020332,David Martin,TE,2005,GB,6.94,1,0.46875,18,David Martin,TE,GB,6.6,1,0.375,21,-0.09375,-0.34000000000000075,0
00-0020332,David Martin,TE,2007,MIA,5.45,0,0.3125,23,David Martin,TE,MIA,6.066666666666666,1,0.8125,7,0.5,0.6166666666666663,1
00-0020337,Steve Smith,WR,2001,CAR,4.336363636363637,0,0.064516129032258,30,Steve Smith,WR,CAR,11.353333333333332,2,0.125,29,0.06048387096774201,7.016969696969695,2
00-0020337,Steve Smith,WR,2002,CAR,11.353333333333332,2,0.125,29,Steve Smith,WR,CAR,15.5,3,0.4375,19,0.3125,4.146666666666668,1
00-0020337,Steve Smith,WR,2005,CAR,21.2375,5,0.65625,12,Steve Smith,WR,CAR,18.55,4,0.34375,22,-0.3125,-2.6875,-1
00-0020337,Steve Smith,WR,2006,CAR,18.55,4,0.34375,22,Steve Smith,WR,CAR,15.586666666666668,3,0.28125,24,-0.0625,-2.963333333333333,-1
00-0020337,Steve Smith,WR,2007,CAR,15.586666666666668,3,0.28125,24,Steve Smith,WR,CAR,18.40714285714285,4,0.75,9,0.46875,2.8204761904761835,1
00-0020337,Steve Smith,WR,2008,CAR,18.40714285714285,4,0.75,9,Steve Smith,WR,CAR,13.773333333333332,2,0.375,21,-0.375,-4.63380952380952,-2
00-0020337,Steve Smith,WR,2009,CAR,13.773333333333332,2,0.375,21,Steve Smith,WR,CAR,7.864285714285714,0,0.03125,32,-0.34375,-5.909047619047618,-2
00-0020337,Steve Smith,WR,2010,CAR,7.864285714285714,0,0.03125,32,Steve Smith,WR,CAR,16.5,3,0.90625,4,0.875,8.635714285714286,3
00-0020337,Steve Smith,WR,2011,CAR,16.5,3,0.90625,4,Steve Smith,WR,CAR,13.44375,2,0.71875,10,-0.1875,-3.0562500000000004,-1
00-0020337,Steve Smith,WR,2012,CAR,13.44375,2,0.71875,10,Steve Smith,WR,CAR,10.833333333333334,1,0.71875,10,0.0,-2.6104166666666657,-1
00-0020337,Steve Smith,WR,2014,BAL,13.71875,2,0.8125,7,Steve Smith,WR,BAL,18.714285714285715,4,0.15625,28,-0.65625,4.995535714285715,2
00-0020337,Steve Smith,WR,2015,BAL,18.714285714285715,4,0.15625,28,Steve Smith,WR,BAL,13.135714285714286,2,0.25,25,0.09375,-5.578571428571429,-2
00-0020340,Quentin McCord,WR,2002,ATL,8.459999999999999,0,0.78125,8,Quentin McCord,WR,ATL,4.26,0,0.15625,28,-0.625,-4.199999999999999,0
00-0020342,Brandon Manumaleuna,TE,2002,LA,3.075,0,0.25,25,Brandon Manumaleuna,TE,LA,5.1,0,0.6875,11,0.4375,2.0249999999999995,0
00-0020342,Brandon Manumaleuna,TE,2003,LA,5.1,0,0.6875,11,Brandon Manumaleuna,TE,LA,4.266666666666667,0,0.625,13,-0.0625,-0.833333333333333,0
00-0020342,Brandon Manumaleuna,TE,2004,LA,4.266666666666667,0,0.625,13,Brandon Manumaleuna,TE,LA,3.1222222222222222,0,0.625,13,0.0,-1.1444444444444444,0
00-0020342,Brandon Manumaleuna,TE,2006,LAC,5.15,0,0.96875,2,Brandon Manumaleuna,TE,LAC,3.5142857142857147,0,0.5625,15,-0.40625,-1.6357142857142857,0
00-0020342,Brandon Manumaleuna,TE,2007,LAC,3.5142857142857147,0,0.5625,15,Brandon Manumaleuna,TE,LAC,3.97,0,1.0,1,0.4375,0.4557142857142855,0
00-0020342,Brandon Manumaleuna,TE,2008,LAC,3.97,0,1.0,1,Brandon Manumaleuna,TE,LAC,1.05,0,1.0,1,0.0,-2.92,0
00-0020370,Scotty Anderson,WR,2001,DET,4.8875,0,0.1612903225806451,27,Scotty Anderson,WR,DET,4.213333333333334,0,0.15625,28,-0.005040322580645101,-0.6741666666666664,0
00-0020370,Scotty Anderson,WR,2002,DET,4.213333333333334,0,0.15625,28,Scotty Anderson,WR,DET,9.071428571428571,1,0.0625,31,-0.09375,4.858095238095237,1
00-0020373,Jabari Holloway,TE,2002,HOU,2.3833333333333333,0,0.0625,31,Jabari Holloway,TE,HOU,2.733333333333333,0,0.25,25,0.1875,0.34999999999999964,0
00-0020376,Dee Brown,RB,2005,KC,2.68,0,0.90625,4,Dee Brown,RB,KC,0.975,0,0.65625,12,-0.25,-1.705,0
00-0020381,Justin McCareins,WR,2002,TEN,4.492857142857143,0,0.8125,7,Justin McCareins,WR,TEN,11.1,2,0.75,9,-0.0625,6.607142857142857,2
00-0020381,Justin McCareins,WR,2004,NYJ,9.78125,1,0.71875,10,Justin McCareins,WR,NYJ,8.473333333333333,0,0.125,29,-0.59375,-1.3079166666666673,-1
00-0020381,Justin McCareins,WR,2005,NYJ,8.473333333333333,0,0.125,29,Justin McCareins,WR,NYJ,6.35,0,0.5625,15,0.4375,-2.123333333333333,0
00-0020381,Justin McCareins,WR,2006,NYJ,6.35,0,0.5625,15,Justin McCareins,WR,NYJ,4.220000000000001,0,0.34375,22,-0.21875,-2.129999999999999,0
00-0020391,Jameel Cook,RB,2001,TB,2.6100000000000003,0,0.6129032258064516,13,Jameel Cook,RB,TB,1.66,0,0.375,21,-0.23790322580645162,-0.9500000000000004,0
00-0020391,Jameel Cook,RB,2002,TB,1.66,0,0.375,21,Jameel Cook,RB,TB,3.79,0,0.5,17,0.125,2.13,0
00-0020391,Jameel Cook,RB,2003,TB,3.79,0,0.5,17,Jameel Cook,RB,TB,4.35,0,0.28125,24,-0.21875,0.5599999999999996,0
00-0020391,Jameel Cook,RB,2004,TB,4.35,0,0.28125,24,Jameel Cook,RB,TB,2.8833333333333333,0,0.4375,19,0.15625,-1.4666666666666663,0
00-0020397,Chad Johnson,WR,2001,CIN,6.081818181818182,0,0.2580645161290322,24,Chad Johnson,WR,CIN,13.475,2,0.28125,24,0.023185483870967805,7.393181818181818,2
00-0020397,Chad Johnson,WR,2002,CIN,13.475,2,0.28125,24,Chad Johnson,WR,CIN,17.84375,4,0.84375,6,0.5625,4.36875,2
00-0020397,Chad Johnson,WR,2003,CIN,17.84375,4,0.84375,6,Chad Johnson,WR,CIN,17.51875,3,0.34375,22,-0.5,-0.3249999999999993,-1
00-0020397,Chad Johnson,WR,2004,CIN,17.51875,3,0.34375,22,Chad Johnson,WR,CIN,18.59375,4,0.9375,3,0.59375,1.0749999999999993,1
00-0020397,Chad Johnson,WR,2005,CIN,18.59375,4,0.9375,3,Chad Johnson,WR,CIN,16.65,3,0.8125,7,-0.125,-1.9437500000000014,-1
00-0020397,Chad Johnson,WR,2006,CIN,16.65,3,0.8125,7,Chad Johnson,WR,CIN,17.98125,4,0.78125,8,-0.03125,1.3312500000000007,1
00-0020397,Chad Johnson,WR,2007,CIN,17.98125,4,0.78125,8,Chad Johnson,WR,CIN,10.076923076923077,1,0.0625,31,-0.71875,-7.904326923076923,-3
00-0020397,Chad Johnson,WR,2008,CIN,10.076923076923077,1,0.0625,31,Chad Johnson,WR,CIN,14.36875,2,0.5,17,0.4375,4.291826923076924,1
00-0020397,Chad Johnson,WR,2009,CIN,14.36875,2,0.5,17,Chad Johnson,WR,CIN,12.435714285714283,2,0.40625,20,-0.09375,-1.933035714285717,0
00-0020403,Anthony Thomas,RB,2001,CHI,14.45,3,0.3548387096774194,21,Anthony Thomas,RB,CHI,11.866666666666667,2,0.1875,27,-0.16733870967741937,-2.583333333333332,-1
00-0020403,Anthony Thomas,RB,2002,CHI,11.866666666666667,2,0.1875,27,Anthony Thomas,RB,CHI,11.615384615384617,2,0.28125,24,0.09375,-0.2512820512820504,0
00-0020403,Anthony Thomas,RB,2003,CHI,11.615384615384617,2,0.28125,24,Anthony Thomas,RB,CHI,6.716666666666666,0,0.03125,32,-0.25,-4.898717948717951,-2
00-0020403,Anthony Thomas,RB,2006,BUF,5.978571428571429,0,0.25,25,Anthony Thomas,RB,BUF,4.925,0,0.1875,27,-0.0625,-1.0535714285714288,0
00-0020404,Quincy Carter,QB,2001,DAL,8.235,0,0.0967741935483871,29,Quincy Carter,QB,DAL,10.528571428571428,1,0.09375,30,-0.003024193548387094,2.293571428571429,1
00-0020404,Quincy Carter,QB,2002,DAL,10.528571428571428,1,0.09375,30,Quincy Carter,QB,DAL,11.86125,1,0.375,21,0.28125,1.3326785714285716,0
00-0020407,Rudi Johnson,RB,2002,CIN,4.025,0,0.28125,24,Rudi Johnson,RB,CIN,14.330769230769231,3,0.84375,6,0.5625,10.305769230769231,3
00-0020407,Rudi Johnson,RB,2003,CIN,14.330769230769231,3,0.84375,6,Rudi Johnson,RB,CIN,14.56875,3,0.34375,22,-0.5,0.23798076923076827,0
00-0020407,Rudi Johnson,RB,2004,CIN,14.56875,3,0.34375,22,Rudi Johnson,RB,CIN,15.6125,3,0.9375,3,0.59375,1.043750000000001,0
00-0020407,Rudi Johnson,RB,2005,CIN,15.6125,3,0.9375,3,Rudi Johnson,RB,CIN,14.6375,3,0.8125,7,-0.125,-0.9750000000000014,0
00-0020407,Rudi Johnson,RB,2006,CIN,14.6375,3,0.8125,7,Rudi Johnson,RB,CIN,8.718181818181819,0,0.78125,8,-0.03125,-5.919318181818181,-3
00-0020425,Ken-Yon Rambo,WR,2001,DAL,1.16,0,0.0967741935483871,29,Ken-Yon Rambo,WR,DAL,2.7,0,0.09375,30,-0.003024193548387094,1.5400000000000003,0
00-0020427,Quincy Morgan,WR,2001,CLE,5.49375,0,0.1290322580645161,28,Quincy Morgan,WR,CLE,12.1375,2,0.46875,18,0.3397177419354839,6.643749999999999,2
00-0020427,Quincy Morgan,WR,2002,CLE,12.1375,2,0.46875,18,Quincy Morgan,WR,CLE,6.75,0,0.21875,26,-0.25,-5.387499999999999,-2
00-0020428,Robert Ferguson,WR,2002,GB,6.3,0,0.5625,15,Robert Ferguson,WR,GB,8.707692307692309,0,0.875,5,0.3125,2.407692307692309,0
00-0020428,Robert Ferguson,WR,2003,GB,8.707692307692309,0,0.875,5,Robert Ferguson,WR,GB,5.7250000000000005,0,0.875,5,0.0,-2.982692307692308,0
00-0020428,Robert Ferguson,WR,2004,GB,5.7250000000000005,0,0.875,5,Robert Ferguson,WR,GB,7.6,0,0.46875,18,-0.40625,1.8749999999999991,0
00-0020430,James Jackson,RB,2001,CLE,7.090909090909091,0,0.1290322580645161,28,James Jackson,RB,CLE,1.5666666666666669,0,0.46875,18,0.3397177419354839,-5.5242424242424235,0
00-0020430,James Jackson,RB,2002,CLE,1.5666666666666669,0,0.46875,18,James Jackson,RB,CLE,7.56,0,0.21875,26,-0.25,5.993333333333332,0
00-0020434,Chris Weinke,QB,2001,CAR,11.069333333333333,1,0.064516129032258,30,Chris Weinke,QB,CAR,0.35,0,0.125,29,0.06048387096774201,-10.719333333333333,-1
00-0020438,T.J. Houshmandzadeh,WR,2001,CIN,6.257142857142857,0,0.2580645161290322,24,T.J. Houshmandzadeh,WR,CIN,6.413333333333333,0,0.28125,24,0.023185483870967805,0.156190476190476,0
00-0020438,T.J. Houshmandzadeh,WR,2004,CIN,13.326666666666666,2,0.34375,22,T.J. Houshmandzadeh,WR,CIN,16.12857142857143,3,0.9375,3,0.59375,2.8019047619047637,1
00-0020438,T.J. Houshmandzadeh,WR,2005,CIN,16.12857142857143,3,0.9375,3,T.J. Houshmandzadeh,WR,CIN,18.05,4,0.8125,7,-0.125,1.9214285714285708,1
00-0020438,T.J. Houshmandzadeh,WR,2006,CIN,18.05,4,0.8125,7,T.J. Houshmandzadeh,WR,CIN,18.60625,4,0.78125,8,-0.03125,0.5562499999999986,0
00-0020438,T.J. Houshmandzadeh,WR,2007,CIN,18.60625,4,0.78125,8,T.J. Houshmandzadeh,WR,CIN,14.80714285714286,3,0.0625,31,-0.71875,-3.799107142857139,-1
00-0020446,Chris Chambers,WR,2001,MIA,11.075,2,0.6451612903225806,12,Chris Chambers,WR,MIA,10.08,1,0.65625,12,0.011088709677419373,-0.9949999999999992,-1
00-0020446,Chris Chambers,WR,2002,MIA,10.08,1,0.65625,12,Chris Chambers,WR,MIA,14.20625,2,0.3125,23,-0.34375,4.126250000000001,1
00-0020446,Chris Chambers,WR,2003,MIA,14.20625,2,0.3125,23,Chris Chambers,WR,MIA,13.76,2,0.0625,31,-0.25,-0.4462500000000009,0
00-0020446,Chris Chambers,WR,2004,MIA,13.76,2,0.0625,31,Chris Chambers,WR,MIA,16.5625,3,0.5,17,0.4375,2.8025,1
00-0020446,Chris Chambers,WR,2005,MIA,16.5625,3,0.5,17,Chris Chambers,WR,MIA,10.0125,1,0.1875,27,-0.3125,-6.550000000000001,-2
00-0020446,Chris Chambers,WR,2007,LAC,11.7625,2,0.5625,15,Chris Chambers,WR,LAC,9.108333333333333,1,1.0,1,0.4375,-2.654166666666667,-1
00-0020446,Chris Chambers,WR,2009,KC,9.25,1,0.21875,26,Chris Chambers,WR,KC,4.108333333333333,0,0.6875,11,0.46875,-5.141666666666667,-1
00-0020448,Travis Minor,RB,2001,MIA,6.760000000000001,0,0.6451612903225806,12,Travis Minor,RB,MIA,3.0,0,0.65625,12,0.011088709677419373,-3.7600000000000007,0
00-0020448,Travis Minor,RB,2002,MIA,3.0,0,0.65625,12,Travis Minor,RB,MIA,2.5500000000000003,0,0.3125,23,-0.34375,-0.44999999999999973,0
00-0020448,Travis Minor,RB,2003,MIA,2.5500000000000003,0,0.3125,23,Travis Minor,RB,MIA,7.090909090909091,0,0.0625,31,-0.25,4.540909090909091,0
00-0020448,Travis Minor,RB,2007,LA,4.566666666666666,0,0.09375,30,Travis Minor,RB,LA,2.28,0,0.03125,32,-0.0625,-2.2866666666666666,0
00-0020452,Cedrick Wilson,WR,2002,SF,4.177777777777778,0,0.9375,3,Cedrick Wilson,WR,SF,6.602857142857142,0,0.71875,10,-0.21875,2.4250793650793643,0
00-0020452,Cedrick Wilson,WR,2003,SF,6.602857142857142,0,0.71875,10,Cedrick Wilson,WR,SF,9.264285714285714,1,0.09375,30,-0.625,2.661428571428572,1
00-0020452,Cedrick Wilson,WR,2005,PIT,5.4692307692307685,0,0.78125,8,Cedrick Wilson,WR,PIT,6.688571428571429,0,0.71875,10,-0.0625,1.2193406593406602,0
00-0020452,Cedrick Wilson,WR,2006,PIT,6.688571428571429,0,0.71875,10,Cedrick Wilson,WR,PIT,4.581818181818182,0,0.84375,6,0.125,-2.1067532467532466,0
00-0020455,Eric Johnson,TE,2001,SF,5.8875,1,0.967741935483871,2,Eric Johnson,TE,SF,5.675,0,0.9375,3,-0.030241935483870996,-0.21250000000000036,-1
00-0020462,LaMont Jordan,RB,2001,NYJ,4.046153846153846,0,0.5483870967741935,15,LaMont Jordan,RB,NYJ,6.046153846153846,0,0.84375,6,0.2953629032258065,2.0,0
00-0020462,LaMont Jordan,RB,2002,NYJ,6.046153846153846,0,0.84375,6,LaMont Jordan,RB,NYJ,5.341666666666666,0,0.625,13,-0.21875,-0.7044871794871801,0
00-0020462,LaMont Jordan,RB,2003,NYJ,5.341666666666666,0,0.625,13,LaMont Jordan,RB,NYJ,6.007142857142857,0,0.71875,10,0.09375,0.6654761904761912,0
00-0020462,LaMont Jordan,RB,2005,LV,21.071428571428573,5,0.53125,16,LaMont Jordan,RB,LV,7.866666666666666,0,0.03125,32,-0.5,-13.204761904761906,-5
00-0020462,LaMont Jordan,RB,2006,LV,7.866666666666666,0,0.03125,32,LaMont Jordan,RB,LV,11.418181818181818,2,0.25,25,0.21875,3.5515151515151517,2
00-0020464,Darnerien McCants,WR,2002,WAS,7.1875,0,0.34375,22,Darnerien McCants,WR,WAS,7.923076923076923,0,0.46875,18,0.125,0.7355769230769234,0
00-0020471,Travis Henry,RB,2001,BUF,10.215384615384616,1,0.3225806451612903,22,Travis Henry,RB,BUF,17.85625,4,0.71875,10,0.3961693548387097,7.640865384615383,3
00-0020471,Travis Henry,RB,2002,BUF,17.85625,4,0.71875,10,Travis Henry,RB,BUF,15.673333333333334,3,0.125,29,-0.59375,-2.1829166666666655,-1
00-0020471,Travis Henry,RB,2003,BUF,15.673333333333334,3,0.125,29,Travis Henry,RB,BUF,5.233333333333333,0,0.25,25,0.125,-10.440000000000001,-3
00-0020471,Travis Henry,RB,2005,TEN,6.2444444444444445,0,0.15625,28,Travis Henry,RB,TEN,13.507142857142856,3,0.28125,24,0.125,7.262698412698412,3
00-0020474,Kevan Barlow,RB,2001,SF,8.526666666666667,0,0.967741935483871,2,Kevan Barlow,RB,SF,8.792857142857143,0,0.9375,3,-0.030241935483870996,0.2661904761904754,0
00-0020474,Kevan Barlow,RB,2002,SF,8.792857142857143,0,0.9375,3,Kevan Barlow,RB,SF,12.63125,2,0.71875,10,-0.21875,3.838392857142857,2
00-0020474,Kevan Barlow,RB,2003,SF,12.63125,2,0.71875,10,Kevan Barlow,RB,SF,11.76,2,0.09375,30,-0.625,-0.8712499999999999,0
00-0020474,Kevan Barlow,RB,2004,SF,11.76,2,0.09375,30,Kevan Barlow,RB,SF,10.766666666666666,1,0.03125,32,-0.0625,-0.9933333333333341,-1
00-0020476,Shad Meier,TE,2003,TEN,4.483333333333333,0,0.75,9,Shad Meier,TE,TEN,6.814285714285715,1,0.59375,14,-0.15625,2.3309523809523816,1
00-0020480,Sage Rosenfels,QB,2007,HOU,12.273333333333332,1,0.625,13,Sage Rosenfels,QB,HOU,10.156666666666666,0,0.65625,12,0.03125,-2.1166666666666654,-1
00-0020490,Koren Robinson,WR,2001,SEA,6.24375,0,0.7096774193548387,10,Koren Robinson,WR,SEA,14.85,3,0.75,9,0.040322580645161255,8.60625,3
00-0020490,Koren Robinson,WR,2002,SEA,14.85,3,0.75,9,Koren Robinson,WR,SEA,11.873333333333331,2,0.90625,4,0.15625,-2.9766666666666683,-1
00-0020490,Koren Robinson,WR,2003,SEA,11.873333333333331,2,0.90625,4,Koren Robinson,WR,SEA,10.31111111111111,1,0.6875,11,-0.21875,-1.5622222222222213,-1
00-0020494,Santana Moss,WR,2001,NYJ,1.08,0,0.5483870967741935,15,Santana Moss,WR,NYJ,7.606666666666666,0,0.84375,6,0.2953629032258065,6.5266666666666655,0
00-0020494,Santana Moss,WR,2002,NYJ,7.606666666666666,0,0.84375,6,Santana Moss,WR,NYJ,15.45,3,0.625,13,-0.21875,7.843333333333334,3
00-0020494,Santana Moss,WR,2003,NYJ,15.45,3,0.625,13,Santana Moss,WR,NYJ,10.706666666666669,1,0.71875,10,0.09375,-4.7433333333333305,-2
00-0020494,Santana Moss,WR,2005,WAS,17.75,4,0.6875,11,Santana Moss,WR,WAS,12.87142857142857,2,0.6875,11,0.0,-4.87857142857143,-2
00-0020494,Santana Moss,WR,2006,WAS,12.87142857142857,2,0.6875,11,Santana Moss,WR,WAS,11.221428571428572,2,0.4375,19,-0.25,-1.6499999999999986,0
00-0020494,Santana Moss,WR,2007,WAS,11.221428571428572,2,0.4375,19,Santana Moss,WR,WAS,15.073333333333332,3,0.375,21,-0.0625,3.851904761904761,1
00-0020494,Santana Moss,WR,2008,WAS,15.073333333333332,3,0.375,21,Santana Moss,WR,WAS,11.10625,2,0.40625,20,0.03125,-3.967083333333333,-1
00-0020494,Santana Moss,WR,2009,WAS,11.10625,2,0.40625,20,Santana Moss,WR,WAS,14.74375,3,0.25,25,-0.15625,3.637500000000001,1
00-0020494,Santana Moss,WR,2010,WAS,14.74375,3,0.25,25,Santana Moss,WR,WAS,10.7,1,0.375,21,0.125,-4.043750000000001,-2
00-0020494,Santana Moss,WR,2011,WAS,10.7,1,0.375,21,Santana Moss,WR,WAS,9.10625,1,0.96875,2,0.59375,-1.59375,0
00-0020494,Santana Moss,WR,2012,WAS,9.10625,1,0.96875,2,Santana Moss,WR,WAS,6.23125,0,0.3125,23,-0.65625,-2.874999999999999,-1
00-0020494,Santana Moss,WR,2013,WAS,6.23125,0,0.3125,23,Santana Moss,WR,WAS,4.32,0,0.28125,24,-0.03125,-1.91125,0
00-0020497,Freddie Mitchell,WR,2001,PHI,4.223076923076923,0,0.5161290322580645,16,Freddie Mitchell,WR,PHI,2.25,0,0.53125,16,0.015120967741935498,-1.9730769230769232,0
00-0020497,Freddie Mitchell,WR,2002,PHI,2.25,0,0.53125,16,Freddie Mitchell,WR,PHI,6.786666666666666,0,0.78125,8,0.25,4.536666666666666,0
00-0020497,Freddie Mitchell,WR,2003,PHI,6.786666666666666,0,0.78125,8,Freddie Mitchell,WR,PHI,5.9750000000000005,0,0.8125,7,0.03125,-0.8116666666666656,0
00-0020498,Reggie Wayne,WR,2001,IND,5.590909090909091,0,0.8064516129032258,7,Reggie Wayne,WR,IND,9.506666666666666,1,0.6875,11,-0.11895161290322576,3.915757575757575,1
00-0020498,Reggie Wayne,WR,2002,IND,9.506666666666666,1,0.6875,11,Reggie Wayne,WR,IND,12.92,2,0.96875,2,0.28125,3.413333333333334,1
00-0020498,Reggie Wayne,WR,2003,IND,12.92,2,0.96875,2,Reggie Wayne,WR,IND,16.85,3,1.0,1,0.03125,3.9300000000000015,1
00-0020498,Reggie Wayne,WR,2004,IND,16.85,3,1.0,1,Reggie Wayne,WR,IND,14.613333333333332,2,1.0,1,0.0,-2.23666666666667,-1
00-0020498,Reggie Wayne,WR,2005,IND,14.613333333333332,2,1.0,1,Reggie Wayne,WR,IND,17.0625,3,1.0,1,0.0,2.4491666666666685,1
00-0020498,Reggie Wayne,WR,2006,IND,17.0625,3,1.0,1,Reggie Wayne,WR,IND,19.3375,4,0.96875,2,-0.03125,2.2749999999999986,1
00-0020498,Reggie Wayne,WR,2007,IND,19.3375,4,0.96875,2,Reggie Wayne,WR,IND,14.55,2,0.9375,3,-0.03125,-4.787499999999998,-2
00-0020498,Reggie Wayne,WR,2008,IND,14.55,2,0.9375,3,Reggie Wayne,WR,IND,17.775,4,0.96875,2,0.03125,3.224999999999998,2
00-0020498,Reggie Wayne,WR,2009,IND,17.775,4,0.96875,2,Reggie Wayne,WR,IND,17.53125,3,0.90625,4,-0.0625,-0.24374999999999858,-1
00-0020498,Reggie Wayne,WR,2010,IND,17.53125,3,0.90625,4,Reggie Wayne,WR,IND,12.1875,2,0.09375,30,-0.8125,-5.34375,-1
00-0020498,Reggie Wayne,WR,2011,IND,12.1875,2,0.09375,30,Reggie Wayne,WR,IND,16.8125,3,0.625,13,0.53125,4.625,1
00-0020498,Reggie Wayne,WR,2012,IND,16.8125,3,0.625,13,Reggie Wayne,WR,IND,14.685714285714283,2,0.6875,11,0.0625,-2.1267857142857167,-1
00-0020498,Reggie Wayne,WR,2013,IND,14.685714285714283,2,0.6875,11,Reggie Wayne,WR,IND,10.126666666666669,1,0.75,9,0.0625,-4.559047619047615,-1
00-0020513,David Terrell,WR,2001,CHI,6.21875,0,0.3548387096774194,21,David Terrell,WR,CHI,7.94,0,0.1875,27,-0.16733870967741937,1.7212500000000004,0
00-0020513,David Terrell,WR,2002,CHI,7.94,0,0.1875,27,David Terrell,WR,CHI,5.7,0,0.28125,24,0.09375,-2.24,0
00-0020513,David Terrell,WR,2003,CHI,5.7,0,0.28125,24,David Terrell,WR,CHI,7.793333333333334,0,0.03125,32,-0.25,2.0933333333333337,0
00-0020514,Michael Bennett,RB,2001,MIN,10.6,1,0.4193548387096774,19,Michael Bennett,RB,MIN,14.48125,3,0.875,5,0.4556451612903226,3.8812499999999996,2
00-0020514,Michael Bennett,RB,2002,MIN,14.48125,3,0.875,5,Michael Bennett,RB,MIN,9.2375,1,0.9375,3,0.0625,-5.243749999999999,-2
00-0020514,Michael Bennett,RB,2003,MIN,9.2375,1,0.9375,3,Michael Bennett,RB,MIN,8.129999999999999,0,0.9375,3,0.0,-1.1075000000000017,-1
00-0020514,Michael Bennett,RB,2004,MIN,8.129999999999999,0,0.9375,3,Michael Bennett,RB,MIN,6.79375,0,0.375,21,-0.5625,-1.3362499999999988,0
00-0020516,Todd Heap,TE,2001,BAL,4.0600000000000005,0,0.2258064516129032,25,Todd Heap,TE,BAL,12.0875,4,0.3125,23,0.08669354838709681,8.0275,4
00-0020516,Todd Heap,TE,2002,BAL,12.0875,4,0.3125,23,Todd Heap,TE,BAL,9.65,2,0.34375,22,0.03125,-2.4375,-2
00-0020516,Todd Heap,TE,2003,BAL,9.65,2,0.34375,22,Todd Heap,TE,BAL,12.55,4,0.1875,27,-0.15625,2.9000000000000004,2
00-0020516,Todd Heap,TE,2004,BAL,12.55,4,0.1875,27,Todd Heap,TE,BAL,12.53125,4,0.1875,27,0.0,-0.01875000000000071,0
00-0020516,Todd Heap,TE,2005,BAL,12.53125,4,0.1875,27,Todd Heap,TE,BAL,11.6,3,0.625,13,0.4375,-0.9312500000000004,-1
00-0020516,Todd Heap,TE,2006,BAL,11.6,3,0.625,13,Todd Heap,TE,BAL,10.58,3,0.21875,26,-0.40625,-1.0199999999999996,0
00-0020516,Todd Heap,TE,2007,BAL,10.58,3,0.21875,26,Todd Heap,TE,BAL,6.521428571428571,1,0.5,17,0.28125,-4.058571428571429,-2
00-0020516,Todd Heap,TE,2008,BAL,6.521428571428571,1,0.5,17,Todd Heap,TE,BAL,9.28125,2,0.75,9,0.25,2.7598214285714286,1
00-0020516,Todd Heap,TE,2009,BAL,9.28125,2,0.75,9,Todd Heap,TE,BAL,9.992307692307692,2,0.65625,12,-0.09375,0.7110576923076923,0
00-0020525,Rod Gardner,WR,2001,WAS,8.98125,1,0.1935483870967742,26,Rod Gardner,WR,WAS,13.73125,2,0.34375,22,0.1502016129032258,4.75,1
00-0020525,Rod Gardner,WR,2002,WAS,13.73125,2,0.34375,22,Rod Gardner,WR,WAS,9.9275,1,0.46875,18,0.125,-3.803749999999999,-1
00-0020525,Rod Gardner,WR,2003,WAS,9.9275,1,0.46875,18,Rod Gardner,WR,WAS,9.16875,1,0.15625,28,-0.3125,-0.7587500000000009,0
00-0020527,Deuce McAllister,RB,2001,NO,4.0842857142857145,0,0.2903225806451613,23,Deuce McAllister,RB,NO,20.73333333333333,5,0.40625,20,0.11592741935483869,16.649047619047614,5
00-0020527,Deuce McAllister,RB,2002,NO,20.73333333333333,5,0.40625,20,Deuce McAllister,RB,NO,20.2625,5,0.65625,12,0.25,-0.47083333333333144,0
00-0020527,Deuce McAllister,RB,2003,NO,20.2625,5,0.65625,12,Deuce McAllister,RB,NO,15.014285714285714,3,0.53125,16,-0.125,-5.248214285714285,-2
00-0020527,Deuce McAllister,RB,2004,NO,15.014285714285714,3,0.53125,16,Deuce McAllister,RB,NO,16.04,3,0.3125,23,-0.21875,1.025714285714285,0
00-0020527,Deuce McAllister,RB,2005,NO,16.04,3,0.3125,23,Deuce McAllister,RB,NO,14.66,3,0.9375,3,0.625,-1.379999999999999,0
00-0020531,Drew Brees,QB,2002,LAC,11.7725,1,0.625,13,Drew Brees,QB,LAC,10.165454545454544,0,0.59375,14,-0.03125,-1.6070454545454567,-1
00-0020531,Drew Brees,QB,2003,LAC,10.165454545454544,0,0.59375,14,Drew Brees,QB,LAC,16.244,2,0.90625,4,0.3125,6.078545454545456,2
00-0020531,Drew Brees,QB,2004,LAC,16.244,2,0.90625,4,Drew Brees,QB,LAC,13.12125,1,0.84375,6,-0.0625,-3.12275,-1
00-0020531,Drew Brees,QB,2006,NO,16.26,2,0.9375,3,Drew Brees,QB,NO,16.2075,2,0.75,9,-0.1875,-0.05250000000000199,0
00-0020531,Drew Brees,QB,2007,NO,16.2075,2,0.75,9,Drew Brees,QB,NO,18.91625,3,0.96875,2,0.21875,2.708750000000002,1
00-0020531,Drew Brees,QB,2008,NO,18.91625,3,0.96875,2,Drew Brees,QB,NO,19.561333333333334,3,0.875,5,-0.09375,0.6450833333333321,0
00-0020531,Drew Brees,QB,2009,NO,19.561333333333334,3,0.875,5,Drew Brees,QB,NO,16.8875,2,0.75,9,-0.125,-2.6738333333333344,-1
00-0020531,Drew Brees,QB,2010,NO,16.8875,2,0.75,9,Drew Brees,QB,NO,24.625,5,0.96875,2,0.21875,7.737500000000001,3
00-0020531,Drew Brees,QB,2011,NO,24.625,5,0.96875,2,Drew Brees,QB,NO,21.59875,4,0.8125,7,-0.15625,-3.026250000000001,-1
00-0020531,Drew Brees,QB,2012,NO,21.59875,4,0.8125,7,Drew Brees,QB,NO,22.355,4,0.9375,3,0.125,0.7562500000000014,0
00-0020531,Drew Brees,QB,2013,NO,22.355,4,0.9375,3,Drew Brees,QB,NO,18.99875,3,0.78125,8,-0.15625,-3.3562499999999993,-1
00-0020531,Drew Brees,QB,2014,NO,18.99875,3,0.78125,8,Drew Brees,QB,NO,20.28,3,0.875,5,0.09375,1.28125,0
00-0020531,Drew Brees,QB,2015,NO,20.28,3,0.875,5,Drew Brees,QB,NO,20.77,4,0.84375,6,-0.03125,0.48999999999999844,1
00-0020531,Drew Brees,QB,2016,NO,20.77,4,0.84375,6,Drew Brees,QB,NO,16.41,2,0.96875,2,0.125,-4.359999999999999,-2
00-0020531,Drew Brees,QB,2017,NO,16.41,2,0.96875,2,Drew Brees,QB,NO,20.332,3,0.96875,2,0.0,3.9220000000000006,1
00-0020531,Drew Brees,QB,2018,NO,20.332,3,0.96875,2,Drew Brees,QB,NO,20.43272727272728,3,0.90625,4,-0.0625,0.10072727272727988,0
00-0020531,Drew Brees,QB,2019,NO,20.43272727272728,3,0.90625,4,Drew Brees,QB,NO,17.456666666666667,2,0.78125,8,-0.125,-2.9760606060606136,-1
00-0020536,LaDainian Tomlinson,RB,2001,LAC,16.83125,4,0.7419354838709677,9,LaDainian Tomlinson,RB,LAC,24.0125,5,0.625,13,-0.11693548387096775,7.181249999999999,1
00-0020536,LaDainian Tomlinson,RB,2002,LAC,24.0125,5,0.625,13,LaDainian Tomlinson,RB,LAC,27.74,5,0.59375,14,-0.03125,3.727499999999999,0
00-0020536,LaDainian Tomlinson,RB,2003,LAC,27.74,5,0.59375,14,LaDainian Tomlinson,RB,LAC,22.27466666666667,5,0.90625,4,0.3125,-5.46533333333333,0
00-0020536,LaDainian Tomlinson,RB,2004,LAC,22.27466666666667,5,0.90625,4,LaDainian Tomlinson,RB,LAC,22.8925,5,0.84375,6,-0.0625,0.6178333333333299,0
00-0020536,LaDainian Tomlinson,RB,2005,LAC,22.8925,5,0.84375,6,LaDainian Tomlinson,RB,LAC,30.06875,5,0.96875,2,0.125,7.176250000000003,0
00-0020536,LaDainian Tomlinson,RB,2006,LAC,30.06875,5,0.96875,2,LaDainian Tomlinson,RB,LAC,22.97375,5,0.5625,15,-0.40625,-7.095000000000002,0
00-0020536,LaDainian Tomlinson,RB,2007,LAC,22.97375,5,0.5625,15,LaDainian Tomlinson,RB,LAC,17.25,4,1.0,1,0.4375,-5.723749999999999,-1
00-0020536,LaDainian Tomlinson,RB,2008,LAC,17.25,4,1.0,1,LaDainian Tomlinson,RB,LAC,12.6,2,1.0,1,0.0,-4.65,-2
00-0020536,LaDainian Tomlinson,RB,2010,NYJ,14.413333333333332,3,0.46875,18,LaDainian Tomlinson,RB,NYJ,9.492857142857144,1,0.3125,23,-0.15625,-4.9204761904761884,-2
00-0020565,Cleo Lemon,QB,2006,MIA,5.795,0,0.1875,27,Cleo Lemon,QB,MIA,12.235555555555557,1,0.3125,23,0.125,6.440555555555557,1
00-0020583,Marc Boerigter,WR,2002,KC,10.0,1,1.0,1,Marc Boerigter,WR,KC,2.977777777777778,0,1.0,1,0.0,-7.022222222222222,-1
00-0020608,David Carr,QB,2002,HOU,9.1175,0,0.0625,31,David Carr,QB,HOU,9.801666666666668,0,0.25,25,0.1875,0.6841666666666679,0
00-0020608,David Carr,QB,2003,HOU,9.801666666666668,0,0.25,25,David Carr,QB,HOU,12.74125,1,0.5625,15,0.3125,2.939583333333333,1
00-0020608,David Carr,QB,2004,HOU,12.74125,1,0.5625,15,David Carr,QB,HOU,10.02,0,0.28125,24,-0.28125,-2.7212500000000013,-1
00-0020608,David Carr,QB,2005,HOU,10.02,0,0.28125,24,David Carr,QB,HOU,9.36875,0,0.40625,20,0.125,-0.6512499999999992,0
00-0020679,Shaun Hill,QB,2008,SF,15.482222222222225,2,0.25,25,Shaun Hill,QB,SF,9.786666666666669,0,0.3125,23,0.0625,-5.695555555555556,-2
00-0020700,James Mungro,RB,2002,IND,10.966666666666669,1,0.6875,11,James Mungro,RB,IND,5.15,0,0.96875,2,0.28125,-5.816666666666668,-1
00-0020700,James Mungro,RB,2003,IND,5.15,0,0.96875,2,James Mungro,RB,IND,3.8125,0,1.0,1,0.03125,-1.3375000000000004,0
00-0020700,James Mungro,RB,2004,IND,3.8125,0,1.0,1,James Mungro,RB,IND,1.2166666666666666,0,1.0,1,0.0,-2.595833333333333,0
00-0020754,Kelly Campbell,WR,2002,MIN,8.283333333333333,0,0.875,5,Kelly Campbell,WR,MIN,7.571428571428571,0,0.9375,3,0.0625,-0.711904761904762,0
00-0020754,Kelly Campbell,WR,2003,MIN,7.571428571428571,0,0.9375,3,Kelly Campbell,WR,MIN,4.983333333333333,0,0.9375,3,0.0,-2.588095238095238,0
00-0020780,Frisman Jackson,WR,2004,CLE,4.314285714285714,0,0.125,29,Frisman Jackson,WR,CLE,6.522222222222222,0,0.09375,30,-0.03125,2.207936507936508,0
00-0020797,Maurice Hicks,RB,2004,SF,9.2,1,0.09375,30,Maurice Hicks,RB,SF,9.357142857142858,1,0.03125,32,-0.0625,0.15714285714285836,0
00-0020797,Maurice Hicks,RB,2005,SF,9.357142857142858,1,0.03125,32,Maurice Hicks,RB,SF,3.408333333333333,0,0.21875,26,0.1875,-5.948809523809524,-1
00-0020797,Maurice Hicks,RB,2006,SF,3.408333333333333,0,0.21875,26,Maurice Hicks,RB,SF,2.7357142857142853,0,0.03125,32,-0.1875,-0.6726190476190479,0
00-0020805,Jason McKie,RB,2006,CHI,3.3076923076923075,0,0.5,17,Jason McKie,RB,CHI,1.8,0,0.15625,28,-0.34375,-1.5076923076923074,0
00-0020805,Jason McKie,RB,2007,CHI,1.8,0,0.15625,28,Jason McKie,RB,CHI,4.0,0,0.1875,27,0.03125,2.2,0
00-0020805,Jason McKie,RB,2008,CHI,4.0,0,0.1875,27,Jason McKie,RB,CHI,0.7875,0,0.28125,24,0.09375,-3.2125,0
00-0020820,Jesse Chatman,RB,2002,LAC,2.325,0,0.625,13,Jesse Chatman,RB,LAC,2.0166666666666666,0,0.59375,14,-0.03125,-0.30833333333333357,0
00-0020820,Jesse Chatman,RB,2003,LAC,2.0166666666666666,0,0.59375,14,Jesse Chatman,RB,LAC,5.536363636363636,0,0.90625,4,0.3125,3.5196969696969695,0
00-0020904,Eric Parker,WR,2002,LAC,8.299999999999999,0,0.625,13,Eric Parker,WR,LAC,8.928571428571429,1,0.59375,14,-0.03125,0.6285714285714299,1
00-0020904,Eric Parker,WR,2003,LAC,8.928571428571429,1,0.59375,14,Eric Parker,WR,LAC,11.023076923076925,2,0.90625,4,0.3125,2.094505494505496,1
00-0020904,Eric Parker,WR,2004,LAC,11.023076923076925,2,0.90625,4,Eric Parker,WR,LAC,10.928571428571429,1,0.84375,6,-0.0625,-0.09450549450549595,-1
00-0020904,Eric Parker,WR,2005,LAC,10.928571428571429,1,0.84375,6,Eric Parker,WR,LAC,7.72,0,0.96875,2,0.125,-3.208571428571429,-1
00-0020917,Joe Burns,RB,2003,BUF,2.45,0,0.125,29,Joe Burns,RB,BUF,1.2857142857142858,0,0.25,25,0.125,-1.1642857142857144,0
00-0020964,Tony Fisher,RB,2002,GB,6.33,0,0.5625,15,Tony Fisher,RB,GB,6.123076923076923,0,0.875,5,0.3125,-0.20692307692307743,0
00-0020964,Tony Fisher,RB,2003,GB,6.123076923076923,0,0.875,5,Tony Fisher,RB,GB,6.52625,0,0.875,5,0.0,0.40317307692307747,0
00-0020964,Tony Fisher,RB,2004,GB,6.52625,0,0.875,5,Tony Fisher,RB,GB,9.38,1,0.46875,18,-0.40625,2.8537500000000007,1
00-0020984,Randy Hymes,WR,2004,BAL,5.858333333333333,0,0.1875,27,Randy Hymes,WR,BAL,3.62,0,0.1875,27,0.0,-2.2383333333333333,0
00-0021048,Damien Anderson,RB,2002,ARI,3.275,0,0.21875,26,Damien Anderson,RB,ARI,1.4909090909090907,0,0.03125,32,-0.1875,-1.7840909090909092,0
00-0021084,Matt Schobel,TE,2002,CIN,4.3,0,0.28125,24,Matt Schobel,TE,CIN,6.290909090909091,1,0.84375,6,0.5625,1.9909090909090912,1
00-0021084,Matt Schobel,TE,2003,CIN,6.290909090909091,1,0.84375,6,Matt Schobel,TE,CIN,6.3100000000000005,1,0.34375,22,-0.5,0.01909090909090949,0
00-0021084,Matt Schobel,TE,2004,CIN,6.3100000000000005,1,0.34375,22,Matt Schobel,TE,CIN,3.608333333333333,0,0.9375,3,0.59375,-2.7016666666666675,-1
00-0021084,Matt Schobel,TE,2006,PHI,4.309090909090909,0,0.84375,6,Matt Schobel,TE,PHI,2.527272727272728,0,0.8125,7,-0.03125,-1.7818181818181809,0
00-0021100,Jeb Putzier,TE,2004,DEN,7.514285714285714,1,0.78125,8,Jeb Putzier,TE,DEN,5.806666666666667,0,0.875,5,0.09375,-1.7076190476190476,-1
00-0021100,Jeb Putzier,TE,2006,HOU,2.833333333333333,0,0.40625,20,Jeb Putzier,TE,HOU,3.18,0,0.625,13,0.21875,0.3466666666666671,0
00-0021141,Joey Harrington,QB,2002,DET,7.582857142857143,0,0.15625,28,Joey Harrington,QB,DET,9.675,0,0.0625,31,-0.09375,2.092142857142858,0
00-0021141,Joey Harrington,QB,2003,DET,9.675,0,0.0625,31,Joey Harrington,QB,DET,11.71125,1,0.3125,23,0.25,2.036249999999999,1
00-0021141,Joey Harrington,QB,2004,DET,11.71125,1,0.3125,23,Joey Harrington,QB,DET,8.778333333333334,0,0.25,25,-0.0625,-2.9329166666666655,-1
00-0021147,Donte' Stallworth,WR,2002,NO,11.507692307692308,2,0.40625,20,Donte' Stallworth,WR,NO,9.009090909090908,1,0.65625,12,0.25,-2.4986013986013997,-1
00-0021147,Donte' Stallworth,WR,2003,NO,9.009090909090908,1,0.65625,12,Donte' Stallworth,WR,NO,11.226666666666668,2,0.53125,16,-0.125,2.2175757575757604,1
00-0021147,Donte' Stallworth,WR,2004,NO,11.226666666666668,2,0.53125,16,Donte' Stallworth,WR,NO,13.646666666666668,2,0.3125,23,-0.21875,2.42,0
00-0021148,Jeremy Shockey,TE,2002,NYG,11.426666666666668,3,0.5,17,Jeremy Shockey,TE,NYG,12.8,4,0.09375,30,-0.40625,1.373333333333333,1
00-0021148,Jeremy Shockey,TE,2003,NYG,12.8,4,0.09375,30,Jeremy Shockey,TE,NYG,10.906666666666666,3,0.5,17,0.40625,-1.8933333333333344,-1
00-0021148,Jeremy Shockey,TE,2004,NYG,10.906666666666666,3,0.5,17,Jeremy Shockey,TE,NYG,13.206666666666669,4,0.75,9,0.25,2.3000000000000025,1
00-0021148,Jeremy Shockey,TE,2005,NYG,13.206666666666669,4,0.75,9,Jeremy Shockey,TE,NYG,11.353333333333332,3,0.59375,14,-0.15625,-1.853333333333337,-1
00-0021148,Jeremy Shockey,TE,2006,NYG,11.353333333333332,3,0.59375,14,Jeremy Shockey,TE,NYG,9.821428571428571,2,0.46875,18,-0.125,-1.5319047619047605,-1
00-0021148,Jeremy Shockey,TE,2008,NO,7.858333333333333,1,0.96875,2,Jeremy Shockey,TE,NO,9.453846153846154,2,0.875,5,-0.09375,1.5955128205128206,1
00-0021148,Jeremy Shockey,TE,2009,NO,9.453846153846154,2,0.875,5,Jeremy Shockey,TE,NO,7.676923076923076,1,0.75,9,-0.125,-1.7769230769230777,-1
00-0021150,William Green,RB,2002,CLE,9.25,1,0.46875,18,William Green,RB,CLE,10.414285714285716,1,0.21875,26,-0.25,1.1642857142857164,0
00-0021150,William Green,RB,2003,CLE,10.414285714285716,1,0.21875,26,William Green,RB,CLE,6.3500000000000005,0,0.125,29,-0.09375,-4.064285714285716,-1
00-0021150,William Green,RB,2004,CLE,6.3500000000000005,0,0.125,29,William Green,RB,CLE,2.257142857142857,0,0.09375,30,-0.03125,-4.092857142857143,0
00-0021152,Ashley Lelie,WR,2002,DEN,6.9,0,0.90625,4,Ashley Lelie,WR,DEN,7.25625,0,0.8125,7,-0.09375,0.3562499999999993,0
00-0021152,Ashley Lelie,WR,2003,DEN,7.25625,0,0.8125,7,Ashley Lelie,WR,DEN,12.80625,2,0.78125,8,-0.03125,5.550000000000001,2
00-0021152,Ashley Lelie,WR,2004,DEN,12.80625,2,0.78125,8,Ashley Lelie,WR,DEN,8.893333333333334,1,0.875,5,0.09375,-3.912916666666666,-1
00-0021153,Javon Walker,WR,2002,GB,4.285714285714286,0,0.5625,15,Javon Walker,WR,GB,10.29375,1,0.875,5,0.3125,6.008035714285714,1
00-0021153,Javon Walker,WR,2003,GB,10.29375,1,0.875,5,Javon Walker,WR,GB,18.4375,4,0.875,5,0.0,8.14375,3
00-0021153,Javon Walker,WR,2006,DEN,15.23125,3,0.53125,16,Javon Walker,WR,DEN,7.771428571428571,0,0.6875,11,0.15625,-7.459821428571428,-3
00-0021154,Daniel Graham,TE,2002,NE,3.6,0,0.4375,19,Daniel Graham,TE,NE,7.915384615384616,1,0.53125,16,0.09375,4.315384615384616,1
00-0021154,Daniel Graham,TE,2003,NE,7.915384615384616,1,0.53125,16,Daniel Graham,TE,NE,9.033333333333331,2,0.84375,6,0.3125,1.1179487179487158,1
00-0021154,Daniel Graham,TE,2004,NE,9.033333333333331,2,0.84375,6,Daniel Graham,TE,NE,8.214285714285714,2,0.8125,7,-0.03125,-0.8190476190476179,0
00-0021154,Daniel Graham,TE,2005,NE,8.214285714285714,2,0.8125,7,Daniel Graham,TE,NE,4.754545454545454,0,0.875,5,0.0625,-3.4597402597402596,-2
00-0021154,Daniel Graham,TE,2007,DEN,5.509090909090909,0,0.6875,11,Daniel Graham,TE,DEN,6.778571428571429,1,0.875,5,0.1875,1.2694805194805205,1
00-0021154,Daniel Graham,TE,2008,DEN,6.778571428571429,1,0.875,5,Daniel Graham,TE,DEN,4.193333333333333,0,0.4375,19,-0.4375,-2.585238095238096,-1
00-0021154,Daniel Graham,TE,2009,DEN,4.193333333333333,0,0.4375,19,Daniel Graham,TE,DEN,2.3428571428571425,0,0.4375,19,0.0,-1.8504761904761908,0
00-0021159,Jerramy Stevens,TE,2002,SEA,6.290909090909091,1,0.75,9,Jerramy Stevens,TE,SEA,2.64,0,0.90625,4,0.15625,-3.650909090909091,-1
00-0021159,Jerramy Stevens,TE,2003,SEA,2.64,0,0.90625,4,Jerramy Stevens,TE,SEA,6.135714285714286,1,0.6875,11,-0.21875,3.495714285714286,1
00-0021159,Jerramy Stevens,TE,2004,SEA,6.135714285714286,1,0.6875,11,Jerramy Stevens,TE,SEA,9.314285714285717,2,0.96875,2,0.28125,3.1785714285714306,1
00-0021159,Jerramy Stevens,TE,2005,SEA,9.314285714285717,2,0.96875,2,Jerramy Stevens,TE,SEA,7.677777777777777,1,0.3125,23,-0.65625,-1.6365079365079396,-1
00-0021159,Jerramy Stevens,TE,2007,TB,10.15,2,0.65625,12,Jerramy Stevens,TE,TB,7.772727272727272,1,0.40625,20,-0.25,-2.3772727272727288,-1
00-0021159,Jerramy Stevens,TE,2008,TB,7.772727272727272,1,0.40625,20,Jerramy Stevens,TE,TB,2.4285714285714284,0,0.15625,28,-0.25,-5.344155844155843,-1
00-0021159,Jerramy Stevens,TE,2009,TB,2.4285714285714284,0,0.15625,28,Jerramy Stevens,TE,TB,1.825,0,0.78125,8,0.625,-0.6035714285714284,0
00-0021163,Jabar Gaffney,WR,2002,HOU,6.42875,0,0.0625,31,Jabar Gaffney,WR,HOU,6.730769230769231,0,0.25,25,0.1875,0.3020192307692309,0
00-0021163,Jabar Gaffney,WR,2003,HOU,6.730769230769231,0,0.25,25,Jabar Gaffney,WR,HOU,8.371428571428572,0,0.5625,15,0.3125,1.640659340659341,0
00-0021163,Jabar Gaffney,WR,2004,HOU,8.371428571428572,0,0.5625,15,Jabar Gaffney,WR,HOU,8.392857142857142,0,0.28125,24,-0.28125,0.021428571428570464,0
00-0021163,Jabar Gaffney,WR,2006,NE,4.457142857142857,0,0.875,5,Jabar Gaffney,WR,NE,8.53076923076923,0,1.0,1,0.125,4.073626373626373,0
00-0021163,Jabar Gaffney,WR,2007,NE,8.53076923076923,0,1.0,1,Jabar Gaffney,WR,NE,8.981818181818182,1,0.90625,4,-0.09375,0.4510489510489517,1
00-0021163,Jabar Gaffney,WR,2009,DEN,8.7,0,0.4375,19,Jabar Gaffney,WR,DEN,10.28125,1,0.4375,19,0.0,1.5812500000000007,1
00-0021164,DeShaun Foster,RB,2003,CAR,6.828571428571428,0,0.4375,19,DeShaun Foster,RB,CAR,13.275,3,0.65625,12,0.21875,6.446428571428572,3
00-0021164,DeShaun Foster,RB,2004,CAR,13.275,3,0.65625,12,DeShaun Foster,RB,CAR,11.693333333333332,2,0.65625,12,0.0,-1.5816666666666688,-1
00-0021164,DeShaun Foster,RB,2005,CAR,11.693333333333332,2,0.65625,12,DeShaun Foster,RB,CAR,10.828571428571427,1,0.34375,22,-0.3125,-0.8647619047619042,-1
00-0021164,DeShaun Foster,RB,2006,CAR,10.828571428571427,1,0.34375,22,DeShaun Foster,RB,CAR,9.05625,1,0.28125,24,-0.0625,-1.772321428571427,0
00-0021166,Josh Reed,WR,2002,BUF,6.11875,0,0.71875,10,Josh Reed,WR,BUF,9.328571428571427,1,0.125,29,-0.59375,3.209821428571427,1
00-0021166,Josh Reed,WR,2003,BUF,9.328571428571427,1,0.125,29,Josh Reed,WR,BUF,3.466666666666667,0,0.25,25,0.125,-5.861904761904761,-1
00-0021166,Josh Reed,WR,2004,BUF,3.466666666666667,0,0.25,25,Josh Reed,WR,BUF,5.4875,0,0.34375,22,0.09375,2.020833333333333,0
00-0021166,Josh Reed,WR,2005,BUF,5.4875,0,0.34375,22,Josh Reed,WR,BUF,7.358333333333333,0,0.25,25,-0.09375,1.8708333333333336,0
00-0021166,Josh Reed,WR,2006,BUF,7.358333333333333,0,0.25,25,Josh Reed,WR,BUF,7.319999999999999,0,0.1875,27,-0.0625,-0.038333333333333997,0
00-0021166,Josh Reed,WR,2007,BUF,7.319999999999999,0,0.1875,27,Josh Reed,WR,BUF,9.361538461538462,1,0.3125,23,0.125,2.0415384615384626,1
00-0021166,Josh Reed,WR,2008,BUF,9.361538461538462,1,0.3125,23,Josh Reed,WR,BUF,4.776923076923077,0,0.1875,27,-0.125,-4.584615384615385,-1
00-0021174,Tim Carter,WR,2002,NYG,2.125,0,0.5,17,Tim Carter,WR,NYG,5.69,0,0.09375,30,-0.40625,3.5650000000000004,0
00-0021174,Tim Carter,WR,2003,NYG,5.69,0,0.09375,30,Tim Carter,WR,NYG,9.625,1,0.5,17,0.40625,3.9349999999999996,1
00-0021174,Tim Carter,WR,2004,NYG,9.625,1,0.5,17,Tim Carter,WR,NYG,3.0,0,0.75,9,0.25,-6.625,-1
00-0021174,Tim Carter,WR,2005,NYG,3.0,0,0.75,9,Tim Carter,WR,NYG,5.209090909090909,0,0.59375,14,-0.15625,2.209090909090909,0
00-0021175,Andre Davis,WR,2002,CLE,7.60625,0,0.46875,18,Andre Davis,WR,CLE,8.15,0,0.21875,26,-0.25,0.5437500000000002,0
00-0021175,Andre Davis,WR,2003,CLE,8.15,0,0.21875,26,Andre Davis,WR,CLE,11.55,2,0.125,29,-0.09375,3.4000000000000004,2
00-0021175,Andre Davis,WR,2007,HOU,9.092857142857143,1,0.625,13,Andre Davis,WR,HOU,4.2875,0,0.65625,12,0.03125,-4.805357142857144,-1
00-0021175,Andre Davis,WR,2008,HOU,4.2875,0,0.65625,12,Andre Davis,WR,HOU,1.9833333333333327,0,0.6875,11,0.03125,-2.304166666666667,0
00-0021176,Reche Caldwell,WR,2002,LAC,5.208333333333333,0,0.625,13,Reche Caldwell,WR,LAC,3.3166666666666664,0,0.59375,14,-0.03125,-1.8916666666666666,0
00-0021176,Reche Caldwell,WR,2003,LAC,3.3166666666666664,0,0.59375,14,Reche Caldwell,WR,LAC,11.916666666666666,2,0.90625,4,0.3125,8.6,2
00-0021176,Reche Caldwell,WR,2004,LAC,11.916666666666666,2,0.90625,4,Reche Caldwell,WR,LAC,6.0181818181818185,0,0.84375,6,-0.0625,-5.8984848484848476,-2
00-0021179,Clinton Portis,RB,2002,DEN,19.7625,5,0.90625,4,Clinton Portis,RB,DEN,24.053846153846152,5,0.8125,7,-0.09375,4.291346153846153,0
00-0021179,Clinton Portis,RB,2004,WAS,15.573333333333332,3,0.15625,28,Clinton Portis,RB,WAS,16.9925,4,0.6875,11,0.53125,1.4191666666666674,1
00-0021179,Clinton Portis,RB,2005,WAS,16.9925,4,0.6875,11,Clinton Portis,RB,WAS,16.0375,3,0.6875,11,0.0,-0.9549999999999983,-1
00-0021179,Clinton Portis,RB,2006,WAS,16.0375,3,0.6875,11,Clinton Portis,RB,WAS,17.04375,4,0.4375,19,-0.25,1.0062499999999979,1
00-0021179,Clinton Portis,RB,2007,WAS,17.04375,4,0.4375,19,Clinton Portis,RB,WAS,15.40625,3,0.375,21,-0.0625,-1.6374999999999993,-1
00-0021179,Clinton Portis,RB,2008,WAS,15.40625,3,0.375,21,Clinton Portis,RB,WAS,9.2625,1,0.40625,20,0.03125,-6.143750000000001,-2
00-0021179,Clinton Portis,RB,2009,WAS,9.2625,1,0.40625,20,Clinton Portis,RB,WAS,9.04,1,0.25,25,-0.15625,-0.22250000000000014,0
00-0021182,Maurice Morris,RB,2002,SEA,4.133333333333334,0,0.75,9,Maurice Morris,RB,SEA,2.853846153846154,0,0.90625,4,0.15625,-1.2794871794871798,0
00-0021182,Maurice Morris,RB,2003,SEA,2.853846153846154,0,0.90625,4,Maurice Morris,RB,SEA,2.069230769230769,0,0.6875,11,-0.21875,-0.7846153846153849,0
00-0021182,Maurice Morris,RB,2004,SEA,2.069230769230769,0,0.6875,11,Maurice Morris,RB,SEA,4.054545454545455,0,0.96875,2,0.28125,1.9853146853146857,0
00-0021182,Maurice Morris,RB,2005,SEA,4.054545454545455,0,0.96875,2,Maurice Morris,RB,SEA,4.625,0,0.3125,23,-0.65625,0.5704545454545453,0
00-0021182,Maurice Morris,RB,2006,SEA,4.625,0,0.3125,23,Maurice Morris,RB,SEA,10.392307692307693,1,0.71875,10,0.40625,5.767307692307693,1
00-0021182,Maurice Morris,RB,2007,SEA,10.392307692307693,1,0.71875,10,Maurice Morris,RB,SEA,7.6923076923076925,0,0.21875,26,-0.5,-2.7,-1
00-0021182,Maurice Morris,RB,2009,DET,7.1000000000000005,0,0.09375,30,Maurice Morris,RB,DET,10.56,1,0.375,21,0.28125,3.46,1
00-0021182,Maurice Morris,RB,2010,DET,10.56,1,0.375,21,Maurice Morris,RB,DET,7.3076923076923075,0,0.65625,12,0.28125,-3.252307692307693,-1
00-0021183,Doug Jolley,TE,2002,LV,6.530769230769232,1,0.96875,2,Doug Jolley,TE,LV,5.709090909090909,0,0.1875,27,-0.78125,-0.8216783216783234,-1
00-0021183,Doug Jolley,TE,2003,LV,5.709090909090909,0,0.1875,27,Doug Jolley,TE,LV,4.6866666666666665,0,0.46875,18,0.28125,-1.0224242424242425,0
00-0021184,Ladell Betts,RB,2002,WAS,6.21,0,0.34375,22,Ladell Betts,RB,WAS,7.688888888888889,0,0.46875,18,0.125,1.4788888888888891,0
00-0021184,Ladell Betts,RB,2003,WAS,7.688888888888889,0,0.46875,18,Ladell Betts,RB,WAS,5.300000000000001,0,0.15625,28,-0.3125,-2.3888888888888884,0
00-0021184,Ladell Betts,RB,2004,WAS,5.300000000000001,0,0.15625,28,Ladell Betts,RB,WAS,5.466666666666666,0,0.6875,11,0.53125,0.1666666666666652,0
00-0021184,Ladell Betts,RB,2005,WAS,5.466666666666666,0,0.6875,11,Ladell Betts,RB,WAS,14.80625,3,0.6875,11,0.0,9.339583333333334,3
00-0021184,Ladell Betts,RB,2006,WAS,14.80625,3,0.6875,11,Ladell Betts,RB,WAS,5.11875,0,0.4375,19,-0.25,-9.6875,-3
00-0021184,Ladell Betts,RB,2007,WAS,5.11875,0,0.4375,19,Ladell Betts,RB,WAS,5.123076923076923,0,0.375,21,-0.0625,0.004326923076922284,0
00-0021184,Ladell Betts,RB,2008,WAS,5.123076923076923,0,0.375,21,Ladell Betts,RB,WAS,6.7,0,0.40625,20,0.03125,1.5769230769230775,0
00-0021190,Antwaan Randle El,WR,2002,PIT,8.06875,0,0.59375,14,Antwaan Randle El,WR,PIT,6.25875,0,0.40625,20,-0.1875,-1.8099999999999996,0
00-0021190,Antwaan Randle El,WR,2003,PIT,6.25875,0,0.40625,20,Antwaan Randle El,WR,PIT,7.80625,0,0.75,9,0.34375,1.5475000000000003,0
00-0021190,Antwaan Randle El,WR,2004,PIT,7.80625,0,0.75,9,Antwaan Randle El,WR,PIT,8.052,0,0.78125,8,0.03125,0.24574999999999925,0
00-0021190,Antwaan Randle El,WR,2006,WAS,6.77625,0,0.6875,11,Antwaan Randle El,WR,WAS,9.447142857142856,1,0.4375,19,-0.25,2.6708928571428556,1
00-0021190,Antwaan Randle El,WR,2007,WAS,9.447142857142856,1,0.4375,19,Antwaan Randle El,WR,WAS,8.915,1,0.375,21,-0.0625,-0.5321428571428566,0
00-0021190,Antwaan Randle El,WR,2008,WAS,8.915,1,0.375,21,Antwaan Randle El,WR,WAS,6.45,0,0.40625,20,0.03125,-2.464999999999999,-1
00-0021191,Antonio Bryant,WR,2002,DAL,9.58125,1,0.09375,30,Antonio Bryant,WR,DAL,7.571428571428571,0,0.375,21,0.28125,-2.0098214285714295,-1
00-0021191,Antonio Bryant,WR,2004,CLE,10.746666666666666,1,0.125,29,Antonio Bryant,WR,CLE,12.0125,2,0.09375,30,-0.03125,1.2658333333333331,1
00-0021191,Antonio Bryant,WR,2008,TB,16.666666666666668,3,0.40625,20,Antonio Bryant,WR,TB,9.461538461538462,1,0.15625,28,-0.25,-7.205128205128206,-2
00-0021192,Deion Branch,WR,2002,NE,7.992307692307692,0,0.4375,19,Deion Branch,WR,NE,10.426666666666668,1,0.53125,16,0.09375,2.4343589743589753,1
00-0021192,Deion Branch,WR,2003,NE,10.426666666666668,1,0.53125,16,Deion Branch,WR,NE,11.6,2,0.84375,6,0.3125,1.173333333333332,1
00-0021192,Deion Branch,WR,2004,NE,11.6,2,0.84375,6,Deion Branch,WR,NE,12.9875,2,0.8125,7,-0.03125,1.387500000000001,0
00-0021192,Deion Branch,WR,2006,SEA,10.892857142857142,1,0.3125,23,Deion Branch,WR,SEA,13.91,2,0.71875,10,0.40625,3.017142857142858,1
00-0021192,Deion Branch,WR,2007,SEA,13.91,2,0.71875,10,Deion Branch,WR,SEA,11.9,2,0.21875,26,-0.5,-2.01,0
00-0021192,Deion Branch,WR,2008,SEA,11.9,2,0.21875,26,Deion Branch,WR,SEA,7.135714285714286,0,0.25,25,0.03125,-4.764285714285714,-2
00-0021192,Deion Branch,WR,2010,NE,11.786666666666669,2,1.0,1,Deion Branch,WR,NE,10.8,1,0.9375,3,-0.0625,-0.9866666666666681,-1
00-0021192,Deion Branch,WR,2011,NE,10.8,1,0.9375,3,Deion Branch,WR,NE,3.388888888888889,0,1.0,1,0.0625,-7.411111111111111,-1
00-0021206,Josh McCown,QB,2003,ARI,9.588571428571427,0,0.03125,32,Josh McCown,QB,ARI,10.024285714285714,0,0.21875,26,0.1875,0.43571428571428683,0
00-0021206,Josh McCown,QB,2004,ARI,10.024285714285714,0,0.21875,26,Josh McCown,QB,ARI,10.575555555555557,1,0.40625,20,0.1875,0.5512698412698427,1
00-0021206,Josh McCown,QB,2015,CLE,16.52,2,0.1875,27,Josh McCown,QB,CLE,10.42,1,0.28125,24,0.09375,-6.1,-1
00-0021206,Josh McCown,QB,2017,NYJ,15.803076923076922,2,0.28125,24,Josh McCown,QB,NYJ,5.19,0,0.125,29,-0.15625,-10.613076923076921,-2
00-0021209,Lamar Gordon,RB,2002,LA,8.6,0,0.25,25,Lamar Gordon,RB,LA,5.522222222222222,0,0.6875,11,0.4375,-3.0777777777777775,0
00-0021213,Chris Baker,TE,2003,NYJ,2.77,0,0.625,13,Chris Baker,TE,NYJ,4.8500000000000005,0,0.71875,10,0.09375,2.0800000000000005,0
00-0021213,Chris Baker,TE,2004,NYJ,4.8500000000000005,0,0.71875,10,Chris Baker,TE,NYJ,7.271428571428571,1,0.125,29,-0.59375,2.421428571428571,1
00-0021213,Chris Baker,TE,2005,NYJ,7.271428571428571,1,0.125,29,Chris Baker,TE,NYJ,5.666666666666667,0,0.5625,15,0.4375,-1.6047619047619044,-1
00-0021213,Chris Baker,TE,2006,NYJ,5.666666666666667,0,0.5625,15,Chris Baker,TE,NYJ,7.007142857142857,1,0.34375,22,-0.21875,1.3404761904761902,1
00-0021213,Chris Baker,TE,2007,NYJ,7.007142857142857,1,0.34375,22,Chris Baker,TE,NYJ,3.672727272727272,0,0.625,13,0.28125,-3.334415584415585,-1
00-0021216,Brian Westbrook,RB,2002,PHI,2.707142857142857,0,0.53125,16,Brian Westbrook,RB,PHI,14.033333333333331,3,0.78125,8,0.25,11.326190476190474,3
00-0021216,Brian Westbrook,RB,2003,PHI,14.033333333333331,3,0.78125,8,Brian Westbrook,RB,PHI,21.23846153846154,5,0.8125,7,0.03125,7.205128205128208,2
00-0021216,Brian Westbrook,RB,2004,PHI,21.23846153846154,5,0.8125,7,Brian Westbrook,RB,PHI,19.0,5,0.21875,26,-0.59375,-2.2384615384615394,0
00-0021216,Brian Westbrook,RB,2005,PHI,19.0,5,0.21875,26,Brian Westbrook,RB,PHI,22.040000000000003,5,0.84375,6,0.625,3.0400000000000027,0
00-0021216,Brian Westbrook,RB,2006,PHI,22.040000000000003,5,0.84375,6,Brian Westbrook,RB,PHI,24.69333333333333,5,0.8125,7,-0.03125,2.653333333333329,0
00-0021216,Brian Westbrook,RB,2007,PHI,24.69333333333333,5,0.8125,7,Brian Westbrook,RB,PHI,19.25714285714286,5,0.59375,14,-0.21875,-5.436190476190472,0
00-0021216,Brian Westbrook,RB,2008,PHI,19.25714285714286,5,0.59375,14,Brian Westbrook,RB,PHI,10.3125,1,0.71875,10,0.125,-8.94464285714286,-4
00-0021223,Jonathan Wells,RB,2004,HOU,6.076923076923077,0,0.5625,15,Jonathan Wells,RB,HOU,7.415384615384616,0,0.28125,24,-0.28125,1.338461538461539,0
00-0021227,Justin Peelle,TE,2002,LAC,0.75,0,0.625,13,Justin Peelle,TE,LAC,5.042857142857143,0,0.59375,14,-0.03125,4.292857142857143,0
00-0021227,Justin Peelle,TE,2003,LAC,5.042857142857143,0,0.59375,14,Justin Peelle,TE,LAC,3.55,0,0.90625,4,0.3125,-1.4928571428571429,0
00-0021227,Justin Peelle,TE,2004,LAC,3.55,0,0.90625,4,Justin Peelle,TE,LAC,2.6,0,0.84375,6,-0.0625,-0.9499999999999997,0
00-0021227,Justin Peelle,TE,2006,MIA,3.0545454545454547,0,0.1875,27,Justin Peelle,TE,MIA,4.907692307692307,0,0.3125,23,0.125,1.8531468531468525,0
00-0021227,Justin Peelle,TE,2008,ATL,4.29,0,0.78125,8,Justin Peelle,TE,ATL,5.071428571428571,0,0.625,13,-0.15625,0.7814285714285711,0
00-0021227,Justin Peelle,TE,2009,ATL,5.071428571428571,0,0.625,13,Justin Peelle,TE,ATL,2.844444444444445,0,0.8125,7,0.1875,-2.226984126984126,0
00-0021231,David Garrard,QB,2004,JAX,8.64,0,0.4375,19,David Garrard,QB,JAX,13.625714285714285,1,0.71875,10,0.28125,4.985714285714284,1
00-0021231,David Garrard,QB,2005,JAX,13.625714285714285,1,0.71875,10,David Garrard,QB,JAX,11.24,1,0.75,9,0.03125,-2.3857142857142843,0
00-0021231,David Garrard,QB,2006,JAX,11.24,1,0.75,9,David Garrard,QB,JAX,15.73,2,0.9375,3,0.1875,4.49,1
00-0021231,David Garrard,QB,2007,JAX,15.73,2,0.9375,3,David Garrard,QB,JAX,13.545,1,0.53125,16,-0.40625,-2.1850000000000005,-1
00-0021231,David Garrard,QB,2008,JAX,13.545,1,0.53125,16,David Garrard,QB,JAX,13.77375,1,0.5625,15,0.03125,0.2287499999999998,0
00-0021231,David Garrard,QB,2009,JAX,13.77375,1,0.5625,15,David Garrard,QB,JAX,15.74,2,0.625,13,0.0625,1.9662500000000005,1
00-0021236,Randy McMichael,TE,2002,MIA,6.89375,1,0.65625,12,Randy McMichael,TE,MIA,8.053333333333333,2,0.3125,23,-0.34375,1.159583333333333,1
00-0021236,Randy McMichael,TE,2003,MIA,8.053333333333333,2,0.3125,23,Randy McMichael,TE,MIA,11.13125,3,0.0625,31,-0.25,3.077916666666667,1
00-0021236,Randy McMichael,TE,2004,MIA,11.13125,3,0.0625,31,Randy McMichael,TE,MIA,9.746666666666666,2,0.5,17,0.4375,-1.3845833333333335,-1
00-0021236,Randy McMichael,TE,2005,MIA,9.746666666666666,2,0.5,17,Randy McMichael,TE,MIA,9.0,2,0.1875,27,-0.3125,-0.7466666666666661,0
00-0021236,Randy McMichael,TE,2007,LA,6.24375,1,0.09375,30,Randy McMichael,TE,LA,6.225,1,0.03125,32,-0.0625,-0.01875000000000071,0
00-0021236,Randy McMichael,TE,2008,LA,6.225,1,0.03125,32,Randy McMichael,TE,LA,4.575,0,0.03125,32,0.0,-1.6499999999999995,-1
00-0021236,Randy McMichael,TE,2010,LAC,3.8642857142857134,0,0.9375,3,Randy McMichael,TE,LAC,3.806666666666666,0,0.875,5,-0.0625,-0.05761904761904724,0
00-0021236,Randy McMichael,TE,2011,LAC,3.806666666666666,0,0.875,5,Randy McMichael,TE,LAC,2.0142857142857142,0,0.3125,23,-0.5625,-1.792380952380952,0
00-0021241,Darnell Sanders,TE,2002,CLE,2.26,0,0.46875,18,Darnell Sanders,TE,CLE,3.5625,0,0.21875,26,-0.25,1.3025000000000002,0
00-0021252,Najeh Davenport,RB,2002,GB,5.116666666666666,0,0.5625,15,Najeh Davenport,RB,GB,4.414285714285714,0,0.875,5,0.3125,-0.7023809523809526,0
00-0021252,Najeh Davenport,RB,2003,GB,4.414285714285714,0,0.875,5,Najeh Davenport,RB,GB,5.5200000000000005,0,0.875,5,0.0,1.1057142857142868,0
00-0021252,Najeh Davenport,RB,2004,GB,5.5200000000000005,0,0.875,5,Najeh Davenport,RB,GB,4.96,0,0.46875,18,-0.40625,-0.5600000000000005,0
00-0021252,Najeh Davenport,RB,2006,PIT,5.261538461538462,0,0.71875,10,Najeh Davenport,RB,PIT,8.553333333333335,0,0.84375,6,0.125,3.291794871794872,0
00-0021260,Kyle Johnson,RB,2004,DEN,6.720000000000001,0,0.78125,8,Kyle Johnson,RB,DEN,5.376923076923077,0,0.875,5,0.09375,-1.3430769230769233,0
00-0021260,Kyle Johnson,RB,2005,DEN,5.376923076923077,0,0.875,5,Kyle Johnson,RB,DEN,3.283333333333333,0,0.53125,16,-0.34375,-2.093589743589744,0
00-0021268,Terry Jones,TE,2002,BAL,2.76,0,0.3125,23,Terry Jones,TE,BAL,4.408333333333333,0,0.34375,22,0.03125,1.6483333333333334,0
00-0021268,Terry Jones,TE,2003,BAL,4.408333333333333,0,0.34375,22,Terry Jones,TE,BAL,4.12,0,0.1875,27,-0.15625,-0.2883333333333331,0
00-0021273,Robert Royal,TE,2004,WAS,4.875,0,0.15625,28,Robert Royal,TE,WAS,3.71,0,0.6875,11,0.53125,-1.165,0
00-0021273,Robert Royal,TE,2006,BUF,4.5285714285714285,0,0.25,25,Robert Royal,TE,BUF,5.8,0,0.1875,27,-0.0625,1.2714285714285714,0
00-0021273,Robert Royal,TE,2007,BUF,5.8,0,0.1875,27,Robert Royal,TE,BUF,5.392307692307692,0,0.3125,23,0.125,-0.407692307692308,0
00-0021273,Robert Royal,TE,2009,CLE,3.0,0,0.125,29,Robert Royal,TE,CLE,2.3714285714285714,0,0.28125,24,0.15625,-0.6285714285714286,0
00-0021282,Ryan Hannam,TE,2004,SEA,3.1666666666666665,0,0.6875,11,Ryan Hannam,TE,SEA,3.1,0,0.96875,2,0.28125,-0.06666666666666643,0
00-0021304,John Gilmore,TE,2008,TB,3.4454545454545453,0,0.40625,20,John Gilmore,TE,TB,0.8833333333333333,0,0.15625,28,-0.25,-2.562121212121212,0
00-0021304,John Gilmore,TE,2009,TB,0.8833333333333333,0,0.15625,28,John Gilmore,TE,TB,3.888888888888889,0,0.78125,8,0.625,3.0055555555555555,0
00-0021306,Adrian Peterson,RB,2005,CHI,4.838461538461538,0,0.0625,31,Adrian Peterson,RB,CHI,4.414285714285714,0,0.5,17,0.4375,-0.42417582417582445,0
00-0021306,Adrian Peterson,RB,2006,CHI,4.414285714285714,0,0.5,17,Adrian Peterson,RB,CHI,10.1475,1,0.15625,28,-0.34375,5.733214285714287,1
00-0021306,Adrian Peterson,RB,2007,CHI,10.1475,1,0.15625,28,Adrian Peterson,RB,CHI,2.9285714285714284,0,0.1875,27,0.03125,-7.218928571428572,-1
00-0021314,Chester Taylor,RB,2002,BAL,3.553333333333333,0,0.3125,23,Chester Taylor,RB,BAL,4.425,0,0.34375,22,0.03125,0.871666666666667,0
00-0021314,Chester Taylor,RB,2003,BAL,4.425,0,0.34375,22,Chester Taylor,RB,BAL,8.1125,0,0.1875,27,-0.15625,3.687500000000001,0
00-0021314,Chester Taylor,RB,2004,BAL,8.1125,0,0.1875,27,Chester Taylor,RB,BAL,8.607142857142858,0,0.1875,27,0.0,0.49464285714285694,0
00-0021314,Chester Taylor,RB,2006,MIN,14.813333333333333,3,0.125,29,Chester Taylor,RB,MIN,12.564285714285717,2,0.53125,16,0.40625,-2.249047619047616,-1
00-0021314,Chester Taylor,RB,2007,MIN,12.564285714285717,2,0.53125,16,Chester Taylor,RB,MIN,10.06,1,0.34375,22,-0.1875,-2.5042857142857162,-1
00-0021314,Chester Taylor,RB,2008,MIN,10.06,1,0.34375,22,Chester Taylor,RB,MIN,8.00625,0,0.8125,7,0.46875,-2.053750000000001,-1
00-0021317,Bryan Fletcher,TE,2005,IND,7.025,1,1.0,1,Bryan Fletcher,TE,IND,5.0200000000000005,0,1.0,1,0.0,-2.005,-1
00-0021317,Bryan Fletcher,TE,2006,IND,5.0200000000000005,0,1.0,1,Bryan Fletcher,TE,IND,6.859999999999999,1,0.96875,2,-0.03125,1.839999999999999,1
00-0021337,Ronald Curry,WR,2006,LV,9.273333333333332,1,0.03125,32,Ronald Curry,WR,LV,9.675,1,0.25,25,0.21875,0.40166666666666906,0
00-0021337,Ronald Curry,WR,2007,LV,9.675,1,0.25,25,Ronald Curry,WR,LV,5.644444444444444,0,0.15625,28,-0.09375,-4.030555555555557,-1
00-0021353,David Givens,WR,2002,NE,3.025,0,0.4375,19,David Givens,WR,NE,11.9,2,0.53125,16,0.09375,8.875,2
00-0021353,David Givens,WR,2003,NE,11.9,2,0.53125,16,David Givens,WR,NE,11.514285714285714,2,0.84375,6,0.3125,-0.3857142857142861,0
00-0021353,David Givens,WR,2004,NE,11.514285714285714,2,0.84375,6,David Givens,WR,NE,11.238461538461538,2,0.8125,7,-0.03125,-0.2758241758241766,0
00-0021357,Rock Cartwright,RB,2002,WAS,4.471428571428572,0,0.34375,22,Rock Cartwright,RB,WAS,6.58,0,0.46875,18,0.125,2.1085714285714277,0
00-0021357,Rock Cartwright,RB,2010,LV,0.7000000000000001,0,0.53125,16,Rock Cartwright,RB,LV,1.5571428571428572,0,0.59375,14,0.0625,0.8571428571428571,0
00-0021376,T.J. Duckett,RB,2002,ATL,7.483333333333333,0,0.78125,8,T.J. Duckett,RB,ATL,10.01875,1,0.15625,28,-0.625,2.5354166666666673,1
00-0021376,T.J. Duckett,RB,2003,ATL,10.01875,1,0.15625,28,T.J. Duckett,RB,ATL,8.283333333333333,0,0.40625,20,0.25,-1.7354166666666675,-1
00-0021376,T.J. Duckett,RB,2004,ATL,8.283333333333333,0,0.40625,20,T.J. Duckett,RB,ATL,6.735714285714286,0,0.59375,14,0.1875,-1.5476190476190474,0
00-0021379,Patrick Ramsey,QB,2002,WAS,8.828888888888889,0,0.34375,22,Patrick Ramsey,QB,WAS,11.905454545454546,1,0.46875,18,0.125,3.0765656565656574,1
00-0021379,Patrick Ramsey,QB,2003,WAS,11.905454545454546,1,0.46875,18,Patrick Ramsey,QB,WAS,9.38888888888889,0,0.15625,28,-0.3125,-2.516565656565657,-1
00-0021379,Patrick Ramsey,QB,2004,WAS,9.38888888888889,0,0.15625,28,Patrick Ramsey,QB,WAS,2.865,0,0.6875,11,0.53125,-6.523888888888889,0
00-0021406,Derick Armstrong,WR,2003,HOU,4.1,0,0.25,25,Derick Armstrong,WR,HOU,5.884615384615385,0,0.5625,15,0.3125,1.7846153846153854,0
00-0021406,Derick Armstrong,WR,2004,HOU,5.884615384615385,0,0.5625,15,Derick Armstrong,WR,HOU,2.9285714285714284,0,0.28125,24,-0.28125,-2.9560439560439566,0
00-0021424,Chris Horn,WR,2004,KC,6.666666666666667,0,0.96875,2,Chris Horn,WR,KC,5.242857142857143,0,0.90625,4,-0.0625,-1.423809523809524,0
00-0021429,Carson Palmer,QB,2004,CIN,12.19846153846154,1,0.34375,22,Carson Palmer,QB,CIN,16.615,2,0.9375,3,0.59375,4.416538461538458,1
00-0021429,Carson Palmer,QB,2005,CIN,16.615,2,0.9375,3,Carson Palmer,QB,CIN,14.80875,1,0.8125,7,-0.125,-1.8062499999999986,-1
00-0021429,Carson Palmer,QB,2006,CIN,14.80875,1,0.8125,7,Carson Palmer,QB,CIN,14.2625,1,0.78125,8,-0.03125,-0.5462500000000006,0
00-0021429,Carson Palmer,QB,2007,CIN,14.2625,1,0.78125,8,Carson Palmer,QB,CIN,9.31,0,0.0625,31,-0.71875,-4.952499999999999,-1
00-0021429,Carson Palmer,QB,2008,CIN,9.31,0,0.0625,31,Carson Palmer,QB,CIN,13.07875,1,0.5,17,0.4375,3.768749999999999,1
00-0021429,Carson Palmer,QB,2009,CIN,13.07875,1,0.5,17,Carson Palmer,QB,CIN,13.9875,1,0.40625,20,-0.09375,0.9087500000000013,0
00-0021429,Carson Palmer,QB,2011,LV,13.612,1,0.59375,14,Carson Palmer,QB,LV,14.954666666666666,1,0.25,25,-0.34375,1.3426666666666662,0
00-0021429,Carson Palmer,QB,2013,ARI,13.57875,1,0.40625,20,Carson Palmer,QB,ARI,17.256666666666668,2,0.4375,19,0.03125,3.6779166666666683,1
00-0021429,Carson Palmer,QB,2014,ARI,17.256666666666668,2,0.4375,19,Carson Palmer,QB,ARI,19.3275,3,1.0,1,0.5625,2.070833333333333,1
00-0021429,Carson Palmer,QB,2015,ARI,19.3275,3,1.0,1,Carson Palmer,QB,ARI,16.208000000000002,2,0.4375,19,-0.5625,-3.1194999999999986,-1
00-0021429,Carson Palmer,QB,2016,ARI,16.208000000000002,2,0.4375,19,Carson Palmer,QB,ARI,14.617142857142856,1,0.0625,31,-0.375,-1.5908571428571463,-1
00-0021460,Cortez Hankton,WR,2003,JAX,3.3600000000000003,0,0.5625,15,Cortez Hankton,WR,JAX,7.275,0,0.4375,19,-0.125,3.915,0
00-0021508,Greg Lewis,WR,2003,PHI,2.583333333333333,0,0.78125,8,Greg Lewis,WR,PHI,3.69,0,0.8125,7,0.03125,1.106666666666667,0
00-0021508,Greg Lewis,WR,2004,PHI,3.69,0,0.8125,7,Greg Lewis,WR,PHI,7.426666666666667,0,0.21875,26,-0.59375,3.736666666666667,0
00-0021508,Greg Lewis,WR,2005,PHI,7.426666666666667,0,0.21875,26,Greg Lewis,WR,PHI,5.292307692307692,0,0.84375,6,0.625,-2.1343589743589746,0
00-0021508,Greg Lewis,WR,2006,PHI,5.292307692307692,0,0.84375,6,Greg Lewis,WR,PHI,9.071428571428571,1,0.8125,7,-0.03125,3.779120879120879,1
00-0021508,Greg Lewis,WR,2007,PHI,9.071428571428571,1,0.8125,7,Greg Lewis,WR,PHI,4.970000000000001,0,0.59375,14,-0.21875,-4.1014285714285705,-1
00-0021508,Greg Lewis,WR,2009,MIN,3.3714285714285714,0,0.8125,7,Greg Lewis,WR,MIN,3.0583333333333336,0,0.125,29,-0.6875,-0.31309523809523787,0
00-0021509,Reno Mahe,RB,2004,PHI,3.933333333333333,0,0.8125,7,Reno Mahe,RB,PHI,4.583333333333333,0,0.21875,26,-0.59375,0.6499999999999999,0
00-0021525,Casey Fitzsimmons,TE,2003,DET,5.1,0,0.0625,31,Casey Fitzsimmons,TE,DET,2.03,0,0.3125,23,0.25,-3.07,0
00-0021525,Casey Fitzsimmons,TE,2004,DET,2.03,0,0.3125,23,Casey Fitzsimmons,TE,DET,2.5625,0,0.25,25,-0.0625,0.5325000000000002,0
00-0021525,Casey Fitzsimmons,TE,2007,DET,4.071428571428571,0,0.375,21,Casey Fitzsimmons,TE,DET,3.5625,0,0.09375,30,-0.28125,-0.5089285714285712,0
00-0021525,Casey Fitzsimmons,TE,2008,DET,3.5625,0,0.09375,30,Casey Fitzsimmons,TE,DET,4.114285714285715,0,0.09375,30,0.0,0.5517857142857148,0
00-0021547,Antonio Gates,TE,2003,LAC,8.100000000000001,2,0.59375,14,Antonio Gates,TE,LAC,17.026666666666667,5,0.90625,4,0.3125,8.926666666666666,3
00-0021547,Antonio Gates,TE,2004,LAC,17.026666666666667,5,0.90625,4,Antonio Gates,TE,LAC,17.273333333333333,5,0.84375,6,-0.0625,0.24666666666666615,0
00-0021547,Antonio Gates,TE,2005,LAC,17.273333333333333,5,0.84375,6,Antonio Gates,TE,LAC,13.5875,4,0.96875,2,0.125,-3.685833333333333,-1
00-0021547,Antonio Gates,TE,2006,LAC,13.5875,4,0.96875,2,Antonio Gates,TE,LAC,14.2125,4,0.5625,15,-0.40625,0.625,0
00-0021547,Antonio Gates,TE,2007,LAC,14.2125,4,0.5625,15,Antonio Gates,TE,LAC,11.76,4,1.0,1,0.4375,-2.4525000000000006,0
00-0021547,Antonio Gates,TE,2008,LAC,11.76,4,1.0,1,Antonio Gates,TE,LAC,15.16875,5,1.0,1,0.0,3.4087499999999995,1
00-0021547,Antonio Gates,TE,2009,LAC,15.16875,5,1.0,1,Antonio Gates,TE,LAC,18.82,5,0.9375,3,-0.0625,3.651250000000001,0
00-0021547,Antonio Gates,TE,2010,LAC,18.82,5,0.9375,3,Antonio Gates,TE,LAC,14.13846153846154,4,0.875,5,-0.0625,-4.6815384615384605,-1
00-0021547,Antonio Gates,TE,2011,LAC,14.13846153846154,4,0.875,5,Antonio Gates,TE,LAC,9.653333333333334,2,0.3125,23,-0.5625,-4.4851282051282055,-2
00-0021547,Antonio Gates,TE,2012,LAC,9.653333333333334,2,0.3125,23,Antonio Gates,TE,LAC,11.5125,3,0.96875,2,0.65625,1.859166666666665,1
00-0021547,Antonio Gates,TE,2013,LAC,11.5125,3,0.96875,2,Antonio Gates,TE,LAC,13.94375,4,0.65625,12,-0.3125,2.4312500000000004,1
00-0021547,Antonio Gates,TE,2014,LAC,13.94375,4,0.65625,12,Antonio Gates,TE,LAC,13.545454545454543,4,0.5,17,-0.15625,-0.39829545454545645,0
00-0021547,Antonio Gates,TE,2015,LAC,13.545454545454543,4,0.5,17,Antonio Gates,TE,LAC,11.36923076923077,3,0.53125,16,0.03125,-2.1762237762237735,-1
00-0021547,Antonio Gates,TE,2016,LAC,11.36923076923077,3,0.53125,16,Antonio Gates,TE,LAC,4.975,0,0.9375,3,0.40625,-6.39423076923077,-3
00-0021547,Antonio Gates,TE,2017,LAC,4.975,0,0.9375,3,Antonio Gates,TE,LAC,4.70625,0,0.90625,4,-0.03125,-0.2687499999999998,0
00-0021570,Kassim Osgood,WR,2003,LAC,7.542857142857143,0,0.59375,14,Kassim Osgood,WR,LAC,7.225,0,0.90625,4,0.3125,-0.31785714285714306,0
00-0021570,Kassim Osgood,WR,2010,JAX,1.8,0,0.625,13,Kassim Osgood,WR,JAX,1.84,0,0.0625,31,-0.5625,0.040000000000000036,0
00-0021647,Jerheme Urban,WR,2007,ARI,8.3625,0,0.5,17,Jerheme Urban,WR,ARI,7.963076923076922,0,0.6875,11,0.1875,-0.3994230769230791,0
00-0021647,Jerheme Urban,WR,2008,ARI,7.963076923076922,0,0.6875,11,Jerheme Urban,WR,ARI,4.066666666666666,0,0.46875,18,-0.21875,-3.896410256410255,0
00-0021678,Tony Romo,QB,2006,DAL,13.424615384615386,1,0.90625,4,Tony Romo,QB,DAL,18.4775,3,0.90625,4,0.0,5.052884615384613,2
00-0021678,Tony Romo,QB,2007,DAL,18.4775,3,0.90625,4,Tony Romo,QB,DAL,15.693846153846154,2,0.46875,18,-0.4375,-2.783653846153845,-1
00-0021678,Tony Romo,QB,2008,DAL,15.693846153846154,2,0.46875,18,Tony Romo,QB,DAL,17.11375,2,0.84375,6,0.375,1.4199038461538454,0
00-0021678,Tony Romo,QB,2009,DAL,17.11375,2,0.84375,6,Tony Romo,QB,DAL,16.293333333333333,2,0.59375,14,-0.25,-0.8204166666666666,0
00-0021678,Tony Romo,QB,2010,DAL,16.293333333333333,2,0.59375,14,Tony Romo,QB,DAL,17.2475,2,0.75,9,0.15625,0.9541666666666657,0
00-0021678,Tony Romo,QB,2011,DAL,17.2475,2,0.75,9,Tony Romo,QB,DAL,17.5075,2,0.65625,12,-0.09375,0.26000000000000156,0
00-0021678,Tony Romo,QB,2012,DAL,17.5075,2,0.65625,12,Tony Romo,QB,DAL,17.39466666666667,2,0.78125,8,0.125,-0.1128333333333309,0
00-0021678,Tony Romo,QB,2013,DAL,17.39466666666667,2,0.78125,8,Tony Romo,QB,DAL,17.753333333333334,3,0.9375,3,0.15625,0.35866666666666447,1
00-0021678,Tony Romo,QB,2014,DAL,17.753333333333334,3,0.9375,3,Tony Romo,QB,DAL,10.165,0,0.21875,26,-0.71875,-7.588333333333335,-3
00-0021755,Earnest Graham,RB,2006,TB,1.825,0,0.09375,30,Earnest Graham,RB,TB,15.28,3,0.65625,12,0.5625,13.455,3
00-0021755,Earnest Graham,RB,2007,TB,15.28,3,0.65625,12,Earnest Graham,RB,TB,12.082,2,0.40625,20,-0.25,-3.1979999999999986,-1
00-0021755,Earnest Graham,RB,2008,TB,12.082,2,0.40625,20,Earnest Graham,RB,TB,2.863636363636364,0,0.15625,28,-0.25,-9.218363636363637,-2
00-0021755,Earnest Graham,RB,2009,TB,2.863636363636364,0,0.15625,28,Earnest Graham,RB,TB,4.816363636363636,0,0.78125,8,0.625,1.9527272727272722,0
00-0021755,Earnest Graham,RB,2010,TB,4.816363636363636,0,0.78125,8,Earnest Graham,RB,TB,8.957142857142857,1,0.15625,28,-0.625,4.140779220779221,1
00-0021756,Will Heller,TE,2009,DET,4.7875,0,0.09375,30,Will Heller,TE,DET,3.425,0,0.375,21,0.28125,-1.3624999999999998,0
00-0021756,Will Heller,TE,2010,DET,3.425,0,0.375,21,Will Heller,TE,DET,1.1333333333333333,0,0.65625,12,0.28125,-2.2916666666666665,0
00-0021756,Will Heller,TE,2011,DET,1.1333333333333333,0,0.65625,12,Will Heller,TE,DET,3.8,0,0.46875,18,-0.1875,2.6666666666666665,0
00-0021780,Aaron Moorehead,WR,2006,IND,5.55,0,1.0,1,Aaron Moorehead,WR,IND,3.625,0,0.96875,2,-0.03125,-1.9249999999999998,0
00-0021845,Cecil Sapp,RB,2006,DEN,2.1555555555555554,0,0.53125,16,Cecil Sapp,RB,DEN,3.3076923076923075,0,0.6875,11,0.15625,1.152136752136752,0
00-0021915,Sam Aiken,WR,2004,BUF,4.3,0,0.25,25,Sam Aiken,WR,BUF,2.425,0,0.34375,22,0.09375,-1.875,0
00-0021915,Sam Aiken,WR,2008,NE,2.585714285714286,0,0.90625,4,Sam Aiken,WR,NE,6.459999999999999,0,0.90625,4,0.0,3.8742857142857132,0
00-0021929,Donald Lee,TE,2003,MIA,6.0,1,0.3125,23,Donald Lee,TE,MIA,3.25,0,0.0625,31,-0.25,-2.75,-1
00-0021929,Donald Lee,TE,2005,GB,5.723076923076923,0,0.46875,18,Donald Lee,TE,GB,3.125,0,0.375,21,-0.09375,-2.598076923076923,0
00-0021929,Donald Lee,TE,2006,GB,3.125,0,0.375,21,Donald Lee,TE,GB,9.3,2,0.875,5,0.5,6.175000000000001,2
00-0021929,Donald Lee,TE,2007,GB,9.3,2,0.875,5,Donald Lee,TE,GB,7.092857142857143,1,0.71875,10,-0.15625,-2.2071428571428573,-1
00-0021929,Donald Lee,TE,2008,GB,7.092857142857143,1,0.71875,10,Donald Lee,TE,GB,4.486666666666666,0,0.9375,3,0.21875,-2.606190476190477,-1
00-0021929,Donald Lee,TE,2009,GB,4.486666666666666,0,0.9375,3,Donald Lee,TE,GB,4.2875,0,0.84375,6,-0.09375,-0.19916666666666671,0
00-0021931,Kevin Walter,WR,2004,CIN,2.45,0,0.34375,22,Kevin Walter,WR,CIN,5.122222222222223,0,0.9375,3,0.59375,2.6722222222222225,0
00-0021931,Kevin Walter,WR,2006,HOU,3.027272727272727,0,0.40625,20,Kevin Walter,WR,HOU,11.466666666666669,2,0.625,13,0.21875,8.439393939393941,2
00-0021931,Kevin Walter,WR,2007,HOU,11.466666666666669,2,0.625,13,Kevin Walter,WR,HOU,12.5125,2,0.65625,12,0.03125,1.0458333333333307,0
00-0021931,Kevin Walter,WR,2008,HOU,12.5125,2,0.65625,12,Kevin Walter,WR,HOU,9.19285714285714,1,0.6875,11,0.03125,-3.31964285714286,-1
00-0021931,Kevin Walter,WR,2009,HOU,9.19285714285714,1,0.6875,11,Kevin Walter,WR,HOU,10.221428571428572,1,0.96875,2,0.28125,1.028571428571432,0
00-0021931,Kevin Walter,WR,2010,HOU,10.221428571428572,1,0.96875,2,Kevin Walter,WR,HOU,6.96,0,0.625,13,-0.34375,-3.2614285714285716,-1
00-0021931,Kevin Walter,WR,2011,HOU,6.96,0,0.625,13,Kevin Walter,WR,HOU,6.55,0,0.6875,11,0.0625,-0.41000000000000014,0
00-0021976,Larry Johnson,RB,2003,KC,3.14,0,1.0,1,Larry Johnson,RB,KC,21.7375,5,0.96875,2,-0.03125,18.5975,5
00-0021976,Larry Johnson,RB,2004,KC,21.7375,5,0.96875,2,Larry Johnson,RB,KC,22.51875,5,0.90625,4,-0.0625,0.78125,0
00-0021976,Larry Johnson,RB,2005,KC,22.51875,5,0.90625,4,Larry Johnson,RB,KC,23.18125,5,0.65625,12,-0.25,0.6624999999999979,0
00-0021976,Larry Johnson,RB,2006,KC,23.18125,5,0.65625,12,Larry Johnson,RB,KC,15.8125,3,0.125,29,-0.53125,-7.368749999999999,-2
00-0021976,Larry Johnson,RB,2007,KC,15.8125,3,0.125,29,Larry Johnson,RB,KC,11.513333333333334,2,0.28125,24,0.15625,-4.299166666666666,-1
00-0021976,Larry Johnson,RB,2008,KC,11.513333333333334,2,0.28125,24,Larry Johnson,RB,KC,5.514285714285714,0,0.21875,26,-0.0625,-5.999047619047619,-2
00-0021979,Domanick Williams,RB,2003,HOU,16.228571428571428,4,0.25,25,Domanick Williams,RB,HOU,21.506666666666668,5,0.5625,15,0.3125,5.27809523809524,1
00-0021979,Domanick Williams,RB,2004,HOU,21.506666666666668,5,0.5625,15,Domanick Williams,RB,HOU,18.57272727272728,5,0.28125,24,-0.28125,-2.9339393939393865,0
00-0021980,George Wrighster,TE,2005,JAX,5.285714285714286,0,0.71875,10,George Wrighster,TE,JAX,6.153333333333333,1,0.75,9,0.03125,0.8676190476190477,1
00-0021980,George Wrighster,TE,2006,JAX,6.153333333333333,1,0.75,9,George Wrighster,TE,JAX,3.922222222222222,0,0.9375,3,0.1875,-2.2311111111111113,-1
00-0021981,Shaun McDonald,WR,2003,LA,4.225,0,0.6875,11,Shaun McDonald,WR,LA,6.96,0,0.625,13,-0.0625,2.7350000000000003,0
00-0021981,Shaun McDonald,WR,2004,LA,6.96,0,0.625,13,Shaun McDonald,WR,LA,7.071428571428571,0,0.625,13,0.0,0.11142857142857121,0
00-0021981,Shaun McDonald,WR,2005,LA,7.071428571428571,0,0.625,13,Shaun McDonald,WR,LA,3.4000000000000004,0,0.78125,8,0.15625,-3.671428571428571,0
00-0021981,Shaun McDonald,WR,2007,DET,12.84375,2,0.375,21,Shaun McDonald,WR,DET,7.290000000000001,0,0.09375,30,-0.28125,-5.553749999999999,-2
00-0021982,Justin Gage,WR,2003,CHI,7.6,0,0.28125,24,Justin Gage,WR,CHI,3.45,0,0.03125,32,-0.25,-4.1499999999999995,0
00-0021982,Justin Gage,WR,2004,CHI,3.45,0,0.03125,32,Justin Gage,WR,CHI,7.054545454545454,0,0.0625,31,0.03125,3.6045454545454536,0
00-0021982,Justin Gage,WR,2007,TEN,9.466666666666669,1,0.40625,20,Justin Gage,WR,TEN,12.28181818181818,2,0.5625,15,0.15625,2.815151515151511,1
00-0021982,Justin Gage,WR,2008,TEN,12.28181818181818,2,0.5625,15,Justin Gage,WR,TEN,7.025,0,0.59375,14,0.03125,-5.256818181818179,-2
00-0021982,Justin Gage,WR,2009,TEN,7.025,0,0.59375,14,Justin Gage,WR,TEN,4.781818181818182,0,0.5,17,-0.09375,-2.243181818181818,0
00-0021993,Bethel Johnson,WR,2003,NE,6.7125,0,0.53125,16,Bethel Johnson,WR,NE,5.025,0,0.84375,6,0.3125,-1.6875,0
00-0021999,Nate Burleson,WR,2003,MIN,6.5,0,0.9375,3,Nate Burleson,WR,MIN,14.71875,3,0.9375,3,0.0,8.21875,3
00-0021999,Nate Burleson,WR,2004,MIN,14.71875,3,0.9375,3,Nate Burleson,WR,MIN,6.2,0,0.375,21,-0.5625,-8.51875,-3
00-0021999,Nate Burleson,WR,2006,SEA,5.0181818181818185,0,0.3125,23,Nate Burleson,WR,SEA,11.4875,2,0.71875,10,0.40625,6.469318181818182,2
00-0021999,Nate Burleson,WR,2010,DET,11.257142857142856,2,0.375,21,Nate Burleson,WR,DET,10.975,1,0.65625,12,0.28125,-0.2821428571428566,-1
00-0021999,Nate Burleson,WR,2011,DET,10.975,1,0.65625,12,Nate Burleson,WR,DET,11.633333333333333,2,0.46875,18,-0.1875,0.6583333333333332,1
00-0021999,Nate Burleson,WR,2012,DET,11.633333333333333,2,0.46875,18,Nate Burleson,WR,DET,10.033333333333331,1,0.46875,18,0.0,-1.6000000000000014,-1
00-0022001,Kevin Curtis,WR,2004,LA,6.807692307692308,0,0.625,13,Kevin Curtis,WR,LA,11.48125,2,0.625,13,0.0,4.673557692307691,2
00-0022001,Kevin Curtis,WR,2005,LA,11.48125,2,0.625,13,Kevin Curtis,WR,LA,8.484615384615385,0,0.78125,8,0.15625,-2.9966346153846146,-2
00-0022001,Kevin Curtis,WR,2007,PHI,14.0,2,0.8125,7,Kevin Curtis,WR,PHI,9.333333333333334,1,0.59375,14,-0.21875,-4.666666666666666,-1
00-0022005,Chris Simms,QB,2004,TB,2.816,0,0.28125,24,Chris Simms,QB,TB,9.381818181818184,0,0.4375,19,0.15625,6.565818181818185,0
00-0022006,Artose Pinner,RB,2004,DET,6.8,0,0.3125,23,Artose Pinner,RB,DET,7.076923076923077,0,0.25,25,-0.0625,0.2769230769230768,0
00-0022011,Justin Griffith,RB,2003,ATL,4.428571428571429,0,0.15625,28,Justin Griffith,RB,ATL,4.491666666666666,0,0.40625,20,0.25,0.06309523809523743,0
00-0022011,Justin Griffith,RB,2004,ATL,4.491666666666666,0,0.40625,20,Justin Griffith,RB,ATL,3.9,0,0.59375,14,0.1875,-0.5916666666666663,0
00-0022011,Justin Griffith,RB,2005,ATL,3.9,0,0.59375,14,Justin Griffith,RB,ATL,5.56923076923077,0,0.4375,19,-0.15625,1.66923076923077,0
00-0022011,Justin Griffith,RB,2007,LV,3.938461538461538,0,0.25,25,Justin Griffith,RB,LV,3.95,0,0.15625,28,-0.09375,0.011538461538462386,0
00-0022041,Richard Angulo,TE,2007,JAX,5.525,0,0.9375,3,Richard Angulo,TE,JAX,2.3833333333333333,0,0.53125,16,-0.40625,-3.141666666666667,0
00-0022044,Andre Johnson,WR,2003,HOU,11.6625,2,0.25,25,Andre Johnson,WR,HOU,14.275,2,0.5625,15,0.3125,2.6125000000000007,0
00-0022044,Andre Johnson,WR,2004,HOU,14.275,2,0.5625,15,Andre Johnson,WR,HOU,11.9,2,0.28125,24,-0.28125,-2.375,0
00-0022044,Andre Johnson,WR,2005,HOU,11.9,2,0.28125,24,Andre Johnson,WR,HOU,15.56875,3,0.40625,20,0.125,3.6687499999999993,1
00-0022044,Andre Johnson,WR,2006,HOU,15.56875,3,0.40625,20,Andre Johnson,WR,HOU,21.23333333333333,5,0.625,13,0.21875,5.664583333333331,2
00-0022044,Andre Johnson,WR,2007,HOU,21.23333333333333,5,0.625,13,Andre Johnson,WR,HOU,20.03125,4,0.65625,12,0.03125,-1.2020833333333307,-1
00-0022044,Andre Johnson,WR,2008,HOU,20.03125,4,0.65625,12,Andre Johnson,WR,HOU,19.68125,4,0.6875,11,0.03125,-0.3500000000000014,0
00-0022044,Andre Johnson,WR,2009,HOU,19.68125,4,0.6875,11,Andre Johnson,WR,HOU,19.73846153846154,4,0.96875,2,0.28125,0.05721153846154081,0
00-0022044,Andre Johnson,WR,2010,HOU,19.73846153846154,4,0.96875,2,Andre Johnson,WR,HOU,13.571428571428571,2,0.625,13,-0.34375,-6.167032967032968,-2
00-0022044,Andre Johnson,WR,2011,HOU,13.571428571428571,2,0.625,13,Andre Johnson,WR,HOU,18.4875,4,0.6875,11,0.0625,4.9160714285714295,2
00-0022044,Andre Johnson,WR,2012,HOU,18.4875,4,0.6875,11,Andre Johnson,WR,HOU,17.48125,3,0.09375,30,-0.59375,-1.0062500000000014,-1
00-0022044,Andre Johnson,WR,2013,HOU,17.48125,3,0.09375,30,Andre Johnson,WR,HOU,12.706666666666669,2,0.34375,22,0.25,-4.7745833333333305,-1
00-0022051,Teyo Johnson,TE,2003,LV,3.644444444444444,0,0.1875,27,Teyo Johnson,TE,LV,6.82,1,0.46875,18,0.28125,3.1755555555555564,1
00-0022054,Visanthe Shiancoe,TE,2005,NYG,3.4200000000000004,0,0.75,9,Visanthe Shiancoe,TE,NYG,2.011111111111111,0,0.59375,14,-0.15625,-1.4088888888888893,0
00-0022054,Visanthe Shiancoe,TE,2007,MIN,5.754545454545454,0,0.53125,16,Visanthe Shiancoe,TE,MIN,8.975,2,0.34375,22,-0.1875,3.2204545454545457,2
00-0022054,Visanthe Shiancoe,TE,2008,MIN,8.975,2,0.34375,22,Visanthe Shiancoe,TE,MIN,11.1625,3,0.8125,7,0.46875,2.1875,1
00-0022054,Visanthe Shiancoe,TE,2009,MIN,11.1625,3,0.8125,7,Visanthe Shiancoe,TE,MIN,7.466666666666667,1,0.125,29,-0.6875,-3.695833333333333,-2
00-0022054,Visanthe Shiancoe,TE,2010,MIN,7.466666666666667,1,0.125,29,Visanthe Shiancoe,TE,MIN,6.326666666666667,1,0.40625,20,0.28125,-1.1399999999999997,0
00-0022055,Seneca Wallace,QB,2005,SEA,1.684,0,0.96875,2,Seneca Wallace,QB,SEA,10.163333333333332,0,0.3125,23,-0.65625,8.479333333333333,0
00-0022055,Seneca Wallace,QB,2006,SEA,10.163333333333332,0,0.3125,23,Seneca Wallace,QB,SEA,4.2,0,0.71875,10,0.40625,-5.963333333333332,0
00-0022055,Seneca Wallace,QB,2007,SEA,4.2,0,0.71875,10,Seneca Wallace,QB,SEA,11.231111111111112,1,0.21875,26,-0.5,7.0311111111111115,1
00-0022055,Seneca Wallace,QB,2008,SEA,11.231111111111112,1,0.21875,26,Seneca Wallace,QB,SEA,3.315384615384616,0,0.25,25,0.03125,-7.915726495726496,-1
00-0022055,Seneca Wallace,QB,2010,CLE,7.093333333333334,0,0.28125,24,Seneca Wallace,QB,CLE,5.796666666666667,0,0.21875,26,-0.0625,-1.2966666666666669,0
00-0022057,LaBrandon Toefield,RB,2003,JAX,4.332,0,0.5625,15,LaBrandon Toefield,RB,JAX,4.571428571428571,0,0.4375,19,-0.125,0.23942857142857132,0
00-0022057,LaBrandon Toefield,RB,2004,JAX,4.571428571428571,0,0.4375,19,LaBrandon Toefield,RB,JAX,7.15,0,0.71875,10,0.28125,2.578571428571429,0
00-0022060,Aaron Walker,TE,2003,SF,3.2,0,0.71875,10,Aaron Walker,TE,SF,3.071428571428572,0,0.09375,30,-0.625,-0.12857142857142811,0
00-0022064,Arnaz Battle,WR,2004,SF,4.1571428571428575,0,0.09375,30,Arnaz Battle,WR,SF,10.81,1,0.03125,32,-0.0625,6.652857142857143,1
00-0022064,Arnaz Battle,WR,2005,SF,10.81,1,0.03125,32,Arnaz Battle,WR,SF,9.19375,1,0.21875,26,0.1875,-1.6162500000000009,0
00-0022064,Arnaz Battle,WR,2006,SF,9.19375,1,0.21875,26,Arnaz Battle,WR,SF,9.626666666666669,1,0.03125,32,-0.1875,0.43291666666666906,0
00-0022064,Arnaz Battle,WR,2007,SF,9.626666666666669,1,0.03125,32,Arnaz Battle,WR,SF,7.2,0,0.25,25,0.21875,-2.4266666666666685,-1
00-0022064,Arnaz Battle,WR,2008,SF,7.2,0,0.25,25,Arnaz Battle,WR,SF,2.25,0,0.3125,23,0.0625,-4.95,0
00-0022084,Anquan Boldin,WR,2003,ARI,17.79375,4,0.03125,32,Anquan Boldin,WR,ARI,12.26,2,0.21875,26,0.1875,-5.5337499999999995,-2
00-0022084,Anquan Boldin,WR,2004,ARI,12.26,2,0.21875,26,Anquan Boldin,WR,ARI,20.592857142857145,5,0.40625,20,0.1875,8.332857142857145,3
00-0022084,Anquan Boldin,WR,2005,ARI,20.592857142857145,5,0.40625,20,Anquan Boldin,WR,ARI,14.38125,2,0.46875,18,0.0625,-6.2116071428571455,-3
00-0022084,Anquan Boldin,WR,2006,ARI,14.38125,2,0.46875,18,Anquan Boldin,WR,ARI,17.474999999999998,3,0.5,17,0.03125,3.0937499999999982,1
00-0022084,Anquan Boldin,WR,2007,ARI,17.474999999999998,3,0.5,17,Anquan Boldin,WR,ARI,21.625,5,0.6875,11,0.1875,4.150000000000002,2
00-0022084,Anquan Boldin,WR,2008,ARI,21.625,5,0.6875,11,Anquan Boldin,WR,ARI,14.306666666666668,2,0.46875,18,-0.21875,-7.318333333333332,-3
00-0022084,Anquan Boldin,WR,2010,BAL,11.72875,2,0.65625,12,Anquan Boldin,WR,BAL,11.69285714285714,2,0.6875,11,0.03125,-0.03589285714286028,0
00-0022084,Anquan Boldin,WR,2011,BAL,11.69285714285714,2,0.6875,11,Anquan Boldin,WR,BAL,12.226666666666668,2,0.59375,14,-0.09375,0.5338095238095288,0
00-0022084,Anquan Boldin,WR,2013,SF,15.375,3,0.65625,12,Anquan Boldin,WR,SF,13.725,2,0.40625,20,-0.25,-1.6500000000000004,-1
00-0022084,Anquan Boldin,WR,2014,SF,13.725,2,0.40625,20,Anquan Boldin,WR,SF,12.135714285714286,2,0.09375,30,-0.3125,-1.5892857142857135,0
00-0022092,Chris Brown,RB,2003,TEN,3.290909090909091,0,0.75,9,Chris Brown,RB,TEN,15.4,3,0.59375,14,-0.15625,12.10909090909091,3
00-0022092,Chris Brown,RB,2004,TEN,15.4,3,0.59375,14,Chris Brown,RB,TEN,11.813333333333333,2,0.15625,28,-0.4375,-3.586666666666668,-1
00-0022092,Chris Brown,RB,2005,TEN,11.813333333333333,2,0.15625,28,Chris Brown,RB,TEN,3.6,0,0.28125,24,0.125,-8.213333333333333,-2
00-0022092,Chris Brown,RB,2006,TEN,3.6,0,0.28125,24,Chris Brown,RB,TEN,8.85,1,0.40625,20,0.125,5.25,1
00-0022093,Justin Fargas,RB,2003,LV,2.2777777777777777,0,0.1875,27,Justin Fargas,RB,LV,3.44,0,0.46875,18,0.28125,1.1622222222222223,0
00-0022093,Justin Fargas,RB,2004,LV,3.44,0,0.46875,18,Justin Fargas,RB,LV,1.175,0,0.53125,16,0.0625,-2.2649999999999997,0
00-0022093,Justin Fargas,RB,2005,LV,1.175,0,0.53125,16,Justin Fargas,RB,LV,5.875,0,0.03125,32,-0.5,4.7,0
00-0022093,Justin Fargas,RB,2006,LV,5.875,0,0.03125,32,Justin Fargas,RB,LV,11.764285714285714,2,0.25,25,0.21875,5.889285714285714,2
00-0022093,Justin Fargas,RB,2007,LV,11.764285714285714,2,0.25,25,Justin Fargas,RB,LV,7.478571428571429,0,0.15625,28,-0.09375,-4.285714285714286,-2
00-0022093,Justin Fargas,RB,2008,LV,7.478571428571429,0,0.15625,28,Justin Fargas,RB,LV,7.95,0,0.0625,31,-0.09375,0.47142857142857153,0
00-0022095,Quentin Griffin,RB,2003,DEN,5.177777777777778,0,0.8125,7,Quentin Griffin,RB,DEN,11.98,2,0.78125,8,-0.03125,6.802222222222222,2
00-0022097,Brandon Lloyd,WR,2003,SF,6.15,0,0.71875,10,Brandon Lloyd,WR,SF,10.576923076923077,1,0.09375,30,-0.625,4.426923076923076,1
00-0022097,Brandon Lloyd,WR,2004,SF,10.576923076923077,1,0.09375,30,Brandon Lloyd,WR,SF,9.953333333333337,1,0.03125,32,-0.0625,-0.62358974358974,0
00-0022102,Doug Gabriel,WR,2004,LV,6.72,0,0.46875,18,Doug Gabriel,WR,LV,9.241666666666667,1,0.53125,16,0.0625,2.5216666666666674,1
00-0022121,Rex Grossman,QB,2006,CHI,10.6675,1,0.5,17,Rex Grossman,QB,CHI,6.8425,0,0.15625,28,-0.34375,-3.825,-1
00-0022121,Rex Grossman,QB,2010,WAS,12.99,1,0.25,25,Rex Grossman,QB,WAS,11.318461538461538,1,0.375,21,0.125,-1.6715384615384625,0
00-0022124,Taylor Jacobs,WR,2004,WAS,5.866666666666667,0,0.15625,28,Taylor Jacobs,WR,WAS,3.5,0,0.6875,11,0.53125,-2.366666666666667,0
00-0022126,L.J. Smith,TE,2003,PHI,5.416666666666667,0,0.78125,8,L.J. Smith,TE,PHI,8.475,2,0.8125,7,0.03125,3.0583333333333327,2
00-0022126,L.J. Smith,TE,2004,PHI,8.475,2,0.8125,7,L.J. Smith,TE,PHI,9.075,2,0.21875,26,-0.59375,0.5999999999999996,0
00-0022126,L.J. Smith,TE,2005,PHI,9.075,2,0.21875,26,L.J. Smith,TE,PHI,10.221428571428572,2,0.84375,6,0.625,1.1464285714285722,0
00-0022126,L.J. Smith,TE,2006,PHI,10.221428571428572,2,0.84375,6,L.J. Smith,TE,PHI,5.511111111111111,0,0.8125,7,-0.03125,-4.7103174603174605,-2
00-0022126,L.J. Smith,TE,2007,PHI,5.511111111111111,0,0.8125,7,L.J. Smith,TE,PHI,7.066666666666666,1,0.59375,14,-0.21875,1.5555555555555554,1
00-0022127,Jason Witten,TE,2003,DAL,6.881818181818182,1,0.375,21,Jason Witten,TE,DAL,13.8125,4,0.375,21,0.0,6.930681818181818,3
00-0022127,Jason Witten,TE,2004,DAL,13.8125,4,0.375,21,Jason Witten,TE,DAL,11.10625,3,0.5625,15,0.1875,-2.7062500000000007,-1
00-0022127,Jason Witten,TE,2005,DAL,11.10625,3,0.5625,15,Jason Witten,TE,DAL,9.0875,2,0.90625,4,0.34375,-2.018749999999999,-1
00-0022127,Jason Witten,TE,2006,DAL,9.0875,2,0.90625,4,Jason Witten,TE,DAL,15.65625,5,0.90625,4,0.0,6.56875,3
00-0022127,Jason Witten,TE,2007,DAL,15.65625,5,0.90625,4,Jason Witten,TE,DAL,13.458666666666666,4,0.46875,18,-0.4375,-2.197583333333334,-1
00-0022127,Jason Witten,TE,2008,DAL,13.458666666666666,4,0.46875,18,Jason Witten,TE,DAL,13.0625,4,0.84375,6,0.375,-0.3961666666666659,0
00-0022127,Jason Witten,TE,2009,DAL,13.0625,4,0.84375,6,Jason Witten,TE,DAL,15.5125,5,0.59375,14,-0.25,2.4499999999999993,1
00-0022127,Jason Witten,TE,2010,DAL,15.5125,5,0.59375,14,Jason Witten,TE,DAL,12.7,4,0.75,9,0.15625,-2.8125,-1
00-0022127,Jason Witten,TE,2011,DAL,12.7,4,0.75,9,Jason Witten,TE,DAL,14.49375,4,0.65625,12,-0.09375,1.793750000000001,0
00-0022127,Jason Witten,TE,2012,DAL,14.49375,4,0.65625,12,Jason Witten,TE,DAL,12.88125,4,0.78125,8,0.125,-1.6125000000000007,0
00-0022127,Jason Witten,TE,2013,DAL,12.88125,4,0.78125,8,Jason Witten,TE,DAL,10.26875,2,0.9375,3,0.15625,-2.612499999999999,-2
00-0022127,Jason Witten,TE,2014,DAL,10.26875,2,0.9375,3,Jason Witten,TE,DAL,10.26875,2,0.21875,26,-0.71875,0.0,0
00-0022127,Jason Witten,TE,2015,DAL,10.26875,2,0.21875,26,Jason Witten,TE,DAL,10.153333333333334,2,0.90625,4,0.6875,-0.1154166666666665,0
00-0022127,Jason Witten,TE,2016,DAL,10.153333333333334,2,0.90625,4,Jason Witten,TE,DAL,9.3125,2,0.6875,11,-0.21875,-0.8408333333333342,0
00-0022129,Mike Seidman,TE,2003,CAR,2.125,0,0.4375,19,Mike Seidman,TE,CAR,4.366666666666666,0,0.65625,12,0.21875,2.2416666666666663,0
00-0022130,Musa Smith,RB,2006,BAL,4.066666666666666,0,0.625,13,Musa Smith,RB,BAL,5.2875,0,0.21875,26,-0.40625,1.2208333333333332,0
00-0022138,Onterrio Smith,RB,2003,MIN,11.78,2,0.9375,3,Onterrio Smith,RB,MIN,13.981818181818182,3,0.9375,3,0.0,2.201818181818183,1
00-0022144,Bobby Wade,WR,2003,CHI,3.3875,0,0.28125,24,Bobby Wade,WR,CHI,5.98125,0,0.03125,32,-0.25,2.59375,0
00-0022144,Bobby Wade,WR,2004,CHI,5.98125,0,0.03125,32,Bobby Wade,WR,CHI,3.344444444444445,0,0.0625,31,0.03125,-2.636805555555555,0
00-0022144,Bobby Wade,WR,2007,MIN,8.40625,0,0.53125,16,Bobby Wade,WR,MIN,8.633333333333333,0,0.34375,22,-0.1875,0.22708333333333286,0
00-0022156,Bryant Johnson,WR,2003,ARI,6.369230769230769,0,0.03125,32,Bryant Johnson,WR,ARI,7.721428571428571,0,0.21875,26,0.1875,1.3521978021978018,0
00-0022156,Bryant Johnson,WR,2004,ARI,7.721428571428571,0,0.21875,26,Bryant Johnson,WR,ARI,6.371428571428572,0,0.40625,20,0.1875,-1.3499999999999988,0
00-0022156,Bryant Johnson,WR,2005,ARI,6.371428571428572,0,0.40625,20,Bryant Johnson,WR,ARI,9.58,1,0.46875,18,0.0625,3.208571428571428,1
00-0022156,Bryant Johnson,WR,2006,ARI,9.58,1,0.46875,18,Bryant Johnson,WR,ARI,6.84375,0,0.5,17,0.03125,-2.73625,-1
00-0022156,Bryant Johnson,WR,2009,DET,6.0375,0,0.09375,30,Bryant Johnson,WR,DET,2.9285714285714284,0,0.375,21,0.28125,-3.1089285714285713,0
00-0022164,Kyle Boller,QB,2003,BAL,6.36,0,0.34375,22,Kyle Boller,QB,BAL,9.07875,0,0.1875,27,-0.15625,2.718749999999999,0
00-0022164,Kyle Boller,QB,2004,BAL,9.07875,0,0.1875,27,Kyle Boller,QB,BAL,11.173333333333334,1,0.1875,27,0.0,2.0945833333333344,1
00-0022164,Kyle Boller,QB,2005,BAL,11.173333333333334,1,0.1875,27,Kyle Boller,QB,BAL,9.2,0,0.625,13,0.4375,-1.9733333333333345,-1
00-0022164,Kyle Boller,QB,2006,BAL,9.2,0,0.625,13,Kyle Boller,QB,BAL,7.218333333333334,0,0.21875,26,-0.40625,-1.9816666666666656,0
00-0022165,Dallas Clark,TE,2003,IND,6.9,1,0.96875,2,Dallas Clark,TE,IND,7.941666666666666,1,1.0,1,0.03125,1.041666666666666,0
00-0022165,Dallas Clark,TE,2004,IND,7.941666666666666,1,1.0,1,Dallas Clark,TE,IND,7.8428571428571425,1,1.0,1,0.0,-0.0988095238095239,0
00-0022165,Dallas Clark,TE,2005,IND,7.8428571428571425,1,1.0,1,Dallas Clark,TE,IND,7.558333333333334,1,1.0,1,0.0,-0.28452380952380896,0
00-0022165,Dallas Clark,TE,2006,IND,7.558333333333334,1,1.0,1,Dallas Clark,TE,IND,12.566666666666666,4,0.96875,2,-0.03125,5.008333333333333,3
00-0022165,Dallas Clark,TE,2007,IND,12.566666666666666,4,0.96875,2,Dallas Clark,TE,IND,13.053333333333336,4,0.9375,3,-0.03125,0.4866666666666699,0
00-0022165,Dallas Clark,TE,2008,IND,13.053333333333336,4,0.9375,3,Dallas Clark,TE,IND,16.98125,5,0.96875,2,0.03125,3.927916666666663,1
00-0022165,Dallas Clark,TE,2009,IND,16.98125,5,0.96875,2,Dallas Clark,TE,IND,14.95,5,0.90625,4,-0.0625,-2.03125,0
00-0022165,Dallas Clark,TE,2010,IND,14.95,5,0.90625,4,Dallas Clark,TE,IND,7.92,1,0.09375,30,-0.8125,-7.029999999999999,-4
00-0022171,Kelley Washington,WR,2003,CIN,7.640000000000001,0,0.84375,6,Kelley Washington,WR,CIN,6.6692307692307695,0,0.34375,22,-0.5,-0.970769230769231,0
00-0022171,Kelley Washington,WR,2004,CIN,6.6692307692307695,0,0.34375,22,Kelley Washington,WR,CIN,5.220000000000001,0,0.9375,3,0.59375,-1.4492307692307689,0
00-0022177,Byron Leftwich,QB,2003,JAX,9.837333333333332,0,0.5625,15,Byron Leftwich,QB,JAX,13.481428571428571,1,0.4375,19,-0.125,3.6440952380952396,1
00-0022177,Byron Leftwich,QB,2004,JAX,13.481428571428571,1,0.4375,19,Byron Leftwich,QB,JAX,13.42,1,0.71875,10,0.28125,-0.06142857142857139,0
00-0022177,Byron Leftwich,QB,2005,JAX,13.42,1,0.71875,10,Byron Leftwich,QB,JAX,13.403333333333334,1,0.75,9,0.03125,-0.01666666666666572,0
00-0022178,Willis McGahee,RB,2004,BUF,15.046666666666663,3,0.25,25,Willis McGahee,RB,BUF,12.40625,2,0.34375,22,0.09375,-2.6404166666666633,-1
00-0022178,Willis McGahee,RB,2005,BUF,12.40625,2,0.34375,22,Willis McGahee,RB,BUF,11.757142857142856,2,0.25,25,-0.09375,-0.6491071428571438,0
00-0022178,Willis McGahee,RB,2007,BAL,15.253333333333334,3,0.21875,26,Willis McGahee,RB,BAL,11.107692307692307,2,0.5,17,0.28125,-4.1456410256410265,-1
00-0022178,Willis McGahee,RB,2008,BAL,11.107692307692307,2,0.5,17,Willis McGahee,RB,BAL,10.66,1,0.75,9,0.25,-0.44769230769230717,-1
00-0022178,Willis McGahee,RB,2009,BAL,10.66,1,0.75,9,Willis McGahee,RB,BAL,5.966666666666667,0,0.65625,12,-0.09375,-4.693333333333333,-1
00-0022178,Willis McGahee,RB,2011,DEN,10.88,1,0.25,25,Willis McGahee,RB,DEN,13.919999999999998,3,0.9375,3,0.6875,3.0399999999999974,2
00-0022180,Lee Suggs,RB,2003,CLE,10.225,1,0.21875,26,Lee Suggs,RB,CLE,12.42,2,0.125,29,-0.09375,2.1950000000000003,1
00-0022180,Lee Suggs,RB,2004,CLE,12.42,2,0.125,29,Lee Suggs,RB,CLE,2.02,0,0.09375,30,-0.03125,-10.4,-2
00-0022217,Mewelde Moore,RB,2004,MIN,12.671428571428573,2,0.9375,3,Mewelde Moore,RB,MIN,11.364285714285714,2,0.375,21,-0.5625,-1.3071428571428587,0
00-0022217,Mewelde Moore,RB,2005,MIN,11.364285714285714,2,0.375,21,Mewelde Moore,RB,MIN,7.65625,0,0.125,29,-0.25,-3.708035714285714,-2
00-0022217,Mewelde Moore,RB,2006,MIN,7.65625,0,0.125,29,Mewelde Moore,RB,MIN,3.65,0,0.53125,16,0.40625,-4.00625,0
00-0022217,Mewelde Moore,RB,2008,PIT,11.914285714285716,2,0.4375,19,Mewelde Moore,RB,PIT,4.289333333333333,0,0.65625,12,0.21875,-7.624952380952383,-2
00-0022217,Mewelde Moore,RB,2009,PIT,4.289333333333333,0,0.65625,12,Mewelde Moore,RB,PIT,4.342857142857143,0,0.71875,10,0.0625,0.05352380952380997,0
00-0022217,Mewelde Moore,RB,2010,PIT,4.342857142857143,0,0.71875,10,Mewelde Moore,RB,PIT,3.2583333333333333,0,0.84375,6,0.125,-1.0845238095238101,0
00-0022250,Willie Parker,RB,2004,PIT,4.64,0,0.75,9,Willie Parker,RB,PIT,12.666666666666666,2,0.78125,8,0.03125,8.026666666666667,2
00-0022250,Willie Parker,RB,2005,PIT,12.666666666666666,2,0.78125,8,Willie Parker,RB,PIT,18.0375,4,0.71875,10,-0.0625,5.370833333333335,2
00-0022250,Willie Parker,RB,2006,PIT,18.0375,4,0.71875,10,Willie Parker,RB,PIT,11.8,2,0.84375,6,0.125,-6.237500000000001,-2
00-0022250,Willie Parker,RB,2007,PIT,11.8,2,0.84375,6,Willie Parker,RB,PIT,10.4,1,0.4375,19,-0.40625,-1.4000000000000004,-1
00-0022250,Willie Parker,RB,2008,PIT,10.4,1,0.4375,19,Willie Parker,RB,PIT,4.253846153846154,0,0.65625,12,0.21875,-6.1461538461538465,-1
00-0022288,Jason Wright,RB,2006,CLE,3.8875,0,0.0625,31,Jason Wright,RB,CLE,5.260000000000001,0,0.59375,14,0.53125,1.3725000000000005,0
00-0022288,Jason Wright,RB,2007,CLE,5.260000000000001,0,0.59375,14,Jason Wright,RB,CLE,4.341666666666667,0,0.125,29,-0.46875,-0.9183333333333339,0
00-0022288,Jason Wright,RB,2009,ARI,2.8,0,0.46875,18,Jason Wright,RB,ARI,1.875,0,0.0625,31,-0.40625,-0.9249999999999998,0
00-0022388,Terrance Copper,WR,2006,NO,8.477777777777778,0,0.9375,3,Terrance Copper,WR,NO,4.4,0,0.75,9,-0.1875,-4.0777777777777775,0
00-0022388,Terrance Copper,WR,2009,KC,2.7,0,0.21875,26,Terrance Copper,WR,KC,3.063636363636364,0,0.6875,11,0.46875,0.36363636363636376,0
00-0022388,Terrance Copper,WR,2010,KC,3.063636363636364,0,0.6875,11,Terrance Copper,WR,KC,3.233333333333333,0,0.1875,27,-0.5,0.169696969696969,0
00-0022388,Terrance Copper,WR,2011,KC,3.233333333333333,0,0.1875,27,Terrance Copper,WR,KC,3.2,0,0.0625,31,-0.125,-0.03333333333333277,0
00-0022414,Malcom Floyd,WR,2006,LAC,6.0,0,0.96875,2,Malcom Floyd,WR,LAC,4.175,0,0.5625,15,-0.40625,-1.8250000000000002,0
00-0022414,Malcom Floyd,WR,2007,LAC,4.175,0,0.5625,15,Malcom Floyd,WR,LAC,10.833333333333334,1,1.0,1,0.4375,6.658333333333334,1
00-0022414,Malcom Floyd,WR,2008,LAC,10.833333333333334,1,1.0,1,Malcom Floyd,WR,LAC,8.0375,0,1.0,1,0.0,-2.7958333333333343,-1
00-0022414,Malcom Floyd,WR,2009,LAC,8.0375,0,1.0,1,Malcom Floyd,WR,LAC,13.154545454545454,2,0.9375,3,-0.0625,5.117045454545455,2
00-0022414,Malcom Floyd,WR,2010,LAC,13.154545454545454,2,0.9375,3,Malcom Floyd,WR,LAC,13.216666666666669,2,0.875,5,-0.0625,0.06212121212121424,0
00-0022414,Malcom Floyd,WR,2011,LAC,13.216666666666669,2,0.875,5,Malcom Floyd,WR,LAC,11.957142857142856,2,0.3125,23,-0.5625,-1.259523809523813,0
00-0022414,Malcom Floyd,WR,2014,LAC,10.85,1,0.65625,12,Malcom Floyd,WR,LAC,6.806666666666667,0,0.5,17,-0.15625,-4.043333333333333,-1
00-0022421,Ruvell Martin,WR,2006,GB,7.85,0,0.375,21,Ruvell Martin,WR,GB,5.836363636363637,0,0.875,5,0.5,-2.013636363636363,0
00-0022421,Ruvell Martin,WR,2007,GB,5.836363636363637,0,0.875,5,Ruvell Martin,WR,GB,4.7375,0,0.71875,10,-0.15625,-1.098863636363637,0
00-0022421,Ruvell Martin,WR,2011,BUF,2.533333333333333,0,0.5625,15,Ruvell Martin,WR,BUF,2.025,0,0.40625,20,-0.15625,-0.5083333333333333,0
00-0022427,Wes Welker,WR,2005,MIA,5.207142857142857,0,0.5,17,Wes Welker,WR,MIA,8.85625,1,0.1875,27,-0.3125,3.649107142857142,1
00-0022427,Wes Welker,WR,2007,NE,17.625,3,1.0,1,Wes Welker,WR,NE,15.56875,3,0.90625,4,-0.09375,-2.0562500000000004,0
00-0022427,Wes Welker,WR,2008,NE,15.56875,3,0.90625,4,Wes Welker,WR,NE,20.385714285714283,4,0.90625,4,0.0,4.816964285714283,1
00-0022427,Wes Welker,WR,2009,NE,20.385714285714283,4,0.90625,4,Wes Welker,WR,NE,14.186666666666667,2,1.0,1,0.09375,-6.199047619047615,-2
00-0022427,Wes Welker,WR,2010,NE,14.186666666666667,2,1.0,1,Wes Welker,WR,NE,20.99375,5,0.9375,3,-0.0625,6.807083333333331,3
00-0022427,Wes Welker,WR,2011,NE,20.99375,5,0.9375,3,Wes Welker,WR,NE,18.0875,4,1.0,1,0.0625,-2.90625,-1
00-0022427,Wes Welker,WR,2013,DEN,16.215384615384615,3,1.0,1,Wes Welker,WR,DEN,7.671428571428572,0,0.84375,6,-0.15625,-8.543956043956044,-3
00-0022434,Carey Davis,RB,2007,PIT,2.1545454545454543,0,0.84375,6,Carey Davis,RB,PIT,1.4,0,0.4375,19,-0.40625,-0.7545454545454544,0
00-0022538,Shaud Williams,RB,2004,BUF,8.4,0,0.25,25,Shaud Williams,RB,BUF,3.192857142857143,0,0.34375,22,0.09375,-5.207142857142857,0
00-0022555,Ben Utecht,TE,2006,IND,5.592307692307693,0,1.0,1,Ben Utecht,TE,IND,5.492307692307692,0,0.96875,2,-0.03125,-0.10000000000000053,0
00-0022701,D.J. Hackett,WR,2005,SEA,8.88888888888889,1,0.96875,2,D.J. Hackett,WR,SEA,10.0,1,0.3125,23,-0.65625,1.1111111111111107,0
00-0022701,D.J. Hackett,WR,2006,SEA,10.0,1,0.3125,23,D.J. Hackett,WR,SEA,14.733333333333334,3,0.71875,10,0.40625,4.733333333333334,2
00-0022704,Courtney Anderson,TE,2004,LV,5.214285714285714,0,0.46875,18,Courtney Anderson,TE,LV,7.229999999999999,1,0.53125,16,0.0625,2.0157142857142842,1
00-0022704,Courtney Anderson,TE,2005,LV,7.229999999999999,1,0.53125,16,Courtney Anderson,TE,LV,5.954545454545454,1,0.03125,32,-0.5,-1.2754545454545445,0
00-0022706,Michael Gaines,TE,2005,CAR,5.642857142857143,0,0.65625,12,Michael Gaines,TE,CAR,3.7,0,0.34375,22,-0.3125,-1.942857142857143,0
00-0022714,Kris Wilson,TE,2005,KC,1.725,0,0.90625,4,Kris Wilson,TE,KC,4.2,0,0.65625,12,-0.25,2.475,0
00-0022714,Kris Wilson,TE,2006,KC,4.2,0,0.65625,12,Kris Wilson,TE,KC,3.335714285714286,0,0.125,29,-0.53125,-0.8642857142857143,0
00-0022714,Kris Wilson,TE,2009,LAC,3.2,0,1.0,1,Kris Wilson,TE,LAC,1.8833333333333333,0,0.9375,3,-0.0625,-1.3166666666666669,0
00-0022725,Michael Clayton,WR,2004,TB,15.26875,3,0.28125,24,Michael Clayton,WR,TB,6.3090909090909095,0,0.4375,19,0.15625,-8.959659090909092,-3
00-0022725,Michael Clayton,WR,2005,TB,6.3090909090909095,0,0.4375,19,Michael Clayton,WR,TB,6.558333333333334,0,0.09375,30,-0.34375,0.24924242424242404,0
00-0022725,Michael Clayton,WR,2006,TB,6.558333333333334,0,0.09375,30,Michael Clayton,WR,TB,5.43,0,0.65625,12,0.5625,-1.1283333333333339,0
00-0022725,Michael Clayton,WR,2007,TB,5.43,0,0.65625,12,Michael Clayton,WR,TB,6.492857142857143,0,0.40625,20,-0.25,1.0628571428571432,0
00-0022725,Michael Clayton,WR,2008,TB,6.492857142857143,0,0.40625,20,Michael Clayton,WR,TB,3.9166666666666665,0,0.15625,28,-0.25,-2.5761904761904764,0
00-0022726,Keary Colbert,WR,2004,CAR,10.16,1,0.65625,12,Keary Colbert,WR,CAR,6.38,0,0.65625,12,0.0,-3.7800000000000002,-1
00-0022736,Steven Jackson,RB,2004,LA,9.242857142857144,1,0.625,13,Steven Jackson,RB,LA,15.573333333333332,3,0.625,13,0.0,6.330476190476189,2
00-0022736,Steven Jackson,RB,2005,LA,15.573333333333332,3,0.625,13,Steven Jackson,RB,LA,25.9625,5,0.78125,8,0.15625,10.389166666666666,2
00-0022736,Steven Jackson,RB,2006,LA,25.9625,5,0.78125,8,Steven Jackson,RB,LA,16.781666666666666,4,0.09375,30,-0.6875,-9.180833333333332,-1
00-0022736,Steven Jackson,RB,2007,LA,16.781666666666666,4,0.09375,30,Steven Jackson,RB,LA,18.683333333333334,5,0.03125,32,-0.0625,1.9016666666666673,1
00-0022736,Steven Jackson,RB,2008,LA,18.683333333333334,5,0.03125,32,Steven Jackson,RB,LA,16.253333333333334,4,0.03125,32,0.0,-2.4299999999999997,-1
00-0022736,Steven Jackson,RB,2009,LA,16.253333333333334,4,0.03125,32,Steven Jackson,RB,LA,15.09375,3,0.1875,27,0.15625,-1.1595833333333339,-1
00-0022736,Steven Jackson,RB,2010,LA,15.09375,3,0.1875,27,Steven Jackson,RB,LA,14.92,3,0.03125,32,-0.15625,-0.17375000000000007,0
00-0022736,Steven Jackson,RB,2011,LA,14.92,3,0.03125,32,Steven Jackson,RB,LA,12.5375,2,0.375,21,0.34375,-2.3825000000000003,-1
00-0022736,Steven Jackson,RB,2013,ATL,12.366666666666667,2,0.53125,16,Steven Jackson,RB,ATL,9.433333333333334,1,0.625,13,0.09375,-2.9333333333333336,-1
00-0022738,Chris Cooley,TE,2004,WAS,8.03076923076923,2,0.15625,28,Chris Cooley,TE,WAS,11.775,4,0.6875,11,0.53125,3.7442307692307697,2
00-0022738,Chris Cooley,TE,2005,WAS,11.775,4,0.6875,11,Chris Cooley,TE,WAS,10.525,3,0.6875,11,0.0,-1.25,-1
00-0022738,Chris Cooley,TE,2006,WAS,10.525,3,0.6875,11,Chris Cooley,TE,WAS,12.1625,4,0.4375,19,-0.25,1.6374999999999993,1
00-0022738,Chris Cooley,TE,2007,WAS,12.1625,4,0.4375,19,Chris Cooley,TE,WAS,10.61875,3,0.375,21,-0.0625,-1.5437499999999993,-1
00-0022738,Chris Cooley,TE,2008,WAS,10.61875,3,0.375,21,Chris Cooley,TE,WAS,12.366666666666667,4,0.40625,20,0.03125,1.7479166666666668,1
00-0022738,Chris Cooley,TE,2009,WAS,12.366666666666667,4,0.40625,20,Chris Cooley,TE,WAS,11.24375,3,0.25,25,-0.15625,-1.1229166666666668,-1
00-0022738,Chris Cooley,TE,2010,WAS,11.24375,3,0.25,25,Chris Cooley,TE,WAS,2.96,0,0.375,21,0.125,-8.283750000000001,-3
00-0022744,Jim Sorgi,QB,2004,IND,3.625,0,1.0,1,Jim Sorgi,QB,IND,5.172,0,1.0,1,0.0,1.5469999999999997,0
00-0022746,Jeff Dugan,TE,2006,MIN,3.6,0,0.125,29,Jeff Dugan,TE,MIN,2.28,0,0.53125,16,0.40625,-1.3200000000000003,0
00-0022746,Jeff Dugan,TE,2007,MIN,2.28,0,0.53125,16,Jeff Dugan,TE,MIN,0.975,0,0.34375,22,-0.1875,-1.3049999999999997,0
00-0022746,Jeff Dugan,TE,2008,MIN,0.975,0,0.34375,22,Jeff Dugan,TE,MIN,3.983333333333333,0,0.8125,7,0.46875,3.008333333333333,0
00-0022746,Jeff Dugan,TE,2009,MIN,3.983333333333333,0,0.8125,7,Jeff Dugan,TE,MIN,1.44,0,0.125,29,-0.6875,-2.543333333333333,0
00-0022754,Samie Parker,WR,2005,KC,9.39090909090909,1,0.90625,4,Samie Parker,WR,KC,6.4875,0,0.65625,12,-0.25,-2.903409090909091,-1
00-0022754,Samie Parker,WR,2006,KC,6.4875,0,0.65625,12,Samie Parker,WR,KC,4.8769230769230765,0,0.125,29,-0.53125,-1.6105769230769234,0
00-0022766,Patrick Crayton,WR,2004,DAL,5.366666666666667,0,0.375,21,Patrick Crayton,WR,DAL,8.5125,0,0.5625,15,0.1875,3.145833333333332,0
00-0022766,Patrick Crayton,WR,2005,DAL,8.5125,0,0.5625,15,Patrick Crayton,WR,DAL,8.584615384615384,0,0.90625,4,0.34375,0.07211538461538503,0
00-0022766,Patrick Crayton,WR,2006,DAL,8.584615384615384,0,0.90625,4,Patrick Crayton,WR,DAL,12.284615384615384,2,0.90625,4,0.0,3.6999999999999993,2
00-0022766,Patrick Crayton,WR,2007,DAL,12.284615384615384,2,0.90625,4,Patrick Crayton,WR,DAL,8.507142857142856,0,0.46875,18,-0.4375,-3.7774725274725274,-2
00-0022766,Patrick Crayton,WR,2008,DAL,8.507142857142856,0,0.46875,18,Patrick Crayton,WR,DAL,9.0,1,0.84375,6,0.375,0.49285714285714377,1
00-0022766,Patrick Crayton,WR,2010,LAC,10.675,1,0.9375,3,Patrick Crayton,WR,LAC,4.483333333333333,0,0.875,5,-0.0625,-6.191666666666667,-1
00-0022770,Derrick Ward,RB,2007,NYG,15.7625,3,0.46875,18,Derrick Ward,RB,NYG,12.11875,2,0.84375,6,0.375,-3.643749999999999,-1
00-0022770,Derrick Ward,RB,2010,HOU,4.914285714285714,0,0.96875,2,Derrick Ward,RB,HOU,5.48,0,0.625,13,-0.34375,0.5657142857142867,0
00-0022781,Michael Jenkins,WR,2004,ATL,3.82,0,0.40625,20,Michael Jenkins,WR,ATL,8.076923076923077,0,0.59375,14,0.1875,4.256923076923076,0
00-0022781,Michael Jenkins,WR,2005,ATL,8.076923076923077,0,0.59375,14,Michael Jenkins,WR,ATL,7.8,0,0.4375,19,-0.15625,-0.2769230769230768,0
00-0022781,Michael Jenkins,WR,2006,ATL,7.8,0,0.4375,19,Michael Jenkins,WR,ATL,8.68,0,0.0625,31,-0.375,0.8799999999999999,0
00-0022781,Michael Jenkins,WR,2007,ATL,8.68,0,0.0625,31,Michael Jenkins,WR,ATL,9.846666666666666,1,0.78125,8,0.71875,1.166666666666666,1
00-0022781,Michael Jenkins,WR,2008,ATL,9.846666666666666,1,0.78125,8,Michael Jenkins,WR,ATL,7.966666666666667,0,0.625,13,-0.15625,-1.879999999999999,-1
00-0022781,Michael Jenkins,WR,2009,ATL,7.966666666666667,0,0.625,13,Michael Jenkins,WR,ATL,9.409090909090908,1,0.8125,7,0.1875,1.4424242424242415,1
00-0022781,Michael Jenkins,WR,2011,MIN,8.963636363636363,1,0.40625,20,Michael Jenkins,WR,MIN,6.05625,0,0.53125,16,0.125,-2.9073863636363626,-1
00-0022782,Kevin Jones,RB,2004,DET,12.886666666666668,2,0.3125,23,Kevin Jones,RB,DET,9.792307692307691,1,0.25,25,-0.0625,-3.094358974358977,-1
00-0022782,Kevin Jones,RB,2005,DET,9.792307692307691,1,0.25,25,Kevin Jones,RB,DET,18.325,4,0.15625,28,-0.09375,8.532692307692308,3
00-0022782,Kevin Jones,RB,2006,DET,18.325,4,0.15625,28,Kevin Jones,RB,DET,12.061538461538465,2,0.375,21,0.21875,-6.263461538461534,-2
00-0022787,Matt Schaub,QB,2004,ATL,1.96,0,0.40625,20,Matt Schaub,QB,ATL,6.771428571428571,0,0.59375,14,0.1875,4.811428571428571,0
00-0022787,Matt Schaub,QB,2005,ATL,6.771428571428571,0,0.59375,14,Matt Schaub,QB,ATL,1.7366666666666666,0,0.4375,19,-0.15625,-5.034761904761905,0
00-0022787,Matt Schaub,QB,2007,HOU,9.712727272727273,0,0.625,13,Matt Schaub,QB,HOU,15.865454545454549,2,0.65625,12,0.03125,6.152727272727276,2
00-0022787,Matt Schaub,QB,2008,HOU,15.865454545454549,2,0.65625,12,Matt Schaub,QB,HOU,17.55625,2,0.6875,11,0.03125,1.6907954545454498,0
00-0022787,Matt Schaub,QB,2009,HOU,17.55625,2,0.6875,11,Matt Schaub,QB,HOU,15.35,2,0.96875,2,0.28125,-2.206249999999999,0
00-0022787,Matt Schaub,QB,2010,HOU,15.35,2,0.96875,2,Matt Schaub,QB,HOU,15.806,2,0.625,13,-0.34375,0.4559999999999995,0
00-0022787,Matt Schaub,QB,2011,HOU,15.806,2,0.625,13,Matt Schaub,QB,HOU,13.98875,1,0.6875,11,0.0625,-1.8172499999999996,-1
00-0022787,Matt Schaub,QB,2012,HOU,13.98875,1,0.6875,11,Matt Schaub,QB,HOU,10.48,1,0.09375,30,-0.59375,-3.508749999999999,0
00-0022797,Thomas Tapeh,RB,2006,PHI,2.6166666666666667,0,0.84375,6,Thomas Tapeh,RB,PHI,1.85,0,0.8125,7,-0.03125,-0.7666666666666666,0
00-0022803,Eli Manning,QB,2004,NYG,6.1525,0,0.5,17,Eli Manning,QB,NYG,14.03,1,0.75,9,0.25,7.8774999999999995,1
00-0022803,Eli Manning,QB,2005,NYG,14.03,1,0.75,9,Eli Manning,QB,NYG,11.74125,1,0.59375,14,-0.15625,-2.2887499999999985,0
00-0022803,Eli Manning,QB,2006,NYG,11.74125,1,0.59375,14,Eli Manning,QB,NYG,11.52125,1,0.46875,18,-0.125,-0.22000000000000064,0
00-0022803,Eli Manning,QB,2007,NYG,11.52125,1,0.46875,18,Eli Manning,QB,NYG,12.4075,1,0.84375,6,0.375,0.8862500000000004,0
00-0022803,Eli Manning,QB,2008,NYG,12.4075,1,0.84375,6,Eli Manning,QB,NYG,14.45875,1,0.78125,8,-0.0625,2.0512499999999996,0
00-0022803,Eli Manning,QB,2009,NYG,14.45875,1,0.78125,8,Eli Manning,QB,NYG,14.4425,1,0.5625,15,-0.21875,-0.01624999999999943,0
00-0022803,Eli Manning,QB,2010,NYG,14.4425,1,0.5625,15,Eli Manning,QB,NYG,17.55125,2,0.78125,8,0.21875,3.108749999999999,1
00-0022803,Eli Manning,QB,2011,NYG,17.55125,2,0.78125,8,Eli Manning,QB,NYG,14.5575,1,0.75,9,-0.03125,-2.9937500000000004,-1
00-0022803,Eli Manning,QB,2012,NYG,14.5575,1,0.75,9,Eli Manning,QB,NYG,10.645,1,0.0625,31,-0.6875,-3.9124999999999996,0
00-0022803,Eli Manning,QB,2013,NYG,10.645,1,0.0625,31,Eli Manning,QB,NYG,16.84375,2,0.5,17,0.4375,6.19875,1
00-0022803,Eli Manning,QB,2014,NYG,16.84375,2,0.5,17,Eli Manning,QB,NYG,17.96125,3,0.75,9,0.25,1.1174999999999997,1
00-0022803,Eli Manning,QB,2015,NYG,17.96125,3,0.75,9,Eli Manning,QB,NYG,14.01125,1,0.125,29,-0.625,-3.9499999999999993,-2
00-0022803,Eli Manning,QB,2016,NYG,14.01125,1,0.125,29,Eli Manning,QB,NYG,12.488,1,0.1875,27,0.0625,-1.5232500000000009,0
00-0022803,Eli Manning,QB,2017,NYG,12.488,1,0.1875,27,Eli Manning,QB,NYG,14.9975,1,0.5,17,0.3125,2.509500000000001,0
00-0022803,Eli Manning,QB,2018,NYG,14.9975,1,0.5,17,Eli Manning,QB,NYG,13.595,1,0.25,25,-0.25,-1.4024999999999999,0
00-0022807,Bernard Berrian,WR,2004,CHI,3.735714285714285,0,0.03125,32,Bernard Berrian,WR,CHI,5.814285714285715,0,0.0625,31,0.03125,2.07857142857143,0
00-0022807,Bernard Berrian,WR,2005,CHI,5.814285714285715,0,0.0625,31,Bernard Berrian,WR,CHI,11.642857142857142,2,0.5,17,0.4375,5.828571428571427,2
00-0022807,Bernard Berrian,WR,2006,CHI,11.642857142857142,2,0.5,17,Bernard Berrian,WR,CHI,12.06875,2,0.15625,28,-0.34375,0.4258928571428573,0
00-0022807,Bernard Berrian,WR,2008,MIN,13.928571428571429,2,0.34375,22,Bernard Berrian,WR,MIN,8.8,0,0.8125,7,0.46875,-5.128571428571428,-2
00-0022807,Bernard Berrian,WR,2009,MIN,8.8,0,0.8125,7,Bernard Berrian,WR,MIN,4.366666666666666,0,0.125,29,-0.6875,-4.4333333333333345,0
00-0022807,Bernard Berrian,WR,2010,MIN,4.366666666666666,0,0.125,29,Bernard Berrian,WR,MIN,3.22,0,0.40625,20,0.28125,-1.146666666666666,0
00-0022811,Jerricho Cotchery,WR,2004,NYJ,3.6,0,0.71875,10,Jerricho Cotchery,WR,NYJ,4.45,0,0.125,29,-0.59375,0.8500000000000001,0
00-0022811,Jerricho Cotchery,WR,2005,NYJ,4.45,0,0.125,29,Jerricho Cotchery,WR,NYJ,13.5375,2,0.5625,15,0.4375,9.087499999999999,2
00-0022811,Jerricho Cotchery,WR,2006,NYJ,13.5375,2,0.5625,15,Jerricho Cotchery,WR,NYJ,13.913333333333332,2,0.34375,22,-0.21875,0.3758333333333326,0
00-0022811,Jerricho Cotchery,WR,2007,NYJ,13.913333333333332,2,0.34375,22,Jerricho Cotchery,WR,NYJ,11.725,2,0.625,13,0.28125,-2.1883333333333326,0
00-0022811,Jerricho Cotchery,WR,2008,NYJ,11.725,2,0.625,13,Jerricho Cotchery,WR,NYJ,11.7,2,0.34375,22,-0.28125,-0.025000000000000355,0
00-0022811,Jerricho Cotchery,WR,2009,NYJ,11.7,2,0.34375,22,Jerricho Cotchery,WR,NYJ,7.384615384615385,0,0.46875,18,0.125,-4.315384615384614,-2
00-0022811,Jerricho Cotchery,WR,2011,PIT,5.2,0,0.84375,6,Jerricho Cotchery,WR,PIT,3.125,0,0.4375,19,-0.40625,-2.075,0
00-0022811,Jerricho Cotchery,WR,2012,PIT,3.125,0,0.4375,19,Jerricho Cotchery,WR,PIT,11.08,2,0.5,17,0.0625,7.955,2
00-0022811,Jerricho Cotchery,WR,2014,CAR,7.54,0,0.5625,15,Jerricho Cotchery,WR,CAR,7.649999999999999,0,0.8125,7,0.25,0.10999999999999854,0
00-0022821,Michael Turner,RB,2005,LAC,4.681818181818182,0,0.84375,6,Michael Turner,RB,LAC,5.376923076923077,0,0.96875,2,0.125,0.6951048951048957,0
00-0022821,Michael Turner,RB,2006,LAC,5.376923076923077,0,0.96875,2,Michael Turner,RB,LAC,2.942857142857143,0,0.5625,15,-0.40625,-2.4340659340659343,0
00-0022821,Michael Turner,RB,2008,ATL,17.375,4,0.78125,8,Michael Turner,RB,ATL,13.78181818181818,3,0.625,13,-0.15625,-3.5931818181818205,-1
00-0022821,Michael Turner,RB,2009,ATL,13.78181818181818,3,0.625,13,Michael Turner,RB,ATL,14.1,3,0.8125,7,0.1875,0.3181818181818201,0
00-0022821,Michael Turner,RB,2010,ATL,14.1,3,0.8125,7,Michael Turner,RB,ATL,14.3625,3,0.71875,10,-0.09375,0.26250000000000107,0
00-0022821,Michael Turner,RB,2011,ATL,14.3625,3,0.71875,10,Michael Turner,RB,ATL,10.9875,1,0.78125,8,0.0625,-3.375,-2
00-0022825,Troy Fleming,RB,2004,TEN,5.14,0,0.59375,14,Troy Fleming,RB,TEN,2.8625,0,0.15625,28,-0.4375,-2.2775,0
00-0022840,Julius Jones,RB,2004,DAL,18.225,4,0.375,21,Julius Jones,RB,DAL,14.061538461538465,3,0.5625,15,0.1875,-4.1634615384615365,-1
00-0022840,Julius Jones,RB,2005,DAL,14.061538461538465,3,0.5625,15,Julius Jones,RB,DAL,9.6,1,0.90625,4,0.34375,-4.461538461538465,-2
00-0022840,Julius Jones,RB,2006,DAL,9.6,1,0.90625,4,Julius Jones,RB,DAL,7.10625,0,0.90625,4,0.0,-2.4937499999999995,-1
00-0022840,Julius Jones,RB,2008,SEA,7.028571428571429,0,0.21875,26,Julius Jones,RB,SEA,10.607142857142858,1,0.25,25,0.03125,3.5785714285714283,1
00-0022847,Ben Hartsock,TE,2006,TEN,3.2,0,0.28125,24,Ben Hartsock,TE,TEN,2.58,0,0.40625,20,0.125,-0.6200000000000001,0
00-0022879,Drew Carter,WR,2006,CAR,9.27777777777778,1,0.34375,22,Drew Carter,WR,CAR,7.58,0,0.28125,24,-0.0625,-1.6977777777777803,-1
00-0022889,Reggie Williams,WR,2004,JAX,4.753846153846154,0,0.4375,19,Reggie Williams,WR,JAX,7.072727272727272,0,0.71875,10,0.28125,2.3188811188811185,0
00-0022889,Reggie Williams,WR,2005,JAX,7.072727272727272,0,0.71875,10,Reggie Williams,WR,JAX,8.86875,1,0.75,9,0.03125,1.796022727272728,1
00-0022889,Reggie Williams,WR,2006,JAX,8.86875,1,0.75,9,Reggie Williams,WR,JAX,11.264285714285714,2,0.9375,3,0.1875,2.395535714285714,1
00-0022889,Reggie Williams,WR,2007,JAX,11.264285714285714,2,0.9375,3,Reggie Williams,WR,JAX,6.678571428571429,0,0.53125,16,-0.40625,-4.585714285714285,-2
00-0022893,Tatum Bell,RB,2004,DEN,7.622222222222222,0,0.78125,8,Tatum Bell,RB,DEN,11.892857142857142,2,0.875,5,0.09375,4.270634920634921,2
00-0022893,Tatum Bell,RB,2005,DEN,11.892857142857142,2,0.875,5,Tatum Bell,RB,DEN,10.76923076923077,1,0.53125,16,-0.34375,-1.1236263736263723,-1
00-0022901,Ernest Wilford,WR,2004,JAX,5.463636363636364,0,0.4375,19,Ernest Wilford,WR,JAX,9.44375,1,0.71875,10,0.28125,3.980113636363636,1
00-0022901,Ernest Wilford,WR,2005,JAX,9.44375,1,0.71875,10,Ernest Wilford,WR,JAX,6.5600000000000005,0,0.75,9,0.03125,-2.883749999999999,-1
00-0022901,Ernest Wilford,WR,2006,JAX,6.5600000000000005,0,0.75,9,Ernest Wilford,WR,JAX,7.175,0,0.9375,3,0.1875,0.6149999999999993,0
00-0022909,Roy Williams,WR,2004,DET,12.985714285714286,2,0.3125,23,Roy Williams,WR,DET,13.475,2,0.25,25,-0.0625,0.4892857142857139,0
00-0022909,Roy Williams,WR,2005,DET,13.475,2,0.25,25,Roy Williams,WR,DET,15.7,3,0.15625,28,-0.09375,2.2249999999999996,1
00-0022909,Roy Williams,WR,2006,DET,15.7,3,0.15625,28,Roy Williams,WR,DET,14.558333333333332,2,0.375,21,0.21875,-1.1416666666666675,-1
00-0022909,Roy Williams,WR,2008,DAL,6.592857142857143,0,0.46875,18,Roy Williams,WR,DAL,9.173333333333334,1,0.84375,6,0.375,2.5804761904761904,1
00-0022909,Roy Williams,WR,2009,DAL,9.173333333333334,1,0.84375,6,Roy Williams,WR,DAL,7.92,0,0.59375,14,-0.25,-1.2533333333333339,-1
00-0022910,Lee Evans,WR,2004,BUF,12.853333333333332,2,0.25,25,Lee Evans,WR,BUF,10.56875,1,0.34375,22,0.09375,-2.284583333333332,-1
00-0022910,Lee Evans,WR,2005,BUF,10.56875,1,0.34375,22,Lee Evans,WR,BUF,16.2125,3,0.25,25,-0.09375,5.643749999999999,2
00-0022910,Lee Evans,WR,2006,BUF,16.2125,3,0.25,25,Lee Evans,WR,BUF,10.61875,1,0.1875,27,-0.0625,-5.593749999999998,-2
00-0022910,Lee Evans,WR,2007,BUF,10.61875,1,0.1875,27,Lee Evans,WR,BUF,12.326666666666666,2,0.3125,23,0.125,1.7079166666666659,1
00-0022910,Lee Evans,WR,2008,BUF,12.326666666666666,2,0.3125,23,Lee Evans,WR,BUF,9.2,1,0.1875,27,-0.125,-3.126666666666667,-1
00-0022910,Lee Evans,WR,2009,BUF,9.2,1,0.1875,27,Lee Evans,WR,BUF,9.733333333333333,1,0.15625,28,-0.03125,0.5333333333333332,0
00-0022912,J.P. Losman,QB,2005,BUF,8.755555555555555,0,0.34375,22,J.P. Losman,QB,BUF,11.0,1,0.25,25,-0.09375,2.2444444444444454,1
00-0022912,J.P. Losman,QB,2006,BUF,11.0,1,0.25,25,J.P. Losman,QB,BUF,7.395,0,0.1875,27,-0.0625,-3.6050000000000004,-1
00-0022912,J.P. Losman,QB,2007,BUF,7.395,0,0.1875,27,J.P. Losman,QB,BUF,6.472,0,0.3125,23,0.125,-0.9229999999999992,0
00-0022916,Ben Troupe,TE,2004,TEN,5.530769230769232,0,0.59375,14,Ben Troupe,TE,TEN,10.153846153846152,2,0.15625,28,-0.4375,4.623076923076919,2
00-0022916,Ben Troupe,TE,2005,TEN,10.153846153846152,2,0.15625,28,Ben Troupe,TE,TEN,5.0,0,0.28125,24,0.125,-5.1538461538461515,-2
00-0022916,Ben Troupe,TE,2006,TEN,5.0,0,0.28125,24,Ben Troupe,TE,TEN,2.4,0,0.40625,20,0.125,-2.6,0
00-0022921,Larry Fitzgerald,WR,2004,ARI,11.5875,2,0.21875,26,Larry Fitzgerald,WR,ARI,19.25,4,0.40625,20,0.1875,7.6625,2
00-0022921,Larry Fitzgerald,WR,2005,ARI,19.25,4,0.40625,20,Larry Fitzgerald,WR,ARI,15.276923076923076,3,0.46875,18,0.0625,-3.973076923076924,-1
00-0022921,Larry Fitzgerald,WR,2006,ARI,15.276923076923076,3,0.46875,18,Larry Fitzgerald,WR,ARI,19.746666666666663,4,0.5,17,0.03125,4.469743589743587,1
00-0022921,Larry Fitzgerald,WR,2007,ARI,19.746666666666663,4,0.5,17,Larry Fitzgerald,WR,ARI,19.4625,4,0.6875,11,0.1875,-0.284166666666664,0
00-0022921,Larry Fitzgerald,WR,2008,ARI,19.4625,4,0.6875,11,Larry Fitzgerald,WR,ARI,17.7625,4,0.46875,18,-0.21875,-1.6999999999999993,0
00-0022921,Larry Fitzgerald,WR,2009,ARI,17.7625,4,0.46875,18,Larry Fitzgerald,WR,ARI,15.10625,3,0.0625,31,-0.40625,-2.65625,-1
00-0022921,Larry Fitzgerald,WR,2010,ARI,15.10625,3,0.0625,31,Larry Fitzgerald,WR,ARI,16.81875,3,0.28125,24,0.21875,1.7125000000000021,0
00-0022921,Larry Fitzgerald,WR,2011,ARI,16.81875,3,0.28125,24,Larry Fitzgerald,WR,ARI,10.925,1,0.03125,32,-0.25,-5.893750000000001,-2
00-0022921,Larry Fitzgerald,WR,2012,ARI,10.925,1,0.03125,32,Larry Fitzgerald,WR,ARI,14.7625,3,0.40625,20,0.375,3.8374999999999986,2
00-0022921,Larry Fitzgerald,WR,2013,ARI,14.7625,3,0.40625,20,Larry Fitzgerald,WR,ARI,10.814285714285717,1,0.4375,19,0.03125,-3.9482142857142826,-2
00-0022921,Larry Fitzgerald,WR,2014,ARI,10.814285714285717,1,0.4375,19,Larry Fitzgerald,WR,ARI,17.53125,3,1.0,1,0.5625,6.716964285714283,2
00-0022921,Larry Fitzgerald,WR,2015,ARI,17.53125,3,1.0,1,Larry Fitzgerald,WR,ARI,15.2375,3,0.4375,19,-0.5625,-2.2937499999999993,0
00-0022921,Larry Fitzgerald,WR,2016,ARI,15.2375,3,0.4375,19,Larry Fitzgerald,WR,ARI,16.34,3,0.0625,31,-0.375,1.1024999999999991,0
00-0022921,Larry Fitzgerald,WR,2017,ARI,16.34,3,0.0625,31,Larry Fitzgerald,WR,ARI,11.605,2,0.03125,32,-0.03125,-4.734999999999999,-1
00-0022921,Larry Fitzgerald,WR,2018,ARI,11.605,2,0.03125,32,Larry Fitzgerald,WR,ARI,11.0875,2,0.65625,12,0.625,-0.5175000000000001,0
00-0022921,Larry Fitzgerald,WR,2019,ARI,11.0875,2,0.65625,12,Larry Fitzgerald,WR,ARI,7.761538461538462,0,0.59375,14,-0.0625,-3.325961538461538,-2
00-0022922,Kellen Winslow,TE,2006,CLE,12.15625,4,0.0625,31,Kellen Winslow,TE,CLE,13.9125,4,0.59375,14,0.53125,1.7562499999999996,0
00-0022922,Kellen Winslow,TE,2007,CLE,13.9125,4,0.59375,14,Kellen Winslow,TE,CLE,10.18,2,0.125,29,-0.46875,-3.7325,-2
00-0022922,Kellen Winslow,TE,2009,TB,12.38125,4,0.15625,28,Kellen Winslow,TE,TB,10.5625,3,0.78125,8,0.625,-1.8187499999999996,-1
00-0022922,Kellen Winslow,TE,2010,TB,10.5625,3,0.78125,8,Kellen Winslow,TE,TB,10.33125,3,0.15625,28,-0.625,-0.2312499999999993,0
00-0022924,Ben Roethlisberger,QB,2004,PIT,11.945714285714288,1,0.75,9,Ben Roethlisberger,QB,PIT,14.025,1,0.78125,8,0.03125,2.079285714285712,0
00-0022924,Ben Roethlisberger,QB,2005,PIT,14.025,1,0.78125,8,Ben Roethlisberger,QB,PIT,12.328,1,0.71875,10,-0.0625,-1.697000000000001,0
00-0022924,Ben Roethlisberger,QB,2006,PIT,12.328,1,0.71875,10,Ben Roethlisberger,QB,PIT,17.381333333333334,2,0.84375,6,0.125,5.053333333333335,1
00-0022924,Ben Roethlisberger,QB,2007,PIT,17.381333333333334,2,0.84375,6,Ben Roethlisberger,QB,PIT,11.16625,1,0.4375,19,-0.40625,-6.215083333333334,-1
00-0022924,Ben Roethlisberger,QB,2008,PIT,11.16625,1,0.4375,19,Ben Roethlisberger,QB,PIT,17.801333333333332,3,0.65625,12,0.21875,6.635083333333332,2
00-0022924,Ben Roethlisberger,QB,2009,PIT,17.801333333333332,3,0.65625,12,Ben Roethlisberger,QB,PIT,17.466666666666665,2,0.71875,10,0.0625,-0.3346666666666671,-1
00-0022924,Ben Roethlisberger,QB,2010,PIT,17.466666666666665,2,0.71875,10,Ben Roethlisberger,QB,PIT,14.405333333333337,1,0.84375,6,0.125,-3.0613333333333284,-1
00-0022924,Ben Roethlisberger,QB,2011,PIT,14.405333333333337,1,0.84375,6,Ben Roethlisberger,QB,PIT,17.215384615384615,2,0.4375,19,-0.40625,2.810051282051278,1
00-0022924,Ben Roethlisberger,QB,2012,PIT,17.215384615384615,2,0.4375,19,Ben Roethlisberger,QB,PIT,16.14625,2,0.5,17,0.0625,-1.0691346153846162,0
00-0022924,Ben Roethlisberger,QB,2013,PIT,16.14625,2,0.5,17,Ben Roethlisberger,QB,PIT,19.17375,3,0.96875,2,0.46875,3.0275,1
00-0022924,Ben Roethlisberger,QB,2014,PIT,19.17375,3,0.96875,2,Ben Roethlisberger,QB,PIT,19.035,3,0.90625,4,-0.0625,-0.13874999999999815,0
00-0022924,Ben Roethlisberger,QB,2015,PIT,19.035,3,0.90625,4,Ben Roethlisberger,QB,PIT,18.01142857142857,3,0.8125,7,-0.09375,-1.0235714285714295,0
00-0022924,Ben Roethlisberger,QB,2016,PIT,18.01142857142857,3,0.8125,7,Ben Roethlisberger,QB,PIT,17.404,2,0.875,5,0.0625,-0.6074285714285708,-1
00-0022924,Ben Roethlisberger,QB,2017,PIT,17.404,2,0.875,5,Ben Roethlisberger,QB,PIT,21.36625,4,0.875,5,0.0,3.962250000000001,2
00-0022924,Ben Roethlisberger,QB,2020,PIT,17.814666666666668,3,0.5,17,Ben Roethlisberger,QB,PIT,13.63125,1,0.3125,23,-0.1875,-4.183416666666668,-2
00-0022926,Chris Perry,RB,2005,CIN,8.692857142857143,0,0.9375,3,Chris Perry,RB,CIN,3.15,0,0.8125,7,-0.125,-5.542857142857143,0
00-0022929,Devery Henderson,WR,2005,NO,6.836363636363637,0,0.3125,23,Devery Henderson,WR,NO,14.39,2,0.9375,3,0.625,7.553636363636364,2
00-0022929,Devery Henderson,WR,2006,NO,14.39,2,0.9375,3,Devery Henderson,WR,NO,6.741666666666667,0,0.75,9,-0.1875,-7.648333333333333,-2
00-0022929,Devery Henderson,WR,2007,NO,6.741666666666667,0,0.75,9,Devery Henderson,WR,NO,8.84,1,0.96875,2,0.21875,2.0983333333333327,1
00-0022929,Devery Henderson,WR,2008,NO,8.84,1,0.96875,2,Devery Henderson,WR,NO,9.04375,1,0.875,5,-0.09375,0.20374999999999943,0
00-0022929,Devery Henderson,WR,2009,NO,9.04375,1,0.875,5,Devery Henderson,WR,NO,5.45,0,0.75,9,-0.125,-3.593749999999999,-1
00-0022929,Devery Henderson,WR,2010,NO,5.45,0,0.75,9,Devery Henderson,WR,NO,6.346666666666667,0,0.96875,2,0.21875,0.8966666666666665,0
00-0022929,Devery Henderson,WR,2011,NO,6.346666666666667,0,0.96875,2,Devery Henderson,WR,NO,4.06,0,0.8125,7,-0.15625,-2.286666666666667,0
00-0022942,Philip Rivers,QB,2006,LAC,13.04875,1,0.96875,2,Philip Rivers,QB,LAC,11.08625,1,0.5625,15,-0.40625,-1.9625000000000004,0
00-0022942,Philip Rivers,QB,2007,LAC,11.08625,1,0.5625,15,Philip Rivers,QB,LAC,17.41,2,1.0,1,0.4375,6.32375,1
00-0022942,Philip Rivers,QB,2008,LAC,17.41,2,1.0,1,Philip Rivers,QB,LAC,16.8225,2,1.0,1,0.0,-0.5874999999999986,0
00-0022942,Philip Rivers,QB,2009,LAC,16.8225,2,1.0,1,Philip Rivers,QB,LAC,17.6,2,0.9375,3,-0.0625,0.7774999999999999,0
00-0022942,Philip Rivers,QB,2010,LAC,17.6,2,0.9375,3,Philip Rivers,QB,LAC,15.91,2,0.875,5,-0.0625,-1.6900000000000013,0
00-0022942,Philip Rivers,QB,2011,LAC,15.91,2,0.875,5,Philip Rivers,QB,LAC,13.015,1,0.3125,23,-0.5625,-2.8949999999999996,-1
00-0022942,Philip Rivers,QB,2012,LAC,13.015,1,0.3125,23,Philip Rivers,QB,LAC,18.02,3,0.96875,2,0.65625,5.004999999999999,2
00-0022942,Philip Rivers,QB,2013,LAC,18.02,3,0.96875,2,Philip Rivers,QB,LAC,16.6025,2,0.65625,12,-0.3125,-1.4175000000000004,-1
00-0022942,Philip Rivers,QB,2014,LAC,16.6025,2,0.65625,12,Philip Rivers,QB,LAC,17.78,3,0.5,17,-0.15625,1.177500000000002,1
00-0022942,Philip Rivers,QB,2015,LAC,17.78,3,0.5,17,Philip Rivers,QB,LAC,16.18375,2,0.53125,16,0.03125,-1.5962500000000013,-1
00-0022942,Philip Rivers,QB,2016,LAC,16.18375,2,0.53125,16,Philip Rivers,QB,LAC,16.9,2,0.9375,3,0.40625,0.7162499999999987,0
00-0022942,Philip Rivers,QB,2017,LAC,16.9,2,0.9375,3,Philip Rivers,QB,LAC,17.81375,3,0.90625,4,-0.03125,0.9137500000000003,1
00-0022942,Philip Rivers,QB,2018,LAC,17.81375,3,0.90625,4,Philip Rivers,QB,LAC,14.71875,1,0.71875,10,-0.1875,-3.094999999999999,-2
00-0022943,Benjamin Watson,TE,2005,NE,6.792857142857143,1,0.8125,7,Benjamin Watson,TE,NE,9.976923076923075,2,0.875,5,0.0625,3.1840659340659325,1
00-0022943,Benjamin Watson,TE,2006,NE,9.976923076923075,2,0.875,5,Benjamin Watson,TE,NE,9.333333333333334,2,1.0,1,0.125,-0.6435897435897413,0
00-0022943,Benjamin Watson,TE,2007,NE,9.333333333333334,2,1.0,1,Benjamin Watson,TE,NE,5.29,0,0.90625,4,-0.09375,-4.043333333333334,-2
00-0022943,Benjamin Watson,TE,2008,NE,5.29,0,0.90625,4,Benjamin Watson,TE,NE,8.283333333333333,2,0.90625,4,0.0,2.993333333333333,2
00-0022943,Benjamin Watson,TE,2010,CLE,10.1375,2,0.28125,24,Benjamin Watson,TE,CLE,6.923076923076923,1,0.21875,26,-0.0625,-3.214423076923076,-1
00-0022943,Benjamin Watson,TE,2011,CLE,6.923076923076923,1,0.21875,26,Benjamin Watson,TE,CLE,7.31875,1,0.21875,26,0.0,0.3956730769230763,0
00-0022943,Benjamin Watson,TE,2013,NO,3.8285714285714287,0,0.9375,3,Benjamin Watson,TE,NO,3.257142857142857,0,0.78125,8,-0.15625,-0.5714285714285716,0
00-0022943,Benjamin Watson,TE,2014,NO,3.257142857142857,0,0.78125,8,Benjamin Watson,TE,NO,11.90625,4,0.875,5,0.09375,8.649107142857144,4
00-0022984,Ryan Grant,RB,2007,GB,13.30714285714286,3,0.875,5,Ryan Grant,RB,GB,10.86875,1,0.71875,10,-0.15625,-2.43839285714286,-2
00-0022984,Ryan Grant,RB,2008,GB,10.86875,1,0.71875,10,Ryan Grant,RB,GB,14.625,3,0.9375,3,0.21875,3.7562499999999996,2
00-0022984,Ryan Grant,RB,2011,GB,7.846666666666667,0,1.0,1,Ryan Grant,RB,GB,5.5200000000000005,0,0.84375,6,-0.15625,-2.326666666666666,0
00-0023108,Stephen Spach,TE,2009,ARI,1.56,0,0.46875,18,Stephen Spach,TE,ARI,1.0,0,0.0625,31,-0.40625,-0.56,0
00-0023176,Josh Cribbs,WR,2006,CLE,2.6888888888888887,0,0.0625,31,Josh Cribbs,WR,CLE,2.981818181818181,0,0.59375,14,0.53125,0.2929292929292924,0
00-0023176,Josh Cribbs,WR,2007,CLE,2.981818181818181,0,0.59375,14,Josh Cribbs,WR,CLE,2.955384615384616,0,0.125,29,-0.46875,-0.02643356643356487,0
00-0023176,Josh Cribbs,WR,2008,CLE,2.955384615384616,0,0.125,29,Josh Cribbs,WR,CLE,6.42,0,0.125,29,0.0,3.4646153846153838,0
00-0023176,Josh Cribbs,WR,2009,CLE,6.42,0,0.125,29,Josh Cribbs,WR,CLE,5.05076923076923,0,0.28125,24,0.15625,-1.3692307692307697,0
00-0023176,Josh Cribbs,WR,2010,CLE,5.05076923076923,0,0.28125,24,Josh Cribbs,WR,CLE,8.353333333333333,0,0.21875,26,-0.0625,3.3025641025641033,0
00-0023176,Josh Cribbs,WR,2011,CLE,8.353333333333333,0,0.21875,26,Josh Cribbs,WR,CLE,1.6727272727272726,0,0.21875,26,0.0,-6.680606060606061,0
00-0023217,Adam Bergen,TE,2005,ARI,4.6923076923076925,0,0.40625,20,Adam Bergen,TE,ARI,4.683333333333334,0,0.46875,18,0.0625,-0.008974358974358942,0
00-0023310,Lance Moore,WR,2007,NO,5.778571428571429,0,0.75,9,Lance Moore,WR,NO,14.375,2,0.96875,2,0.21875,8.596428571428572,2
00-0023310,Lance Moore,WR,2008,NO,14.375,2,0.96875,2,Lance Moore,WR,NO,6.883333333333333,0,0.875,5,-0.09375,-7.491666666666667,-2
00-0023310,Lance Moore,WR,2009,NO,6.883333333333333,0,0.875,5,Lance Moore,WR,NO,12.553333333333336,2,0.75,9,-0.125,5.6700000000000035,2
00-0023310,Lance Moore,WR,2010,NO,12.553333333333336,2,0.75,9,Lance Moore,WR,NO,11.907142857142857,2,0.96875,2,0.21875,-0.6461904761904798,0
00-0023310,Lance Moore,WR,2011,NO,11.907142857142857,2,0.96875,2,Lance Moore,WR,NO,13.673333333333334,2,0.8125,7,-0.15625,1.7661904761904772,0
00-0023310,Lance Moore,WR,2012,NO,13.673333333333334,2,0.8125,7,Lance Moore,WR,NO,7.284615384615384,0,0.9375,3,0.125,-6.38871794871795,-2
00-0023367,Nate Washington,WR,2006,PIT,7.6375,0,0.71875,10,Nate Washington,WR,PIT,8.666666666666666,0,0.84375,6,0.125,1.029166666666666,0
00-0023367,Nate Washington,WR,2007,PIT,8.666666666666666,0,0.84375,6,Nate Washington,WR,PIT,8.778571428571428,0,0.4375,19,-0.40625,0.1119047619047624,0
00-0023367,Nate Washington,WR,2009,TEN,8.8375,1,0.59375,14,Nate Washington,WR,TEN,9.11875,1,0.5,17,-0.09375,0.28125,0
00-0023367,Nate Washington,WR,2010,TEN,9.11875,1,0.5,17,Nate Washington,WR,TEN,14.05,2,0.4375,19,-0.0625,4.93125,1
00-0023367,Nate Washington,WR,2011,TEN,14.05,2,0.4375,19,Nate Washington,WR,TEN,9.0375,1,0.15625,28,-0.28125,-5.012500000000001,-1
00-0023367,Nate Washington,WR,2012,TEN,9.0375,1,0.15625,28,Nate Washington,WR,TEN,10.49375,1,0.5625,15,0.40625,1.4562500000000007,0
00-0023367,Nate Washington,WR,2013,TEN,10.49375,1,0.5625,15,Nate Washington,WR,TEN,7.29375,0,0.09375,30,-0.46875,-3.2,-1
00-0023408,Greg Camarillo,WR,2007,MIA,9.0,1,0.3125,23,Greg Camarillo,WR,MIA,11.672727272727274,2,0.8125,7,0.5,2.6727272727272737,1
00-0023408,Greg Camarillo,WR,2008,MIA,11.672727272727274,2,0.8125,7,Greg Camarillo,WR,MIA,6.575,0,0.53125,16,-0.28125,-5.0977272727272736,-2
00-0023408,Greg Camarillo,WR,2010,MIN,4.166666666666667,0,0.125,29,Greg Camarillo,WR,MIN,2.6375,0,0.40625,20,0.28125,-1.5291666666666668,0
00-0023429,Rashied Davis,WR,2006,CHI,5.391666666666667,0,0.5,17,Rashied Davis,WR,CHI,3.7222222222222223,0,0.15625,28,-0.34375,-1.6694444444444443,0
00-0023429,Rashied Davis,WR,2007,CHI,3.7222222222222223,0,0.15625,28,Rashied Davis,WR,CHI,6.635714285714286,0,0.1875,27,0.03125,2.913492063492064,0
00-0023429,Rashied Davis,WR,2008,CHI,6.635714285714286,0,0.1875,27,Rashied Davis,WR,CHI,1.7,0,0.28125,24,0.09375,-4.935714285714286,0
00-0023429,Rashied Davis,WR,2009,CHI,1.7,0,0.28125,24,Rashied Davis,WR,CHI,5.85,0,0.21875,26,-0.0625,4.1499999999999995,0
00-0023436,Alex Smith,QB,2005,SF,2.3666666666666667,0,0.03125,32,Alex Smith,QB,SF,10.57125,1,0.21875,26,0.1875,8.204583333333332,1
00-0023436,Alex Smith,QB,2006,SF,10.57125,1,0.21875,26,Alex Smith,QB,SF,5.065714285714286,0,0.03125,32,-0.1875,-5.505535714285713,-1
00-0023436,Alex Smith,QB,2009,SF,13.227272727272728,1,0.3125,23,Alex Smith,QB,SF,12.254545454545456,1,0.34375,22,0.03125,-0.9727272727272727,0
00-0023436,Alex Smith,QB,2010,SF,12.254545454545456,1,0.34375,22,Alex Smith,QB,SF,13.22875,1,0.53125,16,0.1875,0.974204545454544,0
00-0023436,Alex Smith,QB,2011,SF,13.22875,1,0.53125,16,Alex Smith,QB,SF,12.268,1,0.875,5,0.34375,-0.9607499999999991,0
00-0023436,Alex Smith,QB,2013,KC,16.948,2,0.59375,14,Alex Smith,QB,KC,14.666666666666666,1,0.71875,10,0.125,-2.2813333333333343,-1
00-0023436,Alex Smith,QB,2014,KC,14.666666666666666,1,0.71875,10,Alex Smith,QB,KC,16.9525,2,0.78125,8,0.0625,2.2858333333333345,1
00-0023436,Alex Smith,QB,2015,KC,16.9525,2,0.78125,8,Alex Smith,QB,KC,14.985333333333331,1,0.5625,15,-0.21875,-1.9671666666666692,-1
00-0023436,Alex Smith,QB,2016,KC,14.985333333333331,1,0.5625,15,Alex Smith,QB,KC,19.67866666666667,3,0.90625,4,0.34375,4.693333333333337,2
00-0023437,Ronnie Brown,RB,2005,MIA,11.193333333333332,2,0.5,17,Ronnie Brown,RB,MIA,14.238461538461538,3,0.1875,27,-0.3125,3.045128205128206,1
00-0023437,Ronnie Brown,RB,2006,MIA,14.238461538461538,3,0.1875,27,Ronnie Brown,RB,MIA,24.32857142857143,5,0.3125,23,0.125,10.090109890109892,2
00-0023437,Ronnie Brown,RB,2007,MIA,24.32857142857143,5,0.3125,23,Ronnie Brown,RB,MIA,13.3275,3,0.8125,7,0.5,-11.001071428571429,-2
00-0023437,Ronnie Brown,RB,2008,MIA,13.3275,3,0.8125,7,Ronnie Brown,RB,MIA,15.497777777777776,3,0.53125,16,-0.28125,2.170277777777775,0
00-0023437,Ronnie Brown,RB,2009,MIA,15.497777777777776,3,0.53125,16,Ronnie Brown,RB,MIA,9.7875,1,0.3125,23,-0.21875,-5.710277777777776,-2
00-0023437,Ronnie Brown,RB,2012,LAC,7.721428571428571,0,0.3125,23,Ronnie Brown,RB,LAC,2.975,0,0.96875,2,0.65625,-4.74642857142857,0
00-0023437,Ronnie Brown,RB,2013,LAC,2.975,0,0.96875,2,Ronnie Brown,RB,LAC,1.9625,0,0.65625,12,-0.3125,-1.0125000000000002,0
00-0023438,Braylon Edwards,WR,2005,CLE,10.12,1,0.09375,30,Braylon Edwards,WR,CLE,11.56875,2,0.0625,31,-0.03125,1.4487500000000004,1
00-0023438,Braylon Edwards,WR,2006,CLE,11.56875,2,0.0625,31,Braylon Edwards,WR,CLE,18.80625,4,0.59375,14,0.53125,7.237499999999999,2
00-0023438,Braylon Edwards,WR,2007,CLE,18.80625,4,0.59375,14,Braylon Edwards,WR,CLE,10.29375,1,0.125,29,-0.46875,-8.5125,-3
00-0023438,Braylon Edwards,WR,2009,NYJ,8.5625,0,0.34375,22,Braylon Edwards,WR,NYJ,11.6125,2,0.46875,18,0.125,3.0500000000000007,2
00-0023439,Cedric Benson,RB,2005,CHI,2.9444444444444446,0,0.0625,31,Cedric Benson,RB,CHI,7.606666666666666,0,0.5,17,0.4375,4.662222222222221,0
00-0023439,Cedric Benson,RB,2006,CHI,7.606666666666666,0,0.5,17,Cedric Benson,RB,CHI,10.645454545454545,1,0.15625,28,-0.34375,3.038787878787879,1
00-0023439,Cedric Benson,RB,2008,CIN,10.266666666666667,1,0.0625,31,Cedric Benson,RB,CIN,14.553846153846154,3,0.5,17,0.4375,4.287179487179486,2
00-0023439,Cedric Benson,RB,2009,CIN,14.553846153846154,3,0.5,17,Cedric Benson,RB,CIN,12.31875,2,0.40625,20,-0.09375,-2.235096153846154,-1
00-0023439,Cedric Benson,RB,2010,CIN,12.31875,2,0.40625,20,Cedric Benson,RB,CIN,10.793333333333331,1,0.5,17,0.09375,-1.5254166666666684,-1
00-0023440,Cadillac Williams,RB,2005,TB,12.707142857142856,2,0.4375,19,Cadillac Williams,RB,TB,9.242857142857144,1,0.09375,30,-0.34375,-3.4642857142857117,-1
00-0023440,Cadillac Williams,RB,2006,TB,9.242857142857144,1,0.09375,30,Cadillac Williams,RB,TB,9.875,1,0.65625,12,0.5625,0.6321428571428562,0
00-0023440,Cadillac Williams,RB,2007,TB,9.875,1,0.65625,12,Cadillac Williams,RB,TB,9.766666666666667,1,0.40625,20,-0.25,-0.1083333333333325,0
00-0023440,Cadillac Williams,RB,2008,TB,9.766666666666667,1,0.40625,20,Cadillac Williams,RB,TB,10.90625,1,0.15625,28,-0.25,1.1395833333333325,0
00-0023440,Cadillac Williams,RB,2009,TB,10.90625,1,0.15625,28,Cadillac Williams,RB,TB,8.825,1,0.78125,8,0.625,-2.0812500000000007,0
00-0023442,Troy Williamson,WR,2005,MIN,6.333333333333333,0,0.375,21,Troy Williamson,WR,MIN,6.875,0,0.125,29,-0.25,0.541666666666667,0
00-0023442,Troy Williamson,WR,2006,MIN,6.875,0,0.125,29,Troy Williamson,WR,MIN,6.3125,0,0.53125,16,0.40625,-0.5625,0
00-0023452,Mike Williams,WR,2005,DET,5.5,0,0.25,25,Mike Williams,WR,DET,5.975,0,0.15625,28,-0.09375,0.47499999999999964,0
00-0023452,Mike Williams,WR,2010,SEA,11.7,2,0.09375,30,Mike Williams,WR,SEA,3.966666666666667,0,0.34375,22,0.25,-7.7333333333333325,-2
00-0023456,Matt Jones,WR,2005,JAX,7.652,0,0.71875,10,Matt Jones,WR,JAX,9.746153846153849,1,0.75,9,0.03125,2.0941538461538487,1
00-0023456,Matt Jones,WR,2006,JAX,9.746153846153849,1,0.75,9,Matt Jones,WR,JAX,7.970000000000001,0,0.9375,3,0.1875,-1.7761538461538482,-1
00-0023456,Matt Jones,WR,2007,JAX,7.970000000000001,0,0.9375,3,Matt Jones,WR,JAX,12.333333333333334,2,0.53125,16,-0.40625,4.363333333333333,2
00-0023457,Mark Clayton,WR,2005,BAL,8.553846153846154,0,0.1875,27,Mark Clayton,WR,BAL,11.7375,2,0.625,13,0.4375,3.183653846153847,2
00-0023457,Mark Clayton,WR,2006,BAL,11.7375,2,0.625,13,Mark Clayton,WR,BAL,6.739999999999999,0,0.21875,26,-0.40625,-4.997500000000001,-2
00-0023457,Mark Clayton,WR,2007,BAL,6.739999999999999,0,0.21875,26,Mark Clayton,WR,BAL,9.2425,1,0.5,17,0.28125,2.5025000000000004,1
00-0023457,Mark Clayton,WR,2008,BAL,9.2425,1,0.5,17,Mark Clayton,WR,BAL,7.292307692307692,0,0.75,9,0.25,-1.9501923076923076,-1
00-0023459,Aaron Rodgers,QB,2008,GB,18.13875,3,0.71875,10,Aaron Rodgers,QB,GB,21.36,4,0.9375,3,0.21875,3.2212499999999977,1
00-0023459,Aaron Rodgers,QB,2009,GB,21.36,4,0.9375,3,Aaron Rodgers,QB,GB,20.29866666666667,3,0.84375,6,-0.09375,-1.0613333333333301,-1
00-0023459,Aaron Rodgers,QB,2010,GB,20.29866666666667,3,0.84375,6,Aaron Rodgers,QB,GB,26.476,5,1.0,1,0.15625,6.17733333333333,2
00-0023459,Aaron Rodgers,QB,2011,GB,26.476,5,1.0,1,Aaron Rodgers,QB,GB,21.5375,4,0.84375,6,-0.15625,-4.938499999999998,-1
00-0023459,Aaron Rodgers,QB,2012,GB,21.5375,4,0.84375,6,Aaron Rodgers,QB,GB,18.826666666666668,3,0.84375,6,0.0,-2.7108333333333334,-1
00-0023459,Aaron Rodgers,QB,2013,GB,18.826666666666668,3,0.84375,6,Aaron Rodgers,QB,GB,22.13375,4,1.0,1,0.15625,3.307083333333331,1
00-0023459,Aaron Rodgers,QB,2014,GB,22.13375,4,1.0,1,Aaron Rodgers,QB,GB,18.82,3,0.5625,15,-0.4375,-3.313749999999999,-1
00-0023459,Aaron Rodgers,QB,2015,GB,18.82,3,0.5625,15,Aaron Rodgers,QB,GB,23.76375,5,0.9375,3,0.375,4.943750000000001,2
00-0023459,Aaron Rodgers,QB,2016,GB,23.76375,5,0.9375,3,Aaron Rodgers,QB,GB,18.514285714285712,3,0.59375,14,-0.34375,-5.249464285714289,-2
00-0023459,Aaron Rodgers,QB,2017,GB,18.514285714285712,3,0.59375,14,Aaron Rodgers,QB,GB,19.54875,3,0.6875,11,0.09375,1.0344642857142858,0
00-0023459,Aaron Rodgers,QB,2018,GB,19.54875,3,0.6875,11,Aaron Rodgers,QB,GB,17.41125,2,0.8125,7,0.125,-2.1374999999999993,-1
00-0023459,Aaron Rodgers,QB,2019,GB,17.41125,2,0.8125,7,Aaron Rodgers,QB,GB,23.95375,5,1.0,1,0.1875,6.5425,3
00-0023459,Aaron Rodgers,QB,2020,GB,23.95375,5,1.0,1,Aaron Rodgers,QB,GB,20.83125,4,0.9375,3,-0.0625,-3.1224999999999987,-1
00-0023459,Aaron Rodgers,QB,2021,GB,20.83125,4,0.9375,3,Aaron Rodgers,QB,GB,14.070588235294116,1,0.6875,11,-0.25,-6.760661764705885,-3
00-0023460,Jason Campbell,QB,2006,WAS,13.01142857142857,1,0.6875,11,Jason Campbell,QB,WAS,11.276923076923076,1,0.4375,19,-0.25,-1.7345054945054947,0
00-0023460,Jason Campbell,QB,2007,WAS,11.276923076923076,1,0.4375,19,Jason Campbell,QB,WAS,12.475,1,0.375,21,-0.0625,1.1980769230769237,0
00-0023460,Jason Campbell,QB,2008,WAS,12.475,1,0.375,21,Jason Campbell,QB,WAS,13.645,1,0.40625,20,0.03125,1.17,0
00-0023460,Jason Campbell,QB,2010,LV,12.206153846153846,1,0.53125,16,Jason Campbell,QB,LV,13.133333333333333,1,0.59375,14,0.0625,0.9271794871794867,0
00-0023462,Roddy White,WR,2005,ATL,7.55,0,0.59375,14,Roddy White,WR,ATL,6.06923076923077,0,0.4375,19,-0.15625,-1.48076923076923,0
00-0023462,Roddy White,WR,2006,ATL,6.06923076923077,0,0.4375,19,Roddy White,WR,ATL,14.6875,2,0.0625,31,-0.375,8.61826923076923,2
00-0023462,Roddy White,WR,2007,ATL,14.6875,2,0.0625,31,Roddy White,WR,ATL,16.6625,3,0.78125,8,0.71875,1.9750000000000014,1
00-0023462,Roddy White,WR,2008,ATL,16.6625,3,0.78125,8,Roddy White,WR,ATL,16.65625,3,0.625,13,-0.15625,-0.006250000000001421,0
00-0023462,Roddy White,WR,2009,ATL,16.65625,3,0.625,13,Roddy White,WR,ATL,19.7625,4,0.8125,7,0.1875,3.1062499999999993,1
00-0023462,Roddy White,WR,2010,ATL,19.7625,4,0.8125,7,Roddy White,WR,ATL,17.35,3,0.71875,10,-0.09375,-2.412499999999998,-1
00-0023462,Roddy White,WR,2011,ATL,17.35,3,0.71875,10,Roddy White,WR,ATL,16.81875,3,0.78125,8,0.0625,-0.53125,0
00-0023462,Roddy White,WR,2012,ATL,16.81875,3,0.78125,8,Roddy White,WR,ATL,11.546153846153846,2,0.53125,16,-0.25,-5.272596153846155,-1
00-0023462,Roddy White,WR,2013,ATL,11.546153846153846,2,0.53125,16,Roddy White,WR,ATL,15.15,3,0.625,13,0.09375,3.6038461538461544,1
00-0023462,Roddy White,WR,2014,ATL,15.15,3,0.625,13,Roddy White,WR,ATL,6.64,0,0.53125,16,-0.09375,-8.510000000000002,-3
00-0023465,Heath Miller,TE,2005,PIT,9.3,2,0.78125,8,Heath Miller,TE,PIT,7.378571428571428,1,0.71875,10,-0.0625,-1.9214285714285726,-1
00-0023465,Heath Miller,TE,2006,PIT,7.378571428571428,1,0.71875,10,Heath Miller,TE,PIT,9.706666666666669,2,0.84375,6,0.125,2.3280952380952407,1
00-0023465,Heath Miller,TE,2007,PIT,9.706666666666669,2,0.84375,6,Heath Miller,TE,PIT,8.876923076923077,2,0.4375,19,-0.40625,-0.8297435897435914,0
00-0023465,Heath Miller,TE,2008,PIT,8.876923076923077,2,0.4375,19,Heath Miller,TE,PIT,11.93125,4,0.65625,12,0.21875,3.054326923076923,2
00-0023465,Heath Miller,TE,2009,PIT,11.93125,4,0.65625,12,Heath Miller,TE,PIT,7.371428571428572,1,0.71875,10,0.0625,-4.5598214285714285,-3
00-0023465,Heath Miller,TE,2010,PIT,7.371428571428572,1,0.71875,10,Heath Miller,TE,PIT,7.79375,1,0.84375,6,0.125,0.4223214285714283,0
00-0023465,Heath Miller,TE,2011,PIT,7.79375,1,0.84375,6,Heath Miller,TE,PIT,13.506666666666666,4,0.4375,19,-0.40625,5.712916666666666,3
00-0023465,Heath Miller,TE,2012,PIT,13.506666666666666,4,0.4375,19,Heath Miller,TE,PIT,8.664285714285715,2,0.5,17,0.0625,-4.842380952380951,-2
00-0023465,Heath Miller,TE,2013,PIT,8.664285714285715,2,0.5,17,Heath Miller,TE,PIT,9.90625,2,0.96875,2,0.46875,1.2419642857142854,0
00-0023465,Heath Miller,TE,2014,PIT,9.90625,2,0.96875,2,Heath Miller,TE,PIT,8.446666666666667,2,0.90625,4,-0.0625,-1.4595833333333328,0
00-0023470,Reggie Brown,WR,2005,PHI,8.9,1,0.21875,26,Reggie Brown,WR,PHI,12.466666666666669,2,0.84375,6,0.625,3.566666666666668,1
00-0023470,Reggie Brown,WR,2006,PHI,12.466666666666669,2,0.84375,6,Reggie Brown,WR,PHI,10.4125,1,0.8125,7,-0.03125,-2.054166666666669,-1
00-0023470,Reggie Brown,WR,2007,PHI,10.4125,1,0.8125,7,Reggie Brown,WR,PHI,7.114285714285714,0,0.59375,14,-0.21875,-3.2982142857142858,-1
00-0023470,Reggie Brown,WR,2008,PHI,7.114285714285714,0,0.59375,14,Reggie Brown,WR,PHI,2.6888888888888887,0,0.71875,10,0.125,-4.425396825396826,0
00-0023474,Mark Bradley,WR,2005,CHI,5.571428571428571,0,0.0625,31,Mark Bradley,WR,CHI,10.033333333333331,1,0.5,17,0.4375,4.46190476190476,1
00-0023474,Mark Bradley,WR,2006,CHI,10.033333333333331,1,0.5,17,Mark Bradley,WR,CHI,3.1833333333333336,0,0.15625,28,-0.34375,-6.849999999999998,-1
00-0023474,Mark Bradley,WR,2008,KC,11.435,2,0.28125,24,Mark Bradley,WR,KC,5.920000000000001,0,0.21875,26,-0.0625,-5.515,-2
00-0023479,J.J. Arrington,RB,2005,ARI,5.726666666666668,0,0.40625,20,J.J. Arrington,RB,ARI,2.17,0,0.46875,18,0.0625,-3.5566666666666684,0
00-0023479,J.J. Arrington,RB,2006,ARI,2.17,0,0.46875,18,J.J. Arrington,RB,ARI,4.778571428571429,0,0.5,17,0.03125,2.6085714285714294,0
00-0023479,J.J. Arrington,RB,2007,ARI,4.778571428571429,0,0.5,17,J.J. Arrington,RB,ARI,8.381818181818183,0,0.6875,11,0.1875,3.6032467532467534,0
00-0023490,Roscoe Parrish,WR,2005,BUF,4.465,0,0.34375,22,Roscoe Parrish,WR,BUF,8.088888888888889,0,0.25,25,-0.09375,3.6238888888888887,0
00-0023490,Roscoe Parrish,WR,2006,BUF,8.088888888888889,0,0.25,25,Roscoe Parrish,WR,BUF,6.435714285714285,0,0.1875,27,-0.0625,-1.6531746031746035,0
00-0023490,Roscoe Parrish,WR,2007,BUF,6.435714285714285,0,0.1875,27,Roscoe Parrish,WR,BUF,5.008333333333334,0,0.3125,23,0.125,-1.4273809523809513,0
00-0023490,Roscoe Parrish,WR,2008,BUF,5.008333333333334,0,0.3125,23,Roscoe Parrish,WR,BUF,0.7999999999999999,0,0.1875,27,-0.125,-4.208333333333334,0
00-0023490,Roscoe Parrish,WR,2009,BUF,0.7999999999999999,0,0.1875,27,Roscoe Parrish,WR,BUF,10.8125,1,0.15625,28,-0.03125,10.0125,1
00-0023496,Vincent Jackson,WR,2006,LAC,8.607692307692307,0,0.96875,2,Vincent Jackson,WR,LAC,8.086666666666666,0,0.5625,15,-0.40625,-0.5210256410256413,0
00-0023496,Vincent Jackson,WR,2007,LAC,8.086666666666666,0,0.5625,15,Vincent Jackson,WR,LAC,14.38,2,1.0,1,0.4375,6.293333333333335,2
00-0023496,Vincent Jackson,WR,2008,LAC,14.38,2,1.0,1,Vincent Jackson,WR,LAC,15.986666666666668,3,1.0,1,0.0,1.6066666666666674,1
00-0023496,Vincent Jackson,WR,2009,LAC,15.986666666666668,3,1.0,1,Vincent Jackson,WR,LAC,14.55,2,0.9375,3,-0.0625,-1.4366666666666674,-1
00-0023496,Vincent Jackson,WR,2010,LAC,14.55,2,0.9375,3,Vincent Jackson,WR,LAC,14.35625,2,0.875,5,-0.0625,-0.19375000000000142,0
00-0023496,Vincent Jackson,WR,2012,TB,16.275,3,0.5625,15,Vincent Jackson,WR,TB,15.15,3,0.1875,27,-0.375,-1.1249999999999982,0
00-0023496,Vincent Jackson,WR,2013,TB,15.15,3,0.1875,27,Vincent Jackson,WR,TB,11.2625,2,0.15625,28,-0.03125,-3.887500000000001,-1
00-0023496,Vincent Jackson,WR,2014,TB,11.2625,2,0.15625,28,Vincent Jackson,WR,TB,10.73,1,0.59375,14,0.4375,-0.5324999999999989,-1
00-0023496,Vincent Jackson,WR,2015,TB,10.73,1,0.59375,14,Vincent Jackson,WR,TB,6.459999999999999,0,0.46875,18,-0.125,-4.270000000000001,-1
00-0023500,Frank Gore,RB,2005,SF,7.35,0,0.03125,32,Frank Gore,RB,SF,20.0625,5,0.21875,26,0.1875,12.7125,5
00-0023500,Frank Gore,RB,2006,SF,20.0625,5,0.21875,26,Frank Gore,RB,SF,15.786666666666669,3,0.03125,32,-0.1875,-4.275833333333331,-2
00-0023500,Frank Gore,RB,2007,SF,15.786666666666669,3,0.03125,32,Frank Gore,RB,SF,16.27857142857143,4,0.25,25,0.21875,0.4919047619047596,1
00-0023500,Frank Gore,RB,2008,SF,16.27857142857143,4,0.25,25,Frank Gore,RB,SF,19.9,5,0.3125,23,0.0625,3.62142857142857,1
00-0023500,Frank Gore,RB,2009,SF,19.9,5,0.3125,23,Frank Gore,RB,SF,18.40909090909091,4,0.34375,22,0.03125,-1.4909090909090885,-1
00-0023500,Frank Gore,RB,2010,SF,18.40909090909091,4,0.34375,22,Frank Gore,RB,SF,12.09375,2,0.53125,16,0.1875,-6.31534090909091,-2
00-0023500,Frank Gore,RB,2011,SF,12.09375,2,0.53125,16,Frank Gore,RB,SF,14.05,3,0.875,5,0.34375,1.9562500000000007,1
00-0023500,Frank Gore,RB,2012,SF,14.05,3,0.875,5,Frank Gore,RB,SF,11.93125,2,0.65625,12,-0.21875,-2.1187500000000004,-1
00-0023500,Frank Gore,RB,2013,SF,11.93125,2,0.65625,12,Frank Gore,RB,SF,9.91875,1,0.40625,20,-0.25,-2.012500000000001,-1
00-0023500,Frank Gore,RB,2015,IND,12.0875,2,0.125,29,Frank Gore,RB,IND,13.3875,3,0.65625,12,0.53125,1.299999999999999,1
00-0023500,Frank Gore,RB,2016,IND,13.3875,3,0.65625,12,Frank Gore,RB,IND,10.85,1,0.21875,26,-0.4375,-2.5374999999999996,-2
00-0023502,Charlie Frye,QB,2005,CLE,7.054285714285714,0,0.09375,30,Charlie Frye,QB,CLE,9.958461538461538,0,0.0625,31,-0.03125,2.904175824175824,0
00-0023506,Alex Smith,TE,2005,TB,5.98,1,0.4375,19,Alex Smith,TE,TB,6.333333333333333,1,0.09375,30,-0.34375,0.3533333333333326,0
00-0023506,Alex Smith,TE,2006,TB,6.333333333333333,1,0.09375,30,Alex Smith,TE,TB,6.807692307692308,1,0.65625,12,0.5625,0.47435897435897534,0
00-0023506,Alex Smith,TE,2007,TB,6.807692307692308,1,0.65625,12,Alex Smith,TE,TB,6.0,1,0.40625,20,-0.25,-0.8076923076923084,0
00-0023506,Alex Smith,TE,2011,CLE,3.677777777777778,0,0.21875,26,Alex Smith,TE,CLE,1.9666666666666663,0,0.21875,26,0.0,-1.7111111111111117,0
00-0023508,Vernand Morency,RB,2006,GB,6.292307692307692,0,0.375,21,Vernand Morency,RB,GB,6.07,0,0.875,5,0.5,-0.22230769230769187,0
00-0023512,Ryan Moats,RB,2005,PHI,8.083333333333334,0,0.21875,26,Ryan Moats,RB,PHI,1.38,0,0.84375,6,0.625,-6.703333333333334,0
00-0023512,Ryan Moats,RB,2008,HOU,3.96,0,0.65625,12,Ryan Moats,RB,HOU,11.075,2,0.6875,11,0.03125,7.114999999999999,2
00-0023518,Chris Henry,WR,2005,CIN,9.745454545454546,1,0.9375,3,Chris Henry,WR,CIN,13.681818181818182,2,0.8125,7,-0.125,3.9363636363636356,1
00-0023518,Chris Henry,WR,2006,CIN,13.681818181818182,2,0.8125,7,Chris Henry,WR,CIN,9.614285714285714,1,0.78125,8,-0.03125,-4.067532467532468,-1
00-0023518,Chris Henry,WR,2007,CIN,9.614285714285714,1,0.78125,8,Chris Henry,WR,CIN,5.3,0,0.0625,31,-0.71875,-4.314285714285714,-1
00-0023518,Chris Henry,WR,2008,CIN,5.3,0,0.0625,31,Chris Henry,WR,CIN,5.95,0,0.5,17,0.4375,0.6500000000000004,0
00-0023531,Brandon Jones,WR,2005,TEN,7.222222222222222,0,0.15625,28,Brandon Jones,WR,TEN,6.9,0,0.28125,24,0.125,-0.32222222222222197,0
00-0023531,Brandon Jones,WR,2006,TEN,6.9,0,0.28125,24,Brandon Jones,WR,TEN,8.785714285714286,0,0.40625,20,0.125,1.8857142857142861,0
00-0023531,Brandon Jones,WR,2007,TEN,8.785714285714286,0,0.40625,20,Brandon Jones,WR,TEN,6.814285714285715,0,0.5625,15,0.15625,-1.9714285714285715,0
00-0023541,Kyle Orton,QB,2009,DEN,13.44875,1,0.4375,19,Kyle Orton,QB,DEN,16.144615384615385,2,0.4375,19,0.0,2.6958653846153844,1
00-0023541,Kyle Orton,QB,2010,DEN,16.144615384615385,2,0.4375,19,Kyle Orton,QB,DEN,9.513333333333334,0,0.25,25,-0.1875,-6.631282051282051,-2
00-0023544,Marion Barber,RB,2005,DAL,9.441666666666666,1,0.5625,15,Marion Barber,RB,DAL,12.75,2,0.90625,4,0.34375,3.3083333333333336,1
00-0023544,Marion Barber,RB,2006,DAL,12.75,2,0.90625,4,Marion Barber,RB,DAL,15.09375,3,0.90625,4,0.0,2.34375,1
00-0023544,Marion Barber,RB,2007,DAL,15.09375,3,0.90625,4,Marion Barber,RB,DAL,15.346666666666666,3,0.46875,18,-0.4375,0.2529166666666658,0
00-0023544,Marion Barber,RB,2008,DAL,15.346666666666666,3,0.46875,18,Marion Barber,RB,DAL,11.953333333333337,2,0.84375,6,0.375,-3.393333333333329,-1
00-0023544,Marion Barber,RB,2009,DAL,11.953333333333337,2,0.84375,6,Marion Barber,RB,DAL,5.946153846153846,0,0.59375,14,-0.25,-6.00717948717949,-2
00-0023545,Brandon Jacobs,RB,2005,NYG,3.838461538461538,0,0.75,9,Brandon Jacobs,RB,NYG,8.013333333333334,0,0.59375,14,-0.15625,4.1748717948717955,0
00-0023545,Brandon Jacobs,RB,2006,NYG,8.013333333333334,0,0.59375,14,Brandon Jacobs,RB,NYG,15.409090909090908,3,0.46875,18,-0.125,7.395757575757575,3
00-0023545,Brandon Jacobs,RB,2007,NYG,15.409090909090908,3,0.46875,18,Brandon Jacobs,RB,NYG,15.884615384615383,3,0.84375,6,0.375,0.47552447552447497,0
00-0023545,Brandon Jacobs,RB,2008,NYG,15.884615384615383,3,0.84375,6,Brandon Jacobs,RB,NYG,10.26,1,0.78125,8,-0.0625,-5.6246153846153835,-2
00-0023545,Brandon Jacobs,RB,2009,NYG,10.26,1,0.78125,8,Brandon Jacobs,RB,NYG,9.075,1,0.5625,15,-0.21875,-1.1850000000000005,0
00-0023545,Brandon Jacobs,RB,2010,NYG,9.075,1,0.5625,15,Brandon Jacobs,RB,NYG,9.65,1,0.78125,8,0.21875,0.5750000000000011,0
00-0023561,Alvin Pearman,RB,2005,JAX,5.207142857142857,0,0.71875,10,Alvin Pearman,RB,JAX,3.016666666666667,0,0.75,9,0.03125,-2.1904761904761902,0
00-0023564,Darren Sproles,RB,2007,LAC,6.6875,0,0.5625,15,Darren Sproles,RB,LAC,9.346666666666666,1,1.0,1,0.4375,2.659166666666666,1
00-0023564,Darren Sproles,RB,2008,LAC,9.346666666666666,1,1.0,1,Darren Sproles,RB,LAC,11.0625,2,1.0,1,0.0,1.7158333333333342,1
00-0023564,Darren Sproles,RB,2009,LAC,11.0625,2,1.0,1,Darren Sproles,RB,LAC,9.25,1,0.9375,3,-0.0625,-1.8125,-1
00-0023564,Darren Sproles,RB,2011,NO,17.3375,4,0.96875,2,Darren Sproles,RB,NO,16.638461538461538,4,0.8125,7,-0.15625,-0.6990384615384606,0
00-0023564,Darren Sproles,RB,2012,NO,16.638461538461538,4,0.8125,7,Darren Sproles,RB,NO,11.693333333333332,2,0.9375,3,0.125,-4.945128205128206,-2
00-0023564,Darren Sproles,RB,2014,PHI,10.506666666666666,1,0.59375,14,Darren Sproles,RB,PHI,10.09375,1,0.34375,22,-0.25,-0.41291666666666593,0
00-0023564,Darren Sproles,RB,2015,PHI,10.09375,1,0.34375,22,Darren Sproles,RB,PHI,10.833333333333334,1,0.40625,20,0.0625,0.7395833333333339,0
00-0023564,Darren Sproles,RB,2018,PHI,10.166666666666666,1,0.59375,14,Darren Sproles,RB,PHI,2.8666666666666667,0,0.5,17,-0.09375,-7.299999999999999,-1
00-0023570,Roydell Williams,WR,2005,TEN,8.985714285714286,1,0.15625,28,Roydell Williams,WR,TEN,2.8714285714285714,0,0.28125,24,0.125,-6.114285714285714,-1
00-0023570,Roydell Williams,WR,2006,TEN,2.8714285714285714,0,0.28125,24,Roydell Williams,WR,TEN,9.946666666666664,1,0.40625,20,0.125,7.075238095238092,1
00-0023591,Justin Green,RB,2005,BAL,2.56,0,0.1875,27,Justin Green,RB,BAL,1.425,0,0.625,13,0.4375,-1.135,0
00-0023612,Bo Scaife,TE,2005,TEN,6.9363636363636365,1,0.15625,28,Bo Scaife,TE,TEN,7.572727272727272,1,0.28125,24,0.125,0.6363636363636358,0
00-0023612,Bo Scaife,TE,2006,TEN,7.572727272727272,1,0.28125,24,Bo Scaife,TE,TEN,6.006666666666666,1,0.40625,20,0.125,-1.5660606060606064,0
00-0023612,Bo Scaife,TE,2007,TEN,6.006666666666666,1,0.40625,20,Bo Scaife,TE,TEN,7.8875,1,0.5625,15,0.15625,1.8808333333333342,0
00-0023612,Bo Scaife,TE,2008,TEN,7.8875,1,0.5625,15,Bo Scaife,TE,TEN,7.153846153846154,1,0.59375,14,0.03125,-0.733653846153846,0
00-0023612,Bo Scaife,TE,2009,TEN,7.153846153846154,1,0.59375,14,Bo Scaife,TE,TEN,6.907692307692307,1,0.5,17,-0.09375,-0.24615384615384706,0
00-0023615,Cedric Houston,RB,2005,NYJ,6.088888888888889,0,0.125,29,Cedric Houston,RB,NYJ,9.8375,1,0.5625,15,0.4375,3.748611111111112,1
00-0023630,Joel Dreessen,TE,2007,HOU,5.375,0,0.625,13,Joel Dreessen,TE,HOU,2.077777777777777,0,0.65625,12,0.03125,-3.297222222222223,0
00-0023630,Joel Dreessen,TE,2008,HOU,2.077777777777777,0,0.65625,12,Joel Dreessen,TE,HOU,4.923076923076923,0,0.6875,11,0.03125,2.8452991452991463,0
00-0023630,Joel Dreessen,TE,2009,HOU,4.923076923076923,0,0.6875,11,Joel Dreessen,TE,HOU,7.319999999999999,1,0.96875,2,0.28125,2.396923076923076,1
00-0023630,Joel Dreessen,TE,2010,HOU,7.319999999999999,1,0.96875,2,Joel Dreessen,TE,HOU,6.20625,1,0.625,13,-0.34375,-1.1137499999999996,0
00-0023630,Joel Dreessen,TE,2012,DEN,6.6625,1,0.9375,3,Joel Dreessen,TE,DEN,3.54,0,1.0,1,0.0625,-3.1224999999999996,-1
00-0023645,Derek Anderson,QB,2006,CLE,9.605,0,0.0625,31,Derek Anderson,QB,CLE,15.82125,2,0.59375,14,0.53125,6.216249999999999,2
00-0023645,Derek Anderson,QB,2007,CLE,15.82125,2,0.59375,14,Derek Anderson,QB,CLE,9.04,0,0.125,29,-0.46875,-6.78125,-2
00-0023645,Derek Anderson,QB,2008,CLE,9.04,0,0.125,29,Derek Anderson,QB,CLE,4.29,0,0.125,29,0.0,-4.749999999999999,0
00-0023662,Matt Cassel,QB,2006,NE,-0.064,0,0.875,5,Matt Cassel,QB,NE,1.344,0,1.0,1,0.125,1.4080000000000001,0
00-0023662,Matt Cassel,QB,2007,NE,1.344,0,1.0,1,Matt Cassel,QB,NE,15.30125,2,0.90625,4,-0.09375,13.95725,2
00-0023662,Matt Cassel,QB,2009,KC,10.970666666666666,1,0.21875,26,Matt Cassel,QB,KC,15.276,2,0.6875,11,0.46875,4.3053333333333335,1
00-0023662,Matt Cassel,QB,2010,KC,15.276,2,0.6875,11,Matt Cassel,QB,KC,10.78,1,0.1875,27,-0.5,-4.496,-1
00-0023662,Matt Cassel,QB,2011,KC,10.78,1,0.1875,27,Matt Cassel,QB,KC,8.704444444444444,0,0.0625,31,-0.125,-2.075555555555555,-1
00-0023676,Noah Herron,RB,2005,GB,6.075,0,0.46875,18,Noah Herron,RB,GB,6.215384615384616,0,0.375,21,-0.09375,0.14038461538461622,0
00-0023679,Billy Bajema,TE,2009,LA,2.4857142857142853,0,0.03125,32,Billy Bajema,TE,LA,5.0625,0,0.1875,27,0.15625,2.5767857142857147,0
00-0023679,Billy Bajema,TE,2010,LA,5.0625,0,0.1875,27,Billy Bajema,TE,LA,2.0125,0,0.03125,32,-0.15625,-3.05,0
00-0023682,Ryan Fitzpatrick,QB,2009,BUF,8.898,0,0.1875,27,Ryan Fitzpatrick,QB,BUF,15.275384615384615,2,0.15625,28,-0.03125,6.377384615384615,2
00-0023682,Ryan Fitzpatrick,QB,2010,BUF,15.275384615384615,2,0.15625,28,Ryan Fitzpatrick,QB,BUF,13.93625,1,0.5625,15,0.40625,-1.3391346153846158,-1
00-0023682,Ryan Fitzpatrick,QB,2011,BUF,13.93625,1,0.5625,15,Ryan Fitzpatrick,QB,BUF,13.35625,1,0.40625,20,-0.15625,-0.5800000000000001,0
00-0023682,Ryan Fitzpatrick,QB,2015,NYJ,17.825,3,0.71875,10,Ryan Fitzpatrick,QB,NYJ,9.585714285714284,0,0.15625,28,-0.5625,-8.239285714285716,-3
00-0023682,Ryan Fitzpatrick,QB,2017,TB,12.32,1,0.65625,12,Ryan Fitzpatrick,QB,TB,20.73,4,0.65625,12,0.0,8.41,3
00-0023682,Ryan Fitzpatrick,QB,2019,MIA,16.124000000000002,2,0.21875,26,Ryan Fitzpatrick,QB,MIA,17.104444444444443,2,0.46875,18,0.25,0.9804444444444407,0
00-0023752,Daniel Fells,TE,2008,LA,3.775,0,0.03125,32,Daniel Fells,TE,LA,5.358333333333333,0,0.03125,32,0.0,1.5833333333333335,0
00-0023752,Daniel Fells,TE,2009,LA,5.358333333333333,0,0.03125,32,Daniel Fells,TE,LA,5.75625,0,0.1875,27,0.15625,0.39791666666666625,0
00-0023764,Andre Hall,RB,2007,DEN,8.5,0,0.6875,11,Andre Hall,RB,DEN,2.271428571428572,0,0.875,5,0.1875,-6.228571428571428,0
00-0023784,Greg Estandia,TE,2007,JAX,3.2285714285714286,0,0.9375,3,Greg Estandia,TE,JAX,4.26,0,0.53125,16,-0.40625,1.0314285714285711,0
00-0023897,John Madsen,TE,2006,LV,3.95,0,0.03125,32,John Madsen,TE,LV,6.05,1,0.25,25,0.21875,2.0999999999999996,1
00-0023921,Miles Austin,WR,2008,DAL,8.4,0,0.46875,18,Miles Austin,WR,DAL,17.425,3,0.84375,6,0.375,9.025,3
00-0023921,Miles Austin,WR,2009,DAL,17.425,3,0.84375,6,Miles Austin,WR,DAL,14.275,2,0.59375,14,-0.25,-3.1500000000000004,-1
00-0023921,Miles Austin,WR,2010,DAL,14.275,2,0.59375,14,Miles Austin,WR,DAL,14.22,2,0.75,9,0.15625,-0.054999999999999716,0
00-0023921,Miles Austin,WR,2011,DAL,14.22,2,0.75,9,Miles Austin,WR,DAL,12.14375,2,0.65625,12,-0.09375,-2.07625,0
00-0023921,Miles Austin,WR,2012,DAL,12.14375,2,0.65625,12,Miles Austin,WR,DAL,4.4,0,0.78125,8,0.125,-7.74375,-2
00-0023953,Sam Hurd,WR,2009,DAL,4.183333333333334,0,0.84375,6,Sam Hurd,WR,DAL,2.6,0,0.59375,14,-0.25,-1.5833333333333335,0
00-0023968,Micheal Spurlock,WR,2010,TB,3.75,0,0.78125,8,Micheal Spurlock,WR,TB,0.6599999999999999,0,0.15625,28,-0.625,-3.09,0
00-0024013,Hank Baskett,WR,2006,PHI,7.840000000000001,0,0.84375,6,Hank Baskett,WR,PHI,4.022222222222222,0,0.8125,7,-0.03125,-3.8177777777777786,0
00-0024013,Hank Baskett,WR,2007,PHI,4.022222222222222,0,0.8125,7,Hank Baskett,WR,PHI,7.284615384615384,0,0.59375,14,-0.21875,3.2623931623931615,0
00-0024103,Montell Owens,RB,2011,JAX,1.22,0,0.0625,31,Montell Owens,RB,JAX,9.68,1,0.09375,30,0.03125,8.459999999999999,1
00-0024172,Patrick Cobbs,RB,2007,MIA,2.9,0,0.3125,23,Patrick Cobbs,RB,MIA,6.108333333333333,0,0.8125,7,0.5,3.2083333333333335,0
00-0024172,Patrick Cobbs,RB,2008,MIA,6.108333333333333,0,0.8125,7,Patrick Cobbs,RB,MIA,2.225,0,0.53125,16,-0.28125,-3.8833333333333333,0
00-0024172,Patrick Cobbs,RB,2009,MIA,2.225,0,0.53125,16,Patrick Cobbs,RB,MIA,3.2333333333333334,0,0.3125,23,-0.21875,1.0083333333333333,0
00-0024204,Fred Jackson,RB,2007,BUF,8.875,1,0.1875,27,Fred Jackson,RB,BUF,9.38,1,0.3125,23,0.125,0.5050000000000008,0
00-0024204,Fred Jackson,RB,2008,BUF,9.38,1,0.3125,23,Fred Jackson,RB,BUF,13.38,3,0.1875,27,-0.125,4.0,2
00-0024204,Fred Jackson,RB,2009,BUF,13.38,3,0.1875,27,Fred Jackson,RB,BUF,11.45,2,0.15625,28,-0.03125,-1.9300000000000015,-1
00-0024204,Fred Jackson,RB,2010,BUF,11.45,2,0.15625,28,Fred Jackson,RB,BUF,20.86,5,0.5625,15,0.40625,9.41,3
00-0024204,Fred Jackson,RB,2011,BUF,20.86,5,0.5625,15,Fred Jackson,RB,BUF,11.54,2,0.40625,20,-0.15625,-9.32,-3
00-0024204,Fred Jackson,RB,2012,BUF,11.54,2,0.40625,20,Fred Jackson,RB,BUF,14.66875,3,0.25,25,-0.15625,3.12875,1
00-0024204,Fred Jackson,RB,2013,BUF,14.66875,3,0.25,25,Fred Jackson,RB,BUF,13.435714285714283,3,0.21875,26,-0.03125,-1.233035714285716,0
00-0024217,Reggie Bush,RB,2006,NO,16.725,4,0.9375,3,Reggie Bush,RB,NO,17.45,4,0.75,9,-0.1875,0.7249999999999979,0
00-0024217,Reggie Bush,RB,2007,NO,17.45,4,0.75,9,Reggie Bush,RB,NO,18.62,5,0.96875,2,0.21875,1.1700000000000017,1
00-0024217,Reggie Bush,RB,2008,NO,18.62,5,0.96875,2,Reggie Bush,RB,NO,11.821428571428571,2,0.875,5,-0.09375,-6.79857142857143,-3
00-0024217,Reggie Bush,RB,2009,NO,11.821428571428571,2,0.875,5,Reggie Bush,RB,NO,9.475,1,0.75,9,-0.125,-2.3464285714285715,-1
00-0024217,Reggie Bush,RB,2011,MIA,14.613333333333332,3,0.46875,18,Reggie Bush,RB,MIA,12.925,2,0.28125,24,-0.1875,-1.6883333333333308,-1
00-0024217,Reggie Bush,RB,2013,DET,17.085714285714285,4,0.46875,18,Reggie Bush,RB,DET,9.727272727272728,1,0.53125,16,0.0625,-7.358441558441557,-3
00-0024218,Vince Young,QB,2006,TEN,13.564,1,0.28125,24,Vince Young,QB,TEN,10.356,1,0.40625,20,0.125,-3.208,0
00-0024218,Vince Young,QB,2009,TEN,11.438333333333333,1,0.59375,14,Vince Young,QB,TEN,9.855555555555556,0,0.5,17,-0.09375,-1.5827777777777765,-1
00-0024221,Vernon Davis,TE,2006,SF,9.0,2,0.21875,26,Vernon Davis,TE,SF,8.921428571428573,2,0.03125,32,-0.1875,-0.0785714285714274,0
00-0024221,Vernon Davis,TE,2007,SF,8.921428571428573,2,0.03125,32,Vernon Davis,TE,SF,5.992307692307692,1,0.25,25,0.21875,-2.9291208791208803,-1
00-0024221,Vernon Davis,TE,2008,SF,5.992307692307692,1,0.25,25,Vernon Davis,TE,SF,15.78125,5,0.3125,23,0.0625,9.788942307692308,4
00-0024221,Vernon Davis,TE,2009,SF,15.78125,5,0.3125,23,Vernon Davis,TE,SF,11.9625,4,0.34375,22,0.03125,-3.8187499999999996,-1
00-0024221,Vernon Davis,TE,2010,SF,11.9625,4,0.34375,22,Vernon Davis,TE,SF,11.23125,3,0.53125,16,0.1875,-0.7312500000000011,-1
00-0024221,Vernon Davis,TE,2011,SF,11.23125,3,0.53125,16,Vernon Davis,TE,SF,8.386666666666667,2,0.875,5,0.34375,-2.8445833333333326,-1
00-0024221,Vernon Davis,TE,2012,SF,8.386666666666667,2,0.875,5,Vernon Davis,TE,SF,14.2,4,0.65625,12,-0.21875,5.813333333333333,2
00-0024221,Vernon Davis,TE,2013,SF,14.2,4,0.65625,12,Vernon Davis,TE,SF,4.838461538461538,0,0.40625,20,-0.25,-9.361538461538462,-4
00-0024221,Vernon Davis,TE,2014,SF,4.838461538461538,0,0.40625,20,Vernon Davis,TE,SF,5.961538461538462,1,0.09375,30,-0.3125,1.1230769230769235,1
00-0024221,Vernon Davis,TE,2016,WAS,7.606666666666666,1,0.875,5,Vernon Davis,TE,WAS,7.6125,1,0.4375,19,-0.4375,0.005833333333334245,0
00-0024221,Vernon Davis,TE,2017,WAS,7.6125,1,0.4375,19,Vernon Davis,TE,WAS,5.823076923076924,0,0.21875,26,-0.21875,-1.7894230769230761,-1
00-0024221,Vernon Davis,TE,2018,WAS,5.823076923076924,0,0.21875,26,Vernon Davis,TE,WAS,7.075,1,0.09375,30,-0.125,1.2519230769230765,1
00-0024225,Matt Leinart,QB,2006,ARI,11.173333333333334,1,0.46875,18,Matt Leinart,QB,ARI,6.016,0,0.5,17,0.03125,-5.157333333333334,-1
00-0024225,Matt Leinart,QB,2007,ARI,6.016,0,0.5,17,Matt Leinart,QB,ARI,2.765,0,0.6875,11,0.1875,-3.251,0
00-0024225,Matt Leinart,QB,2008,ARI,2.765,0,0.6875,11,Matt Leinart,QB,ARI,1.35,0,0.46875,18,-0.21875,-1.415,0
00-0024226,Jay Cutler,QB,2006,DEN,12.768,1,0.53125,16,Jay Cutler,QB,DEN,13.14875,1,0.6875,11,0.15625,0.38074999999999903,0
00-0024226,Jay Cutler,QB,2007,DEN,13.14875,1,0.6875,11,Jay Cutler,QB,DEN,17.325,2,0.875,5,0.1875,4.17625,1
00-0024226,Jay Cutler,QB,2009,CHI,14.24,1,0.28125,24,Jay Cutler,QB,CHI,14.010666666666667,1,0.21875,26,-0.0625,-0.22933333333333294,0
00-0024226,Jay Cutler,QB,2010,CHI,14.010666666666667,1,0.21875,26,Jay Cutler,QB,CHI,13.626,1,0.125,29,-0.09375,-0.3846666666666678,0
00-0024226,Jay Cutler,QB,2011,CHI,13.626,1,0.125,29,Jay Cutler,QB,CHI,12.308,1,0.34375,22,0.21875,-1.3179999999999996,0
00-0024226,Jay Cutler,QB,2012,CHI,12.308,1,0.34375,22,Jay Cutler,QB,CHI,15.33090909090909,2,0.875,5,0.53125,3.0229090909090903,1
00-0024226,Jay Cutler,QB,2013,CHI,15.33090909090909,2,0.875,5,Jay Cutler,QB,CHI,17.038666666666668,2,0.3125,23,-0.5625,1.7077575757575776,0
00-0024226,Jay Cutler,QB,2014,CHI,17.038666666666668,2,0.3125,23,Jay Cutler,QB,CHI,15.097333333333331,2,0.46875,18,0.15625,-1.9413333333333362,0
00-0024226,Jay Cutler,QB,2015,CHI,15.097333333333331,2,0.46875,18,Jay Cutler,QB,CHI,9.352,0,0.375,21,-0.09375,-5.745333333333331,-2
00-0024236,Laurence Maroney,RB,2006,NE,11.135714285714286,2,0.875,5,Laurence Maroney,RB,NE,10.561538461538465,1,1.0,1,0.125,-0.5741758241758212,-1
00-0024240,Santonio Holmes,WR,2006,PIT,9.41875,1,0.71875,10,Santonio Holmes,WR,PIT,15.223076923076924,3,0.84375,6,0.125,5.804326923076925,2
00-0024240,Santonio Holmes,WR,2007,PIT,15.223076923076924,3,0.84375,6,Santonio Holmes,WR,PIT,11.066666666666666,2,0.4375,19,-0.40625,-4.156410256410258,-1
00-0024240,Santonio Holmes,WR,2008,PIT,11.066666666666666,2,0.4375,19,Santonio Holmes,WR,PIT,14.525,2,0.65625,12,0.21875,3.458333333333334,0
00-0024240,Santonio Holmes,WR,2010,NYJ,13.358333333333334,2,0.46875,18,Santonio Holmes,WR,NYJ,10.31875,1,0.3125,23,-0.15625,-3.0395833333333346,-1
00-0024240,Santonio Holmes,WR,2011,NYJ,10.31875,1,0.3125,23,Santonio Holmes,WR,NYJ,12.8,2,0.125,29,-0.1875,2.481250000000001,1
00-0024240,Santonio Holmes,WR,2012,NYJ,12.8,2,0.125,29,Santonio Holmes,WR,NYJ,7.459999999999999,0,0.125,29,0.0,-5.340000000000002,-2
00-0024242,DeAngelo Williams,RB,2006,CAR,9.723076923076924,1,0.34375,22,DeAngelo Williams,RB,CAR,8.6125,0,0.28125,24,-0.0625,-1.1105769230769234,-1
00-0024242,DeAngelo Williams,RB,2007,CAR,8.6125,0,0.28125,24,DeAngelo Williams,RB,CAR,19.25625,5,0.75,9,0.46875,10.64375,5
00-0024242,DeAngelo Williams,RB,2008,CAR,19.25625,5,0.75,9,DeAngelo Williams,RB,CAR,15.7,3,0.375,21,-0.375,-3.556250000000002,-2
00-0024242,DeAngelo Williams,RB,2009,CAR,15.7,3,0.375,21,DeAngelo Williams,RB,CAR,9.566666666666666,1,0.03125,32,-0.34375,-6.133333333333333,-2
00-0024242,DeAngelo Williams,RB,2010,CAR,9.566666666666666,1,0.03125,32,DeAngelo Williams,RB,CAR,9.6625,1,0.90625,4,0.875,0.09583333333333321,0
00-0024242,DeAngelo Williams,RB,2011,CAR,9.6625,1,0.90625,4,DeAngelo Williams,RB,CAR,8.875,1,0.71875,10,-0.1875,-0.7874999999999996,0
00-0024242,DeAngelo Williams,RB,2012,CAR,8.875,1,0.71875,10,DeAngelo Williams,RB,CAR,10.906666666666666,1,0.71875,10,0.0,2.0316666666666663,0
00-0024242,DeAngelo Williams,RB,2013,CAR,10.906666666666666,1,0.71875,10,DeAngelo Williams,RB,CAR,4.883333333333334,0,0.5625,15,-0.15625,-6.0233333333333325,-1
00-0024242,DeAngelo Williams,RB,2015,PIT,14.5875,3,0.90625,4,DeAngelo Williams,RB,PIT,12.5125,2,0.8125,7,-0.09375,-2.075000000000001,-1
00-0024243,Marcedes Lewis,TE,2006,JAX,3.95,0,0.75,9,Marcedes Lewis,TE,JAX,6.776923076923077,1,0.9375,3,0.1875,2.8269230769230766,1
00-0024243,Marcedes Lewis,TE,2007,JAX,6.776923076923077,1,0.9375,3,Marcedes Lewis,TE,JAX,6.793333333333334,1,0.53125,16,-0.40625,0.016410256410257062,0
00-0024243,Marcedes Lewis,TE,2008,JAX,6.793333333333334,1,0.53125,16,Marcedes Lewis,TE,JAX,6.386666666666667,1,0.5625,15,0.03125,-0.4066666666666672,0
00-0024243,Marcedes Lewis,TE,2009,JAX,6.386666666666667,1,0.5625,15,Marcedes Lewis,TE,JAX,11.5,3,0.625,13,0.0625,5.113333333333333,2
00-0024243,Marcedes Lewis,TE,2010,JAX,11.5,3,0.625,13,Marcedes Lewis,TE,JAX,5.666666666666667,0,0.0625,31,-0.5625,-5.833333333333333,-3
00-0024243,Marcedes Lewis,TE,2011,JAX,5.666666666666667,0,0.0625,31,Marcedes Lewis,TE,JAX,8.666666666666666,2,0.09375,30,0.03125,2.999999999999999,2
00-0024243,Marcedes Lewis,TE,2012,JAX,8.666666666666666,2,0.09375,30,Marcedes Lewis,TE,JAX,8.290000000000001,2,0.03125,32,-0.0625,-0.37666666666666515,0
00-0024243,Marcedes Lewis,TE,2013,JAX,8.290000000000001,2,0.03125,32,Marcedes Lewis,TE,JAX,6.325,1,0.0625,31,0.03125,-1.9650000000000007,-1
00-0024243,Marcedes Lewis,TE,2014,JAX,6.325,1,0.0625,31,Marcedes Lewis,TE,JAX,2.5733333333333333,0,0.28125,24,0.21875,-3.751666666666667,-1
00-0024243,Marcedes Lewis,TE,2015,JAX,2.5733333333333333,0,0.28125,24,Marcedes Lewis,TE,JAX,4.29,0,0.21875,26,-0.0625,1.7166666666666668,0
00-0024243,Marcedes Lewis,TE,2016,JAX,4.29,0,0.21875,26,Marcedes Lewis,TE,JAX,5.4875,0,0.71875,10,0.5,1.1974999999999998,0
00-0024243,Marcedes Lewis,TE,2018,GB,1.725,0,0.6875,11,Marcedes Lewis,TE,GB,3.0500000000000003,0,0.8125,7,0.125,1.3250000000000002,0
00-0024243,Marcedes Lewis,TE,2019,GB,3.0500000000000003,0,0.8125,7,Marcedes Lewis,TE,GB,3.87,0,1.0,1,0.1875,0.8199999999999998,0
00-0024243,Marcedes Lewis,TE,2020,GB,3.87,0,1.0,1,Marcedes Lewis,TE,GB,3.4153846153846152,0,0.9375,3,-0.0625,-0.45461538461538487,0
00-0024243,Marcedes Lewis,TE,2021,GB,3.4153846153846152,0,0.9375,3,Marcedes Lewis,TE,GB,4.433333333333334,0,0.6875,11,-0.25,1.0179487179487183,0
00-0024245,Joseph Addai,RB,2006,IND,14.00625,3,1.0,1,Joseph Addai,RB,IND,18.453333333333333,4,0.96875,2,-0.03125,4.4470833333333335,1
00-0024245,Joseph Addai,RB,2007,IND,18.453333333333333,4,0.96875,2,Joseph Addai,RB,IND,11.666666666666666,2,0.9375,3,-0.03125,-6.786666666666667,-2
00-0024245,Joseph Addai,RB,2008,IND,11.666666666666666,2,0.9375,3,Joseph Addai,RB,IND,16.552,4,0.96875,2,0.03125,4.8853333333333335,2
00-0024245,Joseph Addai,RB,2009,IND,16.552,4,0.96875,2,Joseph Addai,RB,IND,12.8625,2,0.90625,4,-0.0625,-3.689499999999999,-2
00-0024245,Joseph Addai,RB,2010,IND,12.8625,2,0.90625,4,Joseph Addai,RB,IND,6.133333333333333,0,0.09375,30,-0.8125,-6.729166666666668,-2
00-0024259,Sinorice Moss,WR,2006,NYG,1.875,0,0.59375,14,Sinorice Moss,WR,NYG,4.655555555555555,0,0.46875,18,-0.125,2.780555555555555,0
00-0024259,Sinorice Moss,WR,2007,NYG,4.655555555555555,0,0.46875,18,Sinorice Moss,WR,NYG,5.614285714285714,0,0.84375,6,0.375,0.9587301587301589,0
00-0024260,LenDale White,RB,2006,TEN,3.4153846153846152,0,0.28125,24,LenDale White,RB,TEN,11.0125,2,0.40625,20,0.125,7.597115384615384,2
00-0024260,LenDale White,RB,2007,TEN,11.0125,2,0.40625,20,LenDale White,RB,TEN,10.74375,1,0.5625,15,0.15625,-0.26874999999999893,-1
00-0024260,LenDale White,RB,2008,TEN,10.74375,1,0.5625,15,LenDale White,RB,TEN,2.815384615384616,0,0.59375,14,0.03125,-7.928365384615384,-1
00-0024267,Greg Jennings,WR,2006,GB,9.171428571428573,1,0.375,21,Greg Jennings,WR,GB,16.692307692307693,3,0.875,5,0.5,7.520879120879121,2
00-0024267,Greg Jennings,WR,2007,GB,16.692307692307693,3,0.875,5,Greg Jennings,WR,GB,16.575,3,0.71875,10,-0.15625,-0.11730769230769411,0
00-0024267,Greg Jennings,WR,2008,GB,16.575,3,0.71875,10,Greg Jennings,WR,GB,13.0625,2,0.9375,3,0.21875,-3.5124999999999993,-1
00-0024267,Greg Jennings,WR,2009,GB,13.0625,2,0.9375,3,Greg Jennings,WR,GB,17.15,3,0.84375,6,-0.09375,4.087499999999999,1
00-0024267,Greg Jennings,WR,2010,GB,17.15,3,0.84375,6,Greg Jennings,WR,GB,16.607692307692307,3,1.0,1,0.15625,-0.5423076923076913,0
00-0024267,Greg Jennings,WR,2011,GB,16.607692307692307,3,1.0,1,Greg Jennings,WR,GB,12.075,2,0.84375,6,-0.15625,-4.532692307692308,-1
00-0024267,Greg Jennings,WR,2013,MIN,11.493333333333334,2,0.4375,19,Greg Jennings,WR,MIN,10.575,1,0.375,21,-0.0625,-0.9183333333333348,-1
00-0024268,Anthony Fasano,TE,2006,DAL,3.8,0,0.90625,4,Anthony Fasano,TE,DAL,3.1181818181818177,0,0.90625,4,0.0,-0.6818181818181821,0
00-0024268,Anthony Fasano,TE,2008,MIA,9.33846153846154,2,0.8125,7,Anthony Fasano,TE,MIA,5.207142857142857,0,0.53125,16,-0.28125,-4.1313186813186835,-2
00-0024268,Anthony Fasano,TE,2009,MIA,5.207142857142857,0,0.53125,16,Anthony Fasano,TE,MIA,7.72,1,0.3125,23,-0.21875,2.5128571428571425,1
00-0024268,Anthony Fasano,TE,2010,MIA,7.72,1,0.3125,23,Anthony Fasano,TE,MIA,7.14,1,0.46875,18,0.15625,-0.5800000000000001,0
00-0024268,Anthony Fasano,TE,2011,MIA,7.14,1,0.46875,18,Anthony Fasano,TE,MIA,6.6375,1,0.28125,24,-0.1875,-0.5024999999999995,0
00-0024268,Anthony Fasano,TE,2013,KC,6.777777777777778,1,0.59375,14,Anthony Fasano,TE,KC,5.114285714285714,0,0.71875,10,0.125,-1.6634920634920638,-1
00-0024268,Anthony Fasano,TE,2015,TEN,4.778571428571429,0,0.0625,31,Anthony Fasano,TE,TEN,2.83,0,0.625,13,0.5625,-1.9485714285714293,0
00-0024272,Devin Hester,WR,2007,CHI,8.075000000000001,0,0.15625,28,Devin Hester,WR,CHI,9.506666666666666,1,0.1875,27,0.03125,1.4316666666666649,1
00-0024272,Devin Hester,WR,2008,CHI,9.506666666666666,1,0.1875,27,Devin Hester,WR,CHI,11.430769230769233,2,0.28125,24,0.09375,1.9241025641025669,1
00-0024272,Devin Hester,WR,2009,CHI,11.430769230769233,2,0.28125,24,Devin Hester,WR,CHI,8.28125,0,0.21875,26,-0.0625,-3.149519230769233,-2
00-0024272,Devin Hester,WR,2010,CHI,8.28125,0,0.21875,26,Devin Hester,WR,CHI,7.845454545454545,0,0.125,29,-0.09375,-0.4357954545454552,0
00-0024272,Devin Hester,WR,2011,CHI,7.845454545454545,0,0.125,29,Devin Hester,WR,CHI,4.138461538461538,0,0.34375,22,0.21875,-3.706993006993007,0
00-0024275,Maurice Jones-Drew,RB,2006,JAX,17.35625,4,0.75,9,Maurice Jones-Drew,RB,JAX,14.233333333333333,3,0.9375,3,0.1875,-3.122916666666667,-1
00-0024275,Maurice Jones-Drew,RB,2007,JAX,14.233333333333333,3,0.9375,3,Maurice Jones-Drew,RB,JAX,17.575,4,0.53125,16,-0.40625,3.341666666666667,1
00-0024275,Maurice Jones-Drew,RB,2008,JAX,17.575,4,0.53125,16,Maurice Jones-Drew,RB,JAX,20.21875,5,0.5625,15,0.03125,2.6437500000000007,1
00-0024275,Maurice Jones-Drew,RB,2009,JAX,20.21875,5,0.5625,15,Maurice Jones-Drew,RB,JAX,16.72142857142857,4,0.625,13,0.0625,-3.4973214285714285,-1
00-0024275,Maurice Jones-Drew,RB,2010,JAX,16.72142857142857,4,0.625,13,Maurice Jones-Drew,RB,JAX,19.0625,5,0.0625,31,-0.5625,2.3410714285714285,1
00-0024275,Maurice Jones-Drew,RB,2011,JAX,19.0625,5,0.0625,31,Maurice Jones-Drew,RB,JAX,12.666666666666666,2,0.09375,30,0.03125,-6.395833333333334,-3
00-0024275,Maurice Jones-Drew,RB,2012,JAX,12.666666666666666,2,0.09375,30,Maurice Jones-Drew,RB,JAX,12.468,2,0.03125,32,-0.0625,-0.1986666666666661,0
00-0024276,Tony Scheffler,TE,2006,DEN,8.8625,2,0.53125,16,Tony Scheffler,TE,DEN,10.991666666666667,3,0.6875,11,0.15625,2.1291666666666664,1
00-0024276,Tony Scheffler,TE,2007,DEN,10.991666666666667,3,0.6875,11,Tony Scheffler,TE,DEN,10.033333333333331,2,0.875,5,0.1875,-0.9583333333333357,-1
00-0024276,Tony Scheffler,TE,2008,DEN,10.033333333333331,2,0.875,5,Tony Scheffler,TE,DEN,5.64,0,0.4375,19,-0.4375,-4.393333333333332,-2
00-0024276,Tony Scheffler,TE,2010,DET,5.786666666666666,0,0.375,21,Tony Scheffler,TE,DET,6.613333333333333,1,0.65625,12,0.28125,0.8266666666666671,1
00-0024276,Tony Scheffler,TE,2011,DET,6.613333333333333,1,0.65625,12,Tony Scheffler,TE,DET,6.5600000000000005,1,0.46875,18,-0.1875,-0.05333333333333279,0
00-0024276,Tony Scheffler,TE,2012,DET,6.5600000000000005,1,0.46875,18,Tony Scheffler,TE,DET,3.8,0,0.46875,18,0.0,-2.7600000000000007,-1
00-0024279,Tarvaris Jackson,QB,2006,MIN,7.725,0,0.125,29,Tarvaris Jackson,QB,MIN,10.903333333333334,1,0.53125,16,0.40625,3.1783333333333346,1
00-0024279,Tarvaris Jackson,QB,2007,MIN,10.903333333333334,1,0.53125,16,Tarvaris Jackson,QB,MIN,11.748571428571427,1,0.34375,22,-0.1875,0.8452380952380931,0
00-0024279,Tarvaris Jackson,QB,2008,MIN,11.748571428571427,1,0.34375,22,Tarvaris Jackson,QB,MIN,1.38,0,0.8125,7,0.46875,-10.368571428571428,-1
00-0024287,Leonard Pope,TE,2006,ARI,2.6750000000000003,0,0.46875,18,Leonard Pope,TE,ARI,7.479999999999999,1,0.5,17,0.03125,4.804999999999998,1
00-0024287,Leonard Pope,TE,2007,ARI,7.479999999999999,1,0.5,17,Leonard Pope,TE,ARI,2.3857142857142857,0,0.6875,11,0.1875,-5.0942857142857125,-1
00-0024287,Leonard Pope,TE,2009,KC,3.616666666666666,0,0.21875,26,Leonard Pope,TE,KC,2.1142857142857143,0,0.6875,11,0.46875,-1.5023809523809515,0
00-0024287,Leonard Pope,TE,2010,KC,2.1142857142857143,0,0.6875,11,Leonard Pope,TE,KC,3.9071428571428575,0,0.1875,27,-0.5,1.7928571428571431,0
00-0024294,Jerious Norwood,RB,2006,ATL,7.035714285714286,0,0.4375,19,Jerious Norwood,RB,ATL,8.213333333333333,0,0.0625,31,-0.375,1.1776190476190473,0
00-0024294,Jerious Norwood,RB,2007,ATL,8.213333333333333,0,0.0625,31,Jerious Norwood,RB,ATL,9.54375,1,0.78125,8,0.71875,1.3304166666666664,1
00-0024294,Jerious Norwood,RB,2008,ATL,9.54375,1,0.78125,8,Jerious Norwood,RB,ATL,6.68,0,0.625,13,-0.15625,-2.8637499999999996,-1
00-0024297,Derek Hagan,WR,2006,MIA,4.91,0,0.1875,27,Derek Hagan,WR,MIA,8.03,0,0.3125,23,0.125,3.119999999999999,0
00-0024297,Derek Hagan,WR,2009,NYG,4.016666666666667,0,0.78125,8,Derek Hagan,WR,NYG,7.471428571428571,0,0.5625,15,-0.21875,3.454761904761904,0
00-0024301,David Thomas,TE,2009,NO,6.383333333333333,1,0.875,5,David Thomas,TE,NO,5.325,0,0.75,9,-0.125,-1.0583333333333327,-1
00-0024301,David Thomas,TE,2010,NO,5.325,0,0.75,9,David Thomas,TE,NO,1.3199999999999998,0,0.96875,2,0.21875,-4.005000000000001,0
00-0024301,David Thomas,TE,2011,NO,1.3199999999999998,0,0.96875,2,David Thomas,TE,NO,6.228571428571429,1,0.8125,7,-0.15625,4.908571428571429,1
00-0024305,Maurice Stovall,WR,2006,TB,5.025,0,0.09375,30,Maurice Stovall,WR,TB,4.92,0,0.65625,12,0.5625,-0.10500000000000043,0
00-0024305,Maurice Stovall,WR,2009,TB,6.63,0,0.15625,28,Maurice Stovall,WR,TB,5.275,0,0.78125,8,0.625,-1.3549999999999995,0
00-0024313,Owen Daniels,TE,2006,HOU,9.0,2,0.40625,20,Owen Daniels,TE,HOU,9.4875,2,0.625,13,0.21875,0.4875000000000007,0
00-0024313,Owen Daniels,TE,2007,HOU,9.4875,2,0.625,13,Owen Daniels,TE,HOU,10.3875,3,0.65625,12,0.03125,0.8999999999999986,1
00-0024313,Owen Daniels,TE,2008,HOU,10.3875,3,0.65625,12,Owen Daniels,TE,HOU,15.2375,5,0.6875,11,0.03125,4.850000000000001,2
00-0024313,Owen Daniels,TE,2009,HOU,15.2375,5,0.6875,11,Owen Daniels,TE,HOU,8.827272727272726,2,0.96875,2,0.28125,-6.410227272727274,-3
00-0024313,Owen Daniels,TE,2010,HOU,8.827272727272726,2,0.96875,2,Owen Daniels,TE,HOU,9.313333333333333,2,0.625,13,-0.34375,0.4860606060606063,0
00-0024313,Owen Daniels,TE,2011,HOU,9.313333333333333,2,0.625,13,Owen Daniels,TE,HOU,11.306666666666668,3,0.6875,11,0.0625,1.9933333333333358,1
00-0024313,Owen Daniels,TE,2012,HOU,11.306666666666668,3,0.6875,11,Owen Daniels,TE,HOU,13.44,4,0.09375,30,-0.59375,2.133333333333331,1
00-0024318,Brad Smith,WR,2006,NYJ,1.9769230769230768,0,0.5625,15,Brad Smith,WR,NYJ,5.785714285714286,0,0.34375,22,-0.21875,3.8087912087912086,0
00-0024318,Brad Smith,WR,2007,NYJ,5.785714285714286,0,0.34375,22,Brad Smith,WR,NYJ,2.4266666666666667,0,0.625,13,0.28125,-3.359047619047619,0
00-0024318,Brad Smith,WR,2008,NYJ,2.4266666666666667,0,0.625,13,Brad Smith,WR,NYJ,4.708,0,0.34375,22,-0.28125,2.2813333333333334,0
00-0024318,Brad Smith,WR,2009,NYJ,4.708,0,0.34375,22,Brad Smith,WR,NYJ,3.896,0,0.46875,18,0.125,-0.8120000000000003,0
00-0024318,Brad Smith,WR,2011,BUF,5.038461538461538,0,0.5625,15,Brad Smith,WR,BUF,4.830769230769231,0,0.40625,20,-0.15625,-0.20769230769230695,0
00-0024324,Jason Avant,WR,2007,PHI,5.618181818181818,0,0.8125,7,Jason Avant,WR,PHI,6.2846153846153845,0,0.59375,14,-0.21875,0.6664335664335663,0
00-0024324,Jason Avant,WR,2008,PHI,6.2846153846153845,0,0.59375,14,Jason Avant,WR,PHI,7.48125,0,0.71875,10,0.125,1.1966346153846157,0
00-0024324,Jason Avant,WR,2009,PHI,7.48125,0,0.71875,10,Jason Avant,WR,PHI,7.275,0,0.875,5,0.15625,-0.20624999999999982,0
00-0024324,Jason Avant,WR,2010,PHI,7.275,0,0.875,5,Jason Avant,WR,PHI,7.61875,0,0.8125,7,-0.0625,0.34375,0
00-0024324,Jason Avant,WR,2011,PHI,7.61875,0,0.8125,7,Jason Avant,WR,PHI,8.314285714285715,0,0.1875,27,-0.625,0.6955357142857146,0
00-0024324,Jason Avant,WR,2012,PHI,8.314285714285715,0,0.1875,27,Jason Avant,WR,PHI,6.113333333333333,0,0.90625,4,0.71875,-2.2009523809523817,0
00-0024326,Demetrius Williams,WR,2006,BAL,5.257142857142857,0,0.625,13,Demetrius Williams,WR,BAL,6.125,0,0.21875,26,-0.40625,0.8678571428571429,0
00-0024326,Demetrius Williams,WR,2007,BAL,6.125,0,0.21875,26,Demetrius Williams,WR,BAL,6.166666666666667,0,0.5,17,0.28125,0.04166666666666696,0
00-0024326,Demetrius Williams,WR,2008,BAL,6.166666666666667,0,0.5,17,Demetrius Williams,WR,BAL,4.7,0,0.75,9,0.25,-1.4666666666666668,0
00-0024332,Leon Washington,RB,2006,NYJ,9.433333333333334,1,0.5625,15,Leon Washington,RB,NYJ,8.669333333333332,0,0.34375,22,-0.21875,-0.7640000000000011,-1
00-0024332,Leon Washington,RB,2007,NYJ,8.669333333333332,0,0.34375,22,Leon Washington,RB,NYJ,11.41875,2,0.625,13,0.28125,2.749416666666667,2
00-0024332,Leon Washington,RB,2008,NYJ,11.41875,2,0.625,13,Leon Washington,RB,NYJ,8.442857142857143,0,0.34375,22,-0.28125,-2.9758928571428562,-2
00-0024332,Leon Washington,RB,2010,SEA,3.6357142857142857,0,0.09375,30,Leon Washington,RB,SEA,2.85,0,0.34375,22,0.25,-0.7857142857142856,0
00-0024332,Leon Washington,RB,2011,SEA,2.85,0,0.34375,22,Leon Washington,RB,SEA,2.4909090909090907,0,0.90625,4,0.5625,-0.35909090909090935,0
00-0024334,Brandon Marshall,WR,2006,DEN,8.0125,0,0.53125,16,Brandon Marshall,WR,DEN,17.575,3,0.6875,11,0.15625,9.5625,3
00-0024334,Brandon Marshall,WR,2007,DEN,17.575,3,0.6875,11,Brandon Marshall,WR,DEN,17.36,3,0.875,5,0.1875,-0.21499999999999986,0
00-0024334,Brandon Marshall,WR,2008,DEN,17.36,3,0.875,5,Brandon Marshall,WR,DEN,18.506666666666668,4,0.4375,19,-0.4375,1.1466666666666683,1
00-0024334,Brandon Marshall,WR,2010,MIA,14.55,2,0.3125,23,Brandon Marshall,WR,MIA,14.85625,3,0.46875,18,0.15625,0.3062499999999986,1
00-0024334,Brandon Marshall,WR,2012,CHI,20.9125,5,0.34375,22,Brandon Marshall,WR,CHI,19.09375,4,0.875,5,0.53125,-1.8187500000000014,-1
00-0024334,Brandon Marshall,WR,2013,CHI,19.09375,4,0.875,5,Brandon Marshall,WR,CHI,13.776923076923076,2,0.3125,23,-0.5625,-5.316826923076924,-2
00-0024334,Brandon Marshall,WR,2015,NYJ,21.2,5,0.71875,10,Brandon Marshall,WR,NYJ,10.813333333333333,1,0.15625,28,-0.5625,-10.386666666666667,-4
00-0024345,Domenik Hixon,WR,2008,NYG,9.169230769230769,1,0.84375,6,Domenik Hixon,WR,NYG,4.154545454545455,0,0.78125,8,-0.0625,-5.014685314685313,-1
00-0024359,Jerome Harrison,RB,2006,CLE,2.1888888888888887,0,0.0625,31,Jerome Harrison,RB,CLE,4.525,0,0.59375,14,0.53125,2.3361111111111117,0
00-0024359,Jerome Harrison,RB,2007,CLE,4.525,0,0.59375,14,Jerome Harrison,RB,CLE,4.3,0,0.125,29,-0.46875,-0.22500000000000053,0
00-0024359,Jerome Harrison,RB,2008,CLE,4.3,0,0.125,29,Jerome Harrison,RB,CLE,12.87142857142857,2,0.125,29,0.0,8.57142857142857,2
00-0024369,Jeff King,TE,2007,CAR,6.44,1,0.28125,24,Jeff King,TE,CAR,3.576923076923077,0,0.75,9,0.46875,-2.8630769230769233,-1
00-0024369,Jeff King,TE,2008,CAR,3.576923076923077,0,0.75,9,Jeff King,TE,CAR,4.2,0,0.375,21,-0.375,0.6230769230769231,0
00-0024369,Jeff King,TE,2009,CAR,4.2,0,0.375,21,Jeff King,TE,CAR,3.0785714285714287,0,0.03125,32,-0.34375,-1.1214285714285714,0
00-0024369,Jeff King,TE,2011,ARI,5.546153846153846,0,0.28125,24,Jeff King,TE,ARI,2.7181818181818183,0,0.03125,32,-0.25,-2.8279720279720277,0
00-0024389,Delanie Walker,TE,2007,SF,4.036363636363636,0,0.03125,32,Delanie Walker,TE,SF,3.355555555555556,0,0.25,25,0.21875,-0.6808080808080801,0
00-0024389,Delanie Walker,TE,2008,SF,3.355555555555556,0,0.25,25,Delanie Walker,TE,SF,3.8083333333333336,0,0.3125,23,0.0625,0.4527777777777775,0
00-0024389,Delanie Walker,TE,2009,SF,3.8083333333333336,0,0.3125,23,Delanie Walker,TE,SF,4.7615384615384615,0,0.34375,22,0.03125,0.9532051282051279,0
00-0024389,Delanie Walker,TE,2010,SF,4.7615384615384615,0,0.34375,22,Delanie Walker,TE,SF,4.775,0,0.53125,16,0.1875,0.013461538461538858,0
00-0024389,Delanie Walker,TE,2011,SF,4.775,0,0.53125,16,Delanie Walker,TE,SF,4.760000000000001,0,0.875,5,0.34375,-0.01499999999999968,0
00-0024389,Delanie Walker,TE,2013,TEN,10.206666666666669,2,0.5625,15,Delanie Walker,TE,TEN,11.513333333333332,3,0.09375,30,-0.46875,1.306666666666663,1
00-0024389,Delanie Walker,TE,2014,TEN,11.513333333333332,3,0.09375,30,Delanie Walker,TE,TEN,16.293333333333333,5,0.0625,31,-0.03125,4.780000000000001,2
00-0024389,Delanie Walker,TE,2015,TEN,16.293333333333333,5,0.0625,31,Delanie Walker,TE,TEN,12.54,4,0.625,13,0.5625,-3.753333333333334,-1
00-0024389,Delanie Walker,TE,2016,TEN,12.54,4,0.625,13,Delanie Walker,TE,TEN,10.90625,3,0.34375,22,-0.28125,-1.6337499999999991,-1
00-0024404,Jeff Webb,WR,2007,KC,5.818181818181818,0,0.125,29,Jeff Webb,WR,KC,2.4,0,0.28125,24,0.15625,-3.4181818181818184,0
00-0024408,Bruce Gradkowski,QB,2006,TB,6.810769230769231,0,0.09375,30,Bruce Gradkowski,QB,TB,1.3,0,0.65625,12,0.5625,-5.510769230769231,0
00-0024408,Bruce Gradkowski,QB,2009,LV,8.994285714285715,0,0.0625,31,Bruce Gradkowski,QB,LV,8.41,0,0.53125,16,0.46875,-0.5842857142857145,0
00-0024447,Devin Aromashodu,WR,2009,CHI,11.114285714285714,2,0.28125,24,Devin Aromashodu,WR,CHI,2.7666666666666666,0,0.21875,26,-0.0625,-8.347619047619048,-2
00-0024447,Devin Aromashodu,WR,2011,MIN,5.253333333333333,0,0.40625,20,Devin Aromashodu,WR,MIN,2.6545454545454543,0,0.53125,16,0.125,-2.5987878787878786,0
00-0024463,Ben Obomanu,WR,2009,SEA,1.62,0,0.25,25,Ben Obomanu,WR,SEA,9.091666666666669,1,0.09375,30,-0.15625,7.4716666666666685,1
00-0024463,Ben Obomanu,WR,2010,SEA,9.091666666666669,1,0.09375,30,Ben Obomanu,WR,SEA,5.86875,0,0.34375,22,0.25,-3.222916666666668,-1
00-0024463,Ben Obomanu,WR,2011,SEA,5.86875,0,0.34375,22,Ben Obomanu,WR,SEA,2.18,0,0.90625,4,0.5625,-3.68875,0
00-0024465,David Anderson,WR,2007,HOU,6.220000000000001,0,0.625,13,David Anderson,WR,HOU,5.009090909090909,0,0.65625,12,0.03125,-1.2109090909090918,0
00-0024465,David Anderson,WR,2008,HOU,5.009090909090909,0,0.65625,12,David Anderson,WR,HOU,4.6875,0,0.6875,11,0.03125,-0.3215909090909088,0
00-0024465,David Anderson,WR,2009,HOU,4.6875,0,0.6875,11,David Anderson,WR,HOU,2.8375,0,0.96875,2,0.28125,-1.85,0
00-0024466,Marques Colston,WR,2006,NO,18.48333333333333,4,0.9375,3,Marques Colston,WR,NO,17.6375,3,0.75,9,-0.1875,-0.8458333333333314,-1
00-0024466,Marques Colston,WR,2007,NO,17.6375,3,0.75,9,Marques Colston,WR,NO,15.3,3,0.96875,2,0.21875,-2.3374999999999986,0
00-0024466,Marques Colston,WR,2008,NO,15.3,3,0.96875,2,Marques Colston,WR,NO,14.25,2,0.875,5,-0.09375,-1.0500000000000007,-1
00-0024466,Marques Colston,WR,2009,NO,14.25,2,0.875,5,Marques Colston,WR,NO,15.226666666666668,3,0.75,9,-0.125,0.9766666666666683,1
00-0024466,Marques Colston,WR,2010,NO,15.226666666666668,3,0.75,9,Marques Colston,WR,NO,17.45714285714286,3,0.96875,2,0.21875,2.2304761904761907,0
00-0024466,Marques Colston,WR,2011,NO,17.45714285714286,3,0.96875,2,Marques Colston,WR,NO,15.9,3,0.8125,7,-0.15625,-1.5571428571428587,0
00-0024466,Marques Colston,WR,2012,NO,15.9,3,0.8125,7,Marques Colston,WR,NO,13.286666666666669,2,0.9375,3,0.125,-2.6133333333333315,-1
00-0024466,Marques Colston,WR,2013,NO,13.286666666666669,2,0.9375,3,Marques Colston,WR,NO,11.813333333333333,2,0.78125,8,-0.15625,-1.4733333333333363,0
00-0024466,Marques Colston,WR,2014,NO,11.813333333333333,2,0.78125,8,Marques Colston,WR,NO,9.307692307692308,1,0.875,5,0.09375,-2.505641025641024,-1
00-0024529,Gijon Robinson,TE,2008,IND,3.955555555555556,0,0.9375,3,Gijon Robinson,TE,IND,1.6888888888888889,0,0.96875,2,0.03125,-2.2666666666666675,0
00-0024529,Gijon Robinson,TE,2009,IND,1.6888888888888889,0,0.96875,2,Gijon Robinson,TE,IND,2.04,0,0.90625,4,-0.0625,0.35111111111111115,0
00-0024549,Selvin Young,RB,2007,DEN,9.0,1,0.6875,11,Selvin Young,RB,DEN,4.8625,0,0.875,5,0.1875,-4.1375,-1
00-0024559,D.J. Ware,RB,2009,NYG,3.95,0,0.78125,8,D.J. Ware,RB,NYG,3.0,0,0.5625,15,-0.21875,-0.9500000000000002,0
00-0024559,D.J. Ware,RB,2010,NYG,3.0,0,0.5625,15,D.J. Ware,RB,NYG,4.3133333333333335,0,0.78125,8,0.21875,1.3133333333333335,0
00-0024738,Eldra Buckley,RB,2009,PHI,1.7333333333333334,0,0.71875,10,Eldra Buckley,RB,PHI,1.1166666666666667,0,0.875,5,0.15625,-0.6166666666666667,0
00-0024756,Matt Willis,WR,2011,DEN,3.621428571428571,0,0.25,25,Matt Willis,WR,DEN,1.5833333333333333,0,0.9375,3,0.6875,-2.038095238095238,0
00-0024813,Pierre Thomas,RB,2007,NO,8.166666666666666,0,0.75,9,Pierre Thomas,RB,NO,13.707142857142856,3,0.96875,2,0.21875,5.5404761904761894,3
00-0024813,Pierre Thomas,RB,2008,NO,13.707142857142856,3,0.96875,2,Pierre Thomas,RB,NO,13.892857142857142,3,0.875,5,-0.09375,0.18571428571428683,0
00-0024813,Pierre Thomas,RB,2009,NO,13.892857142857142,3,0.875,5,Pierre Thomas,RB,NO,14.666666666666666,3,0.75,9,-0.125,0.7738095238095237,0
00-0024813,Pierre Thomas,RB,2010,NO,14.666666666666666,3,0.75,9,Pierre Thomas,RB,NO,11.41875,2,0.96875,2,0.21875,-3.247916666666667,-1
00-0024813,Pierre Thomas,RB,2011,NO,11.41875,2,0.96875,2,Pierre Thomas,RB,NO,8.913333333333332,1,0.8125,7,-0.15625,-2.505416666666667,-1
00-0024813,Pierre Thomas,RB,2012,NO,8.913333333333332,1,0.8125,7,Pierre Thomas,RB,NO,13.325,3,0.9375,3,0.125,4.411666666666667,2
00-0024813,Pierre Thomas,RB,2013,NO,13.325,3,0.9375,3,Pierre Thomas,RB,NO,11.181818181818182,2,0.78125,8,-0.15625,-2.1431818181818176,-1
00-0025388,JaMarcus Russell,QB,2007,LV,3.33,0,0.25,25,JaMarcus Russell,QB,LV,9.174666666666669,0,0.15625,28,-0.09375,5.844666666666669,0
00-0025388,JaMarcus Russell,QB,2008,LV,9.174666666666669,0,0.15625,28,JaMarcus Russell,QB,LV,2.841666666666667,0,0.0625,31,-0.09375,-6.333000000000002,0
00-0025389,Calvin Johnson,WR,2007,DET,10.586666666666668,1,0.375,21,Calvin Johnson,WR,DET,17.5625,3,0.09375,30,-0.28125,6.975833333333332,2
00-0025389,Calvin Johnson,WR,2008,DET,17.5625,3,0.09375,30,Calvin Johnson,WR,DET,14.19285714285714,2,0.09375,30,0.0,-3.3696428571428605,-1
00-0025389,Calvin Johnson,WR,2009,DET,14.19285714285714,2,0.09375,30,Calvin Johnson,WR,DET,17.746666666666666,4,0.375,21,0.28125,3.5538095238095266,2
00-0025389,Calvin Johnson,WR,2010,DET,17.746666666666666,4,0.375,21,Calvin Johnson,WR,DET,22.54375,5,0.65625,12,0.28125,4.797083333333333,1
00-0025389,Calvin Johnson,WR,2011,DET,22.54375,5,0.65625,12,Calvin Johnson,WR,DET,21.4,5,0.46875,18,-0.1875,-1.1437500000000007,0
00-0025389,Calvin Johnson,WR,2012,DET,21.4,5,0.46875,18,Calvin Johnson,WR,DET,21.65714285714285,5,0.46875,18,0.0,0.2571428571428527,0
00-0025389,Calvin Johnson,WR,2013,DET,21.65714285714285,5,0.46875,18,Calvin Johnson,WR,DET,17.43846153846154,3,0.53125,16,0.0625,-4.218681318681313,-2
00-0025389,Calvin Johnson,WR,2014,DET,17.43846153846154,3,0.53125,16,Calvin Johnson,WR,DET,16.3375,3,0.4375,19,-0.09375,-1.10096153846154,0
00-0025394,Adrian Peterson,RB,2007,MIN,17.992857142857144,4,0.53125,16,Adrian Peterson,RB,MIN,16.325,4,0.34375,22,-0.1875,-1.6678571428571445,0
00-0025394,Adrian Peterson,RB,2008,MIN,16.325,4,0.34375,22,Adrian Peterson,RB,MIN,20.09375,5,0.8125,7,0.46875,3.7687500000000007,1
00-0025394,Adrian Peterson,RB,2009,MIN,20.09375,5,0.8125,7,Adrian Peterson,RB,MIN,18.39333333333333,4,0.125,29,-0.6875,-1.7004166666666691,-1
00-0025394,Adrian Peterson,RB,2010,MIN,18.39333333333333,4,0.125,29,Adrian Peterson,RB,MIN,17.175,4,0.40625,20,0.28125,-1.2183333333333302,0
00-0025394,Adrian Peterson,RB,2011,MIN,17.175,4,0.40625,20,Adrian Peterson,RB,MIN,21.725,5,0.53125,16,0.125,4.550000000000001,1
00-0025394,Adrian Peterson,RB,2012,MIN,21.725,5,0.53125,16,Adrian Peterson,RB,MIN,16.62142857142857,4,0.4375,19,-0.09375,-5.103571428571431,-1
00-0025394,Adrian Peterson,RB,2018,WAS,11.8125,2,0.21875,26,Adrian Peterson,RB,WAS,9.8,1,0.09375,30,-0.125,-2.0124999999999993,-1
00-0025396,Ted Ginn,WR,2007,MIA,6.286666666666666,0,0.3125,23,Ted Ginn,WR,MIA,10.39375,1,0.8125,7,0.5,4.1070833333333345,1
00-0025396,Ted Ginn,WR,2008,MIA,10.39375,1,0.8125,7,Ted Ginn,WR,MIA,6.6375,0,0.53125,16,-0.28125,-3.7562500000000005,-1
00-0025396,Ted Ginn,WR,2010,SF,3.1846153846153844,0,0.34375,22,Ted Ginn,WR,SF,4.983333333333333,0,0.53125,16,0.1875,1.798717948717949,0
00-0025396,Ted Ginn,WR,2015,CAR,13.135714285714286,2,0.8125,7,Ted Ginn,WR,CAR,10.1875,1,0.3125,23,-0.5,-2.948214285714286,-1
00-0025396,Ted Ginn,WR,2017,NO,10.64,1,0.96875,2,Ted Ginn,WR,NO,10.5,1,0.96875,2,0.0,-0.14000000000000057,0
00-0025396,Ted Ginn,WR,2018,NO,10.5,1,0.96875,2,Ted Ginn,WR,NO,5.726666666666668,0,0.90625,4,-0.0625,-4.773333333333332,-1
00-0025399,Marshawn Lynch,RB,2007,BUF,14.955384615384617,3,0.1875,27,Marshawn Lynch,RB,BUF,15.58,3,0.3125,23,0.125,0.6246153846153835,0
00-0025399,Marshawn Lynch,RB,2008,BUF,15.58,3,0.3125,23,Marshawn Lynch,RB,BUF,7.884615384615385,0,0.1875,27,-0.125,-7.695384615384615,-3
00-0025399,Marshawn Lynch,RB,2010,SEA,8.6375,0,0.09375,30,Marshawn Lynch,RB,SEA,16.24,4,0.34375,22,0.25,7.602499999999999,4
00-0025399,Marshawn Lynch,RB,2011,SEA,16.24,4,0.34375,22,Marshawn Lynch,RB,SEA,16.85,4,0.90625,4,0.5625,0.610000000000003,0
00-0025399,Marshawn Lynch,RB,2012,SEA,16.85,4,0.90625,4,Marshawn Lynch,RB,SEA,17.20625,4,0.75,9,-0.15625,0.3562499999999993,0
00-0025399,Marshawn Lynch,RB,2013,SEA,17.20625,4,0.75,9,Marshawn Lynch,RB,SEA,18.89375,5,0.90625,4,0.15625,1.6875,1
00-0025399,Marshawn Lynch,RB,2014,SEA,18.89375,5,0.90625,4,Marshawn Lynch,RB,SEA,11.842857142857143,2,0.96875,2,0.0625,-7.050892857142857,-3
00-0025399,Marshawn Lynch,RB,2017,LV,10.946666666666664,1,0.5,17,Marshawn Lynch,RB,LV,13.166666666666666,2,0.25,25,-0.25,2.2200000000000024,1
00-0025410,Dwayne Bowe,WR,2007,KC,13.3,2,0.125,29,Dwayne Bowe,WR,KC,14.3875,2,0.28125,24,0.15625,1.0874999999999986,0
00-0025410,Dwayne Bowe,WR,2008,KC,14.3875,2,0.28125,24,Dwayne Bowe,WR,KC,11.80909090909091,2,0.21875,26,-0.0625,-2.578409090909089,0
00-0025410,Dwayne Bowe,WR,2009,KC,11.80909090909091,2,0.21875,26,Dwayne Bowe,WR,KC,17.4125,3,0.6875,11,0.46875,5.603409090909091,1
00-0025410,Dwayne Bowe,WR,2010,KC,17.4125,3,0.6875,11,Dwayne Bowe,WR,KC,14.25625,2,0.1875,27,-0.5,-3.1562500000000018,-1
00-0025410,Dwayne Bowe,WR,2011,KC,14.25625,2,0.1875,27,Dwayne Bowe,WR,KC,11.930769230769233,2,0.0625,31,-0.125,-2.325480769230767,0
00-0025410,Dwayne Bowe,WR,2012,KC,11.930769230769233,2,0.0625,31,Dwayne Bowe,WR,KC,10.286666666666669,1,0.59375,14,0.53125,-1.644102564102564,-1
00-0025410,Dwayne Bowe,WR,2013,KC,10.286666666666669,1,0.59375,14,Dwayne Bowe,WR,KC,9.026666666666667,1,0.71875,10,0.125,-1.2600000000000016,0
00-0025414,Robert Meachem,WR,2008,NO,8.3625,0,0.96875,2,Robert Meachem,WR,NO,11.826666666666666,2,0.875,5,-0.09375,3.4641666666666655,2
00-0025414,Robert Meachem,WR,2009,NO,11.826666666666666,2,0.875,5,Robert Meachem,WR,NO,8.7,0,0.75,9,-0.125,-3.126666666666667,-2
00-0025414,Robert Meachem,WR,2010,NO,8.7,0,0.75,9,Robert Meachem,WR,NO,9.693333333333332,1,0.96875,2,0.21875,0.9933333333333323,1
00-0025414,Robert Meachem,WR,2013,NO,4.02,0,0.9375,3,Robert Meachem,WR,NO,1.84,0,0.78125,8,-0.15625,-2.1799999999999997,0
00-0025418,Greg Olsen,TE,2007,CHI,7.675,1,0.15625,28,Greg Olsen,TE,CHI,9.16,2,0.1875,27,0.03125,1.4850000000000003,1
00-0025418,Greg Olsen,TE,2008,CHI,9.16,2,0.1875,27,Greg Olsen,TE,CHI,10.575,3,0.28125,24,0.09375,1.4149999999999991,1
00-0025418,Greg Olsen,TE,2009,CHI,10.575,3,0.28125,24,Greg Olsen,TE,CHI,6.8375,1,0.21875,26,-0.0625,-3.737499999999999,-2
00-0025418,Greg Olsen,TE,2011,CAR,8.0625,2,0.90625,4,Greg Olsen,TE,CAR,11.5,3,0.71875,10,-0.1875,3.4375,1
00-0025418,Greg Olsen,TE,2012,CAR,11.5,3,0.71875,10,Greg Olsen,TE,CAR,11.9125,4,0.71875,10,0.0,0.41249999999999964,1
00-0025418,Greg Olsen,TE,2013,CAR,11.9125,4,0.71875,10,Greg Olsen,TE,CAR,13.80625,4,0.5625,15,-0.15625,1.8937500000000007,0
00-0025418,Greg Olsen,TE,2014,CAR,13.80625,4,0.5625,15,Greg Olsen,TE,CAR,14.2125,4,0.8125,7,0.25,0.40625,0
00-0025418,Greg Olsen,TE,2015,CAR,14.2125,4,0.8125,7,Greg Olsen,TE,CAR,12.95625,4,0.3125,23,-0.5,-1.2562499999999996,0
00-0025418,Greg Olsen,TE,2016,CAR,12.95625,4,0.3125,23,Greg Olsen,TE,CAR,6.014285714285714,1,0.625,13,0.3125,-6.9419642857142865,-3
00-0025418,Greg Olsen,TE,2017,CAR,6.014285714285714,1,0.625,13,Greg Olsen,TE,CAR,8.899999999999999,2,0.75,9,0.125,2.8857142857142843,1
00-0025418,Greg Olsen,TE,2018,CAR,8.899999999999999,2,0.75,9,Greg Olsen,TE,CAR,8.835714285714285,2,0.15625,28,-0.59375,-0.06428571428571317,0
00-0025419,Anthony Gonzalez,WR,2007,IND,10.236363636363636,1,0.96875,2,Anthony Gonzalez,WR,IND,9.31875,1,0.9375,3,-0.03125,-0.9176136363636367,0
00-0025423,Kevin Kolb,QB,2011,ARI,10.966666666666669,1,0.28125,24,Kevin Kolb,QB,ARI,14.126666666666669,1,0.03125,32,-0.25,3.16,0
00-0025425,Zach Miller,TE,2007,LV,6.96,1,0.25,25,Zach Miller,TE,LV,9.32,2,0.15625,28,-0.09375,2.3600000000000003,1
00-0025425,Zach Miller,TE,2008,LV,9.32,2,0.15625,28,Zach Miller,TE,LV,10.966666666666669,3,0.0625,31,-0.09375,1.6466666666666683,1
00-0025425,Zach Miller,TE,2009,LV,10.966666666666669,3,0.0625,31,Zach Miller,TE,LV,10.566666666666666,3,0.53125,16,0.46875,-0.40000000000000213,0
00-0025425,Zach Miller,TE,2011,SEA,3.715384615384615,0,0.34375,22,Zach Miller,TE,SEA,5.85,0,0.90625,4,0.5625,2.1346153846153846,0
00-0025425,Zach Miller,TE,2012,SEA,5.85,0,0.90625,4,Zach Miller,TE,SEA,7.823076923076924,1,0.75,9,-0.15625,1.973076923076924,1
00-0025430,Drew Stanton,QB,2014,ARI,10.526666666666666,1,0.4375,19,Drew Stanton,QB,ARI,-0.1899999999999999,0,1.0,1,0.5625,-10.716666666666665,-1
00-0025430,Drew Stanton,QB,2015,ARI,-0.1899999999999999,0,1.0,1,Drew Stanton,QB,ARI,1.876,0,0.4375,19,-0.5625,2.066,0
00-0025430,Drew Stanton,QB,2016,ARI,1.876,0,0.4375,19,Drew Stanton,QB,ARI,10.092,0,0.0625,31,-0.375,8.216000000000001,0
00-0025431,Sidney Rice,WR,2007,MIN,8.941818181818181,1,0.53125,16,Sidney Rice,WR,MIN,5.3100000000000005,0,0.34375,22,-0.1875,-3.631818181818181,-1
00-0025431,Sidney Rice,WR,2008,MIN,5.3100000000000005,0,0.34375,22,Sidney Rice,WR,MIN,16.325,3,0.8125,7,0.46875,11.014999999999999,3
00-0025431,Sidney Rice,WR,2009,MIN,16.325,3,0.8125,7,Sidney Rice,WR,MIN,9.5,1,0.125,29,-0.6875,-6.824999999999999,-2
00-0025431,Sidney Rice,WR,2011,SEA,10.544444444444444,1,0.34375,22,Sidney Rice,WR,SEA,10.525,1,0.90625,4,0.5625,-0.01944444444444393,0
00-0025431,Sidney Rice,WR,2012,SEA,10.525,1,0.90625,4,Sidney Rice,WR,SEA,6.7625,0,0.75,9,-0.15625,-3.7625,-1
00-0025432,Dwayne Jarrett,WR,2007,CAR,3.6,0,0.28125,24,Dwayne Jarrett,WR,CAR,3.128571428571429,0,0.75,9,0.46875,-0.4714285714285711,0
00-0025432,Dwayne Jarrett,WR,2008,CAR,3.128571428571429,0,0.75,9,Dwayne Jarrett,WR,CAR,4.26,0,0.375,21,-0.375,1.1314285714285708,0
00-0025438,Steve Smith,WR,2007,NYG,3.575,0,0.46875,18,Steve Smith,WR,NYG,7.525,0,0.84375,6,0.375,3.95,0
00-0025438,Steve Smith,WR,2008,NYG,7.525,0,0.84375,6,Steve Smith,WR,NYG,16.9375,3,0.78125,8,-0.0625,9.4125,3
00-0025438,Steve Smith,WR,2009,NYG,16.9375,3,0.78125,8,Steve Smith,WR,NYG,13.211111111111112,2,0.5625,15,-0.21875,-3.726388888888888,-1
00-0025439,Brian Leonard,RB,2009,CIN,4.292857142857143,0,0.5,17,Brian Leonard,RB,CIN,4.163636363636363,0,0.40625,20,-0.09375,-0.12922077922077957,0
00-0025439,Brian Leonard,RB,2010,CIN,4.163636363636363,0,0.40625,20,Brian Leonard,RB,CIN,3.9615384615384617,0,0.5,17,0.09375,-0.20209790209790146,0
00-0025439,Brian Leonard,RB,2011,CIN,3.9615384615384617,0,0.5,17,Brian Leonard,RB,CIN,2.3583333333333334,0,0.5,17,0.0,-1.6032051282051283,0
00-0025450,Brandon Jackson,RB,2007,GB,6.855555555555556,0,0.875,5,Brandon Jackson,RB,GB,6.1,0,0.71875,10,-0.15625,-0.7555555555555564,0
00-0025450,Brandon Jackson,RB,2008,GB,6.1,0,0.71875,10,Brandon Jackson,RB,GB,6.4363636363636365,0,0.9375,3,0.21875,0.33636363636363686,0
00-0025450,Brandon Jackson,RB,2009,GB,6.4363636363636365,0,0.9375,3,Brandon Jackson,RB,GB,10.71875,1,0.84375,6,-0.09375,4.2823863636363635,1
00-0025458,Lorenzo Booker,RB,2010,MIN,1.55,0,0.125,29,Lorenzo Booker,RB,MIN,1.94,0,0.40625,20,0.28125,0.3899999999999999,0
00-0025460,Jacoby Jones,WR,2007,HOU,4.633333333333334,0,0.625,13,Jacoby Jones,WR,HOU,5.65,0,0.65625,12,0.03125,1.0166666666666666,0
00-0025460,Jacoby Jones,WR,2008,HOU,5.65,0,0.65625,12,Jacoby Jones,WR,HOU,8.838461538461539,1,0.6875,11,0.03125,3.1884615384615387,1
00-0025460,Jacoby Jones,WR,2009,HOU,8.838461538461539,1,0.6875,11,Jacoby Jones,WR,HOU,8.526666666666667,0,0.96875,2,0.28125,-0.31179487179487175,-1
00-0025460,Jacoby Jones,WR,2010,HOU,8.526666666666667,0,0.96875,2,Jacoby Jones,WR,HOU,6.36875,0,0.625,13,-0.34375,-2.157916666666667,0
00-0025460,Jacoby Jones,WR,2012,BAL,5.95,0,0.59375,14,Jacoby Jones,WR,BAL,8.325000000000001,0,0.15625,28,-0.4375,2.375000000000001,0
00-0025460,Jacoby Jones,WR,2013,BAL,8.325000000000001,0,0.15625,28,Jacoby Jones,WR,BAL,2.7,0,0.8125,7,0.65625,-5.625000000000001,0
00-0025463,Jason Hill,WR,2008,SF,8.377777777777778,0,0.25,25,Jason Hill,WR,SF,3.0,0,0.3125,23,0.0625,-5.377777777777778,0
00-0025463,Jason Hill,WR,2010,JAX,6.966666666666666,0,0.625,13,Jason Hill,WR,JAX,8.040000000000001,0,0.0625,31,-0.5625,1.073333333333335,0
00-0025464,Matt Spaeth,TE,2007,PIT,6.6,1,0.84375,6,Matt Spaeth,TE,PIT,4.371428571428572,0,0.4375,19,-0.40625,-2.2285714285714278,-1
00-0025464,Matt Spaeth,TE,2008,PIT,4.371428571428572,0,0.4375,19,Matt Spaeth,TE,PIT,2.7,0,0.65625,12,0.21875,-1.6714285714285717,0
00-0025464,Matt Spaeth,TE,2009,PIT,2.7,0,0.65625,12,Matt Spaeth,TE,PIT,3.2857142857142856,0,0.71875,10,0.0625,0.5857142857142854,0
00-0025464,Matt Spaeth,TE,2011,CHI,2.6666666666666665,0,0.125,29,Matt Spaeth,TE,CHI,2.466666666666667,0,0.34375,22,0.21875,-0.19999999999999973,0
00-0025465,James Jones,WR,2007,GB,9.430769230769233,1,0.875,5,James Jones,WR,GB,5.933333333333334,0,0.71875,10,-0.15625,-3.497435897435899,-1
00-0025465,James Jones,WR,2008,GB,5.933333333333334,0,0.71875,10,James Jones,WR,GB,6.625,0,0.9375,3,0.21875,0.6916666666666664,0
00-0025465,James Jones,WR,2009,GB,6.625,0,0.9375,3,James Jones,WR,GB,9.11875,1,0.84375,6,-0.09375,2.4937500000000004,1
00-0025465,James Jones,WR,2010,GB,9.11875,1,0.84375,6,James Jones,WR,GB,9.566666666666666,1,1.0,1,0.15625,0.4479166666666661,0
00-0025465,James Jones,WR,2011,GB,9.566666666666666,1,1.0,1,James Jones,WR,GB,15.093333333333334,3,0.84375,6,-0.15625,5.526666666666667,2
00-0025465,James Jones,WR,2012,GB,15.093333333333334,3,0.84375,6,James Jones,WR,GB,11.19285714285714,2,0.84375,6,0.0,-3.900476190476194,-1
00-0025466,Mike Sims-Walker,WR,2008,JAX,6.283333333333334,0,0.53125,16,Mike Sims-Walker,WR,JAX,12.66,2,0.5625,15,0.03125,6.376666666666666,2
00-0025466,Mike Sims-Walker,WR,2009,JAX,12.66,2,0.5625,15,Mike Sims-Walker,WR,JAX,9.978571428571428,1,0.625,13,0.0625,-2.6814285714285724,-1
00-0025477,Tony Hunt,RB,2007,PHI,1.52,0,0.8125,7,Tony Hunt,RB,PHI,3.775,0,0.59375,14,-0.21875,2.255,0
00-0025479,Trent Edwards,QB,2007,BUF,8.209999999999999,0,0.1875,27,Trent Edwards,QB,BUF,10.975714285714286,1,0.3125,23,0.125,2.765714285714287,1
00-0025479,Trent Edwards,QB,2008,BUF,10.975714285714286,1,0.3125,23,Trent Edwards,QB,BUF,8.42,0,0.1875,27,-0.125,-2.555714285714286,-1
00-0025479,Trent Edwards,QB,2009,BUF,8.42,0,0.1875,27,Trent Edwards,QB,BUF,6.16,0,0.15625,28,-0.03125,-2.26,0
00-0025480,Garrett Wolfe,RB,2007,CHI,3.2444444444444445,0,0.15625,28,Garrett Wolfe,RB,CHI,1.38,0,0.1875,27,0.03125,-1.8644444444444446,0
00-0025480,Garrett Wolfe,RB,2008,CHI,1.38,0,0.1875,27,Garrett Wolfe,RB,CHI,3.533333333333333,0,0.28125,24,0.09375,2.1533333333333333,0
00-0025486,Johnnie Lee Higgins,WR,2007,LV,2.22,0,0.25,25,Johnnie Lee Higgins,WR,LV,9.454545454545457,1,0.15625,28,-0.09375,7.234545454545456,1
00-0025486,Johnnie Lee Higgins,WR,2008,LV,9.454545454545457,1,0.15625,28,Johnnie Lee Higgins,WR,LV,4.74,0,0.0625,31,-0.09375,-4.714545454545457,-1
00-0025486,Johnnie Lee Higgins,WR,2009,LV,4.74,0,0.0625,31,Johnnie Lee Higgins,WR,LV,2.034,0,0.53125,16,0.46875,-2.7060000000000004,0
00-0025487,Michael Bush,RB,2008,LV,8.492727272727272,0,0.15625,28,Michael Bush,RB,LV,6.693333333333333,0,0.0625,31,-0.09375,-1.7993939393939389,0
00-0025487,Michael Bush,RB,2009,LV,6.693333333333333,0,0.0625,31,Michael Bush,RB,LV,10.778571428571428,1,0.53125,16,0.46875,4.085238095238095,1
00-0025487,Michael Bush,RB,2010,LV,10.778571428571428,1,0.53125,16,Michael Bush,RB,LV,13.90625,3,0.59375,14,0.0625,3.1276785714285715,2
00-0025487,Michael Bush,RB,2012,CHI,6.646153846153847,0,0.34375,22,Michael Bush,RB,CHI,3.75,0,0.875,5,0.53125,-2.8961538461538474,0
00-0025494,Antonio Pittman,RB,2007,LA,2.0444444444444443,0,0.09375,30,Antonio Pittman,RB,LA,6.711111111111111,0,0.03125,32,-0.0625,4.666666666666667,0
00-0025516,Scott Chandler,TE,2011,BUF,7.921428571428572,1,0.5625,15,Scott Chandler,TE,BUF,8.94,2,0.40625,20,-0.15625,1.0185714285714278,1
00-0025516,Scott Chandler,TE,2012,BUF,8.94,2,0.40625,20,Scott Chandler,TE,BUF,8.03125,2,0.25,25,-0.15625,-0.9087499999999995,0
00-0025516,Scott Chandler,TE,2013,BUF,8.03125,2,0.25,25,Scott Chandler,TE,BUF,7.16875,1,0.21875,26,-0.03125,-0.8624999999999998,-1
00-0025529,Steve Breaston,WR,2007,ARI,6.0,0,0.5,17,Steve Breaston,WR,ARI,13.073333333333332,2,0.6875,11,0.1875,7.073333333333332,2
00-0025529,Steve Breaston,WR,2008,ARI,13.073333333333332,2,0.6875,11,Steve Breaston,WR,ARI,10.614285714285714,1,0.46875,18,-0.21875,-2.4590476190476185,-1
00-0025529,Steve Breaston,WR,2009,ARI,10.614285714285714,1,0.46875,18,Steve Breaston,WR,ARI,10.748333333333331,1,0.0625,31,-0.40625,0.13404761904761742,0
00-0025529,Steve Breaston,WR,2011,KC,9.625,1,0.1875,27,Steve Breaston,WR,KC,2.0571428571428574,0,0.0625,31,-0.125,-7.567857142857143,-1
00-0025533,Aundrae Allison,WR,2007,MIN,3.3714285714285714,0,0.53125,16,Aundrae Allison,WR,MIN,3.5,0,0.34375,22,-0.1875,0.12857142857142856,0
00-0025535,Kolby Smith,RB,2007,KC,10.233333333333333,1,0.125,29,Kolby Smith,RB,KC,4.457142857142857,0,0.28125,24,0.15625,-5.776190476190475,-1
00-0025535,Kolby Smith,RB,2008,KC,4.457142857142857,0,0.28125,24,Kolby Smith,RB,KC,1.55,0,0.21875,26,-0.0625,-2.9071428571428575,0
00-0025540,Kevin Boss,TE,2007,NYG,6.56,1,0.46875,18,Kevin Boss,TE,NYG,9.763636363636364,2,0.84375,6,0.375,3.203636363636364,1
00-0025540,Kevin Boss,TE,2008,NYG,9.763636363636364,2,0.84375,6,Kevin Boss,TE,NYG,8.686666666666667,2,0.78125,8,-0.0625,-1.0769696969696962,0
00-0025540,Kevin Boss,TE,2009,NYG,8.686666666666667,2,0.78125,8,Kevin Boss,TE,NYG,7.739999999999999,1,0.5625,15,-0.21875,-0.9466666666666681,-1
00-0025542,Dante Rosario,TE,2007,CAR,7.2,1,0.28125,24,Dante Rosario,TE,CAR,7.483333333333333,1,0.75,9,0.46875,0.2833333333333332,0
00-0025542,Dante Rosario,TE,2008,CAR,7.483333333333333,1,0.75,9,Dante Rosario,TE,CAR,4.95,0,0.375,21,-0.375,-2.533333333333333,-1
00-0025542,Dante Rosario,TE,2009,CAR,4.95,0,0.375,21,Dante Rosario,TE,CAR,3.6375,0,0.03125,32,-0.34375,-1.3125,0
00-0025549,Brent Celek,TE,2007,PHI,4.975,0,0.8125,7,Brent Celek,TE,PHI,5.890909090909091,1,0.59375,14,-0.21875,0.915909090909091,1
00-0025549,Brent Celek,TE,2008,PHI,5.890909090909091,1,0.59375,14,Brent Celek,TE,PHI,13.81875,4,0.71875,10,0.125,7.927840909090909,3
00-0025549,Brent Celek,TE,2009,PHI,13.81875,4,0.71875,10,Brent Celek,TE,PHI,8.364285714285714,2,0.875,5,0.15625,-5.454464285714286,-2
00-0025549,Brent Celek,TE,2010,PHI,8.364285714285714,2,0.875,5,Brent Celek,TE,PHI,10.81875,3,0.8125,7,-0.0625,2.4544642857142858,1
00-0025549,Brent Celek,TE,2011,PHI,10.81875,3,0.8125,7,Brent Celek,TE,PHI,8.626666666666667,2,0.1875,27,-0.625,-2.1920833333333327,-1
00-0025549,Brent Celek,TE,2012,PHI,8.626666666666667,2,0.1875,27,Brent Celek,TE,PHI,7.2625,1,0.90625,4,0.71875,-1.3641666666666667,-1
00-0025549,Brent Celek,TE,2013,PHI,7.2625,1,0.90625,4,Brent Celek,TE,PHI,4.375,0,0.59375,14,-0.3125,-2.8875,-1
00-0025549,Brent Celek,TE,2014,PHI,4.375,0,0.59375,14,Brent Celek,TE,PHI,7.066666666666666,1,0.34375,22,-0.25,2.6916666666666664,1
00-0025549,Brent Celek,TE,2015,PHI,7.066666666666666,1,0.34375,22,Brent Celek,TE,PHI,2.95,0,0.40625,20,0.0625,-4.116666666666666,-1
00-0025549,Brent Celek,TE,2016,PHI,2.95,0,0.40625,20,Brent Celek,TE,PHI,2.909090909090909,0,0.8125,7,0.40625,-0.040909090909091006,0
00-0025559,Legedu Naanee,WR,2007,LAC,3.725,0,0.5625,15,Legedu Naanee,WR,LAC,2.733333333333333,0,1.0,1,0.4375,-0.9916666666666671,0
00-0025559,Legedu Naanee,WR,2008,LAC,2.733333333333333,0,1.0,1,Legedu Naanee,WR,LAC,4.74923076923077,0,1.0,1,0.0,2.0158974358974366,0
00-0025559,Legedu Naanee,WR,2009,LAC,4.74923076923077,0,1.0,1,Legedu Naanee,WR,LAC,7.322222222222223,0,0.9375,3,-0.0625,2.5729914529914533,0
00-0025561,Troy Smith,QB,2007,BAL,8.37,0,0.21875,26,Troy Smith,QB,BAL,3.236,0,0.5,17,0.28125,-5.133999999999999,0
00-0025578,Korey Hall,RB,2007,GB,2.15,0,0.875,5,Korey Hall,RB,GB,3.3600000000000003,0,0.71875,10,-0.15625,1.2100000000000004,0
00-0025578,Korey Hall,RB,2008,GB,3.3600000000000003,0,0.71875,10,Korey Hall,RB,GB,2.275,0,0.9375,3,0.21875,-1.0850000000000004,0
00-0025602,Ben Patrick,TE,2007,ARI,5.26,0,0.5,17,Ben Patrick,TE,ARI,3.5666666666666664,0,0.6875,11,0.1875,-1.6933333333333334,0
00-0025602,Ben Patrick,TE,2008,ARI,3.5666666666666664,0,0.6875,11,Ben Patrick,TE,ARI,4.825,0,0.46875,18,-0.21875,1.2583333333333337,0
00-0025602,Ben Patrick,TE,2009,ARI,4.825,0,0.46875,18,Ben Patrick,TE,ARI,3.033333333333333,0,0.0625,31,-0.40625,-1.791666666666667,0
00-0025622,Chansi Stuckey,WR,2009,CLE,5.314285714285715,0,0.125,29,Chansi Stuckey,WR,CLE,5.3,0,0.28125,24,0.15625,-0.014285714285715123,0
00-0025633,Kenneth Darby,RB,2008,LA,7.042857142857143,0,0.03125,32,Kenneth Darby,RB,LA,3.057142857142857,0,0.03125,32,0.0,-3.9857142857142858,0
00-0025633,Kenneth Darby,RB,2009,LA,3.057142857142857,0,0.03125,32,Kenneth Darby,RB,LA,3.446153846153846,0,0.1875,27,0.15625,0.38901098901098896,0
00-0025637,Ahmad Bradshaw,RB,2007,NYG,5.64,0,0.46875,18,Ahmad Bradshaw,RB,NYG,5.154545454545455,0,0.84375,6,0.375,-0.4854545454545445,0
00-0025637,Ahmad Bradshaw,RB,2008,NYG,5.154545454545455,0,0.84375,6,Ahmad Bradshaw,RB,NYG,10.5,1,0.78125,8,-0.0625,5.345454545454545,1
00-0025637,Ahmad Bradshaw,RB,2009,NYG,10.5,1,0.78125,8,Ahmad Bradshaw,RB,NYG,15.00625,3,0.5625,15,-0.21875,4.50625,2
00-0025637,Ahmad Bradshaw,RB,2010,NYG,15.00625,3,0.5625,15,Ahmad Bradshaw,RB,NYG,16.066666666666666,3,0.78125,8,0.21875,1.0604166666666668,0
00-0025637,Ahmad Bradshaw,RB,2011,NYG,16.066666666666666,3,0.78125,8,Ahmad Bradshaw,RB,NYG,12.785714285714286,2,0.75,9,-0.03125,-3.28095238095238,-1
00-0025637,Ahmad Bradshaw,RB,2014,IND,15.45,3,0.75,9,Ahmad Bradshaw,RB,IND,7.15,0,0.125,29,-0.625,-8.299999999999999,-3
00-0025701,Jackie Battle,RB,2009,KC,0.95,0,0.21875,26,Jackie Battle,RB,KC,1.6125,0,0.6875,11,0.46875,0.6625000000000001,0
00-0025701,Jackie Battle,RB,2010,KC,1.6125,0,0.6875,11,Jackie Battle,RB,KC,5.833333333333333,0,0.1875,27,-0.5,4.220833333333333,0
00-0025701,Jackie Battle,RB,2013,TEN,3.475,0,0.5625,15,Jackie Battle,RB,TEN,2.45,0,0.09375,30,-0.46875,-1.025,0
00-0025708,Matt Moore,QB,2009,CAR,9.974285714285712,0,0.375,21,Matt Moore,QB,CAR,5.463333333333334,0,0.03125,32,-0.34375,-4.510952380952378,0
00-0025708,Matt Moore,QB,2016,MIA,13.685,1,0.5,17,Matt Moore,QB,MIA,10.335,1,0.09375,30,-0.40625,-3.3499999999999996,0
00-0025860,BenJarvus Green-Ellis,RB,2008,NE,8.025,0,0.90625,4,BenJarvus Green-Ellis,RB,NE,2.4166666666666665,0,0.90625,4,0.0,-5.608333333333334,0
00-0025860,BenJarvus Green-Ellis,RB,2009,NE,2.4166666666666665,0,0.90625,4,BenJarvus Green-Ellis,RB,NE,12.45625,2,1.0,1,0.09375,10.039583333333335,2
00-0025860,BenJarvus Green-Ellis,RB,2010,NE,12.45625,2,1.0,1,BenJarvus Green-Ellis,RB,NE,9.85,1,0.9375,3,-0.0625,-2.606250000000001,-1
00-0025860,BenJarvus Green-Ellis,RB,2012,CIN,11.586666666666668,2,0.5,17,BenJarvus Green-Ellis,RB,CIN,7.4875,0,0.625,13,0.125,-4.099166666666668,-2
00-0025864,Jonathan Stupar,TE,2009,BUF,1.2714285714285716,0,0.1875,27,Jonathan Stupar,TE,BUF,3.3000000000000003,0,0.15625,28,-0.03125,2.0285714285714285,0
00-0025997,Chad Simpson,RB,2008,IND,4.125,0,0.9375,3,Chad Simpson,RB,IND,4.471428571428572,0,0.96875,2,0.03125,0.3464285714285724,0
00-0026000,Davone Bess,WR,2008,MIA,7.29375,0,0.8125,7,Davone Bess,WR,MIA,10.05625,1,0.53125,16,-0.28125,2.7625,1
00-0026000,Davone Bess,WR,2009,MIA,10.05625,1,0.53125,16,Davone Bess,WR,MIA,11.98125,2,0.3125,23,-0.21875,1.924999999999999,1
00-0026000,Davone Bess,WR,2010,MIA,11.98125,2,0.3125,23,Davone Bess,WR,MIA,7.475,0,0.46875,18,0.15625,-4.50625,-2
00-0026000,Davone Bess,WR,2011,MIA,7.475,0,0.46875,18,Davone Bess,WR,MIA,11.13846153846154,2,0.28125,24,-0.1875,3.66346153846154,2
00-0026019,Danny Woodhead,RB,2010,NE,11.471428571428572,2,1.0,1,Danny Woodhead,RB,NE,5.671428571428572,0,0.9375,3,-0.0625,-5.8,-2
00-0026019,Danny Woodhead,RB,2011,NE,5.671428571428572,0,0.9375,3,Danny Woodhead,RB,NE,10.446666666666664,1,1.0,1,0.0625,4.775238095238092,1
00-0026035,Danny Amendola,WR,2009,LA,5.814285714285715,0,0.03125,32,Danny Amendola,WR,LA,11.125,2,0.1875,27,0.15625,5.310714285714285,2
00-0026035,Danny Amendola,WR,2013,NE,10.783333333333331,1,0.8125,7,Danny Amendola,WR,NE,3.7857142857142856,0,0.875,5,0.0625,-6.997619047619046,-1
00-0026035,Danny Amendola,WR,2014,NE,3.7857142857142856,0,0.875,5,Danny Amendola,WR,NE,10.73857142857143,1,0.9375,3,0.0625,6.952857142857144,1
00-0026035,Danny Amendola,WR,2015,NE,10.73857142857143,1,0.9375,3,Danny Amendola,WR,NE,6.3,0,0.96875,2,0.03125,-4.4385714285714295,-1
00-0026035,Danny Amendola,WR,2016,NE,6.3,0,0.96875,2,Danny Amendola,WR,NE,9.26,1,1.0,1,0.03125,2.96,1
00-0026035,Danny Amendola,WR,2019,DET,9.370666666666668,1,0.34375,22,Danny Amendola,WR,DET,7.6,0,0.40625,20,0.0625,-1.7706666666666688,-1
00-0026113,Clifton Smith,RB,2008,TB,4.6,0,0.40625,20,Clifton Smith,RB,TB,0.275,0,0.15625,28,-0.25,-4.324999999999999,0
00-0026123,Evan Moore,TE,2009,CLE,5.5600000000000005,0,0.125,29,Evan Moore,TE,CLE,5.800000000000001,0,0.28125,24,0.15625,0.2400000000000002,0
00-0026123,Evan Moore,TE,2010,CLE,5.800000000000001,0,0.28125,24,Evan Moore,TE,CLE,6.953846153846154,1,0.21875,26,-0.0625,1.1538461538461533,1
00-0026143,Matt Ryan,QB,2008,ATL,12.25,1,0.78125,8,Matt Ryan,QB,ATL,13.11,1,0.625,13,-0.15625,0.8599999999999994,0
00-0026143,Matt Ryan,QB,2009,ATL,13.11,1,0.625,13,Matt Ryan,QB,ATL,15.775,2,0.8125,7,0.1875,2.665000000000001,1
00-0026143,Matt Ryan,QB,2010,ATL,15.775,2,0.8125,7,Matt Ryan,QB,ATL,17.0925,2,0.71875,10,-0.09375,1.3175000000000008,0
00-0026143,Matt Ryan,QB,2011,ATL,17.0925,2,0.71875,10,Matt Ryan,QB,ATL,19.05375,3,0.78125,8,0.0625,1.9612499999999997,1
00-0026143,Matt Ryan,QB,2012,ATL,19.05375,3,0.78125,8,Matt Ryan,QB,ATL,15.50625,2,0.53125,16,-0.25,-3.547500000000001,-1
00-0026143,Matt Ryan,QB,2013,ATL,15.50625,2,0.53125,16,Matt Ryan,QB,ATL,17.76625,3,0.625,13,0.09375,2.26,1
00-0026143,Matt Ryan,QB,2014,ATL,17.76625,3,0.625,13,Matt Ryan,QB,ATL,14.62125,1,0.53125,16,-0.09375,-3.1449999999999996,-2
00-0026143,Matt Ryan,QB,2015,ATL,14.62125,1,0.53125,16,Matt Ryan,QB,ATL,21.72875,4,1.0,1,0.46875,7.107500000000002,3
00-0026143,Matt Ryan,QB,2016,ATL,21.72875,4,1.0,1,Matt Ryan,QB,ATL,14.25625,1,0.78125,8,-0.21875,-7.472500000000002,-3
00-0026143,Matt Ryan,QB,2017,ATL,14.25625,1,0.78125,8,Matt Ryan,QB,ATL,22.185,4,0.78125,8,0.0,7.928749999999999,3
00-0026143,Matt Ryan,QB,2018,ATL,22.185,4,0.78125,8,Matt Ryan,QB,ATL,17.822666666666667,3,0.59375,14,-0.1875,-4.362333333333332,-1
00-0026143,Matt Ryan,QB,2019,ATL,17.822666666666667,3,0.59375,14,Matt Ryan,QB,ATL,17.6525,3,0.53125,16,-0.0625,-0.1701666666666668,0
00-0026143,Matt Ryan,QB,2020,ATL,17.6525,3,0.53125,16,Matt Ryan,QB,ATL,13.12470588235294,1,0.1875,27,-0.34375,-4.52779411764706,-2
00-0026144,Darren McFadden,RB,2008,LV,9.830769230769231,1,0.15625,28,Darren McFadden,RB,LV,6.758333333333333,0,0.0625,31,-0.09375,-3.0724358974358985,-1
00-0026144,Darren McFadden,RB,2009,LV,6.758333333333333,0,0.0625,31,Darren McFadden,RB,LV,20.569230769230767,5,0.53125,16,0.46875,13.810897435897434,5
00-0026144,Darren McFadden,RB,2010,LV,20.569230769230767,5,0.53125,16,Darren McFadden,RB,LV,17.685714285714287,4,0.59375,14,0.0625,-2.8835164835164804,-1
00-0026144,Darren McFadden,RB,2011,LV,17.685714285714287,4,0.59375,14,Darren McFadden,RB,LV,12.708333333333334,2,0.25,25,-0.34375,-4.977380952380953,-2
00-0026144,Darren McFadden,RB,2012,LV,12.708333333333334,2,0.25,25,Darren McFadden,RB,LV,9.834,1,0.34375,22,0.09375,-2.8743333333333343,-1
00-0026144,Darren McFadden,RB,2013,LV,9.834,1,0.34375,22,Darren McFadden,RB,LV,7.5375,0,0.03125,32,-0.3125,-2.2965,-1
00-0026153,Jonathan Stewart,RB,2008,CAR,9.6375,1,0.75,9,Jonathan Stewart,RB,CAR,12.95,2,0.375,21,-0.375,3.3125,1
00-0026153,Jonathan Stewart,RB,2009,CAR,12.95,2,0.375,21,Jonathan Stewart,RB,CAR,7.521428571428571,0,0.03125,32,-0.34375,-5.428571428571428,-2
00-0026153,Jonathan Stewart,RB,2010,CAR,7.521428571428571,0,0.03125,32,Jonathan Stewart,RB,CAR,12.15,2,0.90625,4,0.875,4.628571428571429,2
00-0026153,Jonathan Stewart,RB,2011,CAR,12.15,2,0.90625,4,Jonathan Stewart,RB,CAR,8.7,0,0.71875,10,-0.1875,-3.450000000000001,-2
00-0026153,Jonathan Stewart,RB,2012,CAR,8.7,0,0.71875,10,Jonathan Stewart,RB,CAR,4.9,0,0.71875,10,0.0,-3.799999999999999,0
00-0026153,Jonathan Stewart,RB,2013,CAR,4.9,0,0.71875,10,Jonathan Stewart,RB,CAR,11.23076923076923,2,0.5625,15,-0.15625,6.33076923076923,2
00-0026153,Jonathan Stewart,RB,2014,CAR,11.23076923076923,2,0.5625,15,Jonathan Stewart,RB,CAR,12.523076923076925,2,0.8125,7,0.25,1.2923076923076948,0
00-0026153,Jonathan Stewart,RB,2015,CAR,12.523076923076925,2,0.8125,7,Jonathan Stewart,RB,CAR,11.261538461538462,2,0.3125,23,-0.5,-1.2615384615384624,0
00-0026153,Jonathan Stewart,RB,2016,CAR,11.261538461538462,2,0.3125,23,Jonathan Stewart,RB,CAR,7.813333333333333,0,0.625,13,0.3125,-3.44820512820513,-2
00-0026158,Joe Flacco,QB,2008,BAL,11.515,1,0.5,17,Joe Flacco,QB,BAL,12.92,1,0.75,9,0.25,1.4049999999999994,0
00-0026158,Joe Flacco,QB,2009,BAL,12.92,1,0.75,9,Joe Flacco,QB,BAL,14.455,1,0.65625,12,-0.09375,1.5350000000000001,0
00-0026158,Joe Flacco,QB,2010,BAL,14.455,1,0.65625,12,Joe Flacco,QB,BAL,12.7125,1,0.6875,11,0.03125,-1.7424999999999997,0
00-0026158,Joe Flacco,QB,2011,BAL,12.7125,1,0.6875,11,Joe Flacco,QB,BAL,14.68,1,0.59375,14,-0.09375,1.9674999999999994,0
00-0026158,Joe Flacco,QB,2012,BAL,14.68,1,0.59375,14,Joe Flacco,QB,BAL,12.97375,1,0.15625,28,-0.4375,-1.706249999999999,0
00-0026158,Joe Flacco,QB,2013,BAL,12.97375,1,0.15625,28,Joe Flacco,QB,BAL,16.4025,2,0.8125,7,0.65625,3.428749999999999,1
00-0026158,Joe Flacco,QB,2014,BAL,16.4025,2,0.8125,7,Joe Flacco,QB,BAL,16.194,2,0.15625,28,-0.65625,-0.2085000000000008,0
00-0026158,Joe Flacco,QB,2015,BAL,16.194,2,0.15625,28,Joe Flacco,QB,BAL,15.155,2,0.25,25,0.09375,-1.0389999999999997,0
00-0026158,Joe Flacco,QB,2016,BAL,15.155,2,0.25,25,Joe Flacco,QB,BAL,11.565,1,0.375,21,0.125,-3.59,-1
00-0026158,Joe Flacco,QB,2017,BAL,11.565,1,0.375,21,Joe Flacco,QB,BAL,15.237777777777776,2,0.5625,15,0.1875,3.6727777777777764,1
00-0026162,Felix Jones,RB,2008,DAL,10.72,1,0.46875,18,Felix Jones,RB,DAL,8.242857142857144,0,0.84375,6,0.375,-2.477142857142857,-1
00-0026162,Felix Jones,RB,2009,DAL,8.242857142857144,0,0.84375,6,Felix Jones,RB,DAL,11.41875,2,0.59375,14,-0.25,3.1758928571428555,2
00-0026162,Felix Jones,RB,2010,DAL,11.41875,2,0.59375,14,Felix Jones,RB,DAL,9.8,1,0.75,9,0.15625,-1.6187499999999986,-1
00-0026162,Felix Jones,RB,2011,DAL,9.8,1,0.75,9,Felix Jones,RB,DAL,7.4625,0,0.65625,12,-0.09375,-2.3375000000000004,-1
00-0026163,Rashard Mendenhall,RB,2009,PIT,13.593333333333334,3,0.65625,12,Rashard Mendenhall,RB,PIT,15.0625,3,0.71875,10,0.0625,1.4691666666666663,0
00-0026163,Rashard Mendenhall,RB,2010,PIT,15.0625,3,0.71875,10,Rashard Mendenhall,RB,PIT,11.88,2,0.84375,6,0.125,-3.182499999999999,-1
00-0026163,Rashard Mendenhall,RB,2011,PIT,11.88,2,0.84375,6,Rashard Mendenhall,RB,PIT,6.233333333333333,0,0.4375,19,-0.40625,-5.646666666666667,-2
00-0026164,Chris Johnson,RB,2008,TEN,16.653333333333332,4,0.5625,15,Chris Johnson,RB,TEN,24.56875,5,0.59375,14,0.03125,7.915416666666669,1
00-0026164,Chris Johnson,RB,2009,TEN,24.56875,5,0.59375,14,Chris Johnson,RB,TEN,17.05625,4,0.5,17,-0.09375,-7.512500000000003,-1
00-0026164,Chris Johnson,RB,2010,TEN,17.05625,4,0.5,17,Chris Johnson,RB,TEN,14.09375,3,0.4375,19,-0.0625,-2.9624999999999986,-1
00-0026164,Chris Johnson,RB,2011,TEN,14.09375,3,0.4375,19,Chris Johnson,RB,TEN,13.2625,3,0.15625,28,-0.28125,-0.8312500000000007,0
00-0026164,Chris Johnson,RB,2012,TEN,13.2625,3,0.15625,28,Chris Johnson,RB,TEN,15.0125,3,0.5625,15,0.40625,1.75,0
00-0026164,Chris Johnson,RB,2015,ARI,9.745454545454546,1,1.0,1,Chris Johnson,RB,ARI,3.875,0,0.4375,19,-0.5625,-5.870454545454546,-1
00-0026164,Chris Johnson,RB,2016,ARI,3.875,0,0.4375,19,Chris Johnson,RB,ARI,5.175,0,0.0625,31,-0.375,1.2999999999999998,0
00-0026170,Dustin Keller,TE,2008,NYJ,8.535714285714286,2,0.625,13,Dustin Keller,TE,NYJ,6.86875,1,0.34375,22,-0.28125,-1.6669642857142861,-1
00-0026170,Dustin Keller,TE,2009,NYJ,6.86875,1,0.34375,22,Dustin Keller,TE,NYJ,10.246666666666666,2,0.46875,18,0.125,3.377916666666666,1
00-0026170,Dustin Keller,TE,2010,NYJ,10.246666666666666,2,0.46875,18,Dustin Keller,TE,NYJ,10.90625,3,0.3125,23,-0.15625,0.6595833333333339,1
00-0026170,Dustin Keller,TE,2011,NYJ,10.90625,3,0.3125,23,Dustin Keller,TE,NYJ,8.9625,2,0.125,29,-0.1875,-1.9437499999999996,-1
00-0026173,Donnie Avery,WR,2008,LA,10.87857142857143,1,0.03125,32,Donnie Avery,WR,LA,8.55625,0,0.03125,32,0.0,-2.3223214285714295,-1
00-0026173,Donnie Avery,WR,2013,KC,7.346666666666667,0,0.59375,14,Donnie Avery,WR,KC,6.12,0,0.71875,10,0.125,-1.2266666666666666,0
00-0026174,Devin Thomas,WR,2008,WAS,3.83,0,0.375,21,Devin Thomas,WR,WAS,5.792307692307692,0,0.40625,20,0.03125,1.962307692307692,0
00-0026176,Jordy Nelson,WR,2008,GB,5.44,0,0.71875,10,Jordy Nelson,WR,GB,5.5,0,0.9375,3,0.21875,0.05999999999999961,0
00-0026176,Jordy Nelson,WR,2009,GB,5.5,0,0.9375,3,Jordy Nelson,WR,GB,7.075,0,0.84375,6,-0.09375,1.5750000000000002,0
00-0026176,Jordy Nelson,WR,2010,GB,7.075,0,0.84375,6,Jordy Nelson,WR,GB,17.76875,4,1.0,1,0.15625,10.693750000000001,4
00-0026176,Jordy Nelson,WR,2011,GB,17.76875,4,1.0,1,Jordy Nelson,WR,GB,13.958333333333334,2,0.84375,6,-0.15625,-3.810416666666667,-2
00-0026176,Jordy Nelson,WR,2012,GB,13.958333333333334,2,0.84375,6,Jordy Nelson,WR,GB,16.525,3,0.84375,6,0.0,2.5666666666666647,1
00-0026176,Jordy Nelson,WR,2013,GB,16.525,3,0.84375,6,Jordy Nelson,WR,GB,20.49375,4,1.0,1,0.15625,3.96875,1
00-0026176,Jordy Nelson,WR,2016,GB,19.04375,4,0.9375,3,Jordy Nelson,WR,GB,9.8,1,0.59375,14,-0.34375,-9.243749999999999,-3
00-0026178,John Carlson,TE,2008,SEA,9.846666666666666,2,0.21875,26,John Carlson,TE,SEA,9.4,2,0.25,25,0.03125,-0.44666666666666544,0
00-0026178,John Carlson,TE,2009,SEA,9.4,2,0.25,25,John Carlson,TE,SEA,4.914285714285714,0,0.09375,30,-0.15625,-4.485714285714287,-2
00-0026178,John Carlson,TE,2012,MIN,1.3666666666666667,0,0.53125,16,John Carlson,TE,MIN,5.56923076923077,0,0.4375,19,-0.09375,4.202564102564104,0
00-0026182,Eddie Royal,WR,2008,DEN,15.326666666666666,3,0.875,5,Eddie Royal,WR,DEN,6.43076923076923,0,0.4375,19,-0.4375,-8.895897435897435,-3
00-0026182,Eddie Royal,WR,2009,DEN,6.43076923076923,0,0.4375,19,Eddie Royal,WR,DEN,8.9875,1,0.4375,19,0.0,2.5567307692307706,1
00-0026182,Eddie Royal,WR,2010,DEN,8.9875,1,0.4375,19,Eddie Royal,WR,DEN,4.275,0,0.25,25,-0.1875,-4.7125,-1
00-0026182,Eddie Royal,WR,2012,LAC,5.46,0,0.3125,23,Eddie Royal,WR,LAC,10.64,1,0.96875,2,0.65625,5.180000000000001,1
00-0026182,Eddie Royal,WR,2013,LAC,10.64,1,0.96875,2,Eddie Royal,WR,LAC,11.325,2,0.65625,12,-0.3125,0.6849999999999987,1
00-0026182,Eddie Royal,WR,2015,CHI,7.411111111111111,0,0.46875,18,Eddie Royal,WR,CHI,9.766666666666667,1,0.375,21,-0.09375,2.355555555555556,1
00-0026184,Matt Forte,RB,2008,CHI,19.09375,5,0.1875,27,Matt Forte,RB,CHI,13.5625,3,0.28125,24,0.09375,-5.53125,-2
00-0026184,Matt Forte,RB,2009,CHI,13.5625,3,0.28125,24,Matt Forte,RB,CHI,16.5375,4,0.21875,26,-0.0625,2.9750000000000014,1
00-0026184,Matt Forte,RB,2010,CHI,16.5375,4,0.21875,26,Matt Forte,RB,CHI,18.391666666666666,4,0.125,29,-0.09375,1.8541666666666643,0
00-0026184,Matt Forte,RB,2011,CHI,18.391666666666666,4,0.125,29,Matt Forte,RB,CHI,14.76,3,0.34375,22,0.21875,-3.631666666666666,-1
00-0026184,Matt Forte,RB,2012,CHI,14.76,3,0.34375,22,Matt Forte,RB,CHI,21.09375,5,0.875,5,0.53125,6.33375,2
00-0026184,Matt Forte,RB,2013,CHI,21.09375,5,0.875,5,Matt Forte,RB,CHI,21.675,5,0.3125,23,-0.5625,0.5812500000000007,0
00-0026184,Matt Forte,RB,2014,CHI,21.675,5,0.3125,23,Matt Forte,RB,CHI,16.515384615384615,4,0.46875,18,0.15625,-5.159615384615385,-1
00-0026184,Matt Forte,RB,2016,NYJ,13.114285714285714,2,0.15625,28,Matt Forte,RB,NYJ,10.033333333333331,1,0.28125,24,0.125,-3.0809523809523824,-1
00-0026186,Jerome Simpson,WR,2010,CIN,15.475,3,0.40625,20,Jerome Simpson,WR,CIN,9.15625,1,0.5,17,0.09375,-6.31875,-2
00-0026186,Jerome Simpson,WR,2012,MIN,4.283333333333333,0,0.53125,16,Jerome Simpson,WR,MIN,7.9125,0,0.4375,19,-0.09375,3.6291666666666664,0
00-0026188,Fred Davis,TE,2008,WAS,1.35,0,0.375,21,Fred Davis,TE,WAS,8.993333333333334,2,0.40625,20,0.03125,7.643333333333334,2
00-0026188,Fred Davis,TE,2009,WAS,8.993333333333334,2,0.40625,20,Fred Davis,TE,WAS,5.43076923076923,0,0.25,25,-0.15625,-3.562564102564104,-2
00-0026188,Fred Davis,TE,2010,WAS,5.43076923076923,0,0.25,25,Fred Davis,TE,WAS,12.883333333333333,4,0.375,21,0.125,7.452564102564103,4
00-0026188,Fred Davis,TE,2011,WAS,12.883333333333333,4,0.375,21,Fred Davis,TE,WAS,8.085714285714285,2,0.96875,2,0.59375,-4.7976190476190474,-2
00-0026188,Fred Davis,TE,2012,WAS,8.085714285714285,2,0.96875,2,Fred Davis,TE,WAS,2.857142857142857,0,0.3125,23,-0.65625,-5.228571428571428,-2
00-0026189,DeSean Jackson,WR,2008,PHI,11.56875,2,0.59375,14,DeSean Jackson,WR,PHI,17.56,3,0.71875,10,0.125,5.991249999999999,1
00-0026189,DeSean Jackson,WR,2009,PHI,17.56,3,0.71875,10,DeSean Jackson,WR,PHI,15.028571428571428,3,0.875,5,0.15625,-2.5314285714285703,0
00-0026189,DeSean Jackson,WR,2010,PHI,15.028571428571428,3,0.875,5,DeSean Jackson,WR,PHI,12.146666666666668,2,0.8125,7,-0.0625,-2.88190476190476,-1
00-0026189,DeSean Jackson,WR,2011,PHI,12.146666666666668,2,0.8125,7,DeSean Jackson,WR,PHI,11.481818181818182,2,0.1875,27,-0.625,-0.6648484848484859,0
00-0026189,DeSean Jackson,WR,2012,PHI,11.481818181818182,2,0.1875,27,DeSean Jackson,WR,PHI,16.8375,3,0.90625,4,0.71875,5.355681818181816,1
00-0026189,DeSean Jackson,WR,2014,WAS,13.973333333333333,2,0.28125,24,DeSean Jackson,WR,WAS,11.866666666666667,2,0.65625,12,0.375,-2.1066666666666656,0
00-0026189,DeSean Jackson,WR,2015,WAS,11.866666666666667,2,0.65625,12,DeSean Jackson,WR,WAS,12.033333333333331,2,0.875,5,0.21875,0.1666666666666643,0
00-0026189,DeSean Jackson,WR,2017,TB,9.9,1,0.65625,12,DeSean Jackson,WR,TB,12.608333333333334,2,0.65625,12,0.0,2.708333333333334,1
00-0026195,Ray Rice,RB,2008,BAL,8.483333333333333,0,0.5,17,Ray Rice,RB,BAL,20.25625,5,0.75,9,0.25,11.772916666666669,5
00-0026195,Ray Rice,RB,2009,BAL,20.25625,5,0.75,9,Ray Rice,RB,BAL,17.2875,4,0.65625,12,-0.09375,-2.96875,-1
00-0026195,Ray Rice,RB,2010,BAL,17.2875,4,0.65625,12,Ray Rice,RB,BAL,23.3025,5,0.6875,11,0.03125,6.014999999999997,1
00-0026195,Ray Rice,RB,2011,BAL,23.3025,5,0.6875,11,Ray Rice,RB,BAL,17.69375,4,0.59375,14,-0.09375,-5.608749999999997,-1
00-0026195,Ray Rice,RB,2012,BAL,17.69375,4,0.59375,14,Ray Rice,RB,BAL,11.886666666666668,2,0.15625,28,-0.4375,-5.807083333333333,-2
00-0026197,Chad Henne,QB,2009,MIA,10.308571428571428,1,0.53125,16,Chad Henne,QB,MIA,10.474666666666668,1,0.3125,23,-0.21875,0.16609523809523985,0
00-0026197,Chad Henne,QB,2010,MIA,10.474666666666668,1,0.3125,23,Chad Henne,QB,MIA,14.98,1,0.46875,18,0.15625,4.505333333333333,0
00-0026197,Chad Henne,QB,2012,JAX,11.416,1,0.09375,30,Chad Henne,QB,JAX,10.756,1,0.03125,32,-0.0625,-0.6600000000000001,0
00-0026201,Martellus Bennett,TE,2008,DAL,6.025,1,0.46875,18,Martellus Bennett,TE,DAL,2.376923076923077,0,0.84375,6,0.375,-3.6480769230769234,-1
00-0026201,Martellus Bennett,TE,2009,DAL,2.376923076923077,0,0.84375,6,Martellus Bennett,TE,DAL,3.933333333333333,0,0.59375,14,-0.25,1.5564102564102562,0
00-0026201,Martellus Bennett,TE,2010,DAL,3.933333333333333,0,0.59375,14,Martellus Bennett,TE,DAL,3.14,0,0.75,9,0.15625,-0.793333333333333,0
00-0026201,Martellus Bennett,TE,2013,CHI,10.55625,3,0.875,5,Martellus Bennett,TE,CHI,13.85,4,0.3125,23,-0.5625,3.2937499999999993,1
00-0026201,Martellus Bennett,TE,2014,CHI,13.85,4,0.3125,23,Martellus Bennett,TE,CHI,10.445454545454544,3,0.46875,18,0.15625,-3.404545454545456,-1
00-0026204,Kevin Smith,RB,2008,DET,13.19375,2,0.09375,30,Kevin Smith,RB,DET,13.96923076923077,3,0.09375,30,0.0,0.7754807692307697,1
00-0026204,Kevin Smith,RB,2009,DET,13.96923076923077,3,0.09375,30,Kevin Smith,RB,DET,5.966666666666666,0,0.375,21,0.28125,-8.002564102564104,-3
00-0026204,Kevin Smith,RB,2010,DET,5.966666666666666,0,0.375,21,Kevin Smith,RB,DET,18.085714285714285,4,0.65625,12,0.28125,12.11904761904762,4
00-0026204,Kevin Smith,RB,2011,DET,18.085714285714285,4,0.65625,12,Kevin Smith,RB,DET,4.811111111111111,0,0.46875,18,-0.1875,-13.274603174603175,-4
00-0026209,Jacob Hester,RB,2008,LAC,5.8,0,1.0,1,Jacob Hester,RB,LAC,1.5272727272727271,0,1.0,1,0.0,-4.2727272727272725,0
00-0026209,Jacob Hester,RB,2009,LAC,1.5272727272727271,0,1.0,1,Jacob Hester,RB,LAC,3.4642857142857144,0,0.9375,3,-0.0625,1.9370129870129873,0
00-0026209,Jacob Hester,RB,2010,LAC,3.4642857142857144,0,0.9375,3,Jacob Hester,RB,LAC,1.9875,0,0.875,5,-0.0625,-1.4767857142857144,0
00-0026210,Earl Bennett,WR,2009,CHI,9.10625,1,0.28125,24,Earl Bennett,WR,CHI,8.642857142857142,0,0.21875,26,-0.0625,-0.46339285714285694,-1
00-0026210,Earl Bennett,WR,2010,CHI,8.642857142857142,0,0.21875,26,Earl Bennett,WR,CHI,6.009090909090909,0,0.125,29,-0.09375,-2.6337662337662335,0
00-0026210,Earl Bennett,WR,2011,CHI,6.009090909090909,0,0.125,29,Earl Bennett,WR,CHI,6.541666666666667,0,0.34375,22,0.21875,0.5325757575757581,0
00-0026210,Earl Bennett,WR,2012,CHI,6.541666666666667,0,0.34375,22,Earl Bennett,WR,CHI,5.878571428571428,0,0.875,5,0.53125,-0.6630952380952388,0
00-0026213,Jamaal Charles,RB,2008,KC,5.74375,0,0.28125,24,Jamaal Charles,RB,KC,15.58,3,0.21875,26,-0.0625,9.83625,3
00-0026213,Jamaal Charles,RB,2009,KC,15.58,3,0.21875,26,Jamaal Charles,RB,KC,17.65625,4,0.6875,11,0.46875,2.07625,1
00-0026213,Jamaal Charles,RB,2012,KC,14.96875,3,0.0625,31,Jamaal Charles,RB,KC,25.2,5,0.59375,14,0.53125,10.23125,2
00-0026213,Jamaal Charles,RB,2013,KC,25.2,5,0.59375,14,Jamaal Charles,RB,KC,16.693333333333335,4,0.71875,10,0.125,-8.506666666666664,-1
00-0026213,Jamaal Charles,RB,2014,KC,16.693333333333335,4,0.71875,10,Jamaal Charles,RB,KC,20.22,5,0.78125,8,0.0625,3.5266666666666637,1
00-0026216,Brad Cottam,TE,2008,KC,2.66,0,0.28125,24,Brad Cottam,TE,KC,3.5,0,0.21875,26,-0.0625,0.8399999999999999,0
00-0026221,Early Doucet,WR,2008,ARI,4.6,0,0.6875,11,Early Doucet,WR,ARI,4.933333333333334,0,0.46875,18,-0.21875,0.3333333333333339,0
00-0026221,Early Doucet,WR,2009,ARI,4.933333333333334,0,0.46875,18,Early Doucet,WR,ARI,6.16,0,0.0625,31,-0.40625,1.2266666666666666,0
00-0026221,Early Doucet,WR,2010,ARI,6.16,0,0.0625,31,Early Doucet,WR,ARI,9.55625,1,0.28125,24,0.21875,3.39625,1
00-0026221,Early Doucet,WR,2011,ARI,9.55625,1,0.28125,24,Early Doucet,WR,ARI,4.133333333333334,0,0.03125,32,-0.25,-5.422916666666667,-1
00-0026224,Harry Douglas,WR,2010,ATL,3.793333333333333,0,0.8125,7,Harry Douglas,WR,ATL,7.315384615384615,0,0.71875,10,-0.09375,3.522051282051282,0
00-0026224,Harry Douglas,WR,2011,ATL,7.315384615384615,0,0.71875,10,Harry Douglas,WR,ATL,5.593333333333334,0,0.78125,8,0.0625,-1.7220512820512814,0
00-0026224,Harry Douglas,WR,2012,ATL,5.593333333333334,0,0.78125,8,Harry Douglas,WR,ATL,12.6125,2,0.53125,16,-0.25,7.019166666666667,2
00-0026224,Harry Douglas,WR,2013,ATL,12.6125,2,0.53125,16,Harry Douglas,WR,ATL,10.05,1,0.625,13,0.09375,-2.5625,-1
00-0026224,Harry Douglas,WR,2015,TEN,6.321428571428571,0,0.0625,31,Harry Douglas,WR,TEN,5.142857142857143,0,0.625,13,0.5625,-1.178571428571428,0
00-0026225,Craig Stevens,TE,2010,TEN,2.707692307692308,0,0.5,17,Craig Stevens,TE,TEN,3.511111111111111,0,0.4375,19,-0.0625,0.8034188034188032,0
00-0026225,Craig Stevens,TE,2011,TEN,3.511111111111111,0,0.4375,19,Craig Stevens,TE,TEN,4.035714285714286,0,0.15625,28,-0.28125,0.5246031746031745,0
00-0026225,Craig Stevens,TE,2012,TEN,4.035714285714286,0,0.15625,28,Craig Stevens,TE,TEN,0.4166666666666667,0,0.5625,15,0.40625,-3.619047619047619,0
00-0026229,Steve Slaton,RB,2008,HOU,16.99375,4,0.65625,12,Steve Slaton,RB,HOU,14.672727272727274,3,0.6875,11,0.03125,-2.321022727272725,-1
00-0026229,Steve Slaton,RB,2009,HOU,14.672727272727274,3,0.6875,11,Steve Slaton,RB,HOU,2.68,0,0.96875,2,0.28125,-11.992727272727274,-3
00-0026231,Jermichael Finley,TE,2008,GB,3.88,0,0.71875,10,Jermichael Finley,TE,GB,12.55,4,0.9375,3,0.21875,8.670000000000002,4
00-0026231,Jermichael Finley,TE,2009,GB,12.55,4,0.9375,3,Jermichael Finley,TE,GB,14.275,4,0.84375,6,-0.09375,1.7249999999999996,0
00-0026231,Jermichael Finley,TE,2010,GB,14.275,4,0.84375,6,Jermichael Finley,TE,GB,11.23125,3,1.0,1,0.15625,-3.043750000000001,-1
00-0026231,Jermichael Finley,TE,2011,GB,11.23125,3,1.0,1,Jermichael Finley,TE,GB,8.60625,2,0.84375,6,-0.15625,-2.625,-1
00-0026231,Jermichael Finley,TE,2012,GB,8.60625,2,0.84375,6,Jermichael Finley,TE,GB,12.166666666666666,4,0.84375,6,0.0,3.560416666666667,2
00-0026235,Mario Manningham,WR,2008,NYG,1.35,0,0.84375,6,Mario Manningham,WR,NYG,11.94285714285714,2,0.78125,8,-0.0625,10.59285714285714,2
00-0026235,Mario Manningham,WR,2009,NYG,11.94285714285714,2,0.78125,8,Mario Manningham,WR,NYG,12.9125,2,0.5625,15,-0.21875,0.9696428571428601,0
00-0026235,Mario Manningham,WR,2010,NYG,12.9125,2,0.5625,15,Mario Manningham,WR,NYG,10.481818181818182,1,0.78125,8,0.21875,-2.4306818181818173,-1
00-0026235,Mario Manningham,WR,2012,SF,8.108333333333333,0,0.875,5,Mario Manningham,WR,SF,3.5,0,0.65625,12,-0.21875,-4.6083333333333325,0
00-0026237,Andre Caldwell,WR,2008,CIN,4.82,0,0.0625,31,Andre Caldwell,WR,CIN,7.15,0,0.5,17,0.4375,2.33,0
00-0026237,Andre Caldwell,WR,2009,CIN,7.15,0,0.5,17,Andre Caldwell,WR,CIN,6.588888888888889,0,0.40625,20,-0.09375,-0.5611111111111118,0
00-0026237,Andre Caldwell,WR,2010,CIN,6.588888888888889,0,0.40625,20,Andre Caldwell,WR,CIN,7.225,0,0.5,17,0.09375,0.6361111111111111,0
00-0026237,Andre Caldwell,WR,2013,DEN,4.558333333333334,0,1.0,1,Andre Caldwell,WR,DEN,1.2125,0,0.84375,6,-0.15625,-3.3458333333333337,0
00-0026237,Andre Caldwell,WR,2014,DEN,1.2125,0,0.84375,6,Andre Caldwell,WR,DEN,2.458333333333333,0,0.25,25,-0.59375,1.2458333333333331,0
00-0026262,Tashard Choice,RB,2008,DAL,9.87,1,0.46875,18,Tashard Choice,RB,DAL,5.553333333333333,0,0.84375,6,0.375,-4.316666666666666,-1
00-0026262,Tashard Choice,RB,2009,DAL,5.553333333333333,0,0.84375,6,Tashard Choice,RB,DAL,5.683333333333334,0,0.59375,14,-0.25,0.13000000000000078,0
00-0026262,Tashard Choice,RB,2010,DAL,5.683333333333334,0,0.59375,14,Tashard Choice,RB,DAL,3.7384615384615385,0,0.75,9,0.15625,-1.944871794871795,0
00-0026262,Tashard Choice,RB,2012,BUF,3.775,0,0.40625,20,Tashard Choice,RB,BUF,1.807692307692308,0,0.25,25,-0.15625,-1.967307692307692,0
00-0026266,Lavelle Hawkins,WR,2008,TEN,2.76,0,0.5625,15,Lavelle Hawkins,WR,TEN,3.0,0,0.59375,14,0.03125,0.2400000000000002,0
00-0026266,Lavelle Hawkins,WR,2011,TEN,6.666666666666667,0,0.4375,19,Lavelle Hawkins,WR,TEN,1.8666666666666665,0,0.15625,28,-0.28125,-4.800000000000001,0
00-0026267,Jacob Tamme,TE,2009,IND,1.3,0,0.96875,2,Jacob Tamme,TE,IND,15.41,5,0.90625,4,-0.0625,14.11,5
00-0026267,Jacob Tamme,TE,2010,IND,15.41,5,0.90625,4,Jacob Tamme,TE,IND,4.7444444444444445,0,0.09375,30,-0.8125,-10.665555555555557,-5
00-0026267,Jacob Tamme,TE,2012,DEN,7.966666666666667,1,0.9375,3,Jacob Tamme,TE,DEN,4.933333333333334,0,1.0,1,0.0625,-3.033333333333333,-1
00-0026267,Jacob Tamme,TE,2013,DEN,4.933333333333334,0,1.0,1,Jacob Tamme,TE,DEN,3.1727272727272724,0,0.84375,6,-0.15625,-1.7606060606060612,0
00-0026267,Jacob Tamme,TE,2015,ATL,8.713333333333333,2,0.53125,16,Jacob Tamme,TE,ATL,7.625,1,1.0,1,0.46875,-1.088333333333333,-1
00-0026268,Keenan Burton,WR,2008,LA,3.7,0,0.03125,32,Keenan Burton,WR,LA,5.588888888888889,0,0.03125,32,0.0,1.8888888888888884,0
00-0026272,Derek Fine,TE,2008,BUF,5.08,0,0.3125,23,Derek Fine,TE,BUF,3.08,0,0.1875,27,-0.125,-2.0,0
00-0026279,Ryan Torain,RB,2010,WAS,13.87,3,0.25,25,Ryan Torain,RB,WAS,4.2875,0,0.375,21,0.125,-9.5825,-3
00-0026281,Gary Barnidge,TE,2013,CLE,3.141666666666667,0,0.21875,26,Gary Barnidge,TE,CLE,3.177777777777778,0,0.25,25,0.03125,0.03611111111111098,0
00-0026281,Gary Barnidge,TE,2014,CLE,3.177777777777778,0,0.25,25,Gary Barnidge,TE,CLE,14.83125,5,0.1875,27,-0.0625,11.653472222222224,5
00-0026281,Gary Barnidge,TE,2015,CLE,14.83125,5,0.1875,27,Gary Barnidge,TE,CLE,8.1375,2,0.28125,24,0.09375,-6.693750000000001,-3
00-0026289,Tim Hightower,RB,2008,ARI,9.74375,1,0.6875,11,Tim Hightower,RB,ARI,12.85,2,0.46875,18,-0.21875,3.1062499999999993,1
00-0026289,Tim Hightower,RB,2009,ARI,12.85,2,0.46875,18,Tim Hightower,RB,ARI,8.1375,0,0.0625,31,-0.40625,-4.7125,-2
00-0026289,Tim Hightower,RB,2015,NO,14.4,3,0.875,5,Tim Hightower,RB,NO,8.453333333333333,0,0.84375,6,-0.03125,-5.946666666666667,-3
00-0026298,Kellen Davis,TE,2011,CHI,4.573333333333333,0,0.125,29,Kellen Davis,TE,CHI,3.707142857142857,0,0.34375,22,0.21875,-0.8661904761904764,0
00-0026300,Josh Johnson,QB,2009,TB,8.040000000000001,0,0.15625,28,Josh Johnson,QB,TB,1.0425,0,0.78125,8,0.625,-6.9975000000000005,0
00-0026300,Josh Johnson,QB,2010,TB,1.0425,0,0.78125,8,Josh Johnson,QB,TB,1.6155555555555554,0,0.15625,28,-0.625,0.5730555555555554,0
00-0026314,Josh Morgan,WR,2008,SF,7.7666666666666675,0,0.25,25,Josh Morgan,WR,SF,8.586666666666668,0,0.3125,23,0.0625,0.8200000000000003,0
00-0026314,Josh Morgan,WR,2009,SF,8.586666666666668,0,0.3125,23,Josh Morgan,WR,SF,7.84375,0,0.34375,22,0.03125,-0.7429166666666678,0
00-0026314,Josh Morgan,WR,2010,SF,7.84375,0,0.34375,22,Josh Morgan,WR,SF,8.6,0,0.53125,16,0.1875,0.7562499999999996,0
00-0026314,Josh Morgan,WR,2012,WAS,7.09375,0,0.96875,2,Josh Morgan,WR,WAS,3.284615384615385,0,0.3125,23,-0.65625,-3.809134615384615,0
00-0026342,Mike Hart,RB,2009,IND,5.85,0,0.96875,2,Mike Hart,RB,IND,5.5,0,0.90625,4,-0.0625,-0.34999999999999964,0
00-0026345,Pierre Garcon,WR,2009,IND,10.607142857142858,1,0.96875,2,Pierre Garcon,WR,IND,13.157142857142857,2,0.90625,4,-0.0625,2.549999999999999,1
00-0026345,Pierre Garcon,WR,2010,IND,13.157142857142857,2,0.90625,4,Pierre Garcon,WR,IND,12.46875,2,0.09375,30,-0.8125,-0.6883928571428566,0
00-0026345,Pierre Garcon,WR,2012,WAS,13.22,2,0.96875,2,Pierre Garcon,WR,WAS,17.34375,3,0.3125,23,-0.65625,4.123749999999999,1
00-0026345,Pierre Garcon,WR,2013,WAS,17.34375,3,0.3125,23,Pierre Garcon,WR,WAS,10.075,1,0.28125,24,-0.03125,-7.268750000000001,-2
00-0026345,Pierre Garcon,WR,2014,WAS,10.075,1,0.28125,24,Pierre Garcon,WR,WAS,11.60625,2,0.65625,12,0.375,1.53125,1
00-0026345,Pierre Garcon,WR,2015,WAS,11.60625,2,0.65625,12,Pierre Garcon,WR,WAS,12.56875,2,0.875,5,0.21875,0.9625000000000004,0
00-0026345,Pierre Garcon,WR,2017,SF,11.25,2,0.53125,16,Pierre Garcon,WR,SF,7.325,0,0.375,21,-0.15625,-3.925,-2
00-0026349,Matt Flynn,QB,2008,GB,0.16,0,0.71875,10,Matt Flynn,QB,GB,-0.045,0,0.9375,3,0.21875,-0.20500000000000002,0
00-0026349,Matt Flynn,QB,2009,GB,-0.045,0,0.9375,3,Matt Flynn,QB,GB,4.32,0,0.84375,6,-0.09375,4.365,0
00-0026349,Matt Flynn,QB,2010,GB,4.32,0,0.84375,6,Matt Flynn,QB,GB,8.824,0,1.0,1,0.15625,4.504,0
00-0026349,Matt Flynn,QB,2013,GB,10.311428571428571,1,0.84375,6,Matt Flynn,QB,GB,-0.3371428571428571,0,1.0,1,0.15625,-10.648571428571428,-1
00-0026364,Steve Johnson,WR,2010,BUF,15.45625,3,0.15625,28,Steve Johnson,WR,BUF,13.65,2,0.5625,15,0.40625,-1.8062500000000004,-1
00-0026364,Steve Johnson,WR,2011,BUF,13.65,2,0.5625,15,Steve Johnson,WR,BUF,13.6,2,0.40625,20,-0.15625,-0.05000000000000071,0
00-0026364,Steve Johnson,WR,2012,BUF,13.6,2,0.40625,20,Steve Johnson,WR,BUF,10.891666666666666,1,0.25,25,-0.15625,-2.708333333333334,-1
00-0026366,Chaz Schilens,WR,2008,LV,6.175,0,0.15625,28,Chaz Schilens,WR,LV,9.6875,1,0.0625,31,-0.09375,3.5125,1
00-0026366,Chaz Schilens,WR,2009,LV,9.6875,1,0.0625,31,Chaz Schilens,WR,LV,3.75,0,0.53125,16,0.46875,-5.9375,-1
00-0026366,Chaz Schilens,WR,2010,LV,3.75,0,0.53125,16,Chaz Schilens,WR,LV,5.6454545454545455,0,0.59375,14,0.0625,1.8954545454545455,0
00-0026367,Peyton Hillis,RB,2008,DEN,14.6,3,0.875,5,Peyton Hillis,RB,DEN,2.1625,0,0.4375,19,-0.4375,-12.4375,-3
00-0026367,Peyton Hillis,RB,2010,CLE,18.4325,4,0.28125,24,Peyton Hillis,RB,CLE,10.97,1,0.21875,26,-0.0625,-7.4625,-3
00-0026367,Peyton Hillis,RB,2013,NYG,8.185714285714285,0,0.0625,31,Peyton Hillis,RB,NYG,5.033333333333333,0,0.5,17,0.4375,-3.152380952380952,0
00-0026373,Justin Forsett,RB,2009,SEA,10.36875,1,0.25,25,Justin Forsett,RB,SEA,7.6375,0,0.09375,30,-0.15625,-2.73125,-1
00-0026373,Justin Forsett,RB,2010,SEA,7.6375,0,0.09375,30,Justin Forsett,RB,SEA,3.51875,0,0.34375,22,0.25,-4.11875,0
00-0026373,Justin Forsett,RB,2014,BAL,15.44375,3,0.8125,7,Justin Forsett,RB,BAL,12.24,2,0.15625,28,-0.65625,-3.2037499999999994,-1
00-0026432,Lance Ball,RB,2010,DEN,2.914285714285714,0,0.4375,19,Lance Ball,RB,DEN,5.266666666666667,0,0.25,25,-0.1875,2.3523809523809525,0
00-0026432,Lance Ball,RB,2011,DEN,5.266666666666667,0,0.25,25,Lance Ball,RB,DEN,3.86,0,0.9375,3,0.6875,-1.4066666666666667,0
00-0026465,Anthony Armstrong,WR,2010,WAS,9.806666666666668,1,0.25,25,Anthony Armstrong,WR,WAS,3.12,0,0.375,21,0.125,-6.686666666666668,-1
00-0026491,Stefan Logan,WR,2010,DET,1.9375,0,0.375,21,Stefan Logan,WR,DET,0.6777777777777777,0,0.65625,12,0.28125,-1.2597222222222224,0
00-0026491,Stefan Logan,WR,2011,DET,0.6777777777777777,0,0.65625,12,Stefan Logan,WR,DET,2.1,0,0.46875,18,-0.1875,1.4222222222222225,0
00-0026498,Matthew Stafford,QB,2011,DET,21.6125,4,0.65625,12,Matthew Stafford,QB,DET,17.28625,2,0.46875,18,-0.1875,-4.326250000000002,-2
00-0026498,Matthew Stafford,QB,2012,DET,17.28625,2,0.46875,18,Matthew Stafford,QB,DET,17.43125,2,0.46875,18,0.0,0.14499999999999957,0
00-0026498,Matthew Stafford,QB,2013,DET,17.43125,2,0.46875,18,Matthew Stafford,QB,DET,15.72375,2,0.53125,16,0.0625,-1.7074999999999978,0
00-0026498,Matthew Stafford,QB,2014,DET,15.72375,2,0.53125,16,Matthew Stafford,QB,DET,18.17375,3,0.4375,19,-0.09375,2.4499999999999975,1
00-0026498,Matthew Stafford,QB,2015,DET,18.17375,3,0.4375,19,Matthew Stafford,QB,DET,17.48625,2,0.75,9,0.3125,-0.6875,-1
00-0026498,Matthew Stafford,QB,2016,DET,17.48625,2,0.75,9,Matthew Stafford,QB,DET,17.1025,2,0.46875,18,-0.28125,-0.38374999999999915,0
00-0026498,Matthew Stafford,QB,2017,DET,17.1025,2,0.46875,18,Matthew Stafford,QB,DET,13.26125,1,0.3125,23,-0.15625,-3.8412499999999987,-1
00-0026498,Matthew Stafford,QB,2018,DET,13.26125,1,0.3125,23,Matthew Stafford,QB,DET,20.82,4,0.34375,22,0.03125,7.55875,3
00-0026498,Matthew Stafford,QB,2019,DET,20.82,4,0.34375,22,Matthew Stafford,QB,DET,16.285,2,0.40625,20,0.0625,-4.535,-2
00-0026498,Matthew Stafford,QB,2021,LA,19.396470588235296,3,0.78125,8,Matthew Stafford,QB,LA,12.042222222222222,1,0.125,29,-0.65625,-7.354248366013074,-2
00-0026498,Matthew Stafford,QB,2022,LA,12.042222222222222,1,0.125,29,Matthew Stafford,QB,LA,16.206666666666667,2,0.75,9,0.625,4.164444444444445,1
00-0026498,Matthew Stafford,QB,2023,LA,16.206666666666667,2,0.75,9,Matthew Stafford,QB,LA,13.41125,1,0.5625,15,-0.1875,-2.795416666666666,-1
00-0026498,Matthew Stafford,QB,2024,LA,13.41125,1,0.5625,15,Matthew Stafford,QB,LA,20.61058823529412,4,0.96875,2,0.40625,7.199338235294119,3
00-0026566,Isaac Redman,RB,2010,PIT,3.5266666666666664,0,0.71875,10,Isaac Redman,RB,PIT,5.48125,0,0.84375,6,0.125,1.9545833333333338,0
00-0026566,Isaac Redman,RB,2011,PIT,5.48125,0,0.84375,6,Isaac Redman,RB,PIT,6.457142857142857,0,0.4375,19,-0.40625,0.9758928571428571,0
00-0026579,Kahlil Bell,RB,2011,CHI,10.0,1,0.125,29,Kahlil Bell,RB,CHI,1.78,0,0.34375,22,0.21875,-8.22,-1
00-0026625,Brian Hoyer,QB,2009,NE,3.545,0,0.90625,4,Brian Hoyer,QB,NE,1.216,0,1.0,1,0.09375,-2.3289999999999997,0
00-0026739,Jordan Norwood,WR,2015,DEN,4.2700000000000005,0,0.25,25,Jordan Norwood,WR,DEN,3.442857142857143,0,0.1875,27,-0.0625,-0.8271428571428574,0
00-0026745,Curtis Brinkley,RB,2011,LAC,7.3,0,0.875,5,Curtis Brinkley,RB,LAC,5.2,0,0.3125,23,-0.5625,-2.0999999999999996,0
00-0026780,Kevin Ogletree,WR,2011,DAL,3.3,0,0.75,9,Kevin Ogletree,WR,DAL,7.178571428571429,0,0.65625,12,-0.09375,3.878571428571429,0
00-0026790,Tyrell Sutton,RB,2009,CAR,3.1666666666666665,0,0.375,21,Tyrell Sutton,RB,CAR,6.525,0,0.03125,32,-0.34375,3.358333333333334,0
00-0026796,Arian Foster,RB,2009,HOU,14.75,3,0.6875,11,Arian Foster,RB,HOU,24.4875,5,0.96875,2,0.28125,9.7375,2
00-0026796,Arian Foster,RB,2010,HOU,24.4875,5,0.96875,2,Arian Foster,RB,HOU,23.315384615384616,5,0.625,13,-0.34375,-1.1721153846153847,0
00-0026796,Arian Foster,RB,2011,HOU,23.315384615384616,5,0.625,13,Arian Foster,RB,HOU,18.88125,5,0.6875,11,0.0625,-4.434134615384615,0
00-0026796,Arian Foster,RB,2012,HOU,18.88125,5,0.6875,11,Arian Foster,RB,HOU,13.5875,3,0.09375,30,-0.59375,-5.293750000000001,-2
00-0026796,Arian Foster,RB,2013,HOU,13.5875,3,0.09375,30,Arian Foster,RB,HOU,21.03846153846154,5,0.34375,22,0.25,7.45096153846154,2
00-0026796,Arian Foster,RB,2014,HOU,21.03846153846154,5,0.34375,22,Arian Foster,RB,HOU,19.25,5,0.3125,23,-0.03125,-1.78846153846154,0
00-0026855,Antone Smith,RB,2013,ATL,7.375,0,0.53125,16,Antone Smith,RB,ATL,7.76,0,0.625,13,0.09375,0.3849999999999998,0
00-0026878,Tom Crabtree,TE,2010,GB,2.02,0,0.84375,6,Tom Crabtree,TE,GB,2.6333333333333333,0,1.0,1,0.15625,0.6133333333333333,0
00-0026878,Tom Crabtree,TE,2011,GB,2.6333333333333333,0,1.0,1,Tom Crabtree,TE,GB,5.7875,0,0.84375,6,-0.15625,3.1541666666666663,0
00-0026898,Mark Sanchez,QB,2009,NYJ,8.824000000000002,0,0.34375,22,Mark Sanchez,QB,NYJ,13.476,1,0.46875,18,0.125,4.651999999999999,1
00-0026898,Mark Sanchez,QB,2010,NYJ,13.476,1,0.46875,18,Mark Sanchez,QB,NYJ,14.82875,1,0.3125,23,-0.15625,1.3527499999999986,0
00-0026898,Mark Sanchez,QB,2011,NYJ,14.82875,1,0.3125,23,Mark Sanchez,QB,NYJ,7.874666666666667,0,0.125,29,-0.1875,-6.954083333333332,-1
00-0026899,Shonn Greene,RB,2009,NYJ,4.623076923076924,0,0.34375,22,Shonn Greene,RB,NYJ,7.506666666666666,0,0.46875,18,0.125,2.8835897435897415,0
00-0026899,Shonn Greene,RB,2010,NYJ,7.506666666666666,0,0.46875,18,Shonn Greene,RB,NYJ,12.03125,2,0.3125,23,-0.15625,4.524583333333334,2
00-0026899,Shonn Greene,RB,2011,NYJ,12.03125,2,0.3125,23,Shonn Greene,RB,NYJ,11.65,2,0.125,29,-0.1875,-0.38124999999999964,0
00-0026899,Shonn Greene,RB,2013,TEN,5.763636363636364,0,0.5625,15,Shonn Greene,RB,TEN,3.9615384615384617,0,0.09375,30,-0.46875,-1.802097902097902,0
00-0026901,Mike Wallace,WR,2009,PIT,9.5875,1,0.65625,12,Mike Wallace,WR,PIT,15.6,3,0.71875,10,0.0625,6.012499999999999,2
00-0026901,Mike Wallace,WR,2010,PIT,15.6,3,0.71875,10,Mike Wallace,WR,PIT,15.1875,3,0.84375,6,0.125,-0.41249999999999964,0
00-0026901,Mike Wallace,WR,2011,PIT,15.1875,3,0.84375,6,Mike Wallace,WR,PIT,12.966666666666669,2,0.4375,19,-0.40625,-2.2208333333333314,-1
00-0026901,Mike Wallace,WR,2013,MIA,12.45625,2,0.375,21,Mike Wallace,WR,MIA,13.3,2,0.6875,11,0.3125,0.84375,0
00-0026901,Mike Wallace,WR,2016,BAL,12.675,2,0.25,25,Mike Wallace,WR,BAL,10.08,1,0.375,21,0.125,-2.5950000000000006,-1
00-0026902,Ramses Barden,WR,2010,NYG,2.85,0,0.5625,15,Ramses Barden,WR,NYG,3.0666666666666664,0,0.78125,8,0.21875,0.21666666666666634,0
00-0026902,Ramses Barden,WR,2011,NYG,3.0666666666666664,0,0.78125,8,Ramses Barden,WR,NYG,6.0,0,0.75,9,-0.03125,2.9333333333333336,0
00-0026913,Johnny Knox,WR,2009,CHI,8.913333333333332,1,0.28125,24,Johnny Knox,WR,CHI,10.95,1,0.21875,26,-0.0625,2.036666666666667,0
00-0026913,Johnny Knox,WR,2010,CHI,10.95,1,0.21875,26,Johnny Knox,WR,CHI,8.55,0,0.125,29,-0.09375,-2.3999999999999986,-1
00-0026931,Bear Pascoe,TE,2010,NYG,2.025,0,0.5625,15,Bear Pascoe,TE,NYG,2.56,0,0.78125,8,0.21875,0.5350000000000001,0
00-0026931,Bear Pascoe,TE,2011,NYG,2.56,0,0.78125,8,Bear Pascoe,TE,NYG,1.6875,0,0.75,9,-0.03125,-0.8725,0
00-0026931,Bear Pascoe,TE,2012,NYG,1.6875,0,0.75,9,Bear Pascoe,TE,NYG,1.8454545454545448,0,0.0625,31,-0.6875,0.1579545454545448,0
00-0026937,Brandon Gibson,WR,2009,LA,8.088888888888889,0,0.03125,32,Brandon Gibson,WR,LA,9.271428571428572,1,0.1875,27,0.15625,1.1825396825396837,1
00-0026937,Brandon Gibson,WR,2010,LA,9.271428571428572,1,0.1875,27,Brandon Gibson,WR,LA,6.192857142857143,0,0.03125,32,-0.15625,-3.078571428571429,-1
00-0026937,Brandon Gibson,WR,2011,LA,6.192857142857143,0,0.03125,32,Brandon Gibson,WR,LA,10.006666666666666,1,0.375,21,0.34375,3.813809523809523,1
00-0026937,Brandon Gibson,WR,2013,MIA,11.514285714285714,2,0.375,21,Brandon Gibson,WR,MIA,4.607142857142857,0,0.6875,11,0.3125,-6.9071428571428575,-2
00-0026941,Bernard Scott,RB,2009,CIN,5.533333333333333,0,0.5,17,Bernard Scott,RB,CIN,3.778571428571429,0,0.40625,20,-0.09375,-1.7547619047619043,0
00-0026941,Bernard Scott,RB,2010,CIN,3.778571428571429,0,0.40625,20,Bernard Scott,RB,CIN,4.55,0,0.5,17,0.09375,0.7714285714285709,0
00-0026953,Sammie Stroughter,WR,2009,TB,5.761538461538462,0,0.15625,28,Sammie Stroughter,WR,TB,4.372727272727273,0,0.78125,8,0.625,-1.3888111888111894,0
00-0026956,LaRod Stephens-Howling,RB,2009,ARI,2.292307692307692,0,0.46875,18,LaRod Stephens-Howling,RB,ARI,4.7,0,0.0625,31,-0.40625,2.407692307692308,0
00-0026956,LaRod Stephens-Howling,RB,2010,ARI,4.7,0,0.0625,31,LaRod Stephens-Howling,RB,ARI,4.65,0,0.28125,24,0.21875,-0.04999999999999982,0
00-0026956,LaRod Stephens-Howling,RB,2011,ARI,4.65,0,0.28125,24,LaRod Stephens-Howling,RB,ARI,6.228571428571429,0,0.03125,32,-0.25,1.5785714285714283,0
00-0026957,David Johnson,TE,2009,PIT,0.725,0,0.65625,12,David Johnson,TE,PIT,2.15,0,0.71875,10,0.0625,1.4249999999999998,0
00-0026957,David Johnson,TE,2010,PIT,2.15,0,0.71875,10,David Johnson,TE,PIT,2.71,0,0.84375,6,0.125,0.56,0
00-0026963,Cameron Morrah,TE,2010,SEA,2.5875,0,0.09375,30,Cameron Morrah,TE,SEA,2.7,0,0.34375,22,0.25,0.11250000000000027,0
00-0026983,Darrius Heyward-Bey,WR,2009,LV,2.663636363636364,0,0.0625,31,Darrius Heyward-Bey,WR,LV,5.1000000000000005,0,0.53125,16,0.46875,2.4363636363636365,0
00-0026983,Darrius Heyward-Bey,WR,2010,LV,5.1000000000000005,0,0.53125,16,Darrius Heyward-Bey,WR,LV,13.107142857142858,2,0.59375,14,0.0625,8.007142857142856,2
00-0026983,Darrius Heyward-Bey,WR,2011,LV,13.107142857142858,2,0.59375,14,Darrius Heyward-Bey,WR,LV,8.879999999999999,1,0.25,25,-0.34375,-4.227142857142859,-1
00-0026983,Darrius Heyward-Bey,WR,2014,PIT,0.86,0,0.96875,2,Darrius Heyward-Bey,WR,PIT,5.854545454545455,0,0.90625,4,-0.0625,4.994545454545455,0
00-0026983,Darrius Heyward-Bey,WR,2015,PIT,5.854545454545455,0,0.90625,4,Darrius Heyward-Bey,WR,PIT,5.914285714285714,0,0.8125,7,-0.09375,0.05974025974025832,0
00-0026983,Darrius Heyward-Bey,WR,2016,PIT,5.914285714285714,0,0.8125,7,Darrius Heyward-Bey,WR,PIT,3.18,0,0.875,5,0.0625,-2.7342857142857135,0
00-0026986,Michael Crabtree,WR,2009,SF,10.954545454545457,1,0.3125,23,Michael Crabtree,WR,SF,10.31875,1,0.34375,22,0.03125,-0.6357954545454572,0
00-0026986,Michael Crabtree,WR,2010,SF,10.31875,1,0.34375,22,Michael Crabtree,WR,SF,12.4,2,0.53125,16,0.1875,2.0812500000000007,1
00-0026986,Michael Crabtree,WR,2011,SF,12.4,2,0.53125,16,Michael Crabtree,WR,SF,15.64375,3,0.875,5,0.34375,3.2437500000000004,1
00-0026986,Michael Crabtree,WR,2012,SF,15.64375,3,0.875,5,Michael Crabtree,WR,SF,10.68,1,0.65625,12,-0.21875,-4.963750000000001,-2
00-0026986,Michael Crabtree,WR,2013,SF,10.68,1,0.65625,12,Michael Crabtree,WR,SF,10.1375,1,0.40625,20,-0.25,-0.5425000000000004,0
00-0026986,Michael Crabtree,WR,2015,LV,14.45,2,0.375,21,Michael Crabtree,WR,LV,14.95625,3,0.6875,11,0.3125,0.5062500000000014,1
00-0026986,Michael Crabtree,WR,2016,LV,14.95625,3,0.6875,11,Michael Crabtree,WR,LV,13.246153846153844,2,0.5,17,-0.1875,-1.7100961538461572,-1
00-0026988,Knowshon Moreno,RB,2009,DEN,11.875,2,0.4375,19,Knowshon Moreno,RB,DEN,15.084615384615384,3,0.4375,19,0.0,3.2096153846153843,1
00-0026988,Knowshon Moreno,RB,2010,DEN,15.084615384615384,3,0.4375,19,Knowshon Moreno,RB,DEN,6.142857142857143,0,0.25,25,-0.1875,-8.94175824175824,-3
00-0026988,Knowshon Moreno,RB,2011,DEN,6.142857142857143,0,0.25,25,Knowshon Moreno,RB,DEN,14.025,3,0.9375,3,0.6875,7.882142857142857,3
00-0026988,Knowshon Moreno,RB,2012,DEN,14.025,3,0.9375,3,Knowshon Moreno,RB,DEN,18.5375,5,1.0,1,0.0625,4.512500000000001,2
00-0026993,Josh Freeman,QB,2009,TB,9.468,0,0.15625,28,Josh Freeman,QB,TB,16.165,2,0.78125,8,0.625,6.696999999999999,2
00-0026993,Josh Freeman,QB,2010,TB,16.165,2,0.78125,8,Josh Freeman,QB,TB,13.698666666666666,1,0.15625,28,-0.625,-2.466333333333333,-1
00-0026993,Josh Freeman,QB,2011,TB,13.698666666666666,1,0.15625,28,Josh Freeman,QB,TB,15.53125,2,0.5625,15,0.40625,1.832583333333334,1
00-0026993,Josh Freeman,QB,2012,TB,15.53125,2,0.5625,15,Josh Freeman,QB,TB,7.61,0,0.1875,27,-0.375,-7.92125,-2
00-0026995,Jeremy Maclin,WR,2009,PHI,11.884615384615383,2,0.71875,10,Jeremy Maclin,WR,PHI,14.25,2,0.875,5,0.15625,2.3653846153846168,0
00-0026995,Jeremy Maclin,WR,2010,PHI,14.25,2,0.875,5,Jeremy Maclin,WR,PHI,13.615384615384617,2,0.8125,7,-0.0625,-0.6346153846153832,0
00-0026995,Jeremy Maclin,WR,2011,PHI,13.615384615384617,2,0.8125,7,Jeremy Maclin,WR,PHI,13.073333333333332,2,0.1875,27,-0.625,-0.5420512820512844,0
00-0026995,Jeremy Maclin,WR,2015,KC,16.21333333333333,3,0.78125,8,Jeremy Maclin,WR,KC,9.125,1,0.5625,15,-0.21875,-7.088333333333331,-2
00-0026996,Brandon Pettigrew,TE,2009,DET,7.82,1,0.09375,30,Brandon Pettigrew,TE,DET,10.45,3,0.375,21,0.28125,2.629999999999999,2
00-0026996,Brandon Pettigrew,TE,2010,DET,10.45,3,0.375,21,Brandon Pettigrew,TE,DET,11.91875,4,0.65625,12,0.28125,1.46875,1
00-0026996,Brandon Pettigrew,TE,2011,DET,11.91875,4,0.65625,12,Brandon Pettigrew,TE,DET,9.976923076923075,2,0.46875,18,-0.1875,-1.941826923076924,-2
00-0026996,Brandon Pettigrew,TE,2012,DET,9.976923076923075,2,0.46875,18,Brandon Pettigrew,TE,DET,6.614285714285714,1,0.46875,18,0.0,-3.3626373626373613,-1
00-0026996,Brandon Pettigrew,TE,2013,DET,6.614285714285714,1,0.46875,18,Brandon Pettigrew,TE,DET,2.4285714285714284,0,0.53125,16,0.0625,-4.185714285714285,-1
00-0026996,Brandon Pettigrew,TE,2014,DET,2.4285714285714284,0,0.53125,16,Brandon Pettigrew,TE,DET,2.814285714285714,0,0.4375,19,-0.09375,0.3857142857142857,0
00-0026998,Percy Harvin,WR,2009,MIN,13.366666666666667,2,0.8125,7,Percy Harvin,WR,MIN,15.607142857142858,3,0.125,29,-0.6875,2.2404761904761905,1
00-0026998,Percy Harvin,WR,2010,MIN,15.607142857142858,3,0.125,29,Percy Harvin,WR,MIN,16.8125,3,0.40625,20,0.28125,1.2053571428571423,0
00-0026998,Percy Harvin,WR,2011,MIN,16.8125,3,0.40625,20,Percy Harvin,WR,MIN,18.58888888888889,4,0.53125,16,0.125,1.7763888888888886,1
00-0027003,Donald Brown,RB,2009,IND,6.727272727272728,0,0.96875,2,Donald Brown,RB,IND,7.861538461538462,0,0.90625,4,-0.0625,1.1342657342657336,0
00-0027003,Donald Brown,RB,2010,IND,7.861538461538462,0,0.90625,4,Donald Brown,RB,IND,9.925,1,0.09375,30,-0.8125,2.0634615384615387,1
00-0027003,Donald Brown,RB,2011,IND,9.925,1,0.09375,30,Donald Brown,RB,IND,6.82,0,0.625,13,0.53125,-3.1050000000000004,-1
00-0027003,Donald Brown,RB,2012,IND,6.82,0,0.625,13,Donald Brown,RB,IND,10.006666666666666,1,0.6875,11,0.0625,3.1866666666666656,1
00-0027003,Donald Brown,RB,2014,LAC,5.56923076923077,0,0.65625,12,Donald Brown,RB,LAC,7.616666666666667,0,0.5,17,-0.15625,2.0474358974358973,0
00-0027005,Hakeem Nicks,WR,2009,NYG,11.62857142857143,2,0.78125,8,Hakeem Nicks,WR,NYG,19.246153846153845,4,0.5625,15,-0.21875,7.617582417582415,2
00-0027005,Hakeem Nicks,WR,2010,NYG,19.246153846153845,4,0.5625,15,Hakeem Nicks,WR,NYG,15.813333333333333,3,0.78125,8,0.21875,-3.4328205128205127,-1
00-0027005,Hakeem Nicks,WR,2011,NYG,15.813333333333333,3,0.78125,8,Hakeem Nicks,WR,NYG,11.683333333333332,2,0.75,9,-0.03125,-4.130000000000001,-1
00-0027005,Hakeem Nicks,WR,2012,NYG,11.683333333333332,2,0.75,9,Hakeem Nicks,WR,NYG,9.706666666666669,1,0.0625,31,-0.6875,-1.976666666666663,-1
00-0027006,Kenny Britt,WR,2009,TEN,8.54,0,0.59375,14,Kenny Britt,WR,TEN,15.772727272727272,3,0.5,17,-0.09375,7.2327272727272724,3
00-0027006,Kenny Britt,WR,2012,TEN,9.078571428571427,1,0.15625,28,Kenny Britt,WR,TEN,2.06,0,0.5625,15,0.40625,-7.018571428571427,-1
00-0027006,Kenny Britt,WR,2014,LA,8.8875,1,0.125,29,Kenny Britt,WR,LA,7.63125,0,0.03125,32,-0.09375,-1.2562499999999996,-1
00-0027006,Kenny Britt,WR,2015,LA,7.63125,0,0.03125,32,Kenny Britt,WR,LA,13.08,2,0.03125,32,0.0,5.44875,2
00-0027007,Chris Wells,RB,2009,ARI,8.975,1,0.46875,18,Chris Wells,RB,ARI,4.93076923076923,0,0.0625,31,-0.40625,-4.0442307692307695,-1
00-0027007,Chris Wells,RB,2010,ARI,4.93076923076923,0,0.0625,31,Chris Wells,RB,ARI,12.564285714285717,2,0.28125,24,0.21875,7.633516483516487,2
00-0027007,Chris Wells,RB,2011,ARI,12.564285714285717,2,0.28125,24,Chris Wells,RB,ARI,6.85,0,0.03125,32,-0.25,-5.714285714285717,-2
00-0027012,Brian Robiskie,WR,2009,CLE,2.5142857142857147,0,0.125,29,Brian Robiskie,WR,CLE,6.0,0,0.28125,24,0.15625,3.4857142857142853,0
00-0027012,Brian Robiskie,WR,2010,CLE,6.0,0,0.28125,24,Brian Robiskie,WR,CLE,1.375,0,0.21875,26,-0.0625,-4.625,0
00-0027026,Mohamed Massaquoi,WR,2009,CLE,7.00625,0,0.125,29,Mohamed Massaquoi,WR,CLE,6.610666666666666,0,0.28125,24,0.15625,-0.3955833333333336,0
00-0027026,Mohamed Massaquoi,WR,2010,CLE,6.610666666666666,0,0.28125,24,Mohamed Massaquoi,WR,CLE,5.814285714285715,0,0.21875,26,-0.0625,-0.7963809523809511,0
00-0027026,Mohamed Massaquoi,WR,2011,CLE,5.814285714285715,0,0.21875,26,Mohamed Massaquoi,WR,CLE,4.711111111111111,0,0.21875,26,0.0,-1.1031746031746037,0
00-0027029,LeSean McCoy,RB,2009,PHI,9.90625,1,0.71875,10,LeSean McCoy,RB,PHI,19.71333333333333,5,0.875,5,0.15625,9.807083333333331,4
00-0027029,LeSean McCoy,RB,2010,PHI,19.71333333333333,5,0.875,5,LeSean McCoy,RB,PHI,21.89333333333333,5,0.8125,7,-0.0625,2.1799999999999997,0
00-0027029,LeSean McCoy,RB,2011,PHI,21.89333333333333,5,0.8125,7,LeSean McCoy,RB,PHI,16.608333333333334,4,0.1875,27,-0.625,-5.284999999999997,-1
00-0027029,LeSean McCoy,RB,2012,PHI,16.608333333333334,4,0.1875,27,LeSean McCoy,RB,PHI,20.6625,5,0.90625,4,0.71875,4.054166666666667,1
00-0027029,LeSean McCoy,RB,2013,PHI,20.6625,5,0.90625,4,LeSean McCoy,RB,PHI,12.4625,2,0.59375,14,-0.3125,-8.200000000000001,-3
00-0027029,LeSean McCoy,RB,2015,BUF,14.908333333333331,3,0.6875,11,LeSean McCoy,RB,BUF,19.87333333333333,5,0.78125,8,0.09375,4.965,2
00-0027029,LeSean McCoy,RB,2016,BUF,19.87333333333333,5,0.78125,8,LeSean McCoy,RB,BUF,16.475,4,0.3125,23,-0.46875,-3.39833333333333,-1
00-0027029,LeSean McCoy,RB,2017,BUF,16.475,4,0.3125,23,LeSean McCoy,RB,BUF,9.085714285714284,1,0.0625,31,-0.25,-7.389285714285718,-3
00-0027057,Brandon Tate,WR,2016,BUF,3.0625,0,0.78125,8,Brandon Tate,WR,BUF,4.0200000000000005,0,0.3125,23,-0.46875,0.9575000000000005,0
00-0027061,Jared Cook,TE,2009,TEN,2.05,0,0.59375,14,Jared Cook,TE,TEN,6.463636363636363,1,0.5,17,-0.09375,4.413636363636363,1
00-0027061,Jared Cook,TE,2010,TEN,6.463636363636363,1,0.5,17,Jared Cook,TE,TEN,8.68125,2,0.4375,19,-0.0625,2.2176136363636374,1
00-0027061,Jared Cook,TE,2011,TEN,8.68125,2,0.4375,19,Jared Cook,TE,TEN,9.107692307692307,2,0.15625,28,-0.28125,0.42644230769230695,0
00-0027061,Jared Cook,TE,2013,LA,9.13125,2,0.28125,24,Jared Cook,TE,LA,8.3375,2,0.125,29,-0.15625,-0.7937499999999993,0
00-0027061,Jared Cook,TE,2014,LA,8.3375,2,0.125,29,Jared Cook,TE,LA,5.44375,0,0.03125,32,-0.09375,-2.8937500000000007,-2
00-0027061,Jared Cook,TE,2017,LV,8.3,2,0.5,17,Jared Cook,TE,LV,12.1,4,0.25,25,-0.25,3.799999999999999,2
00-0027061,Jared Cook,TE,2019,NO,11.964285714285714,4,0.90625,4,Jared Cook,TE,NO,8.493333333333334,2,0.78125,8,-0.125,-3.4709523809523795,-2
00-0027063,Deon Butler,WR,2009,SEA,2.5,0,0.25,25,Deon Butler,WR,SEA,7.623076923076923,0,0.09375,30,-0.15625,5.123076923076923,0
00-0027063,Deon Butler,WR,2010,SEA,7.623076923076923,0,0.09375,30,Deon Butler,WR,SEA,2.775,0,0.34375,22,0.25,-4.848076923076922,0
00-0027070,Travis Beckum,TE,2009,NYG,1.9285714285714288,0,0.78125,8,Travis Beckum,TE,NYG,2.815384615384616,0,0.5625,15,-0.21875,0.8868131868131872,0
00-0027070,Travis Beckum,TE,2010,NYG,2.815384615384616,0,0.5625,15,Travis Beckum,TE,NYG,2.9,0,0.78125,8,0.21875,0.08461538461538387,0
00-0027076,Mike Thomas,WR,2009,JAX,7.7,0,0.5625,15,Mike Thomas,WR,JAX,11.8125,2,0.625,13,0.0625,4.1125,2
00-0027076,Mike Thomas,WR,2010,JAX,11.8125,2,0.625,13,Mike Thomas,WR,JAX,6.126666666666667,0,0.0625,31,-0.5625,-5.685833333333333,-2
00-0027076,Mike Thomas,WR,2011,JAX,6.126666666666667,0,0.0625,31,Mike Thomas,WR,JAX,2.892857142857143,0,0.09375,30,0.03125,-3.233809523809524,0
00-0027077,Brian Hartline,WR,2009,MIA,7.233333333333333,0,0.53125,16,Brian Hartline,WR,MIA,9.266666666666667,1,0.3125,23,-0.21875,2.033333333333334,1
00-0027077,Brian Hartline,WR,2010,MIA,9.266666666666667,1,0.3125,23,Brian Hartline,WR,MIA,6.453333333333333,0,0.46875,18,0.15625,-2.8133333333333344,-1
00-0027077,Brian Hartline,WR,2011,MIA,6.453333333333333,0,0.46875,18,Brian Hartline,WR,MIA,12.42,2,0.28125,24,-0.1875,5.966666666666667,2
00-0027077,Brian Hartline,WR,2012,MIA,12.42,2,0.28125,24,Brian Hartline,WR,MIA,12.6,2,0.375,21,0.09375,0.17999999999999972,0
00-0027077,Brian Hartline,WR,2013,MIA,12.6,2,0.375,21,Brian Hartline,WR,MIA,6.21875,0,0.6875,11,0.3125,-6.38125,-2
00-0027080,Mike Goodson,RB,2009,CAR,1.28,0,0.375,21,Mike Goodson,RB,CAR,8.68,0,0.03125,32,-0.34375,7.3999999999999995,0
00-0027089,Louis Murphy,WR,2009,LV,7.075,0,0.0625,31,Louis Murphy,WR,LV,8.3,0,0.53125,16,0.46875,1.2250000000000005,0
00-0027089,Louis Murphy,WR,2010,LV,8.3,0,0.53125,16,Louis Murphy,WR,LV,5.777777777777778,0,0.59375,14,0.0625,-2.522222222222223,0
00-0027089,Louis Murphy,WR,2014,TB,7.363636363636363,0,0.15625,28,Louis Murphy,WR,TB,5.96,0,0.59375,14,0.4375,-1.4036363636363633,0
00-0027092,Austin Collie,WR,2009,IND,10.60625,1,0.96875,2,Austin Collie,WR,IND,18.522222222222226,4,0.90625,4,-0.0625,7.915972222222226,3
00-0027092,Austin Collie,WR,2010,IND,18.522222222222226,4,0.90625,4,Austin Collie,WR,IND,6.9625,0,0.09375,30,-0.8125,-11.559722222222225,-4
00-0027094,Andre Brown,RB,2012,NYG,13.6625,3,0.75,9,Andre Brown,RB,NYG,11.7125,2,0.0625,31,-0.6875,-1.9499999999999993,-1
00-0027109,James Casey,TE,2009,HOU,3.1,0,0.6875,11,James Casey,TE,HOU,2.966666666666667,0,0.96875,2,0.28125,-0.1333333333333333,0
00-0027109,James Casey,TE,2010,HOU,2.966666666666667,0,0.96875,2,James Casey,TE,HOU,6.3875,1,0.625,13,-0.34375,3.4208333333333334,1
00-0027109,James Casey,TE,2011,HOU,6.3875,1,0.625,13,James Casey,TE,HOU,5.35,0,0.6875,11,0.0625,-1.0375000000000005,-1
00-0027120,Javon Ringer,RB,2010,TEN,2.95625,0,0.5,17,Javon Ringer,RB,TEN,5.766666666666667,0,0.4375,19,-0.0625,2.810416666666667,0
00-0027125,Zach Miller,TE,2009,JAX,5.45,0,0.5625,15,Zach Miller,TE,JAX,4.85,0,0.625,13,0.0625,-0.6000000000000005,0
00-0027125,Zach Miller,TE,2015,CHI,8.991666666666667,2,0.46875,18,Zach Miller,TE,CHI,11.96,4,0.375,21,-0.09375,2.9683333333333337,2
00-0027125,Zach Miller,TE,2016,CHI,11.96,4,0.375,21,Zach Miller,TE,CHI,6.95,1,0.15625,28,-0.21875,-5.010000000000001,-3
00-0027135,Brandon Myers,TE,2009,LV,1.475,0,0.0625,31,Brandon Myers,TE,LV,2.2222222222222223,0,0.53125,16,0.46875,0.7472222222222222,0
00-0027135,Brandon Myers,TE,2010,LV,2.2222222222222223,0,0.53125,16,Brandon Myers,TE,LV,2.591666666666667,0,0.59375,14,0.0625,0.36944444444444446,0
00-0027135,Brandon Myers,TE,2011,LV,2.591666666666667,0,0.59375,14,Brandon Myers,TE,LV,11.475,3,0.25,25,-0.34375,8.883333333333333,3
00-0027135,Brandon Myers,TE,2014,TB,3.727272727272727,0,0.15625,28,Brandon Myers,TE,TB,4.116666666666666,0,0.59375,14,0.4375,0.3893939393939392,0
00-0027135,Brandon Myers,TE,2015,TB,4.116666666666666,0,0.59375,14,Brandon Myers,TE,TB,2.6125,0,0.46875,18,-0.125,-1.5041666666666664,0
00-0027139,John Phillips,TE,2011,DAL,3.455555555555556,0,0.75,9,John Phillips,TE,DAL,3.25,0,0.65625,12,-0.09375,-0.20555555555555616,0
00-0027140,Chris Ogbonnaya,RB,2011,CLE,6.458333333333333,0,0.21875,26,Chris Ogbonnaya,RB,CLE,3.972727272727273,0,0.21875,26,0.0,-2.48560606060606,0
00-0027140,Chris Ogbonnaya,RB,2012,CLE,3.972727272727273,0,0.21875,26,Chris Ogbonnaya,RB,CLE,7.14375,0,0.21875,26,0.0,3.1710227272727267,0
00-0027150,Julian Edelman,WR,2009,NE,7.94,0,0.90625,4,Julian Edelman,WR,NE,3.2857142857142856,0,1.0,1,0.09375,-4.654285714285715,0
00-0027150,Julian Edelman,WR,2010,NE,3.2857142857142856,0,1.0,1,Julian Edelman,WR,NE,2.333333333333333,0,0.9375,3,-0.0625,-0.9523809523809526,0
00-0027150,Julian Edelman,WR,2011,NE,2.333333333333333,0,0.9375,3,Julian Edelman,WR,NE,8.875,1,1.0,1,0.0625,6.541666666666667,1
00-0027150,Julian Edelman,WR,2012,NE,8.875,1,1.0,1,Julian Edelman,WR,NE,15.73125,3,0.8125,7,-0.1875,6.856249999999999,2
00-0027150,Julian Edelman,WR,2013,NE,15.73125,3,0.8125,7,Julian Edelman,WR,NE,16.32857142857143,3,0.875,5,0.0625,0.5973214285714299,0
00-0027150,Julian Edelman,WR,2014,NE,16.32857142857143,3,0.875,5,Julian Edelman,WR,NE,19.166666666666668,4,0.9375,3,0.0625,2.8380952380952387,1
00-0027150,Julian Edelman,WR,2015,NE,19.166666666666668,4,0.9375,3,Julian Edelman,WR,NE,14.51875,2,0.96875,2,0.03125,-4.647916666666667,-2
00-0027150,Julian Edelman,WR,2018,NE,17.285,3,0.8125,7,Julian Edelman,WR,NE,15.8925,3,0.5625,15,-0.25,-1.3925,0
00-0027150,Julian Edelman,WR,2019,NE,15.8925,3,0.5625,15,Julian Edelman,WR,NE,9.37,1,0.34375,22,-0.21875,-6.522500000000001,-2
00-0027155,Rashad Jennings,RB,2009,JAX,3.4866666666666664,0,0.5625,15,Rashad Jennings,RB,JAX,9.841666666666669,1,0.625,13,0.0625,6.355000000000002,1
00-0027155,Rashad Jennings,RB,2014,NYG,12.590909090909092,2,0.5,17,Rashad Jennings,RB,NYG,10.30625,1,0.75,9,0.25,-2.2846590909090914,-1
00-0027155,Rashad Jennings,RB,2015,NYG,10.30625,1,0.75,9,Rashad Jennings,RB,NYG,10.646153846153847,1,0.125,29,-0.625,0.33990384615384706,0
00-0027156,Tiquan Underwood,WR,2012,TB,5.9,0,0.5625,15,Tiquan Underwood,WR,TB,7.666666666666667,0,0.1875,27,-0.375,1.7666666666666666,0
00-0027188,Chad Hall,WR,2010,PHI,5.233333333333333,0,0.875,5,Chad Hall,WR,PHI,2.0500000000000003,0,0.8125,7,-0.0625,-3.183333333333333,0
00-0027202,Michael Palmer,TE,2010,ATL,2.316666666666667,0,0.8125,7,Michael Palmer,TE,ATL,2.109090909090909,0,0.71875,10,-0.09375,-0.20757575757575797,0
00-0027202,Michael Palmer,TE,2011,ATL,2.109090909090909,0,0.71875,10,Michael Palmer,TE,ATL,2.3666666666666667,0,0.78125,8,0.0625,0.2575757575757578,0
00-0027215,Logan Paulsen,TE,2011,WAS,2.48,0,0.375,21,Logan Paulsen,TE,WAS,5.15,0,0.96875,2,0.59375,2.6700000000000004,0
00-0027215,Logan Paulsen,TE,2012,WAS,5.15,0,0.96875,2,Logan Paulsen,TE,WAS,4.9071428571428575,0,0.3125,23,-0.65625,-0.24285714285714288,0
00-0027215,Logan Paulsen,TE,2013,WAS,4.9071428571428575,0,0.3125,23,Logan Paulsen,TE,WAS,2.48,0,0.28125,24,-0.03125,-2.4271428571428575,0
00-0027218,Joique Bell,RB,2012,DET,9.86875,1,0.46875,18,Joique Bell,RB,DET,13.54375,3,0.46875,18,0.0,3.674999999999999,2
00-0027218,Joique Bell,RB,2013,DET,13.54375,3,0.46875,18,Joique Bell,RB,DET,13.213333333333331,2,0.53125,16,0.0625,-0.33041666666666814,-1
00-0027218,Joique Bell,RB,2014,DET,13.213333333333331,2,0.53125,16,Joique Bell,RB,DET,8.13076923076923,0,0.4375,19,-0.09375,-5.082564102564101,-2
00-0027265,Victor Cruz,WR,2011,NYG,17.99375,4,0.78125,8,Victor Cruz,WR,NYG,15.95,3,0.75,9,-0.03125,-2.0437499999999993,-1
00-0027265,Victor Cruz,WR,2012,NYG,15.95,3,0.75,9,Victor Cruz,WR,NYG,13.914285714285716,2,0.0625,31,-0.6875,-2.035714285714283,-1
00-0027265,Victor Cruz,WR,2013,NYG,13.914285714285716,2,0.0625,31,Victor Cruz,WR,NYG,10.45,1,0.5,17,0.4375,-3.464285714285717,-1
00-0027321,Jeff Cumberland,TE,2012,NYJ,5.921428571428572,1,0.125,29,Jeff Cumberland,TE,NYJ,7.483333333333333,1,0.125,29,0.0,1.5619047619047617,0
00-0027321,Jeff Cumberland,TE,2013,NYJ,7.483333333333333,1,0.125,29,Jeff Cumberland,TE,NYJ,4.38,0,0.1875,27,0.0625,-3.1033333333333335,-1
00-0027321,Jeff Cumberland,TE,2014,NYJ,4.38,0,0.1875,27,Jeff Cumberland,TE,NYJ,2.54,0,0.71875,10,0.53125,-1.8399999999999999,0
00-0027322,David Nelson,WR,2010,BUF,6.021428571428571,0,0.15625,28,David Nelson,WR,BUF,9.8,1,0.5625,15,0.40625,3.7785714285714294,1
00-0027322,David Nelson,WR,2013,NYJ,7.524999999999999,0,0.125,29,David Nelson,WR,NYJ,2.4166666666666665,0,0.1875,27,0.0625,-5.1083333333333325,0
00-0027325,LeGarrette Blount,RB,2010,TB,10.546153846153846,1,0.78125,8,LeGarrette Blount,RB,TB,9.421428571428573,1,0.15625,28,-0.625,-1.1247252747252734,0
00-0027325,LeGarrette Blount,RB,2011,TB,9.421428571428573,1,0.15625,28,LeGarrette Blount,RB,TB,2.83,0,0.5625,15,0.40625,-6.5914285714285725,-1
00-0027325,LeGarrette Blount,RB,2015,NE,10.216666666666669,1,0.9375,3,LeGarrette Blount,RB,NE,14.55625,3,0.96875,2,0.03125,4.339583333333332,2
00-0027356,Marlon Moore,WR,2012,MIA,3.0625,0,0.28125,24,Marlon Moore,WR,MIA,1.7625,0,0.375,21,0.09375,-1.3,0
00-0027450,Preston Parker,WR,2010,TB,2.225,0,0.78125,8,Preston Parker,WR,TB,7.44375,0,0.15625,28,-0.625,5.21875,0
00-0027518,Donald Jones,WR,2010,BUF,5.675,0,0.15625,28,Donald Jones,WR,BUF,6.5375,0,0.5625,15,0.40625,0.8624999999999998,0
00-0027518,Donald Jones,WR,2011,BUF,6.5375,0,0.5625,15,Donald Jones,WR,BUF,9.108333333333333,1,0.40625,20,-0.15625,2.570833333333333,1
00-0027531,Chris Ivory,RB,2010,NO,8.358333333333333,0,0.75,9,Chris Ivory,RB,NO,7.233333333333333,0,0.96875,2,0.21875,-1.1249999999999991,0
00-0027531,Chris Ivory,RB,2011,NO,7.233333333333333,0,0.96875,2,Chris Ivory,RB,NO,6.2,0,0.8125,7,-0.15625,-1.0333333333333332,0
00-0027531,Chris Ivory,RB,2013,NYJ,6.953333333333333,0,0.125,29,Chris Ivory,RB,NYJ,9.525,1,0.1875,27,0.0625,2.571666666666667,1
00-0027531,Chris Ivory,RB,2014,NYJ,9.525,1,0.1875,27,Chris Ivory,RB,NYJ,13.513333333333332,3,0.71875,10,0.53125,3.9883333333333315,2
00-0027531,Chris Ivory,RB,2016,JAX,8.590909090909092,0,0.21875,26,Chris Ivory,RB,JAX,6.05,0,0.71875,10,0.5,-2.540909090909092,0
00-0027595,Bryan Walters,WR,2015,JAX,6.8,0,0.28125,24,Bryan Walters,WR,JAX,7.4375,0,0.21875,26,-0.0625,0.6375000000000002,0
00-0027608,Kyle Williams,WR,2011,SF,5.441666666666666,0,0.53125,16,Kyle Williams,WR,SF,3.936363636363636,0,0.875,5,0.34375,-1.5053030303030304,0
00-0027608,Kyle Williams,WR,2012,SF,3.936363636363636,0,0.875,5,Kyle Williams,WR,SF,2.844444444444445,0,0.65625,12,-0.21875,-1.091919191919191,0
00-0027651,Dexter McCluster,WR,2010,KC,5.9,0,0.6875,11,Dexter McCluster,WR,KC,8.65,0,0.1875,27,-0.5,2.75,0
00-0027651,Dexter McCluster,WR,2011,KC,8.65,0,0.1875,27,Dexter McCluster,WR,KC,7.213333333333334,0,0.0625,31,-0.125,-1.4366666666666665,0
00-0027651,Dexter McCluster,WR,2012,KC,7.213333333333334,0,0.0625,31,Dexter McCluster,WR,KC,8.573333333333332,0,0.59375,14,0.53125,1.3599999999999985,0
00-0027651,Dexter McCluster,WR,2014,TEN,5.315384615384615,0,0.09375,30,Dexter McCluster,WR,TEN,8.336363636363636,0,0.0625,31,-0.03125,3.020979020979021,0
00-0027654,Arrelious Benn,WR,2010,TB,6.153846153846154,0,0.78125,8,Arrelious Benn,WR,TB,6.528571428571429,0,0.15625,28,-0.625,0.37472527472527517,0
00-0027654,Arrelious Benn,WR,2011,TB,6.528571428571429,0,0.15625,28,Arrelious Benn,WR,TB,2.05,0,0.5625,15,0.40625,-4.4785714285714295,0
00-0027656,Rob Gronkowski,TE,2010,NE,9.6625,2,1.0,1,Rob Gronkowski,TE,NE,20.68125,5,0.9375,3,-0.0625,11.018749999999999,3
00-0027656,Rob Gronkowski,TE,2011,NE,20.68125,5,0.9375,3,Rob Gronkowski,TE,NE,18.0,5,1.0,1,0.0625,-2.6812499999999986,0
00-0027656,Rob Gronkowski,TE,2012,NE,18.0,5,1.0,1,Rob Gronkowski,TE,NE,17.45714285714286,5,0.8125,7,-0.1875,-0.5428571428571409,0
00-0027656,Rob Gronkowski,TE,2013,NE,17.45714285714286,5,0.8125,7,Rob Gronkowski,TE,NE,17.759999999999998,5,0.875,5,0.0625,0.30285714285713894,0
00-0027656,Rob Gronkowski,TE,2014,NE,17.759999999999998,5,0.875,5,Rob Gronkowski,TE,NE,17.04,5,0.9375,3,0.0625,-0.7199999999999989,0
00-0027656,Rob Gronkowski,TE,2015,NE,17.04,5,0.9375,3,Rob Gronkowski,TE,NE,12.125,4,0.96875,2,0.03125,-4.914999999999999,-1
00-0027656,Rob Gronkowski,TE,2016,NE,12.125,4,0.96875,2,Rob Gronkowski,TE,NE,17.492307692307694,5,1.0,1,0.03125,5.367307692307694,1
00-0027656,Rob Gronkowski,TE,2017,NE,17.492307692307694,5,1.0,1,Rob Gronkowski,TE,NE,10.092307692307692,2,0.8125,7,-0.1875,-7.400000000000002,-3
00-0027656,Rob Gronkowski,TE,2020,TB,9.33125,2,0.875,5,Rob Gronkowski,TE,TB,14.266666666666666,4,1.0,1,0.125,4.935416666666665,2
00-0027666,Montario Hardesty,RB,2011,CLE,5.866666666666666,0,0.21875,26,Montario Hardesty,RB,CLE,3.67,0,0.21875,26,0.0,-2.1966666666666663,0
00-0027675,Ed Dickson,TE,2010,BAL,2.6833333333333336,0,0.65625,12,Ed Dickson,TE,BAL,8.55,2,0.6875,11,0.03125,5.866666666666667,2
00-0027675,Ed Dickson,TE,2011,BAL,8.55,2,0.6875,11,Ed Dickson,TE,BAL,3.954545454545455,0,0.59375,14,-0.09375,-4.595454545454546,-2
00-0027675,Ed Dickson,TE,2012,BAL,3.954545454545455,0,0.59375,14,Ed Dickson,TE,BAL,4.484615384615385,0,0.15625,28,-0.4375,0.5300699300699296,0
00-0027675,Ed Dickson,TE,2014,CAR,2.2916666666666665,0,0.5625,15,Ed Dickson,TE,CAR,3.4250000000000003,0,0.8125,7,0.25,1.1333333333333337,0
00-0027675,Ed Dickson,TE,2015,CAR,3.4250000000000003,0,0.8125,7,Ed Dickson,TE,CAR,2.45,0,0.3125,23,-0.5,-0.9750000000000001,0
00-0027675,Ed Dickson,TE,2016,CAR,2.45,0,0.3125,23,Ed Dickson,TE,CAR,5.692857142857143,0,0.625,13,0.3125,3.242857142857143,0
00-0027681,Brandon LaFell,WR,2010,CAR,6.914285714285714,0,0.03125,32,Brandon LaFell,WR,CAR,7.686666666666666,0,0.90625,4,0.875,0.772380952380952,0
00-0027681,Brandon LaFell,WR,2011,CAR,7.686666666666666,0,0.90625,4,Brandon LaFell,WR,CAR,10.707692307692309,1,0.71875,10,-0.1875,3.021025641025643,1
00-0027681,Brandon LaFell,WR,2012,CAR,10.707692307692309,1,0.71875,10,Brandon LaFell,WR,CAR,9.546666666666663,1,0.71875,10,0.0,-1.1610256410256454,0
00-0027681,Brandon LaFell,WR,2014,NE,14.04,2,0.875,5,Brandon LaFell,WR,NE,8.127272727272727,0,0.9375,3,0.0625,-5.912727272727272,-2
00-0027681,Brandon LaFell,WR,2016,CIN,11.625,2,0.71875,10,Brandon LaFell,WR,CIN,7.8,0,0.25,25,-0.46875,-3.825,-2
00-0027685,Emmanuel Sanders,WR,2010,PIT,7.054545454545454,0,0.71875,10,Emmanuel Sanders,WR,PIT,5.763636363636364,0,0.84375,6,0.125,-1.2909090909090901,0
00-0027685,Emmanuel Sanders,WR,2011,PIT,5.763636363636364,0,0.84375,6,Emmanuel Sanders,WR,PIT,6.925,0,0.4375,19,-0.40625,1.1613636363636362,0
00-0027685,Emmanuel Sanders,WR,2012,PIT,6.925,0,0.4375,19,Emmanuel Sanders,WR,PIT,11.60625,2,0.5,17,0.0625,4.6812499999999995,2
00-0027685,Emmanuel Sanders,WR,2014,DEN,18.8625,4,0.84375,6,Emmanuel Sanders,WR,DEN,15.093333333333334,3,0.25,25,-0.59375,-3.769166666666667,-1
00-0027685,Emmanuel Sanders,WR,2015,DEN,15.093333333333334,3,0.25,25,Emmanuel Sanders,WR,DEN,14.173333333333334,2,0.1875,27,-0.0625,-0.9199999999999999,-1
00-0027685,Emmanuel Sanders,WR,2016,DEN,14.173333333333334,2,0.1875,27,Emmanuel Sanders,WR,DEN,9.541666666666666,1,0.125,29,-0.0625,-4.631666666666668,-1
00-0027685,Emmanuel Sanders,WR,2017,DEN,9.541666666666666,1,0.125,29,Emmanuel Sanders,WR,DEN,16.50166666666667,3,0.34375,22,0.21875,6.960000000000003,2
00-0027688,Colt McCoy,QB,2010,CLE,11.3675,1,0.28125,24,Colt McCoy,QB,CLE,12.386153846153848,1,0.21875,26,-0.0625,1.018653846153848,0
00-0027688,Colt McCoy,QB,2021,ARI,5.9,0,0.75,9,Colt McCoy,QB,ARI,8.2,0,0.15625,28,-0.59375,2.299999999999999,0
00-0027690,Eric Decker,WR,2010,DEN,4.12,0,0.4375,19,Eric Decker,WR,DEN,9.83125,1,0.25,25,-0.1875,5.711250000000001,1
00-0027690,Eric Decker,WR,2011,DEN,9.83125,1,0.25,25,Eric Decker,WR,DEN,16.88125,3,0.9375,3,0.6875,7.050000000000001,2
00-0027690,Eric Decker,WR,2012,DEN,16.88125,3,0.9375,3,Eric Decker,WR,DEN,17.4875,3,1.0,1,0.0625,0.6062499999999993,0
00-0027690,Eric Decker,WR,2014,NYJ,13.346666666666666,2,0.1875,27,Eric Decker,WR,NYJ,16.846666666666668,3,0.71875,10,0.53125,3.5000000000000018,1
00-0027691,Andre Roberts,WR,2010,ARI,6.063636363636364,0,0.0625,31,Andre Roberts,WR,ARI,8.286666666666667,0,0.28125,24,0.21875,2.2230303030303027,0
00-0027691,Andre Roberts,WR,2011,ARI,8.286666666666667,0,0.28125,24,Andre Roberts,WR,ARI,11.52,2,0.03125,32,-0.25,3.2333333333333325,2
00-0027691,Andre Roberts,WR,2012,ARI,11.52,2,0.03125,32,Andre Roberts,WR,ARI,6.38125,0,0.40625,20,0.375,-5.13875,-2
00-0027691,Andre Roberts,WR,2014,WAS,5.8375,0,0.28125,24,Andre Roberts,WR,WAS,4.357142857142857,0,0.65625,12,0.375,-1.4803571428571436,0
00-0027692,Armanti Edwards,WR,2012,CAR,2.85,0,0.71875,10,Armanti Edwards,WR,CAR,0.5,0,0.71875,10,0.0,-2.35,0
00-0027696,Jimmy Graham,TE,2010,NO,8.075000000000001,2,0.75,9,Jimmy Graham,TE,NO,18.375,5,0.96875,2,0.21875,10.299999999999999,3
00-0027696,Jimmy Graham,TE,2011,NO,18.375,5,0.96875,2,Jimmy Graham,TE,NO,15.813333333333333,5,0.8125,7,-0.15625,-2.5616666666666674,0
00-0027696,Jimmy Graham,TE,2012,NO,15.813333333333333,5,0.8125,7,Jimmy Graham,TE,NO,18.96875,5,0.9375,3,0.125,3.1554166666666674,0
00-0027696,Jimmy Graham,TE,2013,NO,18.96875,5,0.9375,3,Jimmy Graham,TE,NO,15.326666666666666,5,0.78125,8,-0.15625,-3.642083333333334,0
00-0027696,Jimmy Graham,TE,2015,SEA,10.954545454545457,3,0.96875,2,Jimmy Graham,TE,SEA,11.83125,4,0.59375,14,-0.375,0.8767045454545439,1
00-0027696,Jimmy Graham,TE,2016,SEA,11.83125,4,0.59375,14,Jimmy Graham,TE,SEA,10.6875,3,0.5625,15,-0.03125,-1.1437500000000007,-1
00-0027696,Jimmy Graham,TE,2018,GB,8.1625,2,0.6875,11,Jimmy Graham,TE,GB,6.29375,1,0.8125,7,0.125,-1.8687499999999995,-1
00-0027696,Jimmy Graham,TE,2020,CHI,8.975,2,0.28125,24,Jimmy Graham,TE,CHI,4.609090909090909,0,0.125,29,-0.15625,-4.36590909090909,-2
00-0027702,Mike Williams,WR,2010,TB,13.9625,2,0.78125,8,Mike Williams,WR,TB,10.426666666666668,1,0.15625,28,-0.625,-3.5358333333333327,-1
00-0027702,Mike Williams,WR,2011,TB,10.426666666666668,1,0.15625,28,Mike Williams,WR,TB,13.6075,2,0.5625,15,0.40625,3.1808333333333323,1
00-0027702,Mike Williams,WR,2012,TB,13.6075,2,0.5625,15,Mike Williams,WR,TB,9.266666666666667,1,0.1875,27,-0.375,-4.340833333333332,-1
00-0027709,Jacoby Ford,WR,2010,LV,10.791666666666666,1,0.53125,16,Jacoby Ford,WR,LV,7.5,0,0.59375,14,0.0625,-3.291666666666666,-1
00-0027712,Joe McKnight,RB,2010,NYJ,5.975,0,0.46875,18,Joe McKnight,RB,NYJ,4.63,0,0.3125,23,-0.15625,-1.3449999999999998,0
00-0027712,Joe McKnight,RB,2011,NYJ,4.63,0,0.3125,23,Joe McKnight,RB,NYJ,2.725,0,0.125,29,-0.1875,-1.9049999999999998,0
00-0027713,Aaron Hernandez,TE,2010,NE,10.142857142857142,2,1.0,1,Aaron Hernandez,TE,NE,15.321428571428571,5,0.9375,3,-0.0625,5.178571428571429,3
00-0027713,Aaron Hernandez,TE,2011,NE,15.321428571428571,5,0.9375,3,Aaron Hernandez,TE,NE,12.98,4,1.0,1,0.0625,-2.3414285714285707,-1
00-0027714,Dennis Pitta,TE,2011,BAL,7.035714285714286,1,0.6875,11,Dennis Pitta,TE,BAL,10.61875,3,0.59375,14,-0.09375,3.5830357142857148,2
00-0027714,Dennis Pitta,TE,2012,BAL,10.61875,3,0.59375,14,Dennis Pitta,TE,BAL,10.725,3,0.15625,28,-0.4375,0.10624999999999929,0
00-0027718,Garrett Graham,TE,2012,HOU,5.164285714285714,0,0.6875,11,Garrett Graham,TE,HOU,10.958333333333334,3,0.09375,30,-0.59375,5.79404761904762,3
00-0027718,Garrett Graham,TE,2013,HOU,10.958333333333334,3,0.09375,30,Garrett Graham,TE,HOU,4.37,0,0.34375,22,0.25,-6.588333333333334,-3
00-0027718,Garrett Graham,TE,2014,HOU,4.37,0,0.34375,22,Garrett Graham,TE,HOU,1.8571428571428568,0,0.3125,23,-0.03125,-2.5128571428571433,0
00-0027725,Clay Harbor,TE,2010,PHI,4.44,0,0.875,5,Clay Harbor,TE,PHI,2.715384615384615,0,0.8125,7,-0.0625,-1.7246153846153853,0
00-0027725,Clay Harbor,TE,2011,PHI,2.715384615384615,0,0.8125,7,Clay Harbor,TE,PHI,4.872727272727273,0,0.1875,27,-0.625,2.157342657342658,0
00-0027725,Clay Harbor,TE,2013,JAX,4.514285714285714,0,0.03125,32,Clay Harbor,TE,JAX,6.766666666666667,1,0.0625,31,0.03125,2.2523809523809524,1
00-0027725,Clay Harbor,TE,2014,JAX,6.766666666666667,1,0.0625,31,Clay Harbor,TE,JAX,4.6125,0,0.28125,24,0.21875,-2.154166666666667,-1
00-0027732,Michael Hoomanawanui,TE,2010,LA,6.514285714285714,1,0.1875,27,Michael Hoomanawanui,TE,LA,2.5500000000000003,0,0.03125,32,-0.15625,-3.964285714285714,-1
00-0027732,Michael Hoomanawanui,TE,2012,NE,2.65,0,1.0,1,Michael Hoomanawanui,TE,NE,3.16,0,0.8125,7,-0.1875,0.5100000000000002,0
00-0027732,Michael Hoomanawanui,TE,2013,NE,3.16,0,0.8125,7,Michael Hoomanawanui,TE,NE,1.2333333333333334,0,0.875,5,0.0625,-1.9266666666666667,0
00-0027753,Andrew Quarless,TE,2010,GB,4.066666666666666,0,0.84375,6,Andrew Quarless,TE,GB,1.65,0,1.0,1,0.15625,-2.4166666666666665,0
00-0027753,Andrew Quarless,TE,2013,GB,5.7846153846153845,0,0.84375,6,Andrew Quarless,TE,GB,5.286666666666666,0,1.0,1,0.15625,-0.4979487179487183,0
00-0027754,John Skelton,QB,2010,ARI,6.676,0,0.0625,31,John Skelton,QB,ARI,12.915,1,0.28125,24,0.21875,6.238999999999999,1
00-0027754,John Skelton,QB,2011,ARI,12.915,1,0.28125,24,John Skelton,QB,ARI,4.54,0,0.03125,32,-0.25,-8.375,-1
00-0027758,Riley Cooper,WR,2010,PHI,3.5142857142857147,0,0.875,5,Riley Cooper,WR,PHI,6.6875,0,0.8125,7,-0.0625,3.1732142857142853,0
00-0027758,Riley Cooper,WR,2011,PHI,6.6875,0,0.8125,7,Riley Cooper,WR,PHI,5.9818181818181815,0,0.1875,27,-0.625,-0.7056818181818185,0
00-0027758,Riley Cooper,WR,2012,PHI,5.9818181818181815,0,0.1875,27,Riley Cooper,WR,PHI,11.40625,2,0.90625,4,0.71875,5.4244318181818185,2
00-0027758,Riley Cooper,WR,2013,PHI,11.40625,2,0.90625,4,Riley Cooper,WR,PHI,8.04375,0,0.59375,14,-0.3125,-3.3625000000000007,-2
00-0027758,Riley Cooper,WR,2014,PHI,8.04375,0,0.59375,14,Riley Cooper,WR,PHI,5.4750000000000005,0,0.34375,22,-0.25,-2.5687499999999988,0
00-0027761,Brody Eldridge,TE,2010,IND,1.4833333333333334,0,0.90625,4,Brody Eldridge,TE,IND,1.9285714285714288,0,0.09375,30,-0.8125,0.44523809523809543,0
00-0027772,Anthony Dixon,RB,2010,SF,3.483333333333333,0,0.34375,22,Anthony Dixon,RB,SF,2.7875,0,0.53125,16,0.1875,-0.6958333333333329,0
00-0027772,Anthony Dixon,RB,2011,SF,2.7875,0,0.53125,16,Anthony Dixon,RB,SF,2.475,0,0.875,5,0.34375,-0.3125,0
00-0027772,Anthony Dixon,RB,2012,SF,2.475,0,0.875,5,Anthony Dixon,RB,SF,2.3600000000000003,0,0.65625,12,-0.21875,-0.11499999999999977,0
00-0027772,Anthony Dixon,RB,2014,BUF,5.238461538461538,0,0.21875,26,Anthony Dixon,RB,BUF,2.6,0,0.6875,11,0.46875,-2.6384615384615375,0
00-0027779,Deji Karim,RB,2010,JAX,3.333333333333333,0,0.625,13,Deji Karim,RB,JAX,3.25,0,0.0625,31,-0.5625,-0.08333333333333304,0
00-0027783,Anthony McCoy,TE,2011,SEA,2.5090909090909093,0,0.34375,22,Anthony McCoy,TE,SEA,4.65,0,0.90625,4,0.5625,2.140909090909091,0
00-0027786,Jonathan Dwyer,RB,2012,PIT,7.607692307692308,0,0.4375,19,Jonathan Dwyer,RB,PIT,2.435714285714286,0,0.5,17,0.0625,-5.171978021978022,0
00-0027791,James Starks,RB,2011,GB,8.646153846153847,0,1.0,1,James Starks,RB,GB,6.433333333333334,0,0.84375,6,-0.15625,-2.212820512820514,0
00-0027791,James Starks,RB,2012,GB,6.433333333333334,0,0.84375,6,James Starks,RB,GB,7.092307692307693,0,0.84375,6,0.0,0.6589743589743593,0
00-0027791,James Starks,RB,2013,GB,7.092307692307693,0,0.84375,6,James Starks,RB,GB,5.521428571428571,0,1.0,1,0.15625,-1.5708791208791215,0
00-0027791,James Starks,RB,2014,GB,5.521428571428571,0,1.0,1,James Starks,RB,GB,10.31875,1,0.5625,15,-0.4375,4.797321428571428,1
00-0027791,James Starks,RB,2015,GB,10.31875,1,0.5625,15,James Starks,RB,GB,6.544444444444444,0,0.9375,3,0.375,-3.7743055555555554,-1
00-0027793,Antonio Brown,WR,2010,PIT,5.528571428571429,0,0.71875,10,Antonio Brown,WR,PIT,12.61875,2,0.84375,6,0.125,7.090178571428571,2
00-0027793,Antonio Brown,WR,2011,PIT,12.61875,2,0.84375,6,Antonio Brown,WR,PIT,13.315384615384614,2,0.4375,19,-0.40625,0.6966346153846139,0
00-0027793,Antonio Brown,WR,2012,PIT,13.315384615384614,2,0.4375,19,Antonio Brown,WR,PIT,19.33125,4,0.5,17,0.0625,6.0158653846153864,2
00-0027793,Antonio Brown,WR,2013,PIT,19.33125,4,0.5,17,Antonio Brown,WR,PIT,24.30625,5,0.96875,2,0.46875,4.974999999999998,1
00-0027793,Antonio Brown,WR,2014,PIT,24.30625,5,0.96875,2,Antonio Brown,WR,PIT,24.43125,5,0.90625,4,-0.0625,0.125,0
00-0027793,Antonio Brown,WR,2015,PIT,24.43125,5,0.90625,4,Antonio Brown,WR,PIT,20.486666666666668,4,0.8125,7,-0.09375,-3.9445833333333304,-1
00-0027793,Antonio Brown,WR,2016,PIT,20.486666666666668,4,0.8125,7,Antonio Brown,WR,PIT,22.164285714285715,5,0.875,5,0.0625,1.6776190476190465,1
00-0027793,Antonio Brown,WR,2017,PIT,22.164285714285715,5,0.875,5,Antonio Brown,WR,PIT,21.58,5,0.875,5,0.0,-0.5842857142857163,0
00-0027793,Antonio Brown,WR,2020,TB,14.6375,2,0.875,5,Antonio Brown,WR,TB,17.3,3,1.0,1,0.125,2.6625000000000014,1
00-0027796,Joe Webb,QB,2010,MIN,9.27,0,0.125,29,Joe Webb,QB,MIN,6.2925,0,0.40625,20,0.28125,-2.977499999999999,0
00-0027825,Jim Dray,TE,2014,CLE,3.630769230769231,0,0.25,25,Jim Dray,TE,CLE,1.5125,0,0.1875,27,-0.0625,-2.118269230769231,0
00-0027854,Sam Bradford,QB,2010,LA,11.92375,1,0.1875,27,Sam Bradford,QB,LA,8.716,0,0.03125,32,-0.15625,-3.2077500000000008,-1
00-0027854,Sam Bradford,QB,2011,LA,8.716,0,0.03125,32,Sam Bradford,QB,LA,14.405,1,0.375,21,0.34375,5.689,1
00-0027854,Sam Bradford,QB,2012,LA,14.405,1,0.375,21,Sam Bradford,QB,LA,16.96857142857143,2,0.28125,24,-0.09375,2.5635714285714304,1
00-0027861,C.J. Spiller,RB,2010,BUF,5.571428571428571,0,0.15625,28,C.J. Spiller,RB,BUF,9.8875,1,0.5625,15,0.40625,4.316071428571428,1
00-0027861,C.J. Spiller,RB,2011,BUF,9.8875,1,0.5625,15,C.J. Spiller,RB,BUF,15.95625,3,0.40625,20,-0.15625,6.068750000000001,2
00-0027861,C.J. Spiller,RB,2012,BUF,15.95625,3,0.40625,20,C.J. Spiller,RB,BUF,10.32,1,0.25,25,-0.15625,-5.63625,-2
00-0027861,C.J. Spiller,RB,2013,BUF,10.32,1,0.25,25,C.J. Spiller,RB,BUF,7.944444444444445,0,0.21875,26,-0.03125,-2.3755555555555556,-1
00-0027864,Ryan Mathews,RB,2010,LAC,11.666666666666666,2,0.9375,3,Ryan Mathews,RB,LAC,16.9,4,0.875,5,-0.0625,5.2333333333333325,2
00-0027864,Ryan Mathews,RB,2011,LAC,16.9,4,0.875,5,Ryan Mathews,RB,LAC,11.408333333333331,2,0.3125,23,-0.5625,-5.491666666666667,-2
00-0027864,Ryan Mathews,RB,2012,LAC,11.408333333333331,2,0.3125,23,Ryan Mathews,RB,LAC,13.15,2,0.96875,2,0.65625,1.741666666666669,0
00-0027864,Ryan Mathews,RB,2013,LAC,13.15,2,0.96875,2,Ryan Mathews,RB,LAC,11.15,2,0.65625,12,-0.3125,-2.0,0
00-0027864,Ryan Mathews,RB,2015,PHI,9.576923076923077,1,0.34375,22,Ryan Mathews,RB,PHI,11.153846153846152,2,0.40625,20,0.0625,1.5769230769230749,1
00-0027873,Jermaine Gresham,TE,2010,CIN,8.206666666666667,2,0.40625,20,Jermaine Gresham,TE,CIN,10.685714285714283,3,0.5,17,0.09375,2.4790476190476163,1
00-0027873,Jermaine Gresham,TE,2011,CIN,10.685714285714283,3,0.5,17,Jermaine Gresham,TE,CIN,10.35625,3,0.5,17,0.0,-0.329464285714284,0
00-0027873,Jermaine Gresham,TE,2012,CIN,10.35625,3,0.5,17,Jermaine Gresham,TE,CIN,7.8428571428571425,1,0.625,13,0.125,-2.5133928571428568,-2
00-0027873,Jermaine Gresham,TE,2013,CIN,7.8428571428571425,1,0.625,13,Jermaine Gresham,TE,CIN,9.2,2,0.46875,18,-0.15625,1.3571428571428568,1
00-0027873,Jermaine Gresham,TE,2015,ARI,3.5615384615384613,0,1.0,1,Jermaine Gresham,TE,ARI,5.50625,0,0.4375,19,-0.5625,1.9447115384615383,0
00-0027873,Jermaine Gresham,TE,2016,ARI,5.50625,0,0.4375,19,Jermaine Gresham,TE,ARI,5.514285714285714,0,0.0625,31,-0.375,0.00803571428571459,0
00-0027873,Jermaine Gresham,TE,2017,ARI,5.514285714285714,0,0.0625,31,Jermaine Gresham,TE,ARI,2.05,0,0.03125,32,-0.03125,-3.4642857142857144,0
00-0027874,Demaryius Thomas,WR,2010,DEN,6.04,0,0.4375,19,Demaryius Thomas,WR,DEN,11.16,2,0.25,25,-0.1875,5.12,2
00-0027874,Demaryius Thomas,WR,2011,DEN,11.16,2,0.25,25,Demaryius Thomas,WR,DEN,18.3125,4,0.9375,3,0.6875,7.1525,2
00-0027874,Demaryius Thomas,WR,2012,DEN,18.3125,4,0.9375,3,Demaryius Thomas,WR,DEN,19.9375,4,1.0,1,0.0625,1.625,0
00-0027874,Demaryius Thomas,WR,2013,DEN,19.9375,4,1.0,1,Demaryius Thomas,WR,DEN,21.30625,5,0.84375,6,-0.15625,1.3687499999999986,1
00-0027874,Demaryius Thomas,WR,2014,DEN,21.30625,5,0.84375,6,Demaryius Thomas,WR,DEN,16.7125,3,0.25,25,-0.59375,-4.59375,-2
00-0027874,Demaryius Thomas,WR,2015,DEN,16.7125,3,0.25,25,Demaryius Thomas,WR,DEN,14.14375,2,0.1875,27,-0.0625,-2.568749999999998,-1
00-0027874,Demaryius Thomas,WR,2016,DEN,14.14375,2,0.1875,27,Demaryius Thomas,WR,DEN,12.86875,2,0.125,29,-0.0625,-1.2750000000000004,0
00-0027874,Demaryius Thomas,WR,2017,DEN,12.86875,2,0.125,29,Demaryius Thomas,WR,DEN,10.446666666666664,1,0.34375,22,0.21875,-2.4220833333333367,-1
00-0027876,Tim Tebow,QB,2010,DEN,14.122857142857145,1,0.4375,19,Tim Tebow,QB,DEN,15.350769230769233,2,0.25,25,-0.1875,1.2279120879120882,1
00-0027880,Jahvid Best,RB,2010,DET,13.133333333333333,2,0.375,21,Jahvid Best,RB,DET,18.78333333333333,5,0.65625,12,0.28125,5.649999999999999,3
00-0027888,Toby Gerhart,RB,2010,MIN,4.66,0,0.125,29,Toby Gerhart,RB,MIN,7.939999999999999,0,0.40625,20,0.28125,3.2799999999999985,0
00-0027888,Toby Gerhart,RB,2011,MIN,7.939999999999999,0,0.40625,20,Toby Gerhart,RB,MIN,3.6266666666666665,0,0.53125,16,0.125,-4.313333333333333,0
00-0027888,Toby Gerhart,RB,2012,MIN,3.6266666666666665,0,0.53125,16,Toby Gerhart,RB,MIN,5.008333333333334,0,0.4375,19,-0.09375,1.3816666666666673,0
00-0027888,Toby Gerhart,RB,2014,JAX,5.8,0,0.0625,31,Toby Gerhart,RB,JAX,1.94,0,0.28125,24,0.21875,-3.86,0
00-0027890,Ben Tate,RB,2011,HOU,9.0,1,0.625,13,Ben Tate,RB,HOU,4.890909090909091,0,0.6875,11,0.0625,-4.109090909090909,-1
00-0027890,Ben Tate,RB,2012,HOU,4.890909090909091,0,0.6875,11,Ben Tate,RB,HOU,10.364285714285714,1,0.09375,30,-0.59375,5.473376623376623,1
00-0027891,Golden Tate,WR,2010,SEA,4.009090909090909,0,0.09375,30,Golden Tate,WR,SEA,6.173333333333333,0,0.34375,22,0.25,2.164242424242424,0
00-0027891,Golden Tate,WR,2011,SEA,6.173333333333333,0,0.34375,22,Golden Tate,WR,SEA,10.808,1,0.90625,4,0.5625,4.634666666666667,1
00-0027891,Golden Tate,WR,2012,SEA,10.808,1,0.90625,4,Golden Tate,WR,SEA,11.68125,2,0.75,9,-0.15625,0.8732500000000005,1
00-0027891,Golden Tate,WR,2014,DET,16.19375,3,0.53125,16,Golden Tate,WR,DET,13.0875,2,0.4375,19,-0.09375,-3.106250000000001,-1
00-0027891,Golden Tate,WR,2015,DET,13.0875,2,0.4375,19,Golden Tate,WR,DET,13.94375,2,0.75,9,0.3125,0.8562499999999993,0
00-0027891,Golden Tate,WR,2016,DET,13.94375,2,0.75,9,Golden Tate,WR,DET,14.03125,2,0.46875,18,-0.28125,0.08750000000000036,0
00-0027891,Golden Tate,WR,2017,DET,14.03125,2,0.46875,18,Golden Tate,WR,DET,12.153333333333334,2,0.3125,23,-0.15625,-1.8779166666666658,0
00-0027891,Golden Tate,WR,2019,NYG,13.963636363636365,2,0.25,25,Golden Tate,WR,NYG,7.21,0,0.09375,30,-0.15625,-6.753636363636365,-2
00-0027893,Damian Williams,WR,2010,TEN,4.266666666666667,0,0.5,17,Damian Williams,WR,TEN,8.946666666666665,1,0.4375,19,-0.0625,4.679999999999999,1
00-0027893,Damian Williams,WR,2011,TEN,8.946666666666665,1,0.4375,19,Damian Williams,WR,TEN,4.8,0,0.15625,28,-0.28125,-4.146666666666666,-1
00-0027893,Damian Williams,WR,2012,TEN,4.8,0,0.15625,28,Damian Williams,WR,TEN,4.85,0,0.5625,15,0.40625,0.04999999999999982,0
00-0027902,Dez Bryant,WR,2010,DAL,12.425,2,0.59375,14,Dez Bryant,WR,DAL,13.886666666666668,2,0.75,9,0.15625,1.4616666666666678,0
00-0027902,Dez Bryant,WR,2011,DAL,13.886666666666668,2,0.75,9,Dez Bryant,WR,DAL,18.6625,4,0.65625,12,-0.09375,4.775833333333333,2
00-0027902,Dez Bryant,WR,2012,DAL,18.6625,4,0.65625,12,Dez Bryant,WR,DAL,18.275,4,0.78125,8,0.125,-0.38750000000000284,0
00-0027902,Dez Bryant,WR,2013,DAL,18.275,4,0.78125,8,Dez Bryant,WR,DAL,19.75,4,0.9375,3,0.15625,1.4750000000000014,0
00-0027902,Dez Bryant,WR,2014,DAL,19.75,4,0.9375,3,Dez Bryant,WR,DAL,9.9,1,0.21875,26,-0.71875,-9.85,-3
00-0027902,Dez Bryant,WR,2015,DAL,9.9,1,0.21875,26,Dez Bryant,WR,DAL,13.846153846153848,2,0.90625,4,0.6875,3.946153846153848,1
00-0027902,Dez Bryant,WR,2016,DAL,13.846153846153848,2,0.90625,4,Dez Bryant,WR,DAL,11.65,2,0.6875,11,-0.21875,-2.196153846153848,0
00-0027912,Danario Alexander,WR,2010,LA,7.075,0,0.1875,27,Danario Alexander,WR,LA,8.11,0,0.03125,32,-0.15625,1.0349999999999993,0
00-0027918,Andrew Hawkins,WR,2011,CIN,4.316666666666666,0,0.5,17,Andrew Hawkins,WR,CIN,9.37857142857143,1,0.5,17,0.0,5.0619047619047635,1
00-0027918,Andrew Hawkins,WR,2012,CIN,9.37857142857143,1,0.5,17,Andrew Hawkins,WR,CIN,4.025,0,0.625,13,0.125,-5.3535714285714295,-1
00-0027918,Andrew Hawkins,WR,2014,CLE,10.593333333333334,1,0.25,25,Andrew Hawkins,WR,CLE,6.825,0,0.1875,27,-0.0625,-3.7683333333333335,-1
00-0027918,Andrew Hawkins,WR,2015,CLE,6.825,0,0.1875,27,Andrew Hawkins,WR,CLE,5.2125,0,0.28125,24,0.09375,-1.6124999999999998,0
00-0027939,Cam Newton,QB,2011,CAR,23.1775,4,0.90625,4,Cam Newton,QB,CAR,20.46625,3,0.71875,10,-0.1875,-2.7112499999999997,-1
00-0027939,Cam Newton,QB,2012,CAR,20.46625,3,0.71875,10,Cam Newton,QB,CAR,18.60375,3,0.71875,10,0.0,-1.8624999999999972,0
00-0027939,Cam Newton,QB,2013,CAR,18.60375,3,0.71875,10,Cam Newton,QB,CAR,17.784285714285712,3,0.5625,15,-0.15625,-0.8194642857142895,0
00-0027939,Cam Newton,QB,2014,CAR,17.784285714285712,3,0.5625,15,Cam Newton,QB,CAR,24.3175,5,0.8125,7,0.25,6.533214285714287,2
00-0027939,Cam Newton,QB,2015,CAR,24.3175,5,0.8125,7,Cam Newton,QB,CAR,16.964000000000002,2,0.3125,23,-0.5,-7.353499999999997,-3
00-0027939,Cam Newton,QB,2016,CAR,16.964000000000002,2,0.3125,23,Cam Newton,QB,CAR,18.73,3,0.625,13,0.3125,1.7659999999999982,1
00-0027939,Cam Newton,QB,2017,CAR,18.73,3,0.625,13,Cam Newton,QB,CAR,20.185714285714287,3,0.75,9,0.125,1.4557142857142864,0
00-0027942,A.J. Green,WR,2011,CIN,14.533333333333331,2,0.5,17,A.J. Green,WR,CIN,18.7375,4,0.5,17,0.0,4.204166666666669,2
00-0027942,A.J. Green,WR,2012,CIN,18.7375,4,0.5,17,A.J. Green,WR,CIN,19.1625,4,0.625,13,0.125,0.4250000000000007,0
00-0027942,A.J. Green,WR,2013,CIN,19.1625,4,0.625,13,A.J. Green,WR,CIN,17.108333333333334,3,0.46875,18,-0.15625,-2.054166666666667,-1
00-0027942,A.J. Green,WR,2014,CIN,17.108333333333334,3,0.46875,18,A.J. Green,WR,CIN,17.10625,3,0.84375,6,0.375,-0.0020833333333349913,0
00-0027942,A.J. Green,WR,2015,CIN,17.10625,3,0.84375,6,A.J. Green,WR,CIN,18.64,4,0.71875,10,-0.125,1.5337500000000013,1
00-0027942,A.J. Green,WR,2016,CIN,18.64,4,0.71875,10,A.J. Green,WR,CIN,14.225,2,0.25,25,-0.46875,-4.415000000000001,-2
00-0027942,A.J. Green,WR,2017,CIN,14.225,2,0.25,25,A.J. Green,WR,CIN,16.6,3,0.46875,18,0.21875,2.3750000000000018,1
00-0027942,A.J. Green,WR,2021,ARI,9.8,1,0.75,9,A.J. Green,WR,ARI,4.7384615384615385,0,0.15625,28,-0.59375,-5.061538461538462,-1
00-0027944,Julio Jones,WR,2011,ATL,16.791666666666668,3,0.71875,10,Julio Jones,WR,ATL,16.3625,3,0.78125,8,0.0625,-0.42916666666666714,0
00-0027944,Julio Jones,WR,2012,ATL,16.3625,3,0.78125,8,Julio Jones,WR,ATL,21.94,5,0.53125,16,-0.25,5.577500000000001,2
00-0027944,Julio Jones,WR,2013,ATL,21.94,5,0.53125,16,Julio Jones,WR,ATL,19.826666666666664,4,0.625,13,0.09375,-2.113333333333337,-1
00-0027944,Julio Jones,WR,2014,ATL,19.826666666666664,4,0.625,13,Julio Jones,WR,ATL,23.06875,5,0.53125,16,-0.09375,3.242083333333337,1
00-0027944,Julio Jones,WR,2015,ATL,23.06875,5,0.53125,16,Julio Jones,WR,ATL,18.56428571428572,4,1.0,1,0.46875,-4.504464285714281,-1
00-0027944,Julio Jones,WR,2016,ATL,18.56428571428572,4,1.0,1,Julio Jones,WR,ATL,15.74375,3,0.78125,8,-0.21875,-2.82053571428572,-1
00-0027944,Julio Jones,WR,2017,ATL,15.74375,3,0.78125,8,Julio Jones,WR,ATL,20.36875,4,0.78125,8,0.0,4.624999999999998,1
00-0027944,Julio Jones,WR,2018,ATL,20.36875,4,0.78125,8,Julio Jones,WR,ATL,18.273333333333333,4,0.59375,14,-0.1875,-2.095416666666665,0
00-0027944,Julio Jones,WR,2019,ATL,18.273333333333333,4,0.59375,14,Julio Jones,WR,ATL,16.233333333333334,3,0.53125,16,-0.0625,-2.039999999999999,-1
00-0027946,Jake Locker,QB,2011,TEN,9.856,0,0.4375,19,Jake Locker,QB,TEN,12.012727272727272,1,0.15625,28,-0.28125,2.156727272727272,1
00-0027946,Jake Locker,QB,2012,TEN,12.012727272727272,1,0.15625,28,Jake Locker,QB,TEN,14.248571428571427,1,0.5625,15,0.40625,2.2358441558441555,0
00-0027946,Jake Locker,QB,2013,TEN,14.248571428571427,1,0.5625,15,Jake Locker,QB,TEN,9.131428571428572,0,0.09375,30,-0.46875,-5.117142857142856,-1
00-0027948,Blaine Gabbert,QB,2011,JAX,7.757333333333333,0,0.0625,31,Blaine Gabbert,QB,JAX,9.408,0,0.09375,30,0.03125,1.650666666666666,0
00-0027948,Blaine Gabbert,QB,2015,SF,16.2175,2,0.09375,30,Blaine Gabbert,QB,SF,12.283333333333331,1,0.0625,31,-0.03125,-3.9341666666666697,-1
00-0027948,Blaine Gabbert,QB,2020,TB,3.83,0,0.875,5,Blaine Gabbert,QB,TB,0.33,0,1.0,1,0.125,-3.5,0
00-0027950,Christian Ponder,QB,2011,MIN,10.729090909090909,1,0.40625,20,Christian Ponder,QB,MIN,12.1375,1,0.53125,16,0.125,1.4084090909090907,0
00-0027950,Christian Ponder,QB,2012,MIN,12.1375,1,0.53125,16,Christian Ponder,QB,MIN,11.89111111111111,1,0.4375,19,-0.09375,-0.2463888888888892,0
00-0027964,Jon Baldwin,WR,2011,KC,4.763636363636364,0,0.1875,27,Jon Baldwin,WR,KC,4.178571428571429,0,0.0625,31,-0.125,-0.5850649350649348,0
00-0027966,Mark Ingram,RB,2011,NO,9.88,1,0.96875,2,Mark Ingram,RB,NO,6.19375,0,0.8125,7,-0.15625,-3.686250000000001,-1
00-0027966,Mark Ingram,RB,2012,NO,6.19375,0,0.8125,7,Mark Ingram,RB,NO,5.309090909090909,0,0.9375,3,0.125,-0.884659090909091,0
00-0027966,Mark Ingram,RB,2013,NO,5.309090909090909,0,0.9375,3,Mark Ingram,RB,NO,14.761538461538462,3,0.78125,8,-0.15625,9.452447552447554,3
00-0027966,Mark Ingram,RB,2014,NO,14.761538461538462,3,0.78125,8,Mark Ingram,RB,NO,16.966666666666665,4,0.875,5,0.09375,2.2051282051282026,1
00-0027966,Mark Ingram,RB,2015,NO,16.966666666666665,4,0.875,5,Mark Ingram,RB,NO,15.1625,3,0.84375,6,-0.03125,-1.8041666666666654,-1
00-0027966,Mark Ingram,RB,2016,NO,15.1625,3,0.84375,6,Mark Ingram,RB,NO,17.375,4,0.96875,2,0.125,2.2125000000000004,1
00-0027966,Mark Ingram,RB,2017,NO,17.375,4,0.96875,2,Mark Ingram,RB,NO,11.875,2,0.96875,2,0.0,-5.5,-2
00-0027966,Mark Ingram,RB,2019,BAL,16.193333333333335,4,1.0,1,Mark Ingram,RB,BAL,5.29,0,0.84375,6,-0.15625,-10.903333333333336,-4
00-0027973,Andy Dalton,QB,2011,CIN,12.945,1,0.5,17,Andy Dalton,QB,CIN,15.6725,2,0.5,17,0.0,2.727499999999999,1
00-0027973,Andy Dalton,QB,2012,CIN,15.6725,2,0.5,17,Andy Dalton,QB,CIN,18.00125,3,0.625,13,0.125,2.3287499999999994,1
00-0027973,Andy Dalton,QB,2013,CIN,18.00125,3,0.625,13,Andy Dalton,QB,CIN,14.10125,1,0.46875,18,-0.15625,-3.8999999999999986,-2
00-0027973,Andy Dalton,QB,2014,CIN,14.10125,1,0.46875,18,Andy Dalton,QB,CIN,18.784615384615385,3,0.84375,6,0.375,4.683365384615385,2
00-0027973,Andy Dalton,QB,2015,CIN,18.784615384615385,3,0.84375,6,Andy Dalton,QB,CIN,16.29,2,0.71875,10,-0.125,-2.4946153846153862,-1
00-0027973,Andy Dalton,QB,2016,CIN,16.29,2,0.71875,10,Andy Dalton,QB,CIN,13.16875,1,0.25,25,-0.46875,-3.12125,-1
00-0027973,Andy Dalton,QB,2017,CIN,13.16875,1,0.25,25,Andy Dalton,QB,CIN,15.867272727272727,2,0.46875,18,0.21875,2.698522727272728,1
00-0027973,Andy Dalton,QB,2018,CIN,15.867272727272727,2,0.46875,18,Andy Dalton,QB,CIN,15.681538461538462,2,0.125,29,-0.34375,-0.18573426573426488,0
00-0027973,Andy Dalton,QB,2024,CAR,9.826666666666666,0,0.3125,23,Andy Dalton,QB,CAR,2.38,0,0.21875,26,-0.09375,-7.446666666666666,0
00-0027974,Colin Kaepernick,QB,2012,SF,13.38923076923077,1,0.875,5,Colin Kaepernick,QB,SF,16.5175,2,0.65625,12,-0.21875,3.128269230769229,1
00-0027974,Colin Kaepernick,QB,2013,SF,16.5175,2,0.65625,12,Colin Kaepernick,QB,SF,15.66625,2,0.40625,20,-0.25,-0.8512499999999985,0
00-0027974,Colin Kaepernick,QB,2014,SF,15.66625,2,0.40625,20,Colin Kaepernick,QB,SF,12.244444444444444,1,0.09375,30,-0.3125,-3.421805555555556,-1
00-0027974,Colin Kaepernick,QB,2015,SF,12.244444444444444,1,0.09375,30,Colin Kaepernick,QB,SF,18.24,3,0.0625,31,-0.03125,5.995555555555555,2
00-0027981,Kyle Rudolph,TE,2011,MIN,4.921428571428572,0,0.40625,20,Kyle Rudolph,TE,MIN,9.89375,2,0.53125,16,0.125,4.972321428571429,2
00-0027981,Kyle Rudolph,TE,2012,MIN,9.89375,2,0.53125,16,Kyle Rudolph,TE,MIN,9.9125,2,0.4375,19,-0.09375,0.018749999999998934,0
00-0027981,Kyle Rudolph,TE,2013,MIN,9.9125,2,0.4375,19,Kyle Rudolph,TE,MIN,8.442857142857143,2,0.375,21,-0.0625,-1.4696428571428566,0
00-0027981,Kyle Rudolph,TE,2014,MIN,8.442857142857143,2,0.375,21,Kyle Rudolph,TE,MIN,8.03125,2,0.625,13,0.25,-0.41160714285714306,0
00-0027981,Kyle Rudolph,TE,2015,MIN,8.03125,2,0.625,13,Kyle Rudolph,TE,MIN,13.0625,4,0.34375,22,-0.28125,5.03125,2
00-0027981,Kyle Rudolph,TE,2016,MIN,13.0625,4,0.34375,22,Kyle Rudolph,TE,MIN,9.8875,2,0.75,9,0.40625,-3.1750000000000007,-2
00-0027981,Kyle Rudolph,TE,2017,MIN,9.8875,2,0.75,9,Kyle Rudolph,TE,MIN,9.4625,2,0.1875,27,-0.5625,-0.42499999999999893,0
00-0027981,Kyle Rudolph,TE,2018,MIN,9.4625,2,0.1875,27,Kyle Rudolph,TE,MIN,7.58,1,0.75,9,0.5625,-1.8825000000000003,-1
00-0027981,Kyle Rudolph,TE,2019,MIN,7.58,1,0.75,9,Kyle Rudolph,TE,MIN,5.45,0,0.71875,10,-0.03125,-2.13,-1
00-0027982,Titus Young,WR,2011,DET,9.44375,1,0.65625,12,Titus Young,WR,DET,9.69,1,0.46875,18,-0.1875,0.24624999999999986,0
00-0027985,Lance Kendricks,TE,2011,LA,4.026666666666666,0,0.03125,32,Lance Kendricks,TE,LA,7.49375,1,0.375,21,0.34375,3.467083333333334,1
00-0027985,Lance Kendricks,TE,2012,LA,7.49375,1,0.375,21,Lance Kendricks,TE,LA,5.842857142857143,0,0.28125,24,-0.09375,-1.650892857142857,-1
00-0027985,Lance Kendricks,TE,2013,LA,5.842857142857143,0,0.28125,24,Lance Kendricks,TE,LA,5.18125,0,0.125,29,-0.15625,-0.6616071428571431,0
00-0027985,Lance Kendricks,TE,2014,LA,5.18125,0,0.125,29,Lance Kendricks,TE,LA,4.392857142857143,0,0.03125,32,-0.09375,-0.7883928571428571,0
00-0027985,Lance Kendricks,TE,2015,LA,4.392857142857143,0,0.03125,32,Lance Kendricks,TE,LA,6.86875,1,0.03125,32,0.0,2.475892857142857,1
00-0027985,Lance Kendricks,TE,2017,GB,4.027272727272727,0,0.59375,14,Lance Kendricks,TE,GB,3.230769230769231,0,0.6875,11,0.09375,-0.7965034965034965,0
00-0027994,Shane Vereen,RB,2012,NE,6.363636363636363,0,1.0,1,Shane Vereen,RB,NE,16.8125,4,0.8125,7,-0.1875,10.448863636363637,4
00-0027994,Shane Vereen,RB,2013,NE,16.8125,4,0.8125,7,Shane Vereen,RB,NE,10.3625,1,0.875,5,0.0625,-6.449999999999999,-3
00-0027994,Shane Vereen,RB,2015,NYG,9.9,1,0.75,9,Shane Vereen,RB,NYG,7.640000000000001,0,0.125,29,-0.625,-2.26,-1
00-0027994,Shane Vereen,RB,2016,NYG,7.640000000000001,0,0.125,29,Shane Vereen,RB,NYG,5.58,0,0.1875,27,0.0625,-2.0600000000000005,0
00-0027996,Torrey Smith,WR,2011,BAL,12.0,2,0.6875,11,Torrey Smith,WR,BAL,11.4625,2,0.59375,14,-0.09375,-0.5374999999999996,0
00-0027996,Torrey Smith,WR,2012,BAL,11.4625,2,0.59375,14,Torrey Smith,WR,BAL,12.775,2,0.15625,28,-0.4375,1.3125,0
00-0027996,Torrey Smith,WR,2013,BAL,12.775,2,0.15625,28,Torrey Smith,WR,BAL,12.78,2,0.8125,7,0.65625,0.004999999999999005,0
00-0027996,Torrey Smith,WR,2015,SF,7.83125,0,0.09375,30,Torrey Smith,WR,SF,5.391666666666667,0,0.0625,31,-0.03125,-2.439583333333333,0
00-0027997,Greg Little,WR,2011,CLE,9.0875,1,0.21875,26,Greg Little,WR,CLE,8.9125,1,0.21875,26,0.0,-0.1750000000000007,0
00-0027997,Greg Little,WR,2012,CLE,8.9125,1,0.21875,26,Greg Little,WR,CLE,6.21875,0,0.21875,26,0.0,-2.6937499999999996,-1
00-0028000,Daniel Thomas,RB,2011,MIA,6.253846153846154,0,0.46875,18,Daniel Thomas,RB,MIA,6.925,0,0.28125,24,-0.1875,0.671153846153846,0
00-0028000,Daniel Thomas,RB,2012,MIA,6.925,0,0.28125,24,Daniel Thomas,RB,MIA,6.526666666666667,0,0.375,21,0.09375,-0.39833333333333254,0
00-0028000,Daniel Thomas,RB,2013,MIA,6.526666666666667,0,0.375,21,Daniel Thomas,RB,MIA,4.508333333333334,0,0.6875,11,0.3125,-2.0183333333333335,0
00-0028002,Randall Cobb,WR,2011,GB,5.785714285714286,0,1.0,1,Randall Cobb,WR,GB,16.173333333333332,3,0.84375,6,-0.15625,10.387619047619047,3
00-0028002,Randall Cobb,WR,2012,GB,16.173333333333332,3,0.84375,6,Randall Cobb,WR,GB,17.683333333333334,4,0.84375,6,0.0,1.5100000000000016,1
00-0028002,Randall Cobb,WR,2013,GB,17.683333333333334,4,0.84375,6,Randall Cobb,WR,GB,18.4625,4,1.0,1,0.15625,0.779166666666665,0
00-0028002,Randall Cobb,WR,2014,GB,18.4625,4,1.0,1,Randall Cobb,WR,GB,12.68125,2,0.5625,15,-0.4375,-5.781249999999998,-2
00-0028002,Randall Cobb,WR,2015,GB,12.68125,2,0.5625,15,Randall Cobb,WR,GB,11.407692307692308,2,0.9375,3,0.375,-1.2735576923076923,0
00-0028002,Randall Cobb,WR,2016,GB,11.407692307692308,2,0.9375,3,Randall Cobb,WR,GB,11.385714285714286,2,0.59375,14,-0.34375,-0.0219780219780219,0
00-0028002,Randall Cobb,WR,2017,GB,11.385714285714286,2,0.59375,14,Randall Cobb,WR,GB,9.588888888888889,1,0.6875,11,0.09375,-1.7968253968253975,-1
00-0028002,Randall Cobb,WR,2021,GB,8.69090909090909,0,0.9375,3,Randall Cobb,WR,GB,6.2846153846153845,0,0.6875,11,-0.25,-2.406293706293705,0
00-0028007,Rob Housler,TE,2011,ARI,2.9125,0,0.28125,24,Rob Housler,TE,ARI,6.6692307692307695,1,0.03125,32,-0.25,3.7567307692307694,1
00-0028007,Rob Housler,TE,2012,ARI,6.6692307692307695,1,0.03125,32,Rob Housler,TE,ARI,6.953846153846154,1,0.40625,20,0.375,0.2846153846153845,0
00-0028007,Rob Housler,TE,2013,ARI,6.953846153846154,1,0.40625,20,Rob Housler,TE,ARI,1.8333333333333333,0,0.4375,19,0.03125,-5.120512820512821,-1
00-0028009,DeMarco Murray,RB,2011,DAL,11.23076923076923,2,0.75,9,DeMarco Murray,RB,DAL,14.64,3,0.65625,12,-0.09375,3.4092307692307706,1
00-0028009,DeMarco Murray,RB,2012,DAL,14.64,3,0.65625,12,DeMarco Murray,RB,DAL,18.435714285714287,4,0.78125,8,0.125,3.7957142857142863,1
00-0028009,DeMarco Murray,RB,2013,DAL,18.435714285714287,4,0.78125,8,DeMarco Murray,RB,DAL,21.94375,5,0.9375,3,0.15625,3.5080357142857146,1
00-0028009,DeMarco Murray,RB,2016,TEN,18.3625,4,0.625,13,DeMarco Murray,RB,TEN,11.433333333333334,2,0.34375,22,-0.28125,-6.929166666666667,-2
00-0028011,Stevan Ridley,RB,2011,NE,4.533333333333333,0,0.9375,3,Stevan Ridley,RB,NE,12.8375,2,1.0,1,0.0625,8.304166666666667,2
00-0028011,Stevan Ridley,RB,2012,NE,12.8375,2,1.0,1,Stevan Ridley,RB,NE,9.107142857142858,1,0.8125,7,-0.1875,-3.7303571428571427,-1
00-0028011,Stevan Ridley,RB,2013,NE,9.107142857142858,1,0.8125,7,Stevan Ridley,RB,NE,8.666666666666666,0,0.875,5,0.0625,-0.4404761904761916,-1
00-0028016,Austin Pettis,WR,2011,LA,5.2,0,0.03125,32,Austin Pettis,WR,LA,6.161538461538461,0,0.375,21,0.34375,0.9615384615384608,0
00-0028016,Austin Pettis,WR,2012,LA,6.161538461538461,0,0.375,21,Austin Pettis,WR,LA,7.278571428571429,0,0.28125,24,-0.09375,1.1170329670329684,0
00-0028016,Austin Pettis,WR,2013,LA,7.278571428571429,0,0.28125,24,Austin Pettis,WR,LA,7.45,0,0.125,29,-0.15625,0.17142857142857082,0
00-0028017,Leonard Hankerson,WR,2011,WAS,7.825,0,0.375,21,Leonard Hankerson,WR,WAS,7.386666666666667,0,0.96875,2,0.59375,-0.43833333333333346,0
00-0028017,Leonard Hankerson,WR,2012,WAS,7.386666666666667,0,0.96875,2,Leonard Hankerson,WR,WAS,8.55,0,0.3125,23,-0.65625,1.163333333333334,0
00-0028021,Jerrel Jernigan,WR,2012,NYG,0.9666666666666668,0,0.75,9,Jerrel Jernigan,WR,NYG,9.511111111111113,1,0.0625,31,-0.6875,8.544444444444446,1
00-0028040,Jordan Cameron,TE,2011,CLE,1.86,0,0.21875,26,Jordan Cameron,TE,CLE,3.7384615384615385,0,0.21875,26,0.0,1.8784615384615384,0
00-0028040,Jordan Cameron,TE,2012,CLE,3.7384615384615385,0,0.21875,26,Jordan Cameron,TE,CLE,14.246666666666666,4,0.21875,26,0.0,10.508205128205127,4
00-0028040,Jordan Cameron,TE,2013,CLE,14.246666666666666,4,0.21875,26,Jordan Cameron,TE,CLE,7.840000000000001,1,0.25,25,0.03125,-6.406666666666665,-3
00-0028042,Luke Stocker,TE,2011,TB,2.355555555555556,0,0.15625,28,Luke Stocker,TE,TB,3.208333333333333,0,0.5625,15,0.40625,0.852777777777777,0
00-0028042,Luke Stocker,TE,2014,TB,2.22,0,0.15625,28,Luke Stocker,TE,TB,2.6375,0,0.59375,14,0.4375,0.4175,0
00-0028042,Luke Stocker,TE,2015,TB,2.6375,0,0.59375,14,Luke Stocker,TE,TB,1.2166666666666666,0,0.46875,18,-0.125,-1.4208333333333336,0
00-0028042,Luke Stocker,TE,2016,TB,1.2166666666666666,0,0.46875,18,Luke Stocker,TE,TB,3.25,0,0.65625,12,0.1875,2.033333333333333,0
00-0028042,Luke Stocker,TE,2019,ATL,1.2090909090909092,0,0.59375,14,Luke Stocker,TE,ATL,1.477777777777778,0,0.53125,16,-0.0625,0.26868686868686886,0
00-0028043,Roy Helu,RB,2013,WAS,6.71875,0,0.3125,23,Roy Helu,RB,WAS,9.792307692307691,1,0.28125,24,-0.03125,3.0735576923076913,1
00-0028045,Kris Durham,WR,2012,DET,6.625,0,0.46875,18,Kris Durham,WR,DET,6.0625,0,0.46875,18,0.0,-0.5625,0
00-0028049,Clyde Gates,WR,2012,NYJ,3.96,0,0.125,29,Clyde Gates,WR,NYJ,4.033333333333333,0,0.125,29,0.0,0.07333333333333325,0
00-0028050,Greg Salas,WR,2013,NYJ,4.46,0,0.125,29,Greg Salas,WR,NYJ,4.0875,0,0.1875,27,0.0625,-0.3724999999999996,0
00-0028052,Cecil Shorts,WR,2011,JAX,1.375,0,0.0625,31,Cecil Shorts,WR,JAX,13.75,2,0.09375,30,0.03125,12.375,2
00-0028052,Cecil Shorts,WR,2012,JAX,13.75,2,0.09375,30,Cecil Shorts,WR,JAX,12.438461538461535,2,0.03125,32,-0.0625,-1.3115384615384649,0
00-0028052,Cecil Shorts,WR,2013,JAX,12.438461538461535,2,0.03125,32,Cecil Shorts,WR,JAX,9.075384615384616,1,0.0625,31,0.03125,-3.3630769230769193,-1
00-0028053,Kendall Hunter,RB,2011,SF,6.319999999999999,0,0.53125,16,Kendall Hunter,RB,SF,5.827272727272727,0,0.875,5,0.34375,-0.49272727272727224,0
00-0028053,Kendall Hunter,RB,2012,SF,5.827272727272727,0,0.875,5,Kendall Hunter,RB,SF,3.44375,0,0.65625,12,-0.21875,-2.383522727272727,0
00-0028057,Delone Carter,RB,2011,IND,3.3666666666666667,0,0.09375,30,Delone Carter,RB,IND,4.642857142857143,0,0.625,13,0.53125,1.2761904761904765,0
00-0028061,Tandon Doss,WR,2012,BAL,3.1625,0,0.59375,14,Tandon Doss,WR,BAL,5.55,0,0.15625,28,-0.4375,2.3874999999999997,0
00-0028064,Bilal Powell,RB,2012,NYJ,7.05,0,0.125,29,Bilal Powell,RB,NYJ,8.75625,0,0.125,29,0.0,1.7062499999999998,0
00-0028064,Bilal Powell,RB,2013,NYJ,8.75625,0,0.125,29,Bilal Powell,RB,NYJ,2.878571428571429,0,0.1875,27,0.0625,-5.877678571428571,0
00-0028064,Bilal Powell,RB,2014,NYJ,2.878571428571429,0,0.1875,27,Bilal Powell,RB,NYJ,12.28181818181818,2,0.71875,10,0.53125,9.403246753246751,2
00-0028064,Bilal Powell,RB,2015,NYJ,12.28181818181818,2,0.71875,10,Bilal Powell,RB,NYJ,11.8625,2,0.15625,28,-0.5625,-0.4193181818181788,0
00-0028064,Bilal Powell,RB,2016,NYJ,11.8625,2,0.15625,28,Bilal Powell,RB,NYJ,9.68,1,0.28125,24,0.125,-2.182500000000001,-1
00-0028064,Bilal Powell,RB,2017,NYJ,9.68,1,0.28125,24,Bilal Powell,RB,NYJ,8.614285714285714,0,0.125,29,-0.15625,-1.0657142857142858,-1
00-0028064,Bilal Powell,RB,2018,NYJ,8.614285714285714,0,0.125,29,Bilal Powell,RB,NYJ,2.766666666666667,0,0.03125,32,-0.09375,-5.847619047619046,0
00-0028067,Julius Thomas,TE,2013,DEN,15.414285714285716,5,1.0,1,Julius Thomas,TE,DEN,13.658333333333331,4,0.84375,6,-0.15625,-1.755952380952385,-1
00-0028067,Julius Thomas,TE,2015,JAX,10.125,2,0.28125,24,Julius Thomas,TE,JAX,9.122222222222222,2,0.21875,26,-0.0625,-1.0027777777777782,0
00-0028068,Jamie Harper,RB,2011,TEN,1.95,0,0.4375,19,Jamie Harper,RB,TEN,3.8,0,0.15625,28,-0.28125,1.8499999999999999,0
00-0028079,D.J. Williams,TE,2011,GB,0.825,0,1.0,1,D.J. Williams,TE,GB,1.8142857142857145,0,0.84375,6,-0.15625,0.9892857142857145,0
00-0028083,Jacquizz Rodgers,RB,2011,ATL,4.39375,0,0.71875,10,Jacquizz Rodgers,RB,ATL,8.8375,1,0.78125,8,0.0625,4.4437500000000005,1
00-0028083,Jacquizz Rodgers,RB,2012,ATL,8.8375,1,0.78125,8,Jacquizz Rodgers,RB,ATL,9.413333333333332,1,0.53125,16,-0.25,0.5758333333333319,0
00-0028083,Jacquizz Rodgers,RB,2013,ATL,9.413333333333332,1,0.53125,16,Jacquizz Rodgers,RB,ATL,5.0,0,0.625,13,0.09375,-4.413333333333332,-1
00-0028083,Jacquizz Rodgers,RB,2016,TB,9.08,1,0.46875,18,Jacquizz Rodgers,RB,TB,3.6,0,0.65625,12,0.1875,-5.48,-1
00-0028083,Jacquizz Rodgers,RB,2017,TB,3.6,0,0.65625,12,Jacquizz Rodgers,RB,TB,6.384615384615385,0,0.65625,12,0.0,2.784615384615385,0
00-0028086,Denarius Moore,WR,2011,LV,10.53076923076923,1,0.59375,14,Denarius Moore,WR,LV,11.106666666666666,2,0.25,25,-0.34375,0.5758974358974349,1
00-0028086,Denarius Moore,WR,2012,LV,11.106666666666666,2,0.25,25,Denarius Moore,WR,LV,11.192307692307692,2,0.34375,22,0.09375,0.08564102564102605,0
00-0028086,Denarius Moore,WR,2013,LV,11.192307692307692,2,0.34375,22,Denarius Moore,WR,LV,2.95,0,0.03125,32,-0.3125,-8.24230769230769,-2
00-0028087,Dion Lewis,RB,2011,PHI,2.1125,0,0.8125,7,Dion Lewis,RB,PHI,2.8833333333333333,0,0.1875,27,-0.625,0.7708333333333335,0
00-0028087,Dion Lewis,RB,2015,NE,17.17142857142857,4,0.9375,3,Dion Lewis,RB,NE,7.814285714285715,0,0.96875,2,0.03125,-9.357142857142856,-4
00-0028087,Dion Lewis,RB,2016,NE,7.814285714285715,0,0.96875,2,Dion Lewis,RB,NE,12.6875,2,1.0,1,0.03125,4.873214285714285,2
00-0028087,Dion Lewis,RB,2018,TEN,10.04375,1,0.28125,24,Dion Lewis,RB,TEN,4.42,0,0.84375,6,0.5625,-5.623749999999999,-1
00-0028091,Jeremy Kerley,WR,2011,NYJ,5.903333333333333,0,0.3125,23,Jeremy Kerley,WR,NYJ,9.82375,1,0.125,29,-0.1875,3.920416666666667,1
00-0028091,Jeremy Kerley,WR,2012,NYJ,9.82375,1,0.125,29,Jeremy Kerley,WR,NYJ,9.533333333333331,1,0.125,29,0.0,-0.290416666666669,0
00-0028091,Jeremy Kerley,WR,2013,NYJ,9.533333333333331,1,0.125,29,Jeremy Kerley,WR,NYJ,5.6125,0,0.1875,27,0.0625,-3.9208333333333316,-1
00-0028091,Jeremy Kerley,WR,2014,NYJ,5.6125,0,0.1875,27,Jeremy Kerley,WR,NYJ,8.64,0,0.71875,10,0.53125,3.0275000000000007,0
00-0028093,Niles Paul,TE,2011,WAS,1.04,0,0.375,21,Niles Paul,TE,WAS,2.91,0,0.96875,2,0.59375,1.87,0
00-0028093,Niles Paul,TE,2012,WAS,2.91,0,0.96875,2,Niles Paul,TE,WAS,1.82,0,0.3125,23,-0.65625,-1.09,0
00-0028093,Niles Paul,TE,2013,WAS,1.82,0,0.3125,23,Niles Paul,TE,WAS,6.246666666666667,1,0.28125,24,-0.03125,4.426666666666667,1
00-0028097,Lee Smith,TE,2012,BUF,4.325,0,0.40625,20,Lee Smith,TE,BUF,1.8285714285714287,0,0.25,25,-0.15625,-2.4964285714285714,0
00-0028097,Lee Smith,TE,2013,BUF,1.8285714285714287,0,0.25,25,Lee Smith,TE,BUF,2.8666666666666667,0,0.21875,26,-0.03125,1.038095238095238,0
00-0028097,Lee Smith,TE,2017,LV,2.6,0,0.5,17,Lee Smith,TE,LV,5.883333333333333,1,0.25,25,-0.25,3.2833333333333328,1
00-0028097,Lee Smith,TE,2019,BUF,2.62,0,0.40625,20,Lee Smith,TE,BUF,3.9,0,0.90625,4,0.5,1.2799999999999998,0
00-0028112,Charles Clay,TE,2011,MIA,4.407692307692307,0,0.46875,18,Charles Clay,TE,MIA,3.938461538461538,0,0.28125,24,-0.1875,-0.46923076923076934,0
00-0028112,Charles Clay,TE,2012,MIA,3.938461538461538,0,0.28125,24,Charles Clay,TE,MIA,11.775,4,0.375,21,0.09375,7.836538461538463,4
00-0028112,Charles Clay,TE,2013,MIA,11.775,4,0.375,21,Charles Clay,TE,MIA,9.75,2,0.6875,11,0.3125,-2.0250000000000004,-2
00-0028112,Charles Clay,TE,2015,BUF,9.36923076923077,2,0.6875,11,Charles Clay,TE,BUF,9.08,2,0.78125,8,0.09375,-0.2892307692307696,0
00-0028112,Charles Clay,TE,2016,BUF,9.08,2,0.78125,8,Charles Clay,TE,BUF,8.984615384615385,2,0.3125,23,-0.46875,-0.0953846153846154,0
00-0028112,Charles Clay,TE,2017,BUF,8.984615384615385,2,0.3125,23,Charles Clay,TE,BUF,3.4,0,0.0625,31,-0.25,-5.584615384615384,-2
00-0028114,Dwayne Harris,WR,2012,DAL,6.65,0,0.65625,12,Dwayne Harris,WR,DAL,3.955555555555556,0,0.78125,8,0.125,-2.694444444444444,0
00-0028114,Dwayne Harris,WR,2013,DAL,3.955555555555556,0,0.78125,8,Dwayne Harris,WR,DAL,1.93,0,0.9375,3,0.15625,-2.025555555555556,0
00-0028115,Evan Royster,RB,2011,WAS,8.1,0,0.375,21,Evan Royster,RB,WAS,3.1133333333333337,0,0.96875,2,0.59375,-4.986666666666666,0
00-0028116,Aldrick Robinson,WR,2012,WAS,6.011111111111111,0,0.96875,2,Aldrick Robinson,WR,WAS,5.084615384615384,0,0.3125,23,-0.65625,-0.9264957264957268,0
00-0028118,Tyrod Taylor,QB,2015,BUF,19.414285714285715,3,0.6875,11,Tyrod Taylor,QB,BUF,18.074666666666666,3,0.78125,8,0.09375,-1.339619047619049,0
00-0028118,Tyrod Taylor,QB,2016,BUF,18.074666666666666,3,0.78125,8,Tyrod Taylor,QB,BUF,14.844,1,0.3125,23,-0.46875,-3.230666666666666,-2
00-0028121,Jordan Todman,RB,2013,JAX,4.613333333333333,0,0.03125,32,Jordan Todman,RB,JAX,5.026666666666667,0,0.0625,31,0.03125,0.413333333333334,0
00-0028142,Virgil Green,TE,2013,DEN,1.5,0,1.0,1,Virgil Green,TE,DEN,3.94,0,0.84375,6,-0.15625,2.44,0
00-0028142,Virgil Green,TE,2014,DEN,3.94,0,0.84375,6,Virgil Green,TE,DEN,3.209090909090909,0,0.25,25,-0.59375,-0.730909090909091,0
00-0028142,Virgil Green,TE,2015,DEN,3.209090909090909,0,0.25,25,Virgil Green,TE,DEN,5.17,0,0.1875,27,-0.0625,1.960909090909091,0
00-0028142,Virgil Green,TE,2016,DEN,5.17,0,0.1875,27,Virgil Green,TE,DEN,3.5545454545454547,0,0.125,29,-0.0625,-1.6154545454545453,0
00-0028142,Virgil Green,TE,2018,LAC,3.5384615384615383,0,0.90625,4,Virgil Green,TE,LAC,2.0727272727272728,0,0.71875,10,-0.1875,-1.4657342657342656,0
00-0028142,Virgil Green,TE,2019,LAC,2.0727272727272728,0,0.71875,10,Virgil Green,TE,LAC,3.5,0,0.5625,15,-0.15625,1.4272727272727272,0
00-0028198,Matt Asiata,RB,2014,MIN,12.973333333333333,2,0.375,21,Matt Asiata,RB,MIN,2.893333333333333,0,0.625,13,0.25,-10.08,-2
00-0028198,Matt Asiata,RB,2015,MIN,2.893333333333333,0,0.625,13,Matt Asiata,RB,MIN,8.28125,0,0.34375,22,-0.28125,5.387916666666667,0
00-0028202,Shaun Draughn,RB,2015,SF,8.655555555555557,0,0.09375,30,Shaun Draughn,RB,SF,7.778571428571429,0,0.0625,31,-0.03125,-0.8769841269841274,0
00-0028237,Chris Hogan,WR,2013,BUF,3.0500000000000003,0,0.25,25,Chris Hogan,WR,BUF,8.858333333333333,1,0.21875,26,-0.03125,5.808333333333332,1
00-0028237,Chris Hogan,WR,2014,BUF,8.858333333333333,1,0.21875,26,Chris Hogan,WR,BUF,7.196923076923077,0,0.6875,11,0.46875,-1.6614102564102557,-1
00-0028237,Chris Hogan,WR,2016,NE,8.593333333333334,0,0.96875,2,Chris Hogan,WR,NE,12.177777777777775,2,1.0,1,0.03125,3.5844444444444417,2
00-0028237,Chris Hogan,WR,2017,NE,12.177777777777775,2,1.0,1,Chris Hogan,WR,NE,7.08,0,0.8125,7,-0.1875,-5.097777777777775,-2
00-0028249,Jeremy Ross,WR,2013,DET,5.783333333333334,0,0.46875,18,Jeremy Ross,WR,DET,4.086666666666667,0,0.53125,16,0.0625,-1.6966666666666672,0
00-0028263,Andre Holmes,WR,2013,LV,7.409999999999999,0,0.34375,22,Andre Holmes,WR,LV,9.353333333333332,1,0.03125,32,-0.3125,1.9433333333333325,1
00-0028263,Andre Holmes,WR,2014,LV,9.353333333333332,1,0.03125,32,Andre Holmes,WR,LV,4.469230769230769,0,0.375,21,0.34375,-4.884102564102562,-1
00-0028263,Andre Holmes,WR,2015,LV,4.469230769230769,0,0.375,21,Andre Holmes,WR,LV,3.185714285714286,0,0.6875,11,0.3125,-1.2835164835164834,0
00-0028263,Andre Holmes,WR,2017,BUF,4.3,0,0.3125,23,Andre Holmes,WR,BUF,2.6545454545454543,0,0.0625,31,-0.25,-1.6454545454545455,0
00-0028307,Drew Davis,WR,2012,ATL,3.5,0,0.78125,8,Drew Davis,WR,ATL,5.7,0,0.53125,16,-0.25,2.2,0
00-0028352,Dane Sanzenbacher,WR,2013,CIN,2.0166666666666666,0,0.625,13,Dane Sanzenbacher,WR,CIN,2.9,0,0.46875,18,-0.15625,0.8833333333333333,0
00-0028409,DuJuan Harris,RB,2015,SF,8.9,1,0.09375,30,DuJuan Harris,RB,SF,4.4125,0,0.0625,31,-0.03125,-4.487500000000001,-1
00-0028411,Dontrelle Inman,WR,2015,LAC,8.299999999999999,0,0.5,17,Dontrelle Inman,WR,LAC,10.1875,1,0.53125,16,0.03125,1.887500000000001,1
00-0028434,Doug Baldwin,WR,2011,SEA,9.6,1,0.34375,22,Doug Baldwin,WR,SEA,5.971428571428571,0,0.90625,4,0.5625,-3.628571428571429,-1
00-0028434,Doug Baldwin,WR,2012,SEA,5.971428571428571,0,0.90625,4,Doug Baldwin,WR,SEA,9.9,1,0.75,9,-0.15625,3.9285714285714297,1
00-0028434,Doug Baldwin,WR,2013,SEA,9.9,1,0.75,9,Doug Baldwin,WR,SEA,10.45625,1,0.90625,4,0.15625,0.5562500000000004,0
00-0028434,Doug Baldwin,WR,2014,SEA,10.45625,1,0.90625,4,Doug Baldwin,WR,SEA,16.79375,3,0.96875,2,0.0625,6.337499999999999,2
00-0028434,Doug Baldwin,WR,2015,SEA,16.79375,3,0.96875,2,Doug Baldwin,WR,SEA,15.85,3,0.59375,14,-0.375,-0.9437499999999996,0
00-0028434,Doug Baldwin,WR,2016,SEA,15.85,3,0.59375,14,Doug Baldwin,WR,SEA,13.95625,2,0.5625,15,-0.03125,-1.893749999999999,-1
00-0028434,Doug Baldwin,WR,2017,SEA,13.95625,2,0.5625,15,Doug Baldwin,WR,SEA,10.907692307692308,1,0.84375,6,0.28125,-3.0485576923076927,-1
00-0028442,Ricardo Lockette,WR,2013,SEA,1.8571428571428568,0,0.75,9,Ricardo Lockette,WR,SEA,4.2700000000000005,0,0.90625,4,0.15625,2.4128571428571437,0
00-0028442,Ricardo Lockette,WR,2014,SEA,4.2700000000000005,0,0.90625,4,Ricardo Lockette,WR,SEA,4.275,0,0.96875,2,0.0625,0.004999999999999893,0
00-0028497,Kamar Aiken,WR,2014,BAL,5.2846153846153845,0,0.8125,7,Kamar Aiken,WR,BAL,12.4,2,0.15625,28,-0.65625,7.115384615384616,2
00-0028497,Kamar Aiken,WR,2015,BAL,12.4,2,0.15625,28,Kamar Aiken,WR,BAL,4.2375,0,0.25,25,0.09375,-8.162500000000001,-2
00-0028542,Lestar Jean,WR,2012,HOU,3.871428571428571,0,0.6875,11,Lestar Jean,WR,HOU,1.25,0,0.09375,30,-0.59375,-2.621428571428571,0
00-0028543,Jeff Maehl,WR,2013,PHI,3.34,0,0.90625,4,Jeff Maehl,WR,PHI,2.4,0,0.59375,14,-0.3125,-0.94,0
00-0028581,Patrick DiMarco,RB,2013,ATL,1.4333333333333331,0,0.53125,16,Patrick DiMarco,RB,ATL,2.355555555555556,0,0.625,13,0.09375,0.9222222222222229,0
00-0028581,Patrick DiMarco,RB,2014,ATL,2.355555555555556,0,0.625,13,Patrick DiMarco,RB,ATL,3.6,0,0.53125,16,-0.09375,1.244444444444444,0
00-0028581,Patrick DiMarco,RB,2015,ATL,3.6,0,0.53125,16,Patrick DiMarco,RB,ATL,2.022222222222222,0,1.0,1,0.46875,-1.577777777777778,0
00-0028581,Patrick DiMarco,RB,2017,BUF,1.2,0,0.3125,23,Patrick DiMarco,RB,BUF,2.02,0,0.0625,31,-0.25,0.8200000000000001,0
00-0028581,Patrick DiMarco,RB,2018,BUF,2.02,0,0.0625,31,Patrick DiMarco,RB,BUF,1.6333333333333335,0,0.40625,20,0.34375,-0.3866666666666665,0
00-0028613,Phillip Tanner,RB,2011,DAL,4.375,0,0.75,9,Phillip Tanner,RB,DAL,2.84,0,0.65625,12,-0.09375,-1.5350000000000001,0
00-0028613,Phillip Tanner,RB,2012,DAL,2.84,0,0.65625,12,Phillip Tanner,RB,DAL,2.7,0,0.78125,8,0.125,-0.13999999999999968,0
00-0028838,Larry Donnell,TE,2013,NYG,1.525,0,0.0625,31,Larry Donnell,TE,NYG,9.58125,2,0.5,17,0.4375,8.05625,2
00-0028838,Larry Donnell,TE,2014,NYG,9.58125,2,0.5,17,Larry Donnell,TE,NYG,7.9125,1,0.75,9,0.25,-1.668750000000001,-1
00-0028838,Larry Donnell,TE,2015,NYG,7.9125,1,0.75,9,Larry Donnell,TE,NYG,4.7,0,0.125,29,-0.625,-3.2124999999999995,-1
00-0028841,Will Johnson,RB,2012,PIT,2.723076923076923,0,0.4375,19,Will Johnson,RB,PIT,2.011111111111111,0,0.5,17,0.0625,-0.7119658119658121,0
00-0028841,Will Johnson,RB,2013,PIT,2.011111111111111,0,0.5,17,Will Johnson,RB,PIT,1.1222222222222222,0,0.96875,2,0.46875,-0.8888888888888888,0
00-0028841,Will Johnson,RB,2014,PIT,1.1222222222222222,0,0.96875,2,Will Johnson,RB,PIT,2.46,0,0.90625,4,-0.0625,1.3377777777777777,0
00-0028903,Garrett Celek,TE,2015,SF,5.5600000000000005,0,0.09375,30,Garrett Celek,TE,SF,6.153846153846154,1,0.0625,31,-0.03125,0.5938461538461537,1
00-0028903,Garrett Celek,TE,2016,SF,6.153846153846154,1,0.0625,31,Garrett Celek,TE,SF,6.046153846153846,1,0.53125,16,0.46875,-0.1076923076923082,0
00-0028903,Garrett Celek,TE,2017,SF,6.046153846153846,1,0.53125,16,Garrett Celek,TE,SF,4.333333333333333,0,0.375,21,-0.15625,-1.712820512820513,-1
00-0028958,Cory Harkey,TE,2013,LA,3.63,0,0.28125,24,Cory Harkey,TE,LA,2.388888888888889,0,0.125,29,-0.15625,-1.241111111111111,0
00-0028958,Cory Harkey,TE,2014,LA,2.388888888888889,0,0.125,29,Cory Harkey,TE,LA,1.2666666666666666,0,0.03125,32,-0.09375,-1.1222222222222222,0
00-0028986,Case Keenum,QB,2015,LA,8.724,0,0.03125,32,Case Keenum,QB,LA,11.114,1,0.03125,32,0.0,2.3900000000000006,1
00-0028987,Phillip Supernaw,TE,2016,TEN,2.55,0,0.625,13,Phillip Supernaw,TE,TEN,2.78,0,0.34375,22,-0.28125,0.22999999999999998,0
00-0028995,Stephen Hill,WR,2012,NYJ,5.836363636363637,0,0.125,29,Stephen Hill,WR,NYJ,5.183333333333334,0,0.125,29,0.0,-0.6530303030303033,0
00-0029000,Cole Beasley,WR,2012,DAL,3.475,0,0.65625,12,Cole Beasley,WR,DAL,6.271428571428571,0,0.78125,8,0.125,2.7964285714285713,0
00-0029000,Cole Beasley,WR,2013,DAL,6.271428571428571,0,0.78125,8,Cole Beasley,WR,DAL,6.6,0,0.9375,3,0.15625,0.3285714285714283,0
00-0029000,Cole Beasley,WR,2014,DAL,6.6,0,0.9375,3,Cole Beasley,WR,DAL,8.35,0,0.21875,26,-0.71875,1.75,0
00-0029000,Cole Beasley,WR,2015,DAL,8.35,0,0.21875,26,Cole Beasley,WR,DAL,11.8125,2,0.90625,4,0.6875,3.4625000000000004,2
00-0029000,Cole Beasley,WR,2016,DAL,11.8125,2,0.90625,4,Cole Beasley,WR,DAL,6.093333333333334,0,0.6875,11,-0.21875,-5.719166666666666,-2
00-0029000,Cole Beasley,WR,2017,DAL,6.093333333333334,0,0.6875,11,Cole Beasley,WR,DAL,9.3875,1,0.4375,19,-0.25,3.2941666666666656,1
00-0029000,Cole Beasley,WR,2019,BUF,12.32,2,0.40625,20,Cole Beasley,WR,BUF,13.833333333333334,2,0.90625,4,0.5,1.5133333333333336,0
00-0029000,Cole Beasley,WR,2020,BUF,13.833333333333334,2,0.90625,4,Cole Beasley,WR,BUF,9.95625,1,0.90625,4,0.0,-3.877083333333333,-1
00-0029004,Lance Dunbar,RB,2012,DAL,2.8000000000000003,0,0.65625,12,Lance Dunbar,RB,DAL,3.7,0,0.78125,8,0.125,0.8999999999999999,0
00-0029004,Lance Dunbar,RB,2013,DAL,3.7,0,0.78125,8,Lance Dunbar,RB,DAL,3.542857142857143,0,0.9375,3,0.15625,-0.15714285714285703,0
00-0029004,Lance Dunbar,RB,2014,DAL,3.542857142857143,0,0.9375,3,Lance Dunbar,RB,DAL,12.3,2,0.21875,26,-0.71875,8.757142857142858,2
00-0029004,Lance Dunbar,RB,2015,DAL,12.3,2,0.21875,26,Lance Dunbar,RB,DAL,3.73,0,0.90625,4,0.6875,-8.57,-2
00-0029051,Jarrett Boykin,WR,2012,GB,1.54,0,0.84375,6,Jarrett Boykin,WR,GB,11.258333333333333,2,0.84375,6,0.0,9.718333333333334,2
00-0029051,Jarrett Boykin,WR,2013,GB,11.258333333333333,2,0.84375,6,Jarrett Boykin,WR,GB,0.7571428571428571,0,1.0,1,0.15625,-10.501190476190477,-2
00-0029119,Derek Carrier,TE,2018,LV,3.283333333333333,0,0.25,25,Derek Carrier,TE,LV,3.611111111111111,0,0.6875,11,0.4375,0.32777777777777795,0
00-0029129,Rod Streater,WR,2012,LV,7.693333333333333,0,0.25,25,Rod Streater,WR,LV,10.86875,1,0.34375,22,0.09375,3.175416666666667,1
00-0029137,Alshon Jeffery,WR,2012,CHI,7.87,0,0.34375,22,Alshon Jeffery,WR,CHI,17.725,4,0.875,5,0.53125,9.855,4
00-0029137,Alshon Jeffery,WR,2013,CHI,17.725,4,0.875,5,Alshon Jeffery,WR,CHI,16.35,3,0.3125,23,-0.5625,-1.375,-1
00-0029137,Alshon Jeffery,WR,2014,CHI,16.35,3,0.3125,23,Alshon Jeffery,WR,CHI,17.633333333333333,3,0.46875,18,0.15625,1.2833333333333314,0
00-0029137,Alshon Jeffery,WR,2015,CHI,17.633333333333333,3,0.46875,18,Alshon Jeffery,WR,CHI,12.175,2,0.375,21,-0.09375,-5.458333333333332,-1
00-0029137,Alshon Jeffery,WR,2017,PHI,12.24375,2,0.8125,7,Alshon Jeffery,WR,PHI,14.23076923076923,2,0.59375,14,-0.21875,1.9870192307692296,0
00-0029137,Alshon Jeffery,WR,2018,PHI,14.23076923076923,2,0.59375,14,Alshon Jeffery,WR,PHI,13.577777777777778,2,0.5,17,-0.09375,-0.6529914529914524,0
00-0029137,Alshon Jeffery,WR,2019,PHI,13.577777777777778,2,0.5,17,Alshon Jeffery,WR,PHI,3.357142857142857,0,0.125,29,-0.375,-10.22063492063492,-2
00-0029141,Alfred Morris,RB,2012,WAS,15.75,3,0.96875,2,Alfred Morris,RB,WAS,11.14375,2,0.3125,23,-0.65625,-4.606249999999999,-1
00-0029141,Alfred Morris,RB,2013,WAS,11.14375,2,0.3125,23,Alfred Morris,RB,WAS,11.74375,2,0.28125,24,-0.03125,0.5999999999999996,0
00-0029141,Alfred Morris,RB,2014,WAS,11.74375,2,0.28125,24,Alfred Morris,RB,WAS,6.0375,0,0.65625,12,0.375,-5.706250000000001,-2
00-0029141,Alfred Morris,RB,2016,DAL,3.107692307692308,0,0.90625,4,Alfred Morris,RB,DAL,5.553846153846154,0,0.6875,11,-0.21875,2.4461538461538455,0
00-0029155,Mike Brown,WR,2013,JAX,7.872727272727272,0,0.03125,32,Mike Brown,WR,JAX,2.76,0,0.0625,31,0.03125,-5.112727272727272,0
00-0029159,Jermaine Kearse,WR,2012,SEA,1.22,0,0.90625,4,Jermaine Kearse,WR,SEA,5.757142857142857,0,0.75,9,-0.15625,4.537142857142857,0
00-0029159,Jermaine Kearse,WR,2013,SEA,5.757142857142857,0,0.75,9,Jermaine Kearse,WR,SEA,6.658666666666666,0,0.90625,4,0.15625,0.901523809523809,0
00-0029159,Jermaine Kearse,WR,2014,SEA,6.658666666666666,0,0.90625,4,Jermaine Kearse,WR,SEA,9.21875,1,0.96875,2,0.0625,2.560083333333334,1
00-0029159,Jermaine Kearse,WR,2015,SEA,9.21875,1,0.96875,2,Jermaine Kearse,WR,SEA,6.125,0,0.59375,14,-0.375,-3.09375,-1
00-0029159,Jermaine Kearse,WR,2017,NYJ,11.0,2,0.28125,24,Jermaine Kearse,WR,NYJ,6.161538461538461,0,0.125,29,-0.15625,-4.838461538461539,-2
00-0029209,Ryan Broyles,WR,2012,DET,8.125,0,0.46875,18,Ryan Broyles,WR,DET,2.75,0,0.46875,18,0.0,-5.375,0
00-0029218,David Paulson,TE,2012,PIT,1.5125,0,0.4375,19,David Paulson,TE,PIT,2.84,0,0.5,17,0.0625,1.3275,0
00-0029239,Brandon Bolden,RB,2012,NE,5.3125,0,1.0,1,Brandon Bolden,RB,NE,8.129999999999999,0,0.8125,7,-0.1875,2.817499999999999,0
00-0029239,Brandon Bolden,RB,2013,NE,8.129999999999999,0,0.8125,7,Brandon Bolden,RB,NE,1.9666666666666663,0,0.875,5,0.0625,-6.163333333333332,0
00-0029239,Brandon Bolden,RB,2014,NE,1.9666666666666663,0,0.875,5,Brandon Bolden,RB,NE,6.336363636363637,0,0.9375,3,0.0625,4.369696969696971,0
00-0029251,David Wilson,RB,2012,NYG,5.514285714285714,0,0.75,9,David Wilson,RB,NYG,3.88,0,0.0625,31,-0.6875,-1.6342857142857143,0
00-0029260,LaMichael James,RB,2012,SF,4.6,0,0.875,5,LaMichael James,RB,SF,1.3571428571428572,0,0.65625,12,-0.21875,-3.2428571428571424,0
00-0029262,Rueben Randle,WR,2012,NYG,6.68,0,0.75,9,Rueben Randle,WR,NYG,8.63125,0,0.0625,31,-0.6875,1.95125,0
00-0029262,Rueben Randle,WR,2013,NYG,8.63125,0,0.0625,31,Rueben Randle,WR,NYG,11.425,2,0.5,17,0.4375,2.793750000000001,2
00-0029262,Rueben Randle,WR,2014,NYG,11.425,2,0.5,17,Rueben Randle,WR,NYG,11.56875,2,0.75,9,0.25,0.14374999999999893,0
00-0029263,Russell Wilson,QB,2012,SEA,17.22625,2,0.90625,4,Russell Wilson,QB,SEA,16.88625,2,0.75,9,-0.15625,-0.33999999999999986,0
00-0029263,Russell Wilson,QB,2013,SEA,16.88625,2,0.75,9,Russell Wilson,QB,SEA,20.5375,3,0.90625,4,0.15625,3.651250000000001,1
00-0029263,Russell Wilson,QB,2014,SEA,20.5375,3,0.90625,4,Russell Wilson,QB,SEA,21.01625,4,0.96875,2,0.0625,0.478749999999998,1
00-0029263,Russell Wilson,QB,2015,SEA,21.01625,4,0.96875,2,Russell Wilson,QB,SEA,16.87875,2,0.59375,14,-0.375,-4.137499999999999,-2
00-0029263,Russell Wilson,QB,2016,SEA,16.87875,2,0.59375,14,Russell Wilson,QB,SEA,21.85125,4,0.5625,15,-0.03125,4.9725,2
00-0029263,Russell Wilson,QB,2017,SEA,21.85125,4,0.5625,15,Russell Wilson,QB,SEA,18.7575,3,0.84375,6,0.28125,-3.09375,-1
00-0029263,Russell Wilson,QB,2018,SEA,18.7575,3,0.84375,6,Russell Wilson,QB,SEA,20.4125,3,0.625,13,-0.21875,1.6550000000000011,0
00-0029263,Russell Wilson,QB,2019,SEA,20.4125,3,0.625,13,Russell Wilson,QB,SEA,22.48625,4,0.8125,7,0.1875,2.073749999999997,1
00-0029263,Russell Wilson,QB,2020,SEA,22.48625,4,0.8125,7,Russell Wilson,QB,SEA,17.344285714285714,2,0.59375,14,-0.21875,-5.141964285714284,-2
00-0029263,Russell Wilson,QB,2022,DEN,15.050666666666666,2,0.1875,27,Russell Wilson,QB,DEN,17.126666666666665,2,0.40625,20,0.21875,2.0759999999999987,0
00-0029264,Bernard Pierce,RB,2012,BAL,4.726666666666668,0,0.59375,14,Bernard Pierce,RB,BAL,5.375,0,0.15625,28,-0.4375,0.6483333333333317,0
00-0029264,Bernard Pierce,RB,2013,BAL,5.375,0,0.15625,28,Bernard Pierce,RB,BAL,3.838461538461538,0,0.8125,7,0.65625,-1.5365384615384619,0
00-0029269,Travis Benjamin,WR,2012,CLE,5.866666666666667,0,0.21875,26,Travis Benjamin,WR,CLE,5.2,0,0.21875,26,0.0,-0.666666666666667,0
00-0029269,Travis Benjamin,WR,2013,CLE,5.2,0,0.21875,26,Travis Benjamin,WR,CLE,4.28125,0,0.25,25,0.03125,-0.9187500000000002,0
00-0029269,Travis Benjamin,WR,2014,CLE,4.28125,0,0.25,25,Travis Benjamin,WR,CLE,12.4875,2,0.1875,27,-0.0625,8.20625,2
00-0029269,Travis Benjamin,WR,2016,LAC,9.6,1,0.53125,16,Travis Benjamin,WR,LAC,8.14375,0,0.9375,3,0.40625,-1.456249999999999,-1
00-0029269,Travis Benjamin,WR,2017,LAC,8.14375,0,0.9375,3,Travis Benjamin,WR,LAC,3.391666666666667,0,0.90625,4,-0.03125,-4.752083333333333,0
00-0029269,Travis Benjamin,WR,2018,LAC,3.391666666666667,0,0.90625,4,Travis Benjamin,WR,LAC,1.8,0,0.71875,10,-0.1875,-1.591666666666667,0
00-0029273,Robert Turbin,RB,2012,SEA,4.833333333333333,0,0.90625,4,Robert Turbin,RB,SEA,2.6933333333333334,0,0.75,9,-0.15625,-2.1399999999999997,0
00-0029273,Robert Turbin,RB,2013,SEA,2.6933333333333334,0,0.75,9,Robert Turbin,RB,SEA,4.725,0,0.90625,4,0.15625,2.0316666666666663,0
00-0029273,Robert Turbin,RB,2016,IND,7.22,0,0.65625,12,Robert Turbin,RB,IND,4.316666666666666,0,0.21875,26,-0.4375,-2.9033333333333333,0
00-0029275,Ladarius Green,TE,2013,LAC,5.584615384615384,0,0.96875,2,Ladarius Green,TE,LAC,4.16,0,0.65625,12,-0.3125,-1.4246153846153842,0
00-0029275,Ladarius Green,TE,2014,LAC,4.16,0,0.65625,12,Ladarius Green,TE,LAC,8.3,2,0.5,17,-0.15625,4.140000000000001,2
00-0029293,Marvin Jones,WR,2012,CIN,6.1,0,0.5,17,Marvin Jones,WR,CIN,11.79375,2,0.625,13,0.125,5.69375,2
00-0029293,Marvin Jones,WR,2016,DET,11.486666666666668,2,0.75,9,Marvin Jones,WR,DET,14.06875,2,0.46875,18,-0.28125,2.5820833333333315,0
00-0029293,Marvin Jones,WR,2017,DET,14.06875,2,0.46875,18,Marvin Jones,WR,DET,12.866666666666667,2,0.3125,23,-0.15625,-1.2020833333333325,0
00-0029293,Marvin Jones,WR,2018,DET,12.866666666666667,2,0.3125,23,Marvin Jones,WR,DET,14.915384615384616,3,0.34375,22,0.03125,2.0487179487179485,1
00-0029293,Marvin Jones,WR,2019,DET,14.915384615384616,3,0.34375,22,Marvin Jones,WR,DET,14.2375,2,0.40625,20,0.0625,-0.677884615384615,-1
00-0029293,Marvin Jones,WR,2021,JAX,10.6,1,0.15625,28,Marvin Jones,WR,JAX,7.34375,0,0.78125,8,0.625,-3.2562499999999996,-1
00-0029298,Cyrus Gray,RB,2012,KC,2.05,0,0.0625,31,Cyrus Gray,RB,KC,1.75,0,0.59375,14,0.53125,-0.2999999999999998,0
00-0029311,Junior Hemingway,WR,2013,KC,3.75,0,0.59375,14,Junior Hemingway,WR,KC,2.533333333333333,0,0.71875,10,0.125,-1.2166666666666668,0
00-0029319,Josh Bellamy,WR,2015,CHI,5.34,0,0.46875,18,Josh Bellamy,WR,CHI,4.741666666666666,0,0.375,21,-0.09375,-0.5983333333333336,0
00-0029319,Josh Bellamy,WR,2016,CHI,4.741666666666666,0,0.375,21,Josh Bellamy,WR,CHI,7.577777777777778,0,0.15625,28,-0.21875,2.836111111111112,0
00-0029319,Josh Bellamy,WR,2017,CHI,7.577777777777778,0,0.15625,28,Josh Bellamy,WR,CHI,2.5923076923076924,0,0.625,13,0.46875,-4.9854700854700855,0
00-0029336,Brittan Golden,WR,2016,ARI,2.8857142857142857,0,0.4375,19,Brittan Golden,WR,ARI,3.0,0,0.0625,31,-0.375,0.11428571428571432,0
00-0029384,Bobby Rainey,RB,2013,TB,9.183333333333334,1,0.1875,27,Bobby Rainey,RB,TB,9.258333333333333,1,0.15625,28,-0.03125,0.07499999999999929,0
00-0029384,Bobby Rainey,RB,2014,TB,9.258333333333333,1,0.15625,28,Bobby Rainey,RB,TB,1.28,0,0.59375,14,0.4375,-7.978333333333333,-1
00-0029394,Brenton Bersin,WR,2014,CAR,2.841666666666667,0,0.5625,15,Brenton Bersin,WR,CAR,3.78,0,0.8125,7,0.25,0.938333333333333,0
00-0029415,Keshawn Martin,WR,2012,HOU,2.292307692307692,0,0.6875,11,Keshawn Martin,WR,HOU,5.941666666666666,0,0.09375,30,-0.59375,3.6493589743589743,0
00-0029415,Keshawn Martin,WR,2013,HOU,5.941666666666666,0,0.09375,30,Keshawn Martin,WR,HOU,1.5333333333333334,0,0.34375,22,0.25,-4.408333333333333,0
00-0029429,Bryce Brown,RB,2012,PHI,5.8125,0,0.1875,27,Bryce Brown,RB,PHI,4.133333333333334,0,0.90625,4,0.71875,-1.6791666666666663,0
00-0029432,Chase Ford,TE,2013,MIN,3.0375,0,0.4375,19,Chase Ford,TE,MIN,5.48,0,0.375,21,-0.0625,2.4425000000000003,0
00-0029438,Chris Polk,RB,2013,PHI,6.316666666666666,0,0.90625,4,Chris Polk,RB,PHI,6.35,0,0.59375,14,-0.3125,0.033333333333333215,0
00-0029492,Jamize Olawale,RB,2013,LV,2.316666666666667,0,0.34375,22,Jamize Olawale,RB,LV,2.35,0,0.03125,32,-0.3125,0.033333333333333215,0
00-0029492,Jamize Olawale,RB,2014,LV,2.35,0,0.03125,32,Jamize Olawale,RB,LV,3.44,0,0.375,21,0.34375,1.0899999999999999,0
00-0029492,Jamize Olawale,RB,2015,LV,3.44,0,0.375,21,Jamize Olawale,RB,LV,4.415384615384616,0,0.6875,11,0.3125,0.9753846153846157,0
00-0029492,Jamize Olawale,RB,2016,LV,4.415384615384616,0,0.6875,11,Jamize Olawale,RB,LV,3.266666666666667,0,0.5,17,-0.1875,-1.1487179487179486,0
00-0029510,Jonathan Grimes,RB,2014,HOU,3.322222222222222,0,0.34375,22,Jonathan Grimes,RB,HOU,6.592307692307693,0,0.3125,23,-0.03125,3.270085470085471,0
00-0029510,Jonathan Grimes,RB,2015,HOU,6.592307692307693,0,0.3125,23,Jonathan Grimes,RB,HOU,4.1125,0,0.09375,30,-0.21875,-2.479807692307693,0
00-0029534,Cooper Helfet,TE,2014,SEA,5.3125,0,0.90625,4,Cooper Helfet,TE,SEA,3.7142857142857135,0,0.96875,2,0.0625,-1.5982142857142865,0
00-0029548,LaVon Brazill,WR,2012,IND,3.2363636363636363,0,0.625,13,LaVon Brazill,WR,IND,5.0125,0,0.6875,11,0.0625,1.7761363636363638,0
00-0029567,Nick Foles,QB,2012,PHI,12.308571428571428,1,0.1875,27,Nick Foles,QB,PHI,20.11846153846154,3,0.90625,4,0.71875,7.809890109890111,2
00-0029567,Nick Foles,QB,2013,PHI,20.11846153846154,3,0.90625,4,Nick Foles,QB,PHI,14.915,1,0.59375,14,-0.3125,-5.203461538461539,-2
00-0029567,Nick Foles,QB,2017,PHI,4.825714285714286,0,0.8125,7,Nick Foles,QB,PHI,15.344,2,0.59375,14,-0.21875,10.518285714285714,2
00-0029572,Jarius Wright,WR,2012,MIN,9.44285714285714,1,0.53125,16,Jarius Wright,WR,MIN,5.826666666666667,0,0.4375,19,-0.09375,-3.6161904761904724,-1
00-0029572,Jarius Wright,WR,2013,MIN,5.826666666666667,0,0.4375,19,Jarius Wright,WR,MIN,7.993333333333334,0,0.375,21,-0.0625,2.166666666666667,0
00-0029572,Jarius Wright,WR,2014,MIN,7.993333333333334,0,0.375,21,Jarius Wright,WR,MIN,5.2733333333333325,0,0.625,13,0.25,-2.7200000000000015,0
00-0029572,Jarius Wright,WR,2015,MIN,5.2733333333333325,0,0.625,13,Jarius Wright,WR,MIN,5.925,0,0.34375,22,-0.28125,0.6516666666666673,0
00-0029572,Jarius Wright,WR,2016,MIN,5.925,0,0.34375,22,Jarius Wright,WR,MIN,4.15,0,0.75,9,0.40625,-1.7749999999999995,0
00-0029572,Jarius Wright,WR,2018,CAR,6.1,0,0.75,9,Jarius Wright,WR,CAR,3.55625,0,0.15625,28,-0.59375,-2.5437499999999997,0
00-0029580,Rishard Matthews,WR,2012,MIA,4.3500000000000005,0,0.28125,24,Rishard Matthews,WR,MIA,7.523076923076923,0,0.375,21,0.09375,3.1730769230769225,0
00-0029580,Rishard Matthews,WR,2013,MIA,7.523076923076923,0,0.375,21,Rishard Matthews,WR,MIA,3.78,0,0.6875,11,0.3125,-3.743076923076923,0
00-0029580,Rishard Matthews,WR,2014,MIA,3.78,0,0.6875,11,Rishard Matthews,WR,MIA,12.145454545454545,2,0.40625,20,-0.28125,8.365454545454545,2
00-0029580,Rishard Matthews,WR,2016,TEN,13.21875,2,0.625,13,Rishard Matthews,WR,TEN,11.157142857142857,2,0.34375,22,-0.28125,-2.0616071428571434,0
00-0029580,Rishard Matthews,WR,2017,TEN,11.157142857142857,2,0.34375,22,Rishard Matthews,WR,TEN,1.48,0,0.28125,24,-0.0625,-9.677142857142856,-2
00-0029587,Rhett Ellison,TE,2012,MIN,1.9285714285714288,0,0.53125,16,Rhett Ellison,TE,MIN,3.4200000000000004,0,0.4375,19,-0.09375,1.4914285714285715,0
00-0029587,Rhett Ellison,TE,2013,MIN,3.4200000000000004,0,0.4375,19,Rhett Ellison,TE,MIN,3.414285714285714,0,0.375,21,-0.0625,-0.005714285714286227,0
00-0029587,Rhett Ellison,TE,2014,MIN,3.414285714285714,0,0.375,21,Rhett Ellison,TE,MIN,2.6727272727272724,0,0.625,13,0.25,-0.7415584415584417,0
00-0029587,Rhett Ellison,TE,2015,MIN,2.6727272727272724,0,0.625,13,Rhett Ellison,TE,MIN,2.311111111111112,0,0.34375,22,-0.28125,-0.3616161616161606,0
00-0029587,Rhett Ellison,TE,2017,NYG,4.958333333333333,0,0.1875,27,Rhett Ellison,TE,NYG,4.630769230769231,0,0.5,17,0.3125,-0.32756410256410184,0
00-0029587,Rhett Ellison,TE,2018,NYG,4.630769230769231,0,0.5,17,Rhett Ellison,TE,NYG,4.07,0,0.25,25,-0.25,-0.5607692307692309,0
00-0029588,Dan Herron,RB,2014,IND,6.854545454545455,0,0.75,9,Dan Herron,RB,IND,2.7,0,0.125,29,-0.625,-4.154545454545455,0
00-0029590,Taylor Thompson,TE,2012,TEN,1.1777777777777778,0,0.15625,28,Taylor Thompson,TE,TEN,2.575,0,0.5625,15,0.40625,1.3972222222222224,0
00-0029604,Kirk Cousins,QB,2013,WAS,6.712000000000001,0,0.3125,23,Kirk Cousins,QB,WAS,14.733333333333334,1,0.28125,24,-0.03125,8.021333333333335,1
00-0029604,Kirk Cousins,QB,2014,WAS,14.733333333333334,1,0.28125,24,Kirk Cousins,QB,WAS,18.34,3,0.65625,12,0.375,3.6066666666666656,2
00-0029604,Kirk Cousins,QB,2015,WAS,18.34,3,0.65625,12,Kirk Cousins,QB,WAS,18.7675,3,0.875,5,0.21875,0.42749999999999844,0
00-0029604,Kirk Cousins,QB,2016,WAS,18.7675,3,0.875,5,Kirk Cousins,QB,WAS,17.35125,2,0.4375,19,-0.4375,-1.416249999999998,-1
00-0029604,Kirk Cousins,QB,2018,MIN,17.695,3,0.1875,27,Kirk Cousins,QB,MIN,16.294666666666664,2,0.75,9,0.5625,-1.4003333333333359,-1
00-0029604,Kirk Cousins,QB,2019,MIN,16.294666666666664,2,0.75,9,Kirk Cousins,QB,MIN,19.1375,3,0.71875,10,-0.03125,2.842833333333335,1
00-0029604,Kirk Cousins,QB,2020,MIN,19.1375,3,0.71875,10,Kirk Cousins,QB,MIN,18.77125,3,0.46875,18,-0.25,-0.36625000000000085,0
00-0029604,Kirk Cousins,QB,2021,MIN,18.77125,3,0.46875,18,Kirk Cousins,QB,MIN,17.151764705882353,2,0.5,17,0.03125,-1.619485294117645,-1
00-0029604,Kirk Cousins,QB,2022,MIN,17.151764705882353,2,0.5,17,Kirk Cousins,QB,MIN,18.7175,3,0.5,17,0.0,1.5657352941176477,1
00-0029604,Kirk Cousins,QB,2024,ATL,12.594285714285714,1,0.625,13,Kirk Cousins,QB,ATL,10.354,1,0.375,21,-0.25,-2.240285714285715,0
00-0029608,T.Y. Hilton,WR,2012,IND,12.466666666666669,2,0.625,13,T.Y. Hilton,WR,IND,13.80625,2,0.6875,11,0.0625,1.3395833333333318,0
00-0029608,T.Y. Hilton,WR,2013,IND,13.80625,2,0.6875,11,T.Y. Hilton,WR,IND,17.233333333333334,3,0.75,9,0.0625,3.427083333333334,1
00-0029608,T.Y. Hilton,WR,2014,IND,17.233333333333334,3,0.75,9,T.Y. Hilton,WR,IND,13.2125,2,0.125,29,-0.625,-4.020833333333334,-1
00-0029608,T.Y. Hilton,WR,2015,IND,13.2125,2,0.125,29,T.Y. Hilton,WR,IND,17.1125,3,0.65625,12,0.53125,3.9000000000000004,1
00-0029608,T.Y. Hilton,WR,2016,IND,17.1125,3,0.65625,12,T.Y. Hilton,WR,IND,10.975,1,0.21875,26,-0.4375,-6.137500000000001,-2
00-0029608,T.Y. Hilton,WR,2017,IND,10.975,1,0.21875,26,T.Y. Hilton,WR,IND,17.071428571428573,3,0.71875,10,0.5,6.096428571428573,2
00-0029608,T.Y. Hilton,WR,2018,IND,17.071428571428573,3,0.71875,10,T.Y. Hilton,WR,IND,12.51,2,0.53125,16,-0.1875,-4.561428571428573,-1
00-0029608,T.Y. Hilton,WR,2019,IND,12.51,2,0.53125,16,T.Y. Hilton,WR,IND,10.946666666666664,1,0.65625,12,0.125,-1.5633333333333361,-1
00-0029608,T.Y. Hilton,WR,2020,IND,10.946666666666664,1,0.65625,12,T.Y. Hilton,WR,IND,7.409999999999999,0,0.625,13,-0.03125,-3.5366666666666644,-1
00-0029612,Daryl Richardson,RB,2012,LA,5.375,0,0.375,21,Daryl Richardson,RB,LA,6.8,0,0.28125,24,-0.09375,1.4249999999999998,0
00-0029613,Doug Martin,RB,2012,TB,19.475,5,0.5625,15,Doug Martin,RB,TB,11.7,2,0.1875,27,-0.375,-7.775000000000002,-3
00-0029613,Doug Martin,RB,2013,TB,11.7,2,0.1875,27,Doug Martin,RB,TB,7.345454545454545,0,0.15625,28,-0.03125,-4.3545454545454545,-2
00-0029613,Doug Martin,RB,2014,TB,7.345454545454545,0,0.15625,28,Doug Martin,RB,TB,14.51875,3,0.59375,14,0.4375,7.173295454545456,3
00-0029613,Doug Martin,RB,2015,TB,14.51875,3,0.59375,14,Doug Martin,RB,TB,10.6875,1,0.46875,18,-0.125,-3.8312500000000007,-2
00-0029613,Doug Martin,RB,2016,TB,10.6875,1,0.46875,18,Doug Martin,RB,TB,6.927272727272728,0,0.65625,12,0.1875,-3.7602272727272723,-1
00-0029614,Chris Givens,WR,2012,LA,8.866666666666667,1,0.375,21,Chris Givens,WR,LA,5.60625,0,0.28125,24,-0.09375,-3.260416666666667,-1
00-0029614,Chris Givens,WR,2013,LA,5.60625,0,0.28125,24,Chris Givens,WR,LA,3.7,0,0.125,29,-0.15625,-1.90625,0
00-0029615,Lamar Miller,RB,2012,MIA,4.611111111111111,0,0.28125,24,Lamar Miller,RB,MIA,7.74375,0,0.375,21,0.09375,3.1326388888888896,0
00-0029615,Lamar Miller,RB,2013,MIA,7.74375,0,0.375,21,Lamar Miller,RB,MIA,14.00625,3,0.6875,11,0.3125,6.262499999999999,3
00-0029615,Lamar Miller,RB,2014,MIA,14.00625,3,0.6875,11,Lamar Miller,RB,MIA,14.49375,3,0.40625,20,-0.28125,0.4875000000000007,0
00-0029615,Lamar Miller,RB,2016,HOU,13.728571428571428,3,0.09375,30,Lamar Miller,RB,HOU,12.09375,2,0.40625,20,0.3125,-1.6348214285714278,-1
00-0029615,Lamar Miller,RB,2017,HOU,12.09375,2,0.40625,20,Lamar Miller,RB,HOU,12.328571428571427,2,0.53125,16,0.125,0.2348214285714274,0
00-0029626,Isaiah Pead,RB,2012,LA,1.25,0,0.375,21,Isaiah Pead,RB,LA,4.58,0,0.28125,24,-0.09375,3.33,0
00-0029632,Mohamed Sanu,WR,2012,CIN,10.636666666666668,1,0.5,17,Mohamed Sanu,WR,CIN,6.56875,0,0.625,13,0.125,-4.067916666666669,-1
00-0029632,Mohamed Sanu,WR,2013,CIN,6.56875,0,0.625,13,Mohamed Sanu,WR,CIN,11.20375,2,0.46875,18,-0.15625,4.635,2
00-0029632,Mohamed Sanu,WR,2014,CIN,11.20375,2,0.46875,18,Mohamed Sanu,WR,CIN,5.71875,0,0.84375,6,0.375,-5.484999999999999,-2
00-0029632,Mohamed Sanu,WR,2016,ATL,9.92,1,1.0,1,Mohamed Sanu,WR,ATL,11.622666666666667,2,0.78125,8,-0.21875,1.7026666666666674,1
00-0029632,Mohamed Sanu,WR,2017,ATL,11.622666666666667,2,0.78125,8,Mohamed Sanu,WR,ATL,11.4,2,0.78125,8,0.0,-0.222666666666667,0
00-0029634,James Hanna,TE,2012,DAL,2.766666666666667,0,0.65625,12,James Hanna,TE,DAL,2.4125,0,0.78125,8,0.125,-0.35416666666666696,0
00-0029634,James Hanna,TE,2013,DAL,2.4125,0,0.78125,8,James Hanna,TE,DAL,1.7600000000000002,0,0.9375,3,0.15625,-0.6524999999999999,0
00-0029634,James Hanna,TE,2014,DAL,1.7600000000000002,0,0.9375,3,James Hanna,TE,DAL,2.1125,0,0.21875,26,-0.71875,0.3524999999999996,0
00-0029638,Michael Floyd,WR,2012,ARI,7.413333333333333,0,0.03125,32,Michael Floyd,WR,ARI,12.44375,2,0.40625,20,0.375,5.0304166666666665,2
00-0029638,Michael Floyd,WR,2013,ARI,12.44375,2,0.40625,20,Michael Floyd,WR,ARI,10.33125,1,0.4375,19,0.03125,-2.112499999999999,-1
00-0029638,Michael Floyd,WR,2014,ARI,10.33125,1,0.4375,19,Michael Floyd,WR,ARI,11.526666666666667,2,1.0,1,0.5625,1.1954166666666666,1
00-0029638,Michael Floyd,WR,2015,ARI,11.526666666666667,2,1.0,1,Michael Floyd,WR,ARI,8.27142857142857,0,0.4375,19,-0.5625,-3.255238095238097,-2
00-0029640,Brian Quick,WR,2012,LA,2.757142857142857,0,0.375,21,Brian Quick,WR,LA,4.3,0,0.28125,24,-0.09375,1.5428571428571427,0
00-0029640,Brian Quick,WR,2013,LA,4.3,0,0.28125,24,Brian Quick,WR,LA,11.5,2,0.125,29,-0.15625,7.2,2
00-0029640,Brian Quick,WR,2014,LA,11.5,2,0.125,29,Brian Quick,WR,LA,2.2444444444444445,0,0.03125,32,-0.09375,-9.255555555555556,-2
00-0029640,Brian Quick,WR,2015,LA,2.2444444444444445,0,0.03125,32,Brian Quick,WR,LA,7.2125,0,0.03125,32,0.0,4.968055555555556,0
00-0029654,A.J. Jenkins,WR,2013,KC,3.085714285714286,0,0.59375,14,A.J. Jenkins,WR,KC,2.585714285714286,0,0.71875,10,0.125,-0.5,0
00-0029660,Trevor Graham,WR,2012,BUF,4.6466666666666665,0,0.40625,20,Trevor Graham,WR,BUF,4.40625,0,0.25,25,-0.15625,-0.2404166666666665,0
00-0029664,Josh Gordon,WR,2012,CLE,9.85625,1,0.21875,26,Josh Gordon,WR,CLE,22.457142857142856,5,0.21875,26,0.0,12.600892857142856,4
00-0029664,Josh Gordon,WR,2013,CLE,22.457142857142856,5,0.21875,26,Josh Gordon,WR,CLE,10.86,1,0.25,25,0.03125,-11.597142857142856,-4
00-0029664,Josh Gordon,WR,2018,NE,11.558333333333332,2,0.8125,7,Josh Gordon,WR,NE,6.7,0,0.5625,15,-0.25,-4.858333333333332,-2
00-0029665,Robert Griffin III,QB,2012,WAS,21.166666666666668,4,0.96875,2,Robert Griffin III,QB,WAS,16.40153846153846,2,0.3125,23,-0.65625,-4.765128205128207,-2
00-0029665,Robert Griffin III,QB,2013,WAS,16.40153846153846,2,0.3125,23,Robert Griffin III,QB,WAS,9.706666666666669,0,0.28125,24,-0.03125,-6.694871794871792,-2
00-0029665,Robert Griffin III,QB,2019,BAL,2.5166666666666666,0,1.0,1,Robert Griffin III,QB,BAL,0.645,0,0.84375,6,-0.15625,-1.8716666666666666,0
00-0029667,Nick Toon,WR,2013,NO,2.16,0,0.9375,3,Nick Toon,WR,NO,7.15,0,0.78125,8,-0.15625,4.99,0
00-0029668,Andrew Luck,QB,2012,IND,17.27875,2,0.625,13,Andrew Luck,QB,IND,18.28625,3,0.6875,11,0.0625,1.0075000000000003,1
00-0029668,Andrew Luck,QB,2013,IND,18.28625,3,0.6875,11,Andrew Luck,QB,IND,21.98375,4,0.75,9,0.0625,3.6975000000000016,1
00-0029668,Andrew Luck,QB,2014,IND,21.98375,4,0.75,9,Andrew Luck,QB,IND,18.69142857142857,3,0.125,29,-0.625,-3.29232142857143,-1
00-0029668,Andrew Luck,QB,2015,IND,18.69142857142857,3,0.125,29,Andrew Luck,QB,IND,20.51333333333333,3,0.65625,12,0.53125,1.821904761904758,0
00-0029673,DeVier Posey,WR,2012,HOU,2.4,0,0.6875,11,DeVier Posey,WR,HOU,3.388888888888889,0,0.09375,30,-0.59375,0.9888888888888889,0
00-0029675,Trent Richardson,RB,2013,IND,9.05625,1,0.6875,11,Trent Richardson,RB,IND,7.853333333333333,0,0.75,9,0.0625,-1.2029166666666677,-1
00-0029677,Brandon Weeden,QB,2012,CLE,11.1,1,0.21875,26,Brandon Weeden,QB,CLE,11.205,1,0.21875,26,0.0,0.10500000000000043,0
00-0029677,Brandon Weeden,QB,2014,DAL,5.005,0,0.9375,3,Brandon Weeden,QB,DAL,11.07,1,0.21875,26,-0.71875,6.065,1
00-0029682,Brock Osweiler,QB,2014,DEN,1.52,0,0.84375,6,Brock Osweiler,QB,DEN,14.5975,1,0.25,25,-0.59375,13.0775,1
00-0029683,Ronnie Hillman,RB,2012,DEN,3.8,0,0.9375,3,Ronnie Hillman,RB,DEN,5.522222222222222,0,1.0,1,0.0625,1.7222222222222223,0
00-0029683,Ronnie Hillman,RB,2013,DEN,5.522222222222222,0,1.0,1,Ronnie Hillman,RB,DEN,12.7875,2,0.84375,6,-0.15625,7.2652777777777775,2
00-0029683,Ronnie Hillman,RB,2014,DEN,12.7875,2,0.84375,6,Ronnie Hillman,RB,DEN,10.0875,1,0.25,25,-0.59375,-2.6999999999999993,-1
00-0029689,Dwayne Allen,TE,2014,IND,9.708333333333334,2,0.75,9,Dwayne Allen,TE,IND,2.75,0,0.125,29,-0.625,-6.958333333333334,-2
00-0029689,Dwayne Allen,TE,2015,IND,2.75,0,0.125,29,Dwayne Allen,TE,IND,8.114285714285714,2,0.65625,12,0.53125,5.364285714285714,2
00-0029697,Coby Fleener,TE,2012,IND,5.508333333333333,0,0.625,13,Coby Fleener,TE,IND,8.8,2,0.6875,11,0.0625,3.291666666666668,2
00-0029697,Coby Fleener,TE,2013,IND,8.8,2,0.6875,11,Coby Fleener,TE,IND,11.025,3,0.75,9,0.0625,2.2249999999999996,1
00-0029697,Coby Fleener,TE,2014,IND,11.025,3,0.75,9,Coby Fleener,TE,IND,8.206666666666667,2,0.125,29,-0.625,-2.8183333333333334,-1
00-0029697,Coby Fleener,TE,2016,NO,8.58125,2,0.84375,6,Coby Fleener,TE,NO,5.7727272727272725,0,0.96875,2,0.125,-2.8085227272727282,-2
00-0029701,Ryan Tannehill,QB,2012,MIA,11.42875,1,0.28125,24,Ryan Tannehill,QB,MIA,14.895,1,0.375,21,0.09375,3.4662499999999987,0
00-0029701,Ryan Tannehill,QB,2013,MIA,14.895,1,0.375,21,Ryan Tannehill,QB,MIA,17.46875,2,0.6875,11,0.3125,2.5737500000000004,1
00-0029701,Ryan Tannehill,QB,2014,MIA,17.46875,2,0.6875,11,Ryan Tannehill,QB,MIA,16.145,2,0.40625,20,-0.28125,-1.3237500000000004,0
00-0029701,Ryan Tannehill,QB,2015,MIA,16.145,2,0.40625,20,Ryan Tannehill,QB,MIA,14.63076923076923,1,0.5,17,0.09375,-1.5142307692307693,-1
00-0029701,Ryan Tannehill,QB,2019,TEN,18.69833333333333,3,0.84375,6,Ryan Tannehill,QB,TEN,21.5475,4,0.96875,2,0.125,2.849166666666669,1
00-0029701,Ryan Tannehill,QB,2020,TEN,21.5475,4,0.96875,2,Ryan Tannehill,QB,TEN,15.785882352941178,2,0.5625,15,-0.40625,-5.761617647058822,-2
00-0029701,Ryan Tannehill,QB,2021,TEN,15.785882352941178,2,0.5625,15,Ryan Tannehill,QB,TEN,13.436666666666667,1,0.25,25,-0.3125,-2.34921568627451,-1
00-0029701,Ryan Tannehill,QB,2022,TEN,13.436666666666667,1,0.25,25,Ryan Tannehill,QB,TEN,8.893333333333334,0,0.5625,15,0.3125,-4.543333333333333,-1
00-0029707,Justin Blackmon,WR,2012,JAX,11.55,2,0.09375,30,Justin Blackmon,WR,JAX,19.1,4,0.03125,32,-0.0625,7.550000000000001,2
00-0029708,Kendall Wright,WR,2012,TEN,9.933333333333334,1,0.15625,28,Kendall Wright,WR,TEN,13.36875,2,0.5625,15,0.40625,3.435416666666667,1
00-0029708,Kendall Wright,WR,2013,TEN,13.36875,2,0.5625,15,Kendall Wright,WR,TEN,11.992857142857144,2,0.09375,30,-0.46875,-1.3758928571428566,0
00-0029708,Kendall Wright,WR,2014,TEN,11.992857142857144,2,0.09375,30,Kendall Wright,WR,TEN,9.65,1,0.0625,31,-0.03125,-2.3428571428571434,-1
00-0029708,Kendall Wright,WR,2015,TEN,9.65,1,0.0625,31,Kendall Wright,WR,TEN,8.19090909090909,0,0.625,13,0.5625,-1.4590909090909108,-1
00-0029731,Fozzy Whittaker,RB,2014,CAR,4.6875,0,0.5625,15,Fozzy Whittaker,RB,CAR,2.707692307692308,0,0.8125,7,0.25,-1.9798076923076922,0
00-0029731,Fozzy Whittaker,RB,2015,CAR,2.707692307692308,0,0.8125,7,Fozzy Whittaker,RB,CAR,4.50625,0,0.3125,23,-0.5,1.7985576923076918,0
00-0029731,Fozzy Whittaker,RB,2016,CAR,4.50625,0,0.3125,23,Fozzy Whittaker,RB,CAR,2.1875,0,0.625,13,0.3125,-2.3187499999999996,0
00-0029738,Darren Fells,TE,2014,ARI,2.42,0,0.4375,19,Darren Fells,TE,ARI,6.372727272727272,1,1.0,1,0.5625,3.952727272727272,1
00-0029738,Darren Fells,TE,2015,ARI,6.372727272727272,1,1.0,1,Darren Fells,TE,ARI,3.933333333333333,0,0.4375,19,-0.5625,-2.439393939393939,-1
00-0029738,Darren Fells,TE,2019,HOU,7.34,1,0.78125,8,Darren Fells,TE,HOU,6.3500000000000005,1,0.6875,11,-0.09375,-0.9899999999999993,0
00-0029795,Benny Cunningham,RB,2013,LA,3.4000000000000004,0,0.28125,24,Benny Cunningham,RB,LA,7.925,0,0.125,29,-0.15625,4.5249999999999995,0
00-0029795,Benny Cunningham,RB,2014,LA,7.925,0,0.125,29,Benny Cunningham,RB,LA,4.642857142857143,0,0.03125,32,-0.09375,-3.2821428571428566,0
00-0029795,Benny Cunningham,RB,2015,LA,4.642857142857143,0,0.03125,32,Benny Cunningham,RB,LA,3.5200000000000005,0,0.03125,32,0.0,-1.1228571428571428,0
00-0029795,Benny Cunningham,RB,2017,CHI,5.190909090909091,0,0.15625,28,Benny Cunningham,RB,CHI,0.78,0,0.625,13,0.46875,-4.410909090909091,0
00-0029854,C.J. Anderson,RB,2014,DEN,15.092857142857143,3,0.84375,6,C.J. Anderson,RB,DEN,9.42,1,0.25,25,-0.59375,-5.6728571428571435,-2
00-0029854,C.J. Anderson,RB,2015,DEN,9.42,1,0.25,25,C.J. Anderson,RB,DEN,14.642857142857142,3,0.1875,27,-0.0625,5.222857142857142,2
00-0029854,C.J. Anderson,RB,2016,DEN,14.642857142857142,3,0.1875,27,C.J. Anderson,RB,DEN,10.94375,1,0.125,29,-0.0625,-3.6991071428571427,-2
00-0029878,MarQueis Gray,TE,2016,MIA,3.925,0,0.5,17,MarQueis Gray,TE,MIA,0.5666666666666667,0,0.09375,30,-0.40625,-3.3583333333333334,0
00-0029883,Joseph Fauria,TE,2013,DET,6.891666666666667,1,0.46875,18,Joseph Fauria,TE,DET,3.5666666666666664,0,0.53125,16,0.0625,-3.325,-1
00-0029999,Zach Sudfeld,TE,2013,NYJ,2.26,0,0.125,29,Zach Sudfeld,TE,NYJ,2.25,0,0.1875,27,0.0625,-0.009999999999999787,0
00-0030035,Adam Thielen,WR,2014,MIN,4.616666666666666,0,0.375,21,Adam Thielen,WR,MIN,3.922222222222222,0,0.625,13,0.25,-0.6944444444444442,0
00-0030035,Adam Thielen,WR,2015,MIN,3.922222222222222,0,0.625,13,Adam Thielen,WR,MIN,12.325,2,0.34375,22,-0.28125,8.402777777777777,2
00-0030035,Adam Thielen,WR,2016,MIN,12.325,2,0.34375,22,Adam Thielen,WR,MIN,14.98125,3,0.75,9,0.40625,2.65625,1
00-0030035,Adam Thielen,WR,2017,MIN,14.98125,3,0.75,9,Adam Thielen,WR,MIN,19.20625,4,0.1875,27,-0.5625,4.225000000000001,1
00-0030035,Adam Thielen,WR,2018,MIN,19.20625,4,0.1875,27,Adam Thielen,WR,MIN,11.48,2,0.75,9,0.5625,-7.72625,-2
00-0030035,Adam Thielen,WR,2019,MIN,11.48,2,0.75,9,Adam Thielen,WR,MIN,16.933333333333334,3,0.71875,10,-0.03125,5.453333333333333,1
00-0030035,Adam Thielen,WR,2020,MIN,16.933333333333334,3,0.71875,10,Adam Thielen,WR,MIN,15.36923076923077,3,0.46875,18,-0.25,-1.5641025641025639,0
00-0030035,Adam Thielen,WR,2021,MIN,15.36923076923077,3,0.46875,18,Adam Thielen,WR,MIN,10.588235294117649,1,0.5,17,0.03125,-4.780995475113121,-2
00-0030035,Adam Thielen,WR,2023,CAR,13.588235294117649,2,0.125,29,Adam Thielen,WR,CAR,13.95,2,0.3125,23,0.1875,0.36176470588235077,0
00-0030047,Marquess Wilson,WR,2014,CHI,5.285714285714286,0,0.3125,23,Marquess Wilson,WR,CHI,7.309090909090909,0,0.46875,18,0.15625,2.023376623376623,0
00-0030049,Chris Gragg,TE,2014,BUF,2.966666666666667,0,0.21875,26,Chris Gragg,TE,BUF,3.857142857142857,0,0.6875,11,0.46875,0.8904761904761904,0
00-0030061,Zach Ertz,TE,2013,PHI,7.126666666666667,1,0.90625,4,Zach Ertz,TE,PHI,9.0125,2,0.59375,14,-0.3125,1.8858333333333324,1
00-0030061,Zach Ertz,TE,2014,PHI,9.0125,2,0.59375,14,Zach Ertz,TE,PHI,11.353333333333332,3,0.34375,22,-0.25,2.3408333333333324,1
00-0030061,Zach Ertz,TE,2015,PHI,11.353333333333332,3,0.34375,22,Zach Ertz,TE,PHI,13.114285714285714,4,0.40625,20,0.0625,1.7609523809523822,1
00-0030061,Zach Ertz,TE,2016,PHI,13.114285714285714,4,0.40625,20,Zach Ertz,TE,PHI,14.457142857142856,4,0.8125,7,0.40625,1.3428571428571416,0
00-0030061,Zach Ertz,TE,2017,PHI,14.457142857142856,4,0.8125,7,Zach Ertz,TE,PHI,17.5,5,0.59375,14,-0.21875,3.0428571428571445,1
00-0030061,Zach Ertz,TE,2018,PHI,17.5,5,0.59375,14,Zach Ertz,TE,PHI,14.373333333333331,4,0.5,17,-0.09375,-3.1266666666666687,-1
00-0030061,Zach Ertz,TE,2019,PHI,14.373333333333331,4,0.5,17,Zach Ertz,TE,PHI,7.045454545454546,1,0.125,29,-0.375,-7.327878787878785,-3
00-0030061,Zach Ertz,TE,2021,ARI,10.629411764705882,3,0.75,9,Zach Ertz,TE,ARI,11.56,3,0.15625,28,-0.59375,0.9305882352941186,0
00-0030061,Zach Ertz,TE,2022,ARI,11.56,3,0.15625,28,Zach Ertz,TE,ARI,7.385714285714286,1,0.34375,22,0.1875,-4.174285714285714,-2
00-0030061,Zach Ertz,TE,2024,WAS,10.43529411764706,3,0.90625,4,Zach Ertz,TE,WAS,9.723076923076924,2,0.53125,16,-0.375,-0.7122171945701368,-1
00-0030068,Marquise Goodwin,WR,2013,BUF,6.955555555555556,0,0.25,25,Marquise Goodwin,WR,BUF,0.8571428571428571,0,0.21875,26,-0.03125,-6.098412698412699,0
00-0030068,Marquise Goodwin,WR,2017,SF,10.5375,1,0.53125,16,Marquise Goodwin,WR,SF,7.945454545454546,0,0.375,21,-0.15625,-2.5920454545454534,-1
00-0030068,Marquise Goodwin,WR,2018,SF,7.945454545454546,0,0.375,21,Marquise Goodwin,WR,SF,4.7625,0,0.875,5,0.5,-3.182954545454546,0
00-0030085,Kenny Stills,WR,2013,NO,7.94375,0,0.9375,3,Kenny Stills,WR,NO,11.593333333333334,2,0.78125,8,-0.15625,3.649583333333334,2
00-0030085,Kenny Stills,WR,2015,MIA,5.933333333333334,0,0.40625,20,Kenny Stills,WR,MIA,10.5375,1,0.5,17,0.09375,4.604166666666666,1
00-0030085,Kenny Stills,WR,2016,MIA,10.5375,1,0.5,17,Kenny Stills,WR,MIA,10.91875,1,0.09375,30,-0.40625,0.38124999999999964,0
00-0030085,Kenny Stills,WR,2017,MIA,10.91875,1,0.09375,30,Kenny Stills,WR,MIA,9.728,1,0.15625,28,0.0625,-1.1907499999999995,0
00-0030085,Kenny Stills,WR,2019,HOU,9.238461538461538,1,0.78125,8,Kenny Stills,WR,HOU,4.485714285714286,0,0.6875,11,-0.09375,-4.752747252747252,-1
00-0030089,Luke Willson,TE,2013,SEA,4.433333333333334,0,0.75,9,Luke Willson,TE,SEA,6.3500000000000005,1,0.90625,4,0.15625,1.916666666666667,1
00-0030089,Luke Willson,TE,2014,SEA,6.3500000000000005,1,0.90625,4,Luke Willson,TE,SEA,3.407692307692308,0,0.96875,2,0.0625,-2.9423076923076925,-1
00-0030089,Luke Willson,TE,2015,SEA,3.407692307692308,0,0.96875,2,Luke Willson,TE,SEA,3.99,0,0.59375,14,-0.375,0.5823076923076922,0
00-0030089,Luke Willson,TE,2016,SEA,3.99,0,0.59375,14,Luke Willson,TE,SEA,4.176923076923076,0,0.5625,15,-0.03125,0.18692307692307608,0
00-0030095,Corey Fuller,WR,2014,DET,3.266666666666667,0,0.53125,16,Corey Fuller,WR,DET,2.9,0,0.4375,19,-0.09375,-0.36666666666666714,0
00-0030107,Theo Riddick,RB,2013,DET,1.6777777777777778,0,0.46875,18,Theo Riddick,RB,DET,7.284615384615384,0,0.53125,16,0.0625,5.606837606837606,0
00-0030107,Theo Riddick,RB,2014,DET,7.284615384615384,0,0.53125,16,Theo Riddick,RB,DET,11.1875,2,0.4375,19,-0.09375,3.9028846153846164,2
00-0030107,Theo Riddick,RB,2015,DET,11.1875,2,0.4375,19,Theo Riddick,RB,DET,16.18,4,0.75,9,0.3125,4.9925,2
00-0030107,Theo Riddick,RB,2016,DET,16.18,4,0.75,9,Theo Riddick,RB,DET,9.625,1,0.46875,18,-0.28125,-6.555,-3
00-0030107,Theo Riddick,RB,2017,DET,9.625,1,0.46875,18,Theo Riddick,RB,DET,8.321428571428571,0,0.3125,23,-0.15625,-1.3035714285714288,-1
00-0030108,Ryan Griffin,TE,2013,HOU,6.175,1,0.09375,30,Ryan Griffin,TE,HOU,3.1375,0,0.34375,22,0.25,-3.0374999999999996,-1
00-0030108,Ryan Griffin,TE,2014,HOU,3.1375,0,0.34375,22,Ryan Griffin,TE,HOU,6.344444444444445,1,0.3125,23,-0.03125,3.206944444444445,1
00-0030108,Ryan Griffin,TE,2015,HOU,6.344444444444445,1,0.3125,23,Ryan Griffin,TE,HOU,6.5125,1,0.09375,30,-0.21875,0.16805555555555518,0
00-0030108,Ryan Griffin,TE,2016,HOU,6.5125,1,0.09375,30,Ryan Griffin,TE,HOU,6.133333333333333,1,0.40625,20,0.3125,-0.3791666666666673,0
00-0030108,Ryan Griffin,TE,2017,HOU,6.133333333333333,1,0.40625,20,Ryan Griffin,TE,HOU,4.1923076923076925,0,0.53125,16,0.125,-1.9410256410256403,-1
00-0030108,Ryan Griffin,TE,2019,NYJ,7.538461538461538,1,0.03125,32,Ryan Griffin,TE,NYJ,3.5200000000000005,0,0.03125,32,0.0,-4.018461538461538,-1
00-0030108,Ryan Griffin,TE,2020,NYJ,3.5200000000000005,0,0.03125,32,Ryan Griffin,TE,NYJ,4.65,0,0.21875,26,0.1875,1.13,0
00-0030113,Charles D. Johnson,WR,2014,MIN,8.30909090909091,0,0.375,21,Charles D. Johnson,WR,MIN,3.616666666666666,0,0.625,13,0.25,-4.692424242424245,0
00-0030113,Charles D. Johnson,WR,2015,MIN,3.616666666666666,0,0.625,13,Charles D. Johnson,WR,MIN,3.323076923076924,0,0.34375,22,-0.28125,-0.29358974358974166,0
00-0030117,Kerwynn Williams,RB,2014,ARI,6.925,0,0.4375,19,Kerwynn Williams,RB,ARI,4.36,0,1.0,1,0.5625,-2.5649999999999995,0
00-0030117,Kerwynn Williams,RB,2015,ARI,4.36,0,1.0,1,Kerwynn Williams,RB,ARI,7.325,0,0.4375,19,-0.5625,2.965,0
00-0030117,Kerwynn Williams,RB,2016,ARI,7.325,0,0.4375,19,Kerwynn Williams,RB,ARI,4.526666666666667,0,0.0625,31,-0.375,-2.798333333333333,0
00-0030147,Russell Shepard,WR,2014,TB,2.575,0,0.15625,28,Russell Shepard,WR,TB,1.475,0,0.59375,14,0.4375,-1.1,0
00-0030147,Russell Shepard,WR,2015,TB,1.475,0,0.59375,14,Russell Shepard,WR,TB,5.833333333333333,0,0.46875,18,-0.125,4.3583333333333325,0
00-0030155,Demetrius Harris,TE,2014,KC,1.0,0,0.71875,10,Demetrius Harris,TE,KC,3.4,0,0.78125,8,0.0625,2.4,0
00-0030155,Demetrius Harris,TE,2015,KC,3.4,0,0.78125,8,Demetrius Harris,TE,KC,2.869230769230769,0,0.5625,15,-0.21875,-0.5307692307692311,0
00-0030155,Demetrius Harris,TE,2016,KC,2.869230769230769,0,0.5625,15,Demetrius Harris,TE,KC,3.569230769230769,0,0.90625,4,0.34375,0.7000000000000002,0
00-0030155,Demetrius Harris,TE,2017,KC,3.569230769230769,0,0.90625,4,Demetrius Harris,TE,KC,4.64,0,1.0,1,0.09375,1.0707692307692307,0
00-0030181,Jack Doyle,TE,2013,IND,1.38,0,0.6875,11,Jack Doyle,TE,IND,4.18,0,0.75,9,0.0625,2.8,0
00-0030181,Jack Doyle,TE,2014,IND,4.18,0,0.75,9,Jack Doyle,TE,IND,3.6,0,0.125,29,-0.625,-0.5799999999999996,0
00-0030181,Jack Doyle,TE,2015,IND,3.6,0,0.125,29,Jack Doyle,TE,IND,9.0875,2,0.65625,12,0.53125,5.487500000000001,2
00-0030181,Jack Doyle,TE,2016,IND,9.0875,2,0.65625,12,Jack Doyle,TE,IND,11.266666666666667,3,0.21875,26,-0.4375,2.179166666666667,1
00-0030181,Jack Doyle,TE,2017,IND,11.266666666666667,3,0.21875,26,Jack Doyle,TE,IND,10.083333333333334,2,0.71875,10,0.5,-1.1833333333333336,-1
00-0030181,Jack Doyle,TE,2018,IND,10.083333333333334,2,0.71875,10,Jack Doyle,TE,IND,7.453333333333333,1,0.53125,16,-0.1875,-2.630000000000001,-1
00-0030181,Jack Doyle,TE,2019,IND,7.453333333333333,1,0.53125,16,Jack Doyle,TE,IND,4.93076923076923,0,0.65625,12,0.125,-2.522564102564103,-1
00-0030181,Jack Doyle,TE,2020,IND,4.93076923076923,0,0.65625,12,Jack Doyle,TE,IND,5.28,0,0.625,13,-0.03125,0.3492307692307701,0
00-0030216,Josh Hill,TE,2013,NO,2.6,0,0.9375,3,Josh Hill,TE,NO,5.133333333333334,0,0.78125,8,-0.15625,2.5333333333333337,0
00-0030216,Josh Hill,TE,2014,NO,5.133333333333334,0,0.78125,8,Josh Hill,TE,NO,3.076923076923077,0,0.875,5,0.09375,-2.0564102564102567,0
00-0030216,Josh Hill,TE,2015,NO,3.076923076923077,0,0.875,5,Josh Hill,TE,NO,4.4875,0,0.84375,6,-0.03125,1.4105769230769227,0
00-0030216,Josh Hill,TE,2016,NO,4.4875,0,0.84375,6,Josh Hill,TE,NO,2.97,0,0.96875,2,0.125,-1.5174999999999996,0
00-0030216,Josh Hill,TE,2017,NO,2.97,0,0.96875,2,Josh Hill,TE,NO,3.6818181818181817,0,0.96875,2,0.0,0.7118181818181815,0
00-0030216,Josh Hill,TE,2018,NO,3.6818181818181817,0,0.96875,2,Josh Hill,TE,NO,5.046153846153846,0,0.90625,4,-0.0625,1.3643356643356643,0
00-0030216,Josh Hill,TE,2019,NO,5.046153846153846,0,0.90625,4,Josh Hill,TE,NO,2.325,0,0.78125,8,-0.125,-2.721153846153846,0
00-0030279,Keenan Allen,WR,2013,LAC,14.82,3,0.96875,2,Keenan Allen,WR,LAC,12.664285714285716,2,0.65625,12,-0.3125,-2.155714285714284,-1
00-0030279,Keenan Allen,WR,2014,LAC,12.664285714285716,2,0.65625,12,Keenan Allen,WR,LAC,20.4375,4,0.5,17,-0.15625,7.773214285714284,2
00-0030279,Keenan Allen,WR,2017,LAC,17.3875,3,0.9375,3,Keenan Allen,WR,LAC,17.34,3,0.90625,4,-0.03125,-0.04749999999999943,0
00-0030279,Keenan Allen,WR,2018,LAC,17.34,3,0.90625,4,Keenan Allen,WR,LAC,16.34375,3,0.71875,10,-0.1875,-0.9962499999999999,0
00-0030279,Keenan Allen,WR,2019,LAC,16.34375,3,0.71875,10,Keenan Allen,WR,LAC,17.507142857142856,3,0.5625,15,-0.15625,1.1633928571428562,0
00-0030279,Keenan Allen,WR,2020,LAC,17.507142857142856,3,0.5625,15,Keenan Allen,WR,LAC,16.1125,3,0.875,5,0.3125,-1.3946428571428555,0
00-0030279,Keenan Allen,WR,2021,LAC,16.1125,3,0.875,5,Keenan Allen,WR,LAC,16.54,3,0.5625,15,-0.3125,0.42749999999999844,0
00-0030279,Keenan Allen,WR,2022,LAC,16.54,3,0.5625,15,Keenan Allen,WR,LAC,21.558461538461536,5,0.28125,24,-0.28125,5.018461538461537,2
00-0030280,Knile Davis,RB,2013,KC,5.05,0,0.59375,14,Knile Davis,RB,KC,8.066666666666666,0,0.71875,10,0.125,3.0166666666666666,0
00-0030280,Knile Davis,RB,2014,KC,8.066666666666666,0,0.71875,10,Knile Davis,RB,KC,1.955555555555556,0,0.78125,8,0.0625,-6.111111111111111,0
00-0030280,Knile Davis,RB,2015,KC,1.955555555555556,0,0.78125,8,Knile Davis,RB,KC,1.7166666666666668,0,0.5625,15,-0.21875,-0.23888888888888915,0
00-0030282,Stepfan Taylor,RB,2013,ARI,2.4181818181818184,0,0.40625,20,Stepfan Taylor,RB,ARI,5.491666666666667,0,0.4375,19,0.03125,3.0734848484848487,0
00-0030282,Stepfan Taylor,RB,2014,ARI,5.491666666666667,0,0.4375,19,Stepfan Taylor,RB,ARI,1.2,0,1.0,1,0.5625,-4.291666666666667,0
00-0030287,Andre Ellington,RB,2013,ARI,11.02,2,0.40625,20,Andre Ellington,RB,ARI,14.791666666666666,3,0.4375,19,0.03125,3.7716666666666665,1
00-0030287,Andre Ellington,RB,2014,ARI,14.791666666666666,3,0.4375,19,Andre Ellington,RB,ARI,7.470000000000001,0,1.0,1,0.5625,-7.321666666666665,-3
00-0030287,Andre Ellington,RB,2015,ARI,7.470000000000001,0,1.0,1,Andre Ellington,RB,ARI,2.315384615384616,0,0.4375,19,-0.5625,-5.154615384615385,0
00-0030287,Andre Ellington,RB,2016,ARI,2.315384615384616,0,0.4375,19,Andre Ellington,RB,ARI,7.945454545454546,0,0.0625,31,-0.375,5.63006993006993,0
00-0030288,Rex Burkhead,RB,2014,CIN,5.15,0,0.46875,18,Rex Burkhead,RB,CIN,1.9833333333333327,0,0.84375,6,0.375,-3.166666666666668,0
00-0030288,Rex Burkhead,RB,2015,CIN,1.9833333333333327,0,0.84375,6,Rex Burkhead,RB,CIN,8.433333333333334,0,0.71875,10,-0.125,6.450000000000001,0
00-0030288,Rex Burkhead,RB,2017,NE,12.98,2,1.0,1,Rex Burkhead,RB,NE,6.2125,0,0.8125,7,-0.1875,-6.7675,-2
00-0030288,Rex Burkhead,RB,2018,NE,6.2125,0,0.8125,7,Rex Burkhead,RB,NE,7.776923076923077,0,0.5625,15,-0.25,1.5644230769230765,0
00-0030288,Rex Burkhead,RB,2019,NE,7.776923076923077,0,0.5625,15,Rex Burkhead,RB,NE,10.76,1,0.34375,22,-0.21875,2.983076923076923,1
00-0030288,Rex Burkhead,RB,2021,HOU,7.45,0,0.0625,31,Rex Burkhead,RB,HOU,4.760000000000001,0,0.03125,32,-0.03125,-2.6899999999999995,0
00-0030300,Jaron Brown,WR,2013,ARI,2.8181818181818183,0,0.40625,20,Jaron Brown,WR,ARI,4.741666666666666,0,0.4375,19,0.03125,1.923484848484848,0
00-0030300,Jaron Brown,WR,2014,ARI,4.741666666666666,0,0.4375,19,Jaron Brown,WR,ARI,3.14,0,1.0,1,0.5625,-1.6016666666666661,0
00-0030300,Jaron Brown,WR,2015,ARI,3.14,0,1.0,1,Jaron Brown,WR,ARI,5.95,0,0.4375,19,-0.5625,2.81,0
00-0030300,Jaron Brown,WR,2016,ARI,5.95,0,0.4375,19,Jaron Brown,WR,ARI,7.335714285714286,0,0.0625,31,-0.375,1.3857142857142861,0
00-0030300,Jaron Brown,WR,2018,SEA,6.0600000000000005,0,0.84375,6,Jaron Brown,WR,SEA,6.0,0,0.625,13,-0.21875,-0.0600000000000005,0
00-0030348,Khiry Robinson,RB,2013,NO,2.84,0,0.9375,3,Khiry Robinson,RB,NO,7.388888888888889,0,0.78125,8,-0.15625,4.548888888888889,0
00-0030348,Khiry Robinson,RB,2014,NO,7.388888888888889,0,0.78125,8,Khiry Robinson,RB,NO,8.8125,0,0.875,5,0.09375,1.4236111111111107,0
00-0030388,Joseph Randle,RB,2013,DAL,8.5,0,0.78125,8,Joseph Randle,RB,DAL,3.9,0,0.9375,3,0.15625,-4.6,0
00-0030388,Joseph Randle,RB,2014,DAL,3.9,0,0.9375,3,Joseph Randle,RB,DAL,12.35,2,0.21875,26,-0.71875,8.45,2
00-0030391,Mike James,RB,2013,TB,6.840000000000001,0,0.1875,27,Mike James,RB,TB,0.8400000000000001,0,0.15625,28,-0.03125,-6.000000000000001,0
00-0030400,Marlon Brown,WR,2013,BAL,10.37142857142857,1,0.15625,28,Marlon Brown,WR,BAL,3.807692307692308,0,0.8125,7,0.65625,-6.563736263736262,-1
00-0030400,Marlon Brown,WR,2014,BAL,3.807692307692308,0,0.8125,7,Marlon Brown,WR,BAL,2.8,0,0.15625,28,-0.65625,-1.007692307692308,0
00-0030404,Chris Thompson,RB,2015,WAS,7.123076923076923,0,0.65625,12,Chris Thompson,RB,WAS,9.23125,1,0.875,5,0.21875,2.1081730769230766,1
00-0030404,Chris Thompson,RB,2016,WAS,9.23125,1,0.875,5,Chris Thompson,RB,WAS,15.54,3,0.4375,19,-0.4375,6.30875,2
00-0030404,Chris Thompson,RB,2017,WAS,15.54,3,0.4375,19,Chris Thompson,RB,WAS,9.12,1,0.21875,26,-0.21875,-6.42,-2
00-0030404,Chris Thompson,RB,2018,WAS,9.12,1,0.21875,26,Chris Thompson,RB,WAS,8.509090909090908,0,0.09375,30,-0.125,-0.6109090909090913,-1
00-0030414,Spencer Ware,RB,2015,KC,9.2,1,0.78125,8,Spencer Ware,RB,KC,13.842857142857143,3,0.5625,15,-0.21875,4.642857142857144,2
00-0030422,Dion Sims,TE,2013,MIA,2.171428571428572,0,0.375,21,Dion Sims,TE,MIA,4.6000000000000005,0,0.6875,11,0.3125,2.4285714285714284,0
00-0030422,Dion Sims,TE,2014,MIA,4.6000000000000005,0,0.6875,11,Dion Sims,TE,MIA,2.891666666666667,0,0.40625,20,-0.28125,-1.7083333333333335,0
00-0030422,Dion Sims,TE,2015,MIA,2.891666666666667,0,0.40625,20,Dion Sims,TE,MIA,5.815384615384615,0,0.5,17,0.09375,2.923717948717948,0
00-0030431,Robert Woods,WR,2013,BUF,8.592857142857143,0,0.25,25,Robert Woods,WR,BUF,10.30625,1,0.21875,26,-0.03125,1.713392857142857,1
00-0030431,Robert Woods,WR,2014,BUF,10.30625,1,0.21875,26,Robert Woods,WR,BUF,8.442857142857143,0,0.6875,11,0.46875,-1.8633928571428573,-1
00-0030431,Robert Woods,WR,2015,BUF,8.442857142857143,0,0.6875,11,Robert Woods,WR,BUF,9.315384615384614,1,0.78125,8,0.09375,0.8725274725274712,1
00-0030431,Robert Woods,WR,2017,LA,13.608333333333334,2,0.84375,6,Robert Woods,WR,LA,16.6,3,0.9375,3,0.09375,2.991666666666667,1
00-0030431,Robert Woods,WR,2018,LA,16.6,3,0.9375,3,Robert Woods,WR,LA,15.526666666666667,3,0.4375,19,-0.5,-1.0733333333333341,0
00-0030431,Robert Woods,WR,2019,LA,15.526666666666667,3,0.4375,19,Robert Woods,WR,LA,15.19375,3,0.3125,23,-0.125,-0.33291666666666764,0
00-0030431,Robert Woods,WR,2020,LA,15.19375,3,0.3125,23,Robert Woods,WR,LA,15.244444444444444,3,0.78125,8,0.46875,0.05069444444444393,0
00-0030431,Robert Woods,WR,2023,HOU,6.869230769230769,0,0.46875,18,Robert Woods,WR,HOU,3.1916666666666664,0,0.375,21,-0.09375,-3.6775641025641024,0
00-0030432,Christine Michael,RB,2014,SEA,1.97,0,0.90625,4,Christine Michael,RB,SEA,3.6125,0,0.96875,2,0.0625,1.6424999999999998,0
00-0030432,Christine Michael,RB,2015,SEA,3.6125,0,0.96875,2,Christine Michael,RB,SEA,9.133333333333333,1,0.59375,14,-0.375,5.520833333333333,1
00-0030433,Mike Gillislee,RB,2015,BUF,10.32,1,0.6875,11,Mike Gillislee,RB,BUF,8.38,0,0.78125,8,0.09375,-1.9399999999999995,-1
00-0030443,Levine Toilolo,TE,2013,ATL,3.1666666666666665,0,0.53125,16,Levine Toilolo,TE,ATL,4.319999999999999,0,0.625,13,0.09375,1.1533333333333329,0
00-0030443,Levine Toilolo,TE,2014,ATL,4.319999999999999,0,0.625,13,Levine Toilolo,TE,ATL,1.488888888888889,0,0.53125,16,-0.09375,-2.8311111111111105,0
00-0030443,Levine Toilolo,TE,2015,ATL,1.488888888888889,0,0.53125,16,Levine Toilolo,TE,ATL,3.9538461538461536,0,1.0,1,0.46875,2.4649572649572646,0
00-0030443,Levine Toilolo,TE,2016,ATL,3.9538461538461536,0,1.0,1,Levine Toilolo,TE,ATL,3.775,0,0.78125,8,-0.21875,-0.17884615384615365,0
00-0030450,Quinton Patton,WR,2015,SF,5.0600000000000005,0,0.09375,30,Quinton Patton,WR,SF,5.984615384615385,0,0.0625,31,-0.03125,0.9246153846153842,0
00-0030456,Giovani Bernard,RB,2013,CIN,13.93125,3,0.625,13,Giovani Bernard,RB,CIN,14.453846153846154,3,0.46875,18,-0.15625,0.5225961538461537,0
00-0030456,Giovani Bernard,RB,2014,CIN,14.453846153846154,3,0.46875,18,Giovani Bernard,RB,CIN,11.325,2,0.84375,6,0.375,-3.1288461538461547,-1
00-0030456,Giovani Bernard,RB,2015,CIN,11.325,2,0.84375,6,Giovani Bernard,RB,CIN,12.23,2,0.71875,10,-0.125,0.9050000000000011,0
00-0030456,Giovani Bernard,RB,2016,CIN,12.23,2,0.71875,10,Giovani Bernard,RB,CIN,9.43125,1,0.25,25,-0.46875,-2.79875,-1
00-0030456,Giovani Bernard,RB,2017,CIN,9.43125,1,0.25,25,Giovani Bernard,RB,CIN,7.991666666666667,0,0.46875,18,0.21875,-1.4395833333333332,-1
00-0030456,Giovani Bernard,RB,2018,CIN,7.991666666666667,0,0.46875,18,Giovani Bernard,RB,CIN,4.275,0,0.125,29,-0.34375,-3.716666666666667,0
00-0030456,Giovani Bernard,RB,2019,CIN,4.275,0,0.125,29,Giovani Bernard,RB,CIN,9.88125,1,0.21875,26,0.09375,5.606249999999999,1
00-0030460,Markus Wheaton,WR,2013,PIT,2.48,0,0.5,17,Markus Wheaton,WR,PIT,8.26875,0,0.96875,2,0.46875,5.78875,0
00-0030460,Markus Wheaton,WR,2014,PIT,8.26875,0,0.96875,2,Markus Wheaton,WR,PIT,9.43125,1,0.90625,4,-0.0625,1.1624999999999996,1
00-0030465,Kenjon Barner,RB,2015,PHI,4.32,0,0.34375,22,Kenjon Barner,RB,PHI,3.41,0,0.40625,20,0.0625,-0.9100000000000001,0
00-0030465,Kenjon Barner,RB,2016,PHI,3.41,0,0.40625,20,Kenjon Barner,RB,PHI,2.477777777777778,0,0.8125,7,0.40625,-0.9322222222222223,0
00-0030470,Vance McDonald,TE,2013,SF,1.99,0,0.65625,12,Vance McDonald,TE,SF,0.75,0,0.40625,20,-0.25,-1.24,0
00-0030470,Vance McDonald,TE,2014,SF,0.75,0,0.40625,20,Vance McDonald,TE,SF,5.757142857142857,0,0.09375,30,-0.3125,5.007142857142857,0
00-0030470,Vance McDonald,TE,2015,SF,5.757142857142857,0,0.09375,30,Vance McDonald,TE,SF,8.709999999999999,2,0.0625,31,-0.03125,2.952857142857142,2
00-0030470,Vance McDonald,TE,2017,PIT,4.311111111111111,0,0.875,5,Vance McDonald,TE,PIT,8.866666666666667,2,0.875,5,0.0,4.555555555555556,2
00-0030470,Vance McDonald,TE,2018,PIT,8.866666666666667,2,0.875,5,Vance McDonald,TE,PIT,5.964285714285714,1,0.0625,31,-0.8125,-2.9023809523809527,-1
00-0030470,Vance McDonald,TE,2019,PIT,5.964285714285714,1,0.0625,31,Vance McDonald,TE,PIT,2.7666666666666666,0,0.5,17,0.4375,-3.197619047619048,-1
00-0030472,Jordan Reed,TE,2013,WAS,12.744444444444444,4,0.3125,23,Jordan Reed,TE,WAS,8.590909090909092,2,0.28125,24,-0.03125,-4.153535353535352,-2
00-0030472,Jordan Reed,TE,2014,WAS,8.590909090909092,2,0.28125,24,Jordan Reed,TE,WAS,17.442857142857143,5,0.65625,12,0.375,8.851948051948051,3
00-0030472,Jordan Reed,TE,2015,WAS,17.442857142857143,5,0.65625,12,Jordan Reed,TE,WAS,14.05,4,0.875,5,0.21875,-3.3928571428571423,-1
00-0030472,Jordan Reed,TE,2016,WAS,14.05,4,0.875,5,Jordan Reed,TE,WAS,10.016666666666667,2,0.4375,19,-0.4375,-4.033333333333333,-2
00-0030472,Jordan Reed,TE,2017,WAS,10.016666666666667,2,0.4375,19,Jordan Reed,TE,WAS,9.246153846153849,2,0.21875,26,-0.21875,-0.7705128205128187,0
00-0030485,Eddie Lacy,RB,2013,GB,16.166666666666668,3,0.84375,6,Eddie Lacy,RB,GB,17.0375,4,1.0,1,0.15625,0.8708333333333336,1
00-0030485,Eddie Lacy,RB,2014,GB,17.0375,4,1.0,1,Eddie Lacy,RB,GB,9.373333333333331,1,0.5625,15,-0.4375,-7.66416666666667,-3
00-0030485,Eddie Lacy,RB,2015,GB,9.373333333333331,1,0.5625,15,Eddie Lacy,RB,GB,8.559999999999999,0,0.9375,3,0.375,-0.8133333333333326,-1
00-0030496,Le'Veon Bell,RB,2013,PIT,16.807692307692307,4,0.5,17,Le'Veon Bell,RB,PIT,23.15625,5,0.96875,2,0.46875,6.348557692307693,1
00-0030496,Le'Veon Bell,RB,2014,PIT,23.15625,5,0.96875,2,Le'Veon Bell,RB,PIT,18.53333333333333,5,0.90625,4,-0.0625,-4.622916666666669,0
00-0030496,Le'Veon Bell,RB,2015,PIT,18.53333333333333,5,0.90625,4,Le'Veon Bell,RB,PIT,26.45,5,0.8125,7,-0.09375,7.916666666666668,0
00-0030496,Le'Veon Bell,RB,2016,PIT,26.45,5,0.8125,7,Le'Veon Bell,RB,PIT,22.89333333333333,5,0.875,5,0.0625,-3.5566666666666684,0
00-0030506,Travis Kelce,TE,2014,KC,11.075,3,0.71875,10,Travis Kelce,TE,KC,11.84375,4,0.78125,8,0.0625,0.7687500000000007,1
00-0030506,Travis Kelce,TE,2015,KC,11.84375,4,0.78125,8,Travis Kelce,TE,KC,13.9375,4,0.5625,15,-0.21875,2.09375,0
00-0030506,Travis Kelce,TE,2016,KC,13.9375,4,0.5625,15,Travis Kelce,TE,KC,15.566666666666666,5,0.90625,4,0.34375,1.6291666666666664,1
00-0030506,Travis Kelce,TE,2017,KC,15.566666666666666,5,0.90625,4,Travis Kelce,TE,KC,18.4125,5,1.0,1,0.09375,2.845833333333335,0
00-0030506,Travis Kelce,TE,2018,KC,18.4125,5,1.0,1,Travis Kelce,TE,KC,16.0375,5,0.96875,2,-0.03125,-2.375,0
00-0030506,Travis Kelce,TE,2019,KC,16.0375,5,0.96875,2,Travis Kelce,TE,KC,20.850666666666665,5,0.9375,3,-0.03125,4.813166666666664,0
00-0030506,Travis Kelce,TE,2020,KC,20.850666666666665,5,0.9375,3,Travis Kelce,TE,KC,16.48125,5,0.96875,2,0.03125,-4.369416666666666,0
00-0030506,Travis Kelce,TE,2021,KC,16.48125,5,0.96875,2,Travis Kelce,TE,KC,18.605882352941176,5,1.0,1,0.03125,2.124632352941177,0
00-0030506,Travis Kelce,TE,2022,KC,18.605882352941176,5,1.0,1,Travis Kelce,TE,KC,14.673333333333334,4,0.6875,11,-0.3125,-3.9325490196078423,-1
00-0030506,Travis Kelce,TE,2023,KC,14.673333333333334,4,0.6875,11,Travis Kelce,TE,KC,12.36875,4,0.75,9,0.0625,-2.3045833333333334,0
00-0030506,Travis Kelce,TE,2024,KC,12.36875,4,0.75,9,Travis Kelce,TE,KC,11.36470588235294,3,0.6875,11,-0.0625,-1.0040441176470605,-1
00-0030513,Latavius Murray,RB,2014,LV,8.57,0,0.03125,32,Latavius Murray,RB,LV,12.8,2,0.375,21,0.34375,4.23,2
00-0030513,Latavius Murray,RB,2015,LV,12.8,2,0.375,21,Latavius Murray,RB,LV,14.87142857142857,3,0.6875,11,0.3125,2.0714285714285694,1
00-0030513,Latavius Murray,RB,2017,MIN,9.84375,1,0.75,9,Latavius Murray,RB,MIN,8.24375,0,0.1875,27,-0.5625,-1.5999999999999996,-1
00-0030513,Latavius Murray,RB,2019,NO,9.825,1,0.90625,4,Latavius Murray,RB,NO,9.08,1,0.78125,8,-0.125,-0.7449999999999992,0
00-0030514,Mychal Rivera,TE,2013,LV,6.41875,1,0.34375,22,Mychal Rivera,TE,LV,8.3375,2,0.03125,32,-0.3125,1.9187500000000002,1
00-0030514,Mychal Rivera,TE,2014,LV,8.3375,2,0.03125,32,Mychal Rivera,TE,LV,4.714285714285714,0,0.375,21,0.34375,-3.623214285714286,-2
00-0030514,Mychal Rivera,TE,2015,LV,4.714285714285714,0,0.375,21,Mychal Rivera,TE,LV,4.32,0,0.6875,11,0.3125,-0.39428571428571413,0
00-0030516,Brice Butler,WR,2013,LV,2.4125,0,0.34375,22,Brice Butler,WR,LV,4.357142857142857,0,0.03125,32,-0.3125,1.9446428571428567,0
00-0030516,Brice Butler,WR,2015,DAL,7.56,0,0.21875,26,Brice Butler,WR,DAL,3.992857142857143,0,0.90625,4,0.6875,-3.5671428571428567,0
00-0030516,Brice Butler,WR,2016,DAL,3.992857142857143,0,0.90625,4,Brice Butler,WR,DAL,5.130769230769231,0,0.6875,11,-0.21875,1.1379120879120883,0
00-0030520,Mike Glennon,QB,2013,TB,12.155384615384616,1,0.1875,27,Mike Glennon,QB,TB,14.93,1,0.15625,28,-0.03125,2.774615384615384,0
00-0030521,Justin Hunter,WR,2013,TEN,5.953846153846154,0,0.5625,15,Justin Hunter,WR,TEN,7.983333333333333,0,0.09375,30,-0.46875,2.0294871794871794,0
00-0030521,Justin Hunter,WR,2014,TEN,7.983333333333333,0,0.09375,30,Justin Hunter,WR,TEN,6.044444444444444,0,0.0625,31,-0.03125,-1.938888888888889,0
00-0030521,Justin Hunter,WR,2017,PIT,2.46,0,0.875,5,Justin Hunter,WR,PIT,1.275,0,0.875,5,0.0,-1.185,0
00-0030522,Montee Ball,RB,2013,DEN,7.2266666666666675,0,1.0,1,Montee Ball,RB,DEN,7.279999999999999,0,0.84375,6,-0.15625,0.0533333333333319,0
00-0030524,Landry Jones,QB,2015,PIT,3.145714285714285,0,0.90625,4,Landry Jones,QB,PIT,4.845714285714286,0,0.8125,7,-0.09375,1.700000000000001,0
00-0030525,Tavon Austin,WR,2013,LA,10.069230769230767,1,0.28125,24,Tavon Austin,WR,LA,6.373333333333333,0,0.125,29,-0.15625,-3.695897435897434,-1
00-0030525,Tavon Austin,WR,2014,LA,6.373333333333333,0,0.125,29,Tavon Austin,WR,LA,12.54375,2,0.03125,32,-0.09375,6.170416666666666,2
00-0030525,Tavon Austin,WR,2015,LA,12.54375,2,0.03125,32,Tavon Austin,WR,LA,9.786666666666669,1,0.03125,32,0.0,-2.7570833333333304,-1
00-0030525,Tavon Austin,WR,2016,LA,9.786666666666669,1,0.03125,32,Tavon Austin,WR,LA,3.5928571428571425,0,0.84375,6,0.8125,-6.193809523809526,-1
00-0030525,Tavon Austin,WR,2018,DAL,5.642857142857143,0,0.4375,19,Tavon Austin,WR,DAL,3.646153846153846,0,0.9375,3,0.5,-1.9967032967032972,0
00-0030526,EJ Manuel,QB,2013,BUF,13.348,1,0.25,25,EJ Manuel,QB,BUF,14.68,1,0.21875,26,-0.03125,1.331999999999999,0
00-0030526,EJ Manuel,QB,2014,BUF,14.68,1,0.21875,26,EJ Manuel,QB,BUF,9.71,0,0.6875,11,0.46875,-4.969999999999999,-1
00-0030526,EJ Manuel,QB,2015,BUF,9.71,0,0.6875,11,EJ Manuel,QB,BUF,1.488,0,0.78125,8,0.09375,-8.222000000000001,0
00-0030532,Stedman Bailey,WR,2013,LA,6.1125,0,0.28125,24,Stedman Bailey,WR,LA,7.233333333333333,0,0.125,29,-0.15625,1.1208333333333336,0
00-0030532,Stedman Bailey,WR,2014,LA,7.233333333333333,0,0.125,29,Stedman Bailey,WR,LA,4.525,0,0.03125,32,-0.09375,-2.708333333333333,0
00-0030536,Zac Stacy,RB,2013,LA,14.107692307692307,3,0.28125,24,Zac Stacy,RB,LA,7.166666666666667,0,0.125,29,-0.15625,-6.94102564102564,-3
00-0030540,Aaron Dobson,WR,2013,NE,10.263636363636364,1,0.8125,7,Aaron Dobson,WR,NE,1.7,0,0.875,5,0.0625,-8.563636363636364,-1
00-0030540,Aaron Dobson,WR,2014,NE,1.7,0,0.875,5,Aaron Dobson,WR,NE,4.516666666666667,0,0.9375,3,0.0625,2.8166666666666664,0
00-0030542,Terrance Williams,WR,2013,DAL,10.266666666666667,1,0.78125,8,Terrance Williams,WR,DAL,9.806666666666668,1,0.9375,3,0.15625,-0.4599999999999991,0
00-0030542,Terrance Williams,WR,2014,DAL,9.806666666666668,1,0.9375,3,Terrance Williams,WR,DAL,9.625,1,0.21875,26,-0.71875,-0.18166666666666842,0
00-0030542,Terrance Williams,WR,2015,DAL,9.625,1,0.21875,26,Terrance Williams,WR,DAL,8.360000000000001,0,0.90625,4,0.6875,-1.2649999999999988,-1
00-0030542,Terrance Williams,WR,2016,DAL,8.360000000000001,0,0.90625,4,Terrance Williams,WR,DAL,6.95625,0,0.6875,11,-0.21875,-1.4037500000000014,0
00-0030544,Gavin Escobar,TE,2013,DAL,3.822222222222222,0,0.78125,8,Gavin Escobar,TE,DAL,4.35,0,0.9375,3,0.15625,0.5277777777777777,0
00-0030544,Gavin Escobar,TE,2014,DAL,4.35,0,0.9375,3,Gavin Escobar,TE,DAL,2.628571428571429,0,0.21875,26,-0.71875,-1.7214285714285706,0
00-0030547,Denard Robinson,RB,2013,JAX,0.2166666666666666,0,0.03125,32,Denard Robinson,RB,JAX,8.738461538461538,0,0.0625,31,0.03125,8.52179487179487,0
00-0030547,Denard Robinson,RB,2014,JAX,8.738461538461538,0,0.0625,31,Denard Robinson,RB,JAX,5.666666666666667,0,0.28125,24,0.21875,-3.0717948717948707,0
00-0030547,Denard Robinson,RB,2015,JAX,5.666666666666667,0,0.28125,24,Denard Robinson,RB,JAX,3.266666666666667,0,0.21875,26,-0.0625,-2.4,0
00-0030549,Tyler Eifert,TE,2015,CIN,14.73076923076923,5,0.84375,6,Tyler Eifert,TE,CIN,12.3,4,0.71875,10,-0.125,-2.4307692307692292,-1
00-0030549,Tyler Eifert,TE,2018,CIN,9.725,2,0.46875,18,Tyler Eifert,TE,CIN,6.6625,1,0.125,29,-0.34375,-3.0625,-1
00-0030550,Ace Sanders,WR,2013,JAX,7.376,0,0.03125,32,Ace Sanders,WR,JAX,1.9166666666666667,0,0.0625,31,0.03125,-5.459333333333333,0
00-0030564,DeAndre Hopkins,WR,2013,HOU,8.8875,1,0.09375,30,DeAndre Hopkins,WR,HOU,14.4375,2,0.34375,22,0.25,5.550000000000001,1
00-0030564,DeAndre Hopkins,WR,2014,HOU,14.4375,2,0.34375,22,DeAndre Hopkins,WR,HOU,20.69375,5,0.3125,23,-0.03125,6.256250000000001,3
00-0030564,DeAndre Hopkins,WR,2015,HOU,20.69375,5,0.3125,23,DeAndre Hopkins,WR,HOU,12.26875,2,0.09375,30,-0.21875,-8.425,-3
00-0030564,DeAndre Hopkins,WR,2016,HOU,12.26875,2,0.09375,30,DeAndre Hopkins,WR,HOU,20.65333333333333,5,0.40625,20,0.3125,8.384583333333328,3
00-0030564,DeAndre Hopkins,WR,2017,HOU,20.65333333333333,5,0.40625,20,DeAndre Hopkins,WR,HOU,20.84375,5,0.53125,16,0.125,0.19041666666667112,0
00-0030564,DeAndre Hopkins,WR,2018,HOU,20.84375,5,0.53125,16,DeAndre Hopkins,WR,HOU,17.90266666666667,4,0.78125,8,0.25,-2.9410833333333315,-1
00-0030564,DeAndre Hopkins,WR,2020,ARI,17.9875,4,0.59375,14,DeAndre Hopkins,WR,ARI,14.72,3,0.75,9,0.15625,-3.2675,-1
00-0030564,DeAndre Hopkins,WR,2021,ARI,14.72,3,0.75,9,DeAndre Hopkins,WR,ARI,16.855555555555554,3,0.15625,28,-0.59375,2.1355555555555537,0
00-0030565,Geno Smith,QB,2013,NYJ,12.17125,1,0.125,29,Geno Smith,QB,NYJ,11.035714285714286,1,0.1875,27,0.0625,-1.135535714285714,0
00-0030565,Geno Smith,QB,2021,SEA,13.57,1,0.59375,14,Geno Smith,QB,SEA,17.87529411764706,3,0.59375,14,0.0,4.305294117647058,2
00-0030565,Geno Smith,QB,2022,SEA,17.87529411764706,3,0.59375,14,Geno Smith,QB,SEA,15.150666666666666,2,0.71875,10,0.125,-2.7246274509803925,-1
00-0030565,Geno Smith,QB,2023,SEA,15.150666666666666,2,0.71875,10,Geno Smith,QB,SEA,15.647058823529411,2,0.46875,18,-0.25,0.4963921568627452,0
00-0030578,Cordarrelle Patterson,RB,2013,MIN,10.10625,1,0.4375,19,Cordarrelle Patterson,RB,MIN,5.94375,0,0.375,21,-0.0625,-4.1625,-1
00-0030578,Cordarrelle Patterson,RB,2014,MIN,5.94375,0,0.375,21,Cordarrelle Patterson,RB,MIN,4.125,0,0.625,13,0.25,-1.8187499999999996,0
00-0030578,Cordarrelle Patterson,RB,2015,MIN,4.125,0,0.625,13,Cordarrelle Patterson,RB,MIN,7.475,0,0.34375,22,-0.28125,3.3499999999999996,0
00-0030578,Cordarrelle Patterson,RB,2019,CHI,2.966666666666667,0,0.1875,27,Cordarrelle Patterson,RB,CHI,4.626666666666667,0,0.28125,24,0.09375,1.6600000000000001,0
00-0030578,Cordarrelle Patterson,RB,2021,ATL,14.6625,3,0.1875,27,Cordarrelle Patterson,RB,ATL,11.9,2,0.4375,19,0.25,-2.7624999999999993,-1
00-0030578,Cordarrelle Patterson,RB,2022,ATL,11.9,2,0.4375,19,Cordarrelle Patterson,RB,ATL,3.075,0,0.1875,27,-0.25,-8.825,-2
00-0030656,Isaiah Crowell,RB,2014,CLE,8.16,0,0.25,25,Isaiah Crowell,RB,CLE,8.6125,0,0.1875,27,-0.0625,0.45250000000000057,0
00-0030656,Isaiah Crowell,RB,2015,CLE,8.6125,0,0.1875,27,Isaiah Crowell,RB,CLE,12.81875,2,0.28125,24,0.09375,4.206249999999999,2
00-0030656,Isaiah Crowell,RB,2016,CLE,12.81875,2,0.28125,24,Isaiah Crowell,RB,CLE,8.98125,1,0.03125,32,-0.25,-3.8375000000000004,-1
00-0030663,Willie Snead,WR,2015,NO,12.226666666666668,2,0.875,5,Willie Snead,WR,NO,12.766666666666667,2,0.84375,6,-0.03125,0.5399999999999991,0
00-0030663,Willie Snead,WR,2016,NO,12.766666666666667,2,0.84375,6,Willie Snead,WR,NO,2.457142857142857,0,0.96875,2,0.125,-10.30952380952381,-2
00-0030663,Willie Snead,WR,2018,BAL,9.6,1,0.5625,15,Willie Snead,WR,BAL,5.94375,0,1.0,1,0.4375,-3.65625,-1
00-0030663,Willie Snead,WR,2019,BAL,5.94375,0,1.0,1,Willie Snead,WR,BAL,7.246153846153846,0,0.84375,6,-0.15625,1.3024038461538465,0
00-0030668,Charcandrick West,RB,2015,KC,10.215384615384616,1,0.78125,8,Charcandrick West,RB,KC,6.2733333333333325,0,0.5625,15,-0.21875,-3.942051282051284,-1
00-0030668,Charcandrick West,RB,2016,KC,6.2733333333333325,0,0.5625,15,Charcandrick West,RB,KC,6.1000000000000005,0,0.90625,4,0.34375,-0.173333333333332,0
00-0030669,Albert Wilson,WR,2014,KC,6.0,0,0.71875,10,Albert Wilson,WR,KC,6.764285714285714,0,0.78125,8,0.0625,0.7642857142857142,0
00-0030669,Albert Wilson,WR,2015,KC,6.764285714285714,0,0.78125,8,Albert Wilson,WR,KC,5.771428571428571,0,0.5625,15,-0.21875,-0.9928571428571429,0
00-0030669,Albert Wilson,WR,2016,KC,5.771428571428571,0,0.5625,15,Albert Wilson,WR,KC,8.923076923076923,1,0.90625,4,0.34375,3.151648351648352,1
00-0030669,Albert Wilson,WR,2018,MIA,13.825714285714286,2,0.15625,28,Albert Wilson,WR,MIA,6.876923076923077,0,0.21875,26,0.0625,-6.948791208791208,-2
00-0030670,Bennie Fowler,WR,2015,DEN,2.792307692307692,0,0.25,25,Bennie Fowler,WR,DEN,3.75,0,0.1875,27,-0.0625,0.9576923076923078,0
00-0030670,Bennie Fowler,WR,2016,DEN,3.75,0,0.1875,27,Bennie Fowler,WR,DEN,5.857142857142857,0,0.125,29,-0.0625,2.1071428571428568,0
00-0030670,Bennie Fowler,WR,2018,NYG,4.19,0,0.5,17,Bennie Fowler,WR,NYG,5.7875,0,0.25,25,-0.25,1.5974999999999993,0
00-0030705,Juwan Thompson,RB,2014,DEN,4.308333333333334,0,0.84375,6,Juwan Thompson,RB,DEN,2.271428571428572,0,0.25,25,-0.59375,-2.0369047619047618,0
00-0030705,Juwan Thompson,RB,2015,DEN,2.271428571428572,0,0.25,25,Juwan Thompson,RB,DEN,2.15,0,0.1875,27,-0.0625,-0.12142857142857189,0
00-0030710,Trey Burton,TE,2016,PHI,5.4071428571428575,0,0.40625,20,Trey Burton,TE,PHI,6.65,1,0.8125,7,0.40625,1.2428571428571429,1
00-0030710,Trey Burton,TE,2018,CHI,9.19375,2,0.625,13,Trey Burton,TE,CHI,2.8,0,0.1875,27,-0.4375,-6.39375,-2
00-0030737,Freddie Martino,WR,2016,TB,4.0285714285714285,0,0.46875,18,Freddie Martino,WR,TB,2.92,0,0.65625,12,0.1875,-1.1085714285714285,0
00-0030758,Justin Perillo,TE,2015,GB,4.533333333333333,0,0.5625,15,Justin Perillo,TE,GB,1.875,0,0.9375,3,0.375,-2.658333333333333,0
00-0030780,Ryan Hewitt,TE,2014,CIN,3.1,0,0.46875,18,Ryan Hewitt,TE,CIN,1.9888888888888887,0,0.84375,6,0.375,-1.1111111111111114,0
00-0030801,Brandon Coleman,WR,2015,NO,5.4625,0,0.875,5,Brandon Coleman,WR,NO,5.546153846153846,0,0.84375,6,-0.03125,0.08365384615384563,0
00-0030801,Brandon Coleman,WR,2016,NO,5.546153846153846,0,0.84375,6,Brandon Coleman,WR,NO,5.242857142857143,0,0.96875,2,0.125,-0.3032967032967031,0
00-0030821,Allen Hurns,WR,2014,JAX,9.66875,1,0.0625,31,Allen Hurns,WR,JAX,15.006666666666666,3,0.28125,24,0.21875,5.337916666666667,2
00-0030821,Allen Hurns,WR,2015,JAX,15.006666666666666,3,0.28125,24,Allen Hurns,WR,JAX,9.154545454545454,1,0.21875,26,-0.0625,-5.852121212121212,-2
00-0030821,Allen Hurns,WR,2016,JAX,9.154545454545454,1,0.21875,26,Allen Hurns,WR,JAX,9.94,1,0.71875,10,0.5,0.7854545454545452,0
00-0030860,Orleans Darkwa,RB,2014,NYG,4.525,0,0.5,17,Orleans Darkwa,RB,NYG,3.425,0,0.75,9,0.25,-1.1000000000000005,0
00-0030860,Orleans Darkwa,RB,2015,NYG,3.425,0,0.75,9,Orleans Darkwa,RB,NYG,6.575,0,0.125,29,-0.625,3.1500000000000004,0
00-0030860,Orleans Darkwa,RB,2016,NYG,6.575,0,0.125,29,Orleans Darkwa,RB,NYG,9.193333333333332,1,0.1875,27,0.0625,2.6183333333333314,1
00-0030874,Damien Williams,RB,2014,MIA,4.825,0,0.6875,11,Damien Williams,RB,MIA,3.4692307692307693,0,0.40625,20,-0.28125,-1.3557692307692308,0
00-0030874,Damien Williams,RB,2015,MIA,3.4692307692307693,0,0.40625,20,Damien Williams,RB,MIA,6.226666666666668,0,0.5,17,0.09375,2.757435897435899,0
00-0030874,Damien Williams,RB,2016,MIA,6.226666666666668,0,0.5,17,Damien Williams,RB,MIA,5.96,0,0.09375,30,-0.40625,-0.2666666666666684,0
00-0030874,Damien Williams,RB,2018,KC,9.86,1,1.0,1,Damien Williams,RB,KC,12.827272727272726,2,0.96875,2,-0.03125,2.967272727272727,1
00-0030990,Josh Huff,WR,2014,PHI,2.5,0,0.59375,14,Josh Huff,WR,PHI,5.861538461538462,0,0.34375,22,-0.25,3.361538461538462,0
00-0030990,Josh Huff,WR,2015,PHI,5.861538461538462,0,0.34375,22,Josh Huff,WR,PHI,4.533333333333333,0,0.40625,20,0.0625,-1.3282051282051288,0
00-0030992,Crockett Gillmore,TE,2014,BAL,3.1222222222222222,0,0.8125,7,Crockett Gillmore,TE,BAL,9.82,2,0.15625,28,-0.65625,6.6977777777777785,2
00-0030992,Crockett Gillmore,TE,2015,BAL,9.82,2,0.15625,28,Crockett Gillmore,TE,BAL,4.220000000000001,0,0.25,25,0.09375,-5.6,-2
00-0031001,Jeff Janis,WR,2015,GB,1.98,0,0.5625,15,Jeff Janis,WR,GB,3.61,0,0.9375,3,0.375,1.63,0
00-0031023,Quincy Enunwa,WR,2015,NYJ,4.863636363636363,0,0.71875,10,Quincy Enunwa,WR,NYJ,10.55625,1,0.15625,28,-0.5625,5.692613636363637,1
00-0031035,Xavier Grimble,TE,2016,PIT,4.35,0,0.8125,7,Xavier Grimble,TE,PIT,2.3666666666666667,0,0.875,5,0.0625,-1.983333333333333,0
00-0031035,Xavier Grimble,TE,2017,PIT,2.3666666666666667,0,0.875,5,Xavier Grimble,TE,PIT,1.8,0,0.875,5,0.0,-0.5666666666666667,0
00-0031045,Carlos Hyde,RB,2014,SF,5.292857142857143,0,0.40625,20,Carlos Hyde,RB,SF,11.614285714285714,2,0.09375,30,-0.3125,6.321428571428571,2
00-0031045,Carlos Hyde,RB,2015,SF,11.614285714285714,2,0.09375,30,Carlos Hyde,RB,SF,14.792307692307691,3,0.0625,31,-0.03125,3.1780219780219774,1
00-0031045,Carlos Hyde,RB,2016,SF,14.792307692307691,3,0.0625,31,Carlos Hyde,RB,SF,14.6125,3,0.53125,16,0.46875,-0.17980769230769056,0
00-0031051,John Brown,WR,2014,ARI,9.1875,1,0.4375,19,John Brown,WR,ARI,13.833333333333334,2,1.0,1,0.5625,4.645833333333334,1
00-0031051,John Brown,WR,2015,ARI,13.833333333333334,2,1.0,1,John Brown,WR,ARI,7.4071428571428575,0,0.4375,19,-0.5625,-6.4261904761904765,-2
00-0031051,John Brown,WR,2016,ARI,7.4071428571428575,0,0.4375,19,John Brown,WR,ARI,6.99,0,0.0625,31,-0.375,-0.41714285714285726,0
00-0031051,John Brown,WR,2019,BUF,14.654666666666666,2,0.40625,20,John Brown,WR,BUF,10.755555555555556,1,0.90625,4,0.5,-3.899111111111109,-1
00-0031055,Andre Williams,RB,2014,NYG,9.06875,1,0.5,17,Andre Williams,RB,NYG,2.225,0,0.75,9,0.25,-6.84375,-1
00-0031057,Ka'Deem Carey,RB,2014,CHI,2.65,0,0.3125,23,Ka'Deem Carey,RB,CHI,5.257142857142857,0,0.46875,18,0.15625,2.607142857142857,0
00-0031057,Ka'Deem Carey,RB,2015,CHI,5.257142857142857,0,0.46875,18,Ka'Deem Carey,RB,CHI,2.1,0,0.375,21,-0.09375,-3.157142857142857,0
00-0031060,De'Anthony Thomas,WR,2014,KC,5.158333333333333,0,0.71875,10,De'Anthony Thomas,WR,KC,4.64,0,0.78125,8,0.0625,-0.5183333333333335,0
00-0031060,De'Anthony Thomas,WR,2015,KC,4.64,0,0.78125,8,De'Anthony Thomas,WR,KC,1.9142857142857144,0,0.5625,15,-0.21875,-2.725714285714285,0
00-0031060,De'Anthony Thomas,WR,2016,KC,1.9142857142857144,0,0.5625,15,De'Anthony Thomas,WR,KC,4.522222222222222,0,0.90625,4,0.34375,2.6079365079365076,0
00-0031062,James White,RB,2015,NE,10.216666666666669,1,0.9375,3,James White,RB,NE,10.10625,1,0.96875,2,0.03125,-0.11041666666666927,0
00-0031062,James White,RB,2016,NE,10.10625,1,0.96875,2,James White,RB,NE,9.571428571428571,1,1.0,1,0.03125,-0.5348214285714281,0
00-0031062,James White,RB,2017,NE,9.571428571428571,1,1.0,1,James White,RB,NE,17.2875,4,0.8125,7,-0.1875,7.71607142857143,3
00-0031062,James White,RB,2018,NE,17.2875,4,0.8125,7,James White,RB,NE,13.493333333333334,3,0.5625,15,-0.25,-3.7941666666666674,-1
00-0031062,James White,RB,2019,NE,13.493333333333334,3,0.5625,15,James White,RB,NE,8.328571428571427,0,0.34375,22,-0.21875,-5.164761904761907,-3
00-0031068,Ryan Grant,WR,2014,WAS,2.76,0,0.28125,24,Ryan Grant,WR,WAS,5.15,0,0.65625,12,0.375,2.3900000000000006,0
00-0031068,Ryan Grant,WR,2015,WAS,5.15,0,0.65625,12,Ryan Grant,WR,WAS,1.5090909090909093,0,0.875,5,0.21875,-3.640909090909091,0
00-0031068,Ryan Grant,WR,2016,WAS,1.5090909090909093,0,0.875,5,Ryan Grant,WR,WAS,7.89375,0,0.4375,19,-0.4375,6.384659090909091,0
00-0031075,Alfred Blue,RB,2014,HOU,6.06875,0,0.34375,22,Alfred Blue,RB,HOU,7.978571428571429,0,0.3125,23,-0.03125,1.909821428571429,0
00-0031075,Alfred Blue,RB,2015,HOU,7.978571428571429,0,0.3125,23,Alfred Blue,RB,HOU,4.428571428571429,0,0.09375,30,-0.21875,-3.55,0
00-0031075,Alfred Blue,RB,2016,HOU,4.428571428571429,0,0.09375,30,Alfred Blue,RB,HOU,5.575,0,0.40625,20,0.3125,1.1464285714285714,0
00-0031075,Alfred Blue,RB,2017,HOU,5.575,0,0.40625,20,Alfred Blue,RB,HOU,6.08125,0,0.53125,16,0.125,0.5062499999999996,0
00-0031118,Corey Brown,WR,2014,CAR,7.645454545454545,0,0.5625,15,Corey Brown,WR,CAR,7.392857142857143,0,0.8125,7,0.25,-0.2525974025974014,0
00-0031118,Corey Brown,WR,2015,CAR,7.392857142857143,0,0.8125,7,Corey Brown,WR,CAR,3.79375,0,0.3125,23,-0.5,-3.599107142857143,0
00-0031166,Seth Roberts,WR,2015,LV,6.925,0,0.375,21,Seth Roberts,WR,LV,6.98125,0,0.6875,11,0.3125,0.056250000000000355,0
00-0031166,Seth Roberts,WR,2016,LV,6.98125,0,0.6875,11,Seth Roberts,WR,LV,6.033333333333333,0,0.5,17,-0.1875,-0.947916666666667,0
00-0031166,Seth Roberts,WR,2017,LV,6.033333333333333,0,0.5,17,Seth Roberts,WR,LV,7.126666666666667,0,0.25,25,-0.25,1.0933333333333337,0
00-0031189,T.J. Jones,WR,2017,DET,7.081818181818182,0,0.46875,18,T.J. Jones,WR,DET,4.166666666666667,0,0.3125,23,-0.15625,-2.915151515151515,0
00-0031228,Taylor Gabriel,WR,2014,CLE,6.56875,0,0.25,25,Taylor Gabriel,WR,CLE,4.341666666666667,0,0.1875,27,-0.0625,-2.227083333333333,0
00-0031228,Taylor Gabriel,WR,2016,ATL,11.666666666666666,2,1.0,1,Taylor Gabriel,WR,ATL,5.10625,0,0.78125,8,-0.21875,-6.560416666666666,-2
00-0031228,Taylor Gabriel,WR,2018,CHI,9.49375,1,0.625,13,Taylor Gabriel,WR,CHI,10.033333333333331,1,0.1875,27,-0.4375,0.5395833333333311,0
00-0031235,Odell Beckham Jr.,WR,2014,NYG,24.75,5,0.5,17,Odell Beckham Jr.,WR,NYG,21.313333333333333,5,0.75,9,0.25,-3.4366666666666674,0
00-0031235,Odell Beckham Jr.,WR,2015,NYG,21.313333333333333,5,0.75,9,Odell Beckham Jr.,WR,NYG,18.5375,4,0.125,29,-0.625,-2.775833333333331,-1
00-0031235,Odell Beckham Jr.,WR,2016,NYG,18.5375,4,0.125,29,Odell Beckham Jr.,WR,NYG,18.5,4,0.1875,27,0.0625,-0.03750000000000142,0
00-0031235,Odell Beckham Jr.,WR,2017,NYG,18.5,4,0.1875,27,Odell Beckham Jr.,WR,NYG,19.861666666666668,4,0.5,17,0.3125,1.3616666666666681,0
00-0031235,Odell Beckham Jr.,WR,2019,CLE,12.70625,2,0.375,21,Odell Beckham Jr.,WR,CLE,12.402857142857142,2,0.75,9,0.375,-0.3033928571428586,0
00-0031236,Brandin Cooks,WR,2014,NO,13.93,2,0.78125,8,Brandin Cooks,WR,NO,15.85,3,0.875,5,0.09375,1.92,1
00-0031236,Brandin Cooks,WR,2015,NO,15.85,3,0.875,5,Brandin Cooks,WR,NO,16.42,3,0.84375,6,-0.03125,0.5700000000000021,0
00-0031236,Brandin Cooks,WR,2018,LA,16.21333333333333,3,0.9375,3,Brandin Cooks,WR,LA,8.392857142857142,0,0.4375,19,-0.5,-7.820476190476189,-3
00-0031236,Brandin Cooks,WR,2020,HOU,15.42,3,0.6875,11,Brandin Cooks,WR,HOU,14.475,2,0.0625,31,-0.625,-0.9450000000000003,-1
00-0031236,Brandin Cooks,WR,2021,HOU,14.475,2,0.0625,31,Brandin Cooks,WR,HOU,11.2,2,0.03125,32,-0.03125,-3.2750000000000004,0
00-0031236,Brandin Cooks,WR,2023,DAL,10.825,1,0.96875,2,Brandin Cooks,WR,DAL,6.959999999999999,0,0.15625,28,-0.8125,-3.865,-1
00-0031237,Teddy Bridgewater,QB,2014,MIN,13.82,1,0.375,21,Teddy Bridgewater,QB,MIN,12.54,1,0.625,13,0.25,-1.2800000000000011,0
00-0031237,Teddy Bridgewater,QB,2018,NO,1.805,0,0.96875,2,Teddy Bridgewater,QB,NO,10.05111111111111,0,0.90625,4,-0.0625,8.24611111111111,0
00-0031257,Paul Richardson,WR,2016,SEA,5.118181818181818,0,0.59375,14,Paul Richardson,WR,SEA,9.39375,1,0.5625,15,-0.03125,4.2755681818181825,1
00-0031257,Paul Richardson,WR,2018,WAS,8.442857142857143,0,0.21875,26,Paul Richardson,WR,WAS,6.45,0,0.09375,30,-0.125,-1.9928571428571429,0
00-0031260,Logan Thomas,TE,2017,BUF,3.94,0,0.3125,23,Logan Thomas,TE,BUF,2.5375,0,0.0625,31,-0.25,-1.4024999999999999,0
00-0031260,Logan Thomas,TE,2020,WAS,11.03875,3,0.15625,28,Logan Thomas,TE,WAS,10.72,3,0.375,21,0.21875,-0.31874999999999964,0
00-0031260,Logan Thomas,TE,2021,WAS,10.72,3,0.375,21,Logan Thomas,TE,WAS,5.946153846153846,1,0.21875,26,-0.15625,-4.773846153846154,-2
00-0031260,Logan Thomas,TE,2022,WAS,5.946153846153846,1,0.21875,26,Logan Thomas,TE,WAS,7.925,1,0.25,25,0.03125,1.9788461538461535,0
00-0031266,Zach Mettenberger,QB,2014,TEN,10.125714285714285,0,0.09375,30,Zach Mettenberger,QB,TEN,6.028571428571429,0,0.0625,31,-0.03125,-4.097142857142855,0
00-0031273,Cameron Brate,TE,2015,TB,5.816666666666666,0,0.59375,14,Cameron Brate,TE,TB,11.4,3,0.46875,18,-0.125,5.583333333333334,3
00-0031273,Cameron Brate,TE,2016,TB,11.4,3,0.46875,18,Cameron Brate,TE,TB,8.94375,2,0.65625,12,0.1875,-2.4562500000000007,-1
00-0031273,Cameron Brate,TE,2017,TB,8.94375,2,0.65625,12,Cameron Brate,TE,TB,6.193333333333333,1,0.65625,12,0.0,-2.7504166666666663,-1
00-0031273,Cameron Brate,TE,2018,TB,6.193333333333333,1,0.65625,12,Cameron Brate,TE,TB,6.507142857142857,1,0.46875,18,-0.1875,0.31380952380952376,0
00-0031273,Cameron Brate,TE,2019,TB,6.507142857142857,1,0.46875,18,Cameron Brate,TE,TB,5.246153846153846,0,0.875,5,0.40625,-1.260989010989011,-1
00-0031273,Cameron Brate,TE,2020,TB,5.246153846153846,0,0.875,5,Cameron Brate,TE,TB,4.90625,0,1.0,1,0.125,-0.33990384615384617,0
00-0031273,Cameron Brate,TE,2021,TB,4.90625,0,1.0,1,Cameron Brate,TE,TB,4.155555555555555,0,0.40625,20,-0.59375,-0.750694444444445,0
00-0031277,Branden Oliver,RB,2014,LAC,10.37857142857143,1,0.65625,12,Branden Oliver,RB,LAC,5.833333333333333,0,0.5,17,-0.15625,-4.545238095238097,-1
00-0031280,Derek Carr,QB,2014,LV,12.0,1,0.03125,32,Derek Carr,QB,LV,16.955,2,0.375,21,0.34375,4.954999999999998,1
00-0031280,Derek Carr,QB,2015,LV,16.955,2,0.375,21,Derek Carr,QB,LV,17.898666666666667,3,0.6875,11,0.3125,0.9436666666666689,1
00-0031280,Derek Carr,QB,2016,LV,17.898666666666667,3,0.6875,11,Derek Carr,QB,LV,13.629333333333332,1,0.5,17,-0.1875,-4.269333333333336,-2
00-0031280,Derek Carr,QB,2017,LV,13.629333333333332,1,0.5,17,Derek Carr,QB,LV,13.5475,1,0.25,25,-0.25,-0.08183333333333209,0
00-0031280,Derek Carr,QB,2018,LV,13.5475,1,0.25,25,Derek Carr,QB,LV,15.2725,2,0.6875,11,0.4375,1.7250000000000014,1
00-0031280,Derek Carr,QB,2019,LV,15.2725,2,0.6875,11,Derek Carr,QB,LV,17.0075,2,0.625,13,-0.0625,1.7349999999999994,0
00-0031280,Derek Carr,QB,2020,LV,17.0075,2,0.625,13,Derek Carr,QB,LV,15.115294117647055,2,0.40625,20,-0.21875,-1.892205882352945,0
00-0031280,Derek Carr,QB,2021,LV,15.115294117647055,2,0.40625,20,Derek Carr,QB,LV,14.605333333333334,1,0.46875,18,0.0625,-0.509960784313721,-1
00-0031280,Derek Carr,QB,2023,NO,14.183529411764706,1,0.59375,14,Derek Carr,QB,NO,15.09,2,0.25,25,-0.34375,0.9064705882352939,1
00-0031285,Devonta Freeman,RB,2014,ATL,5.45625,0,0.625,13,Devonta Freeman,RB,ATL,21.09333333333333,5,0.53125,16,-0.09375,15.63708333333333,5
00-0031285,Devonta Freeman,RB,2015,ATL,21.09333333333333,5,0.53125,16,Devonta Freeman,RB,ATL,17.75625,4,1.0,1,0.46875,-3.3370833333333287,-1
00-0031285,Devonta Freeman,RB,2016,ATL,17.75625,4,1.0,1,Devonta Freeman,RB,ATL,14.3,3,0.78125,8,-0.21875,-3.4562500000000007,-1
00-0031299,Jordan Matthews,TE,2014,PHI,12.6375,4,0.59375,14,Jordan Matthews,TE,PHI,14.44375,4,0.34375,22,-0.25,1.8062500000000004,0
00-0031299,Jordan Matthews,TE,2015,PHI,14.44375,4,0.34375,22,Jordan Matthews,TE,PHI,12.242857142857144,4,0.40625,20,0.0625,-2.200892857142856,0
00-0031301,Jeremy Hill,RB,2014,CIN,13.18125,2,0.46875,18,Jeremy Hill,RB,CIN,10.65625,1,0.84375,6,0.375,-2.5250000000000004,-1
00-0031301,Jeremy Hill,RB,2015,CIN,10.65625,1,0.84375,6,Jeremy Hill,RB,CIN,11.753333333333334,2,0.71875,10,-0.125,1.0970833333333339,1
00-0031301,Jeremy Hill,RB,2016,CIN,11.753333333333334,2,0.71875,10,Jeremy Hill,RB,CIN,2.457142857142857,0,0.25,25,-0.46875,-9.296190476190477,-2
00-0031302,C.J. Fiedorowicz,TE,2014,HOU,2.56,0,0.34375,22,C.J. Fiedorowicz,TE,HOU,2.9000000000000004,0,0.3125,23,-0.03125,0.3400000000000003,0
00-0031302,C.J. Fiedorowicz,TE,2015,HOU,2.9000000000000004,0,0.3125,23,C.J. Fiedorowicz,TE,HOU,8.926666666666668,2,0.09375,30,-0.21875,6.026666666666667,2
00-0031302,C.J. Fiedorowicz,TE,2016,HOU,8.926666666666668,2,0.09375,30,C.J. Fiedorowicz,TE,HOU,5.34,0,0.40625,20,0.3125,-3.586666666666668,-2
00-0031310,Devin Street,WR,2014,DAL,0.95,0,0.9375,3,Devin Street,WR,DAL,2.24,0,0.21875,26,-0.71875,1.2900000000000003,0
00-0031319,Diontae Spencer,WR,2019,DEN,1.1,0,0.3125,23,Diontae Spencer,WR,DEN,3.375,0,0.0625,31,-0.25,2.275,0
00-0031319,Diontae Spencer,WR,2020,DEN,3.375,0,0.0625,31,Diontae Spencer,WR,DEN,0.175,0,0.53125,16,0.46875,-3.2,0
00-0031325,Sammy Watkins,WR,2014,BUF,12.375,2,0.21875,26,Sammy Watkins,WR,BUF,16.83076923076923,3,0.6875,11,0.46875,4.455769230769231,1
00-0031325,Sammy Watkins,WR,2015,BUF,16.83076923076923,3,0.6875,11,Sammy Watkins,WR,BUF,10.375,1,0.78125,8,0.09375,-6.455769230769231,-2
00-0031325,Sammy Watkins,WR,2018,KC,11.51,2,1.0,1,Sammy Watkins,WR,KC,10.653846153846152,1,0.96875,2,-0.03125,-0.8561538461538483,-1
00-0031325,Sammy Watkins,WR,2019,KC,10.653846153846152,1,0.96875,2,Sammy Watkins,WR,KC,8.74,0,0.9375,3,-0.03125,-1.9138461538461513,-1
00-0031326,Bruce Ellington,WR,2014,SF,4.714285714285714,0,0.40625,20,Bruce Ellington,WR,SF,2.9,0,0.09375,30,-0.3125,-1.8142857142857145,0
00-0031339,Donte Moncrief,WR,2014,IND,6.864285714285714,0,0.75,9,Donte Moncrief,WR,IND,10.83125,1,0.125,29,-0.625,3.966964285714287,1
00-0031339,Donte Moncrief,WR,2015,IND,10.83125,1,0.125,29,Donte Moncrief,WR,IND,11.4,2,0.65625,12,0.53125,0.5687499999999996,1
00-0031339,Donte Moncrief,WR,2016,IND,11.4,2,0.65625,12,Donte Moncrief,WR,IND,6.425,0,0.21875,26,-0.4375,-4.9750000000000005,-2
00-0031344,Cody Latimer,WR,2015,DEN,3.0,0,0.25,25,Cody Latimer,WR,DEN,2.2285714285714286,0,0.1875,27,-0.0625,-0.7714285714285714,0
00-0031344,Cody Latimer,WR,2016,DEN,2.2285714285714286,0,0.1875,27,Cody Latimer,WR,DEN,6.17,0,0.125,29,-0.0625,3.9414285714285713,0
00-0031344,Cody Latimer,WR,2018,NYG,7.2,0,0.5,17,Cody Latimer,WR,NYG,5.076923076923077,0,0.25,25,-0.25,-2.1230769230769235,0
00-0031345,Jimmy Garoppolo,QB,2014,NE,2.436,0,0.875,5,Jimmy Garoppolo,QB,NE,-0.065,0,0.9375,3,0.0625,-2.501,0
00-0031345,Jimmy Garoppolo,QB,2015,NE,-0.065,0,0.9375,3,Jimmy Garoppolo,QB,NE,5.996666666666666,0,0.96875,2,0.03125,6.0616666666666665,0
00-0031345,Jimmy Garoppolo,QB,2019,SF,15.4575,2,0.875,5,Jimmy Garoppolo,QB,SF,10.723333333333334,1,0.375,21,-0.5,-4.734166666666665,-1
00-0031345,Jimmy Garoppolo,QB,2020,SF,10.723333333333334,1,0.375,21,Jimmy Garoppolo,QB,SF,15.166666666666666,2,0.84375,6,0.46875,4.443333333333332,1
00-0031345,Jimmy Garoppolo,QB,2021,SF,15.166666666666666,2,0.84375,6,Jimmy Garoppolo,QB,SF,14.98,1,0.90625,4,0.0625,-0.18666666666666565,-1
00-0031359,Kelvin Benjamin,WR,2016,CAR,12.35,2,0.3125,23,Kelvin Benjamin,WR,CAR,9.435714285714283,1,0.625,13,0.3125,-2.9142857142857164,-1
00-0031373,Martavis Bryant,WR,2014,PIT,13.01,2,0.96875,2,Martavis Bryant,WR,PIT,15.47272727272727,3,0.90625,4,-0.0625,2.462727272727271,1
00-0031375,Terrance West,RB,2015,BAL,3.15,0,0.15625,28,Terrance West,RB,BAL,10.6875,1,0.25,25,0.09375,7.5375,1
00-0031375,Terrance West,RB,2016,BAL,10.6875,1,0.25,25,Terrance West,RB,BAL,5.62,0,0.375,21,0.125,-5.0675,-1
00-0031376,Jerick McKinnon,RB,2014,MIN,8.572727272727272,0,0.375,21,Jerick McKinnon,RB,MIN,5.2125,0,0.625,13,0.25,-3.360227272727272,0
00-0031376,Jerick McKinnon,RB,2015,MIN,5.2125,0,0.625,13,Jerick McKinnon,RB,MIN,9.906666666666666,1,0.34375,22,-0.28125,4.694166666666666,1
00-0031376,Jerick McKinnon,RB,2016,MIN,9.906666666666666,1,0.34375,22,Jerick McKinnon,RB,MIN,11.14375,2,0.75,9,0.40625,1.2370833333333344,1
00-0031376,Jerick McKinnon,RB,2021,KC,5.0,0,0.96875,2,Jerick McKinnon,RB,KC,11.547058823529412,2,1.0,1,0.03125,6.547058823529412,2
00-0031376,Jerick McKinnon,RB,2022,KC,11.547058823529412,2,1.0,1,Jerick McKinnon,RB,KC,7.03,0,0.6875,11,-0.3125,-4.517058823529411,-2
00-0031381,Davante Adams,WR,2014,GB,7.185714285714285,0,1.0,1,Davante Adams,WR,GB,8.26923076923077,0,0.5625,15,-0.4375,1.083516483516485,0
00-0031381,Davante Adams,WR,2015,GB,8.26923076923077,0,0.5625,15,Davante Adams,WR,GB,15.41875,3,0.9375,3,0.375,7.149519230769229,3
00-0031381,Davante Adams,WR,2016,GB,15.41875,3,0.9375,3,Davante Adams,WR,GB,15.892857142857142,3,0.59375,14,-0.34375,0.47410714285714306,0
00-0031381,Davante Adams,WR,2017,GB,15.892857142857142,3,0.59375,14,Davante Adams,WR,GB,21.973333333333336,5,0.6875,11,0.09375,6.080476190476194,2
00-0031381,Davante Adams,WR,2018,GB,21.973333333333336,5,0.6875,11,Davante Adams,WR,GB,17.724999999999998,4,0.8125,7,0.125,-4.248333333333338,-1
00-0031381,Davante Adams,WR,2019,GB,17.724999999999998,4,0.8125,7,Davante Adams,WR,GB,25.6,5,1.0,1,0.1875,7.8750000000000036,1
00-0031381,Davante Adams,WR,2020,GB,25.6,5,1.0,1,Davante Adams,WR,GB,21.51875,5,0.9375,3,-0.0625,-4.081250000000001,0
00-0031381,Davante Adams,WR,2022,LV,19.73529411764705,4,0.46875,18,Davante Adams,WR,LV,15.641176470588237,3,0.21875,26,-0.25,-4.094117647058814,-1
00-0031382,Jarvis Landry,WR,2014,MIA,11.85,2,0.6875,11,Jarvis Landry,WR,MIA,17.21,3,0.40625,20,-0.28125,5.360000000000001,1
00-0031382,Jarvis Landry,WR,2015,MIA,17.21,3,0.40625,20,Jarvis Landry,WR,MIA,14.58125,2,0.5,17,0.09375,-2.62875,-1
00-0031382,Jarvis Landry,WR,2016,MIA,14.58125,2,0.5,17,Jarvis Landry,WR,MIA,16.625,3,0.09375,30,-0.40625,2.0437499999999993,1
00-0031382,Jarvis Landry,WR,2018,CLE,13.57,2,0.40625,20,Jarvis Landry,WR,CLE,14.8375,3,0.375,21,-0.03125,1.2675,1
00-0031382,Jarvis Landry,WR,2019,CLE,14.8375,3,0.375,21,Jarvis Landry,WR,CLE,12.544,2,0.75,9,0.375,-2.2935,-1
00-0031382,Jarvis Landry,WR,2020,CLE,12.544,2,0.75,9,Jarvis Landry,WR,CLE,11.191666666666668,2,0.5,17,-0.25,-1.3523333333333323,0
00-0031384,Richard Rodgers,TE,2014,GB,4.1923076923076925,0,1.0,1,Richard Rodgers,TE,GB,10.10625,2,0.5625,15,-0.4375,5.913942307692307,2
00-0031384,Richard Rodgers,TE,2015,GB,10.10625,2,0.5625,15,Richard Rodgers,TE,GB,4.6066666666666665,0,0.9375,3,0.375,-5.499583333333333,-2
00-0031384,Richard Rodgers,TE,2016,GB,4.6066666666666665,0,0.9375,3,Richard Rodgers,TE,GB,3.7777777777777777,0,0.59375,14,-0.34375,-0.8288888888888888,0
00-0031387,Eric Ebron,TE,2014,DET,4.65,0,0.53125,16,Eric Ebron,TE,DET,9.335714285714284,2,0.4375,19,-0.09375,4.685714285714283,2
00-0031387,Eric Ebron,TE,2015,DET,9.335714285714284,2,0.4375,19,Eric Ebron,TE,DET,11.092307692307692,3,0.75,9,0.3125,1.7565934065934083,1
00-0031387,Eric Ebron,TE,2016,DET,11.092307692307692,3,0.75,9,Eric Ebron,TE,DET,8.275,2,0.46875,18,-0.28125,-2.8173076923076916,-1
00-0031387,Eric Ebron,TE,2018,IND,13.8875,4,0.71875,10,Eric Ebron,TE,IND,7.863636363636363,1,0.53125,16,-0.1875,-6.023863636363636,-3
00-0031387,Eric Ebron,TE,2020,PIT,9.453333333333337,2,0.5,17,Eric Ebron,TE,PIT,4.0625,0,0.3125,23,-0.1875,-5.390833333333337,-2
00-0031390,Charles Sims,RB,2014,TB,7.5625,0,0.15625,28,Charles Sims,RB,TB,11.21875,2,0.59375,14,0.4375,3.65625,2
00-0031390,Charles Sims,RB,2015,TB,11.21875,2,0.59375,14,Charles Sims,RB,TB,9.7,1,0.46875,18,-0.125,-1.5187500000000007,-1
00-0031390,Charles Sims,RB,2016,TB,9.7,1,0.46875,18,Charles Sims,RB,TB,4.913333333333333,0,0.65625,12,0.1875,-4.786666666666666,-1
00-0031391,Tre Mason,RB,2014,LA,11.275,2,0.125,29,Tre Mason,RB,LA,3.9615384615384617,0,0.03125,32,-0.09375,-7.313461538461539,-2
00-0031407,Blake Bortles,QB,2014,JAX,12.015714285714283,1,0.0625,31,Blake Bortles,QB,JAX,19.7575,3,0.28125,24,0.21875,7.741785714285717,2
00-0031407,Blake Bortles,QB,2015,JAX,19.7575,3,0.28125,24,Blake Bortles,QB,JAX,16.95625,2,0.21875,26,-0.0625,-2.8012499999999996,-1
00-0031407,Blake Bortles,QB,2016,JAX,16.95625,2,0.21875,26,Blake Bortles,QB,JAX,15.605,2,0.71875,10,0.5,-1.3512500000000003,0
00-0031407,Blake Bortles,QB,2017,JAX,15.605,2,0.71875,10,Blake Bortles,QB,JAX,13.324615384615385,1,0.09375,30,-0.625,-2.280384615384616,-1
00-0031408,Mike Evans,WR,2014,TB,16.34,3,0.15625,28,Mike Evans,WR,TB,14.206666666666669,2,0.59375,14,0.4375,-2.133333333333331,-1
00-0031408,Mike Evans,WR,2015,TB,14.206666666666669,2,0.59375,14,Mike Evans,WR,TB,19.00625,4,0.46875,18,-0.125,4.799583333333333,2
00-0031408,Mike Evans,WR,2016,TB,19.00625,4,0.46875,18,Mike Evans,WR,TB,13.56,2,0.65625,12,0.1875,-5.446250000000001,-2
00-0031408,Mike Evans,WR,2017,TB,13.56,2,0.65625,12,Mike Evans,WR,TB,17.775,4,0.65625,12,0.0,4.214999999999998,2
00-0031408,Mike Evans,WR,2018,TB,17.775,4,0.65625,12,Mike Evans,WR,TB,17.9,4,0.46875,18,-0.1875,0.125,0
00-0031408,Mike Evans,WR,2019,TB,17.9,4,0.46875,18,Mike Evans,WR,TB,15.5375,3,0.875,5,0.40625,-2.362499999999999,-1
00-0031408,Mike Evans,WR,2020,TB,15.5375,3,0.875,5,Mike Evans,WR,TB,16.40625,3,1.0,1,0.125,0.8687500000000004,0
00-0031408,Mike Evans,WR,2021,TB,16.40625,3,1.0,1,Mike Evans,WR,TB,15.093333333333334,3,0.40625,20,-0.59375,-1.3129166666666663,0
00-0031408,Mike Evans,WR,2022,TB,15.093333333333334,3,0.40625,20,Mike Evans,WR,TB,16.61764705882353,3,0.65625,12,0.25,1.5243137254901953,0
00-0031408,Mike Evans,WR,2023,TB,16.61764705882353,3,0.65625,12,Mike Evans,WR,TB,17.17142857142857,3,0.875,5,0.21875,0.5537815126050418,0
00-0031408,Mike Evans,WR,2024,TB,17.17142857142857,3,0.875,5,Mike Evans,WR,TB,10.6,1,0.40625,20,-0.46875,-6.571428571428571,-2
00-0031409,Johnny Manziel,QB,2014,CLE,2.975,0,0.25,25,Johnny Manziel,QB,CLE,10.555555555555555,1,0.1875,27,-0.0625,7.580555555555556,1
00-0031413,Bishop Sankey,RB,2014,TEN,6.0125,0,0.09375,30,Bishop Sankey,RB,TEN,5.381818181818182,0,0.0625,31,-0.03125,-0.6306818181818183,0
00-0031418,Austin Seferian-Jenkins,TE,2014,TB,5.9,1,0.15625,28,Austin Seferian-Jenkins,TE,TB,11.257142857142856,3,0.59375,14,0.4375,5.357142857142856,2
00-0031418,Austin Seferian-Jenkins,TE,2016,NYJ,3.822222222222222,0,0.15625,28,Austin Seferian-Jenkins,TE,NYJ,7.761538461538462,1,0.28125,24,0.125,3.9393162393162404,1
00-0031428,Allen Robinson,WR,2014,JAX,11.68,2,0.0625,31,Allen Robinson,WR,JAX,19.0,4,0.28125,24,0.21875,7.32,2
00-0031428,Allen Robinson,WR,2015,JAX,19.0,4,0.28125,24,Allen Robinson,WR,JAX,12.45625,2,0.21875,26,-0.0625,-6.543749999999999,-2
00-0031428,Allen Robinson,WR,2018,CHI,11.792307692307691,2,0.625,13,Allen Robinson,WR,CHI,15.93125,3,0.1875,27,-0.4375,4.138942307692309,1
00-0031428,Allen Robinson,WR,2019,CHI,15.93125,3,0.1875,27,Allen Robinson,WR,CHI,16.43125,3,0.28125,24,0.09375,0.4999999999999982,0
00-0031428,Allen Robinson,WR,2020,CHI,16.43125,3,0.28125,24,Allen Robinson,WR,CHI,7.25,0,0.125,29,-0.15625,-9.181249999999999,-3
00-0031431,Marqise Lee,WR,2014,JAX,7.175,0,0.0625,31,Marqise Lee,WR,JAX,4.877777777777777,0,0.28125,24,0.21875,-2.2972222222222225,0
00-0031431,Marqise Lee,WR,2015,JAX,4.877777777777777,0,0.28125,24,Marqise Lee,WR,JAX,11.275,2,0.21875,26,-0.0625,6.397222222222223,2
00-0031431,Marqise Lee,WR,2016,JAX,11.275,2,0.21875,26,Marqise Lee,WR,JAX,11.376923076923076,2,0.71875,10,0.5,0.10192307692307523,0
00-0031484,Chris Manhertz,TE,2021,JAX,2.3875,0,0.15625,28,Chris Manhertz,TE,JAX,1.7,0,0.78125,8,0.625,-0.6875000000000002,0
00-0031503,Jameis Winston,QB,2015,TB,17.18625,2,0.59375,14,Jameis Winston,QB,TB,16.00625,2,0.46875,18,-0.125,-1.1799999999999997,0
00-0031503,Jameis Winston,QB,2016,TB,16.00625,2,0.46875,18,Jameis Winston,QB,TB,15.512307692307692,2,0.65625,12,0.1875,-0.4939423076923095,0
00-0031503,Jameis Winston,QB,2017,TB,15.512307692307692,2,0.65625,12,Jameis Winston,QB,TB,17.798181818181817,3,0.65625,12,0.0,2.285874125874125,1
00-0031503,Jameis Winston,QB,2018,TB,17.798181818181817,3,0.65625,12,Jameis Winston,QB,TB,19.11,3,0.46875,18,-0.1875,1.3118181818181824,0
00-0031544,Amari Cooper,WR,2015,LV,13.36875,2,0.375,21,Amari Cooper,WR,LV,14.51875,2,0.6875,11,0.3125,1.1500000000000004,0
00-0031544,Amari Cooper,WR,2016,LV,14.51875,2,0.6875,11,Amari Cooper,WR,LV,11.242857142857144,2,0.5,17,-0.1875,-3.275892857142857,0
00-0031544,Amari Cooper,WR,2018,DAL,14.366666666666667,2,0.4375,19,Amari Cooper,WR,DAL,15.40625,3,0.9375,3,0.5,1.0395833333333329,1
00-0031544,Amari Cooper,WR,2019,DAL,15.40625,3,0.9375,3,Amari Cooper,WR,DAL,14.8125,3,0.25,25,-0.6875,-0.59375,0
00-0031544,Amari Cooper,WR,2020,DAL,14.8125,3,0.25,25,Amari Cooper,WR,DAL,13.5,2,0.8125,7,0.5625,-1.3125,-1
00-0031544,Amari Cooper,WR,2022,CLE,14.470588235294118,2,0.625,13,Amari Cooper,WR,CLE,15.133333333333333,3,0.15625,28,-0.46875,0.6627450980392151,1
00-0031544,Amari Cooper,WR,2023,CLE,15.133333333333333,3,0.15625,28,Amari Cooper,WR,CLE,9.953846153846154,1,0.03125,32,-0.125,-5.179487179487179,-2
00-0031547,DeVante Parker,WR,2015,MIA,11.675,2,0.40625,20,DeVante Parker,WR,MIA,10.293333333333331,1,0.5,17,0.09375,-1.3816666666666695,-1
00-0031547,DeVante Parker,WR,2016,MIA,10.293333333333331,1,0.5,17,DeVante Parker,WR,MIA,10.0,1,0.09375,30,-0.40625,-0.2933333333333312,0
00-0031547,DeVante Parker,WR,2017,MIA,10.0,1,0.09375,30,DeVante Parker,WR,MIA,5.509090909090909,0,0.15625,28,0.0625,-4.490909090909091,-1
00-0031547,DeVante Parker,WR,2018,MIA,5.509090909090909,0,0.15625,28,DeVante Parker,WR,MIA,15.3875,3,0.21875,26,0.0625,9.878409090909091,3
00-0031547,DeVante Parker,WR,2019,MIA,15.3875,3,0.21875,26,DeVante Parker,WR,MIA,11.87857142857143,2,0.46875,18,0.25,-3.5089285714285694,-1
00-0031547,DeVante Parker,WR,2020,MIA,11.87857142857143,2,0.46875,18,DeVante Parker,WR,MIA,11.5,2,0.34375,22,-0.125,-0.3785714285714299,0
00-0031547,DeVante Parker,WR,2022,NE,8.575000000000001,0,0.28125,24,DeVante Parker,WR,NE,5.56923076923077,0,0.0625,31,-0.21875,-3.005769230769231,0
00-0031549,Nelson Agholor,WR,2015,PHI,4.3769230769230765,0,0.34375,22,Nelson Agholor,WR,PHI,5.86,0,0.40625,20,0.0625,1.4830769230769238,0
00-0031549,Nelson Agholor,WR,2016,PHI,5.86,0,0.40625,20,Nelson Agholor,WR,PHI,11.71875,2,0.8125,7,0.40625,5.85875,2
00-0031549,Nelson Agholor,WR,2017,PHI,11.71875,2,0.8125,7,Nelson Agholor,WR,PHI,10.38125,1,0.59375,14,-0.21875,-1.3375000000000004,-1
00-0031549,Nelson Agholor,WR,2018,PHI,10.38125,1,0.59375,14,Nelson Agholor,WR,PHI,8.545454545454545,0,0.5,17,-0.09375,-1.8357954545454547,-1
00-0031549,Nelson Agholor,WR,2021,NE,7.385714285714286,0,0.71875,10,Nelson Agholor,WR,NE,5.371428571428572,0,0.28125,24,-0.4375,-2.0142857142857142,0
00-0031549,Nelson Agholor,WR,2023,BAL,6.06875,0,0.84375,6,Nelson Agholor,WR,BAL,3.776923076923077,0,1.0,1,0.15625,-2.291826923076923,0
00-0031558,Maxx Williams,TE,2017,BAL,3.1333333333333333,0,0.375,21,Maxx Williams,TE,BAL,4.122222222222223,0,0.5625,15,0.1875,0.9888888888888894,0
00-0031558,Maxx Williams,TE,2019,ARI,3.169230769230769,0,0.65625,12,Maxx Williams,TE,ARI,4.033333333333333,0,0.59375,14,-0.0625,0.8641025641025641,0
00-0031558,Maxx Williams,TE,2020,ARI,4.033333333333333,0,0.59375,14,Maxx Williams,TE,ARI,8.26,2,0.75,9,0.15625,4.226666666666667,2
00-0031560,Jaelen Strong,WR,2015,HOU,4.8100000000000005,0,0.3125,23,Jaelen Strong,WR,HOU,4.516666666666667,0,0.09375,30,-0.21875,-0.2933333333333339,0
00-0031568,Bryce Petty,QB,2016,NYJ,5.41,0,0.15625,28,Bryce Petty,QB,NYJ,6.315,0,0.28125,24,0.125,0.9050000000000002,0
00-0031569,Jeremy Langford,RB,2015,CHI,9.853333333333332,1,0.46875,18,Jeremy Langford,RB,CHI,6.1000000000000005,0,0.375,21,-0.09375,-3.753333333333331,-1
00-0031570,Justin Hardy,WR,2015,ATL,4.488888888888889,0,0.53125,16,Justin Hardy,WR,ATL,5.9363636363636365,0,1.0,1,0.46875,1.4474747474747476,0
00-0031570,Justin Hardy,WR,2016,ATL,5.9363636363636365,0,1.0,1,Justin Hardy,WR,ATL,6.01,0,0.78125,8,-0.21875,0.07363636363636328,0
00-0031570,Justin Hardy,WR,2017,ATL,6.01,0,0.78125,8,Justin Hardy,WR,ATL,4.9125,0,0.78125,8,0.0,-1.0975000000000001,0
00-0031570,Justin Hardy,WR,2018,ATL,4.9125,0,0.78125,8,Justin Hardy,WR,ATL,3.5,0,0.59375,14,-0.1875,-1.4124999999999996,0
00-0031577,Javorius Allen,RB,2017,BAL,10.38125,1,0.375,21,Javorius Allen,RB,BAL,8.581818181818182,0,0.5625,15,0.1875,-1.7994318181818176,-1
00-0031585,MyCole Pruitt,TE,2018,TEN,3.6,0,0.28125,24,MyCole Pruitt,TE,TEN,3.5,0,0.84375,6,0.5625,-0.10000000000000009,0
00-0031585,MyCole Pruitt,TE,2019,TEN,3.5,0,0.84375,6,MyCole Pruitt,TE,TEN,4.38,0,0.96875,2,0.125,0.8799999999999999,0
00-0031585,MyCole Pruitt,TE,2020,TEN,4.38,0,0.96875,2,MyCole Pruitt,TE,TEN,4.85,0,0.5625,15,-0.40625,0.46999999999999975,0
00-0031585,MyCole Pruitt,TE,2022,ATL,5.5,0,0.4375,19,MyCole Pruitt,TE,ATL,2.888888888888889,0,0.1875,27,-0.25,-2.611111111111111,0
00-0031588,Stefon Diggs,WR,2015,MIN,11.484615384615385,2,0.625,13,Stefon Diggs,WR,MIN,14.86923076923077,3,0.34375,22,-0.28125,3.384615384615385,1
00-0031588,Stefon Diggs,WR,2016,MIN,14.86923076923077,3,0.34375,22,Stefon Diggs,WR,MIN,14.157142857142857,2,0.75,9,0.40625,-0.7120879120879131,-1
00-0031588,Stefon Diggs,WR,2017,MIN,14.157142857142857,2,0.75,9,Stefon Diggs,WR,MIN,17.753333333333334,4,0.1875,27,-0.5625,3.5961904761904773,2
00-0031588,Stefon Diggs,WR,2018,MIN,17.753333333333334,4,0.1875,27,Stefon Diggs,WR,MIN,14.246666666666666,2,0.75,9,0.5625,-3.5066666666666677,-2
00-0031588,Stefon Diggs,WR,2020,BUF,20.5375,4,0.90625,4,Stefon Diggs,WR,BUF,16.794117647058822,3,0.90625,4,0.0,-3.743382352941179,-1
00-0031588,Stefon Diggs,WR,2021,BUF,16.794117647058822,3,0.90625,4,Stefon Diggs,WR,BUF,19.7875,4,0.96875,2,0.0625,2.993382352941179,1
00-0031588,Stefon Diggs,WR,2022,BUF,19.7875,4,0.96875,2,Stefon Diggs,WR,BUF,16.105882352941176,3,0.9375,3,-0.03125,-3.6816176470588253,-1
00-0031589,Brett Hundley,QB,2016,GB,-0.38,0,0.9375,3,Brett Hundley,QB,GB,11.312727272727273,1,0.59375,14,-0.34375,11.692727272727273,1
00-0031590,Jay Ajayi,RB,2015,MIA,4.766666666666667,0,0.40625,20,Jay Ajayi,RB,MIA,14.353333333333332,3,0.5,17,0.09375,9.586666666666666,3
00-0031590,Jay Ajayi,RB,2016,MIA,14.353333333333332,3,0.5,17,Jay Ajayi,RB,MIA,9.65,1,0.09375,30,-0.40625,-4.703333333333331,-2
00-0031598,Nick Boyle,TE,2017,BAL,3.353333333333333,0,0.375,21,Nick Boyle,TE,BAL,3.6916666666666655,0,0.5625,15,0.1875,0.3383333333333325,0
00-0031598,Nick Boyle,TE,2018,BAL,3.6916666666666655,0,0.5625,15,Nick Boyle,TE,BAL,5.006666666666666,0,1.0,1,0.4375,1.3150000000000004,0
00-0031598,Nick Boyle,TE,2019,BAL,5.006666666666666,0,1.0,1,Nick Boyle,TE,BAL,4.144444444444444,0,0.84375,6,-0.15625,-0.862222222222222,0
00-0031599,Cameron Artis-Payne,RB,2017,CAR,3.34,0,0.625,13,Cameron Artis-Payne,RB,CAR,4.35,0,0.75,9,0.125,1.0099999999999998,0
00-0031600,Keith Mumphery,WR,2015,HOU,3.3625,0,0.3125,23,Keith Mumphery,WR,HOU,3.38,0,0.09375,30,-0.21875,0.01750000000000007,0
00-0031609,A.J. Derby,TE,2016,DEN,5.0,0,0.1875,27,A.J. Derby,TE,DEN,5.036363636363636,0,0.125,29,-0.0625,0.036363636363636154,0
00-0031610,Darren Waller,TE,2019,LV,13.8125,4,0.6875,11,Darren Waller,TE,LV,17.4125,5,0.625,13,-0.0625,3.6000000000000014,1
00-0031610,Darren Waller,TE,2020,LV,17.4125,5,0.625,13,Darren Waller,TE,LV,12.136363636363637,4,0.40625,20,-0.21875,-5.276136363636365,-1
00-0031610,Darren Waller,TE,2021,LV,12.136363636363637,4,0.40625,20,Darren Waller,TE,LV,10.6,3,0.46875,18,0.0625,-1.536363636363637,-1
00-0031665,Zach Zenner,RB,2015,DET,2.275,0,0.4375,19,Zach Zenner,RB,DET,8.454545454545455,0,0.75,9,0.3125,6.179545454545455,0
00-0031665,Zach Zenner,RB,2016,DET,8.454545454545455,0,0.75,9,Zach Zenner,RB,DET,1.2285714285714284,0,0.46875,18,-0.28125,-7.225974025974026,0
00-0031665,Zach Zenner,RB,2017,DET,1.2285714285714284,0,0.46875,18,Zach Zenner,RB,DET,8.157142857142857,0,0.3125,23,-0.15625,6.928571428571428,0
00-0031682,Terron Ward,RB,2015,ATL,3.18,0,0.53125,16,Terron Ward,RB,ATL,3.44,0,1.0,1,0.46875,0.2599999999999998,0
00-0031682,Terron Ward,RB,2016,ATL,3.44,0,1.0,1,Terron Ward,RB,ATL,3.825,0,0.78125,8,-0.21875,0.38500000000000023,0
00-0031687,Raheem Mostert,RB,2018,SF,6.433333333333334,0,0.375,21,Raheem Mostert,RB,SF,11.146666666666668,2,0.875,5,0.5,4.713333333333335,2
00-0031687,Raheem Mostert,RB,2019,SF,11.146666666666668,2,0.875,5,Raheem Mostert,RB,SF,12.4625,2,0.375,21,-0.5,1.315833333333332,0
00-0031687,Raheem Mostert,RB,2022,MIA,10.51875,1,0.8125,7,Raheem Mostert,RB,MIA,17.846666666666668,4,0.90625,4,0.09375,7.327916666666667,3
00-0031687,Raheem Mostert,RB,2023,MIA,17.846666666666668,4,0.90625,4,Raheem Mostert,RB,MIA,5.908333333333334,0,0.34375,22,-0.5625,-11.938333333333333,-4
00-0031690,Eric Tomlinson,TE,2017,NYJ,3.2625,0,0.28125,24,Eric Tomlinson,TE,NYJ,1.9,0,0.125,29,-0.15625,-1.3625000000000003,0
00-0031697,Jordan Taylor,WR,2016,DEN,4.263636363636364,0,0.1875,27,Jordan Taylor,WR,DEN,4.533333333333333,0,0.125,29,-0.0625,0.26969696969696955,0
00-0031731,Corey Grant,RB,2015,JAX,0.3,0,0.28125,24,Corey Grant,RB,JAX,7.18,0,0.21875,26,-0.0625,6.88,0
00-0031731,Corey Grant,RB,2016,JAX,7.18,0,0.21875,26,Corey Grant,RB,JAX,5.4875,0,0.71875,10,0.5,-1.6925,0
00-0031731,Corey Grant,RB,2017,JAX,5.4875,0,0.71875,10,Corey Grant,RB,JAX,3.94,0,0.09375,30,-0.625,-1.5474999999999999,0
00-0031743,Akeem Hunt,RB,2015,HOU,2.7857142857142856,0,0.3125,23,Akeem Hunt,RB,HOU,2.8000000000000003,0,0.09375,30,-0.21875,0.014285714285714679,0
00-0031757,Lucky Whitehead,WR,2015,DAL,2.033333333333333,0,0.21875,26,Lucky Whitehead,WR,DAL,1.2727272727272727,0,0.90625,4,0.6875,-0.7606060606060605,0
00-0031763,DeAndre Carter,WR,2018,HOU,5.5375,0,0.53125,16,DeAndre Carter,WR,HOU,5.44,0,0.78125,8,0.25,-0.09749999999999925,0
00-0031782,Eli Rogers,WR,2016,PIT,9.692307692307692,1,0.8125,7,Eli Rogers,WR,PIT,3.536363636363636,0,0.875,5,0.0625,-6.1559440559440555,-1
00-0031787,Jake Kumerow,WR,2018,GB,6.075,0,0.6875,11,Jake Kumerow,WR,GB,3.627272727272727,0,0.8125,7,0.125,-2.447727272727273,0
00-0031787,Jake Kumerow,WR,2021,BUF,1.2,0,0.90625,4,Jake Kumerow,WR,BUF,2.6,0,0.96875,2,0.0625,1.4000000000000001,0
00-0031800,Taylor Heinicke,QB,2021,WAS,13.94125,1,0.375,21,Taylor Heinicke,QB,WAS,12.884444444444444,1,0.21875,26,-0.15625,-1.056805555555556,0
00-0031806,Malcolm Brown,RB,2016,LA,1.1875,0,0.03125,32,Malcolm Brown,RB,LA,4.081818181818182,0,0.84375,6,0.8125,2.894318181818182,0
00-0031806,Malcolm Brown,RB,2017,LA,4.081818181818182,0,0.84375,6,Malcolm Brown,RB,LA,3.94,0,0.9375,3,0.09375,-0.14181818181818207,0
00-0031806,Malcolm Brown,RB,2018,LA,3.94,0,0.9375,3,Malcolm Brown,RB,LA,4.546153846153846,0,0.4375,19,-0.5,0.606153846153846,0
00-0031806,Malcolm Brown,RB,2019,LA,4.546153846153846,0,0.4375,19,Malcolm Brown,RB,LA,6.81875,0,0.3125,23,-0.125,2.2725961538461537,0
00-0031818,Bradley Marquez,WR,2015,LA,2.4222222222222225,0,0.03125,32,Bradley Marquez,WR,LA,0.9857142857142858,0,0.03125,32,0.0,-1.4365079365079367,0
00-0031897,Thomas Rawls,RB,2015,SEA,10.633333333333333,1,0.96875,2,Thomas Rawls,RB,SEA,8.38888888888889,0,0.59375,14,-0.375,-2.2444444444444436,-1
00-0031897,Thomas Rawls,RB,2016,SEA,8.38888888888889,0,0.59375,14,Thomas Rawls,RB,SEA,3.566666666666667,0,0.5625,15,-0.03125,-4.822222222222223,0
00-0031900,Rod Smith,RB,2017,DAL,9.24,1,0.6875,11,Rod Smith,RB,DAL,2.5923076923076924,0,0.4375,19,-0.25,-6.647692307692308,-1
00-0031912,Cameron Meredith,WR,2015,CHI,3.8333333333333335,0,0.46875,18,Cameron Meredith,WR,CHI,12.82,2,0.375,21,-0.09375,8.986666666666666,2
00-0031939,Matt Jones,RB,2015,WAS,8.8,0,0.65625,12,Matt Jones,RB,WAS,10.757142857142856,1,0.875,5,0.21875,1.9571428571428555,1
00-0031941,Jamison Crowder,WR,2015,WAS,8.475,0,0.65625,12,Jamison Crowder,WR,WAS,12.34375,2,0.875,5,0.21875,3.8687500000000004,2
00-0031941,Jamison Crowder,WR,2016,WAS,12.34375,2,0.875,5,Jamison Crowder,WR,WAS,10.953333333333337,1,0.4375,19,-0.4375,-1.3904166666666633,-1
00-0031941,Jamison Crowder,WR,2017,WAS,10.953333333333337,1,0.4375,19,Jamison Crowder,WR,WAS,9.2,1,0.21875,26,-0.21875,-1.7533333333333374,0
00-0031941,Jamison Crowder,WR,2019,NYJ,12.35625,2,0.03125,32,Jamison Crowder,WR,NYJ,14.335,2,0.03125,32,0.0,1.9787500000000016,0
00-0031941,Jamison Crowder,WR,2020,NYJ,14.335,2,0.03125,32,Jamison Crowder,WR,NYJ,9.475,1,0.21875,26,0.1875,-4.860000000000001,-1
00-0031941,Jamison Crowder,WR,2023,WAS,5.414285714285714,0,0.25,25,Jamison Crowder,WR,WAS,7.05,0,0.90625,4,0.65625,1.6357142857142861,0
00-0031951,James O'Shaughnessy,TE,2017,JAX,2.492857142857143,0,0.71875,10,James O'Shaughnessy,TE,JAX,3.4923076923076923,0,0.09375,30,-0.625,0.9994505494505495,0
00-0031951,James O'Shaughnessy,TE,2018,JAX,3.4923076923076923,0,0.09375,30,James O'Shaughnessy,TE,JAX,8.26,2,0.28125,24,0.1875,4.7676923076923075,2
00-0031951,James O'Shaughnessy,TE,2019,JAX,8.26,2,0.28125,24,James O'Shaughnessy,TE,JAX,3.6133333333333337,0,0.1875,27,-0.09375,-4.6466666666666665,-2
00-0031951,James O'Shaughnessy,TE,2020,JAX,3.6133333333333337,0,0.1875,27,James O'Shaughnessy,TE,JAX,7.2,1,0.15625,28,-0.03125,3.5866666666666664,1
00-0031972,Darius Jennings,WR,2018,TEN,3.5175,0,0.28125,24,Darius Jennings,WR,TEN,0.925,0,0.84375,6,0.5625,-2.5925000000000002,0
00-0032004,Will Tye,TE,2015,NYG,8.03076923076923,2,0.75,9,Will Tye,TE,NYG,5.84375,0,0.125,29,-0.625,-2.1870192307692307,-2
00-0032009,Adam Humphries,WR,2015,TB,5.363636363636363,0,0.59375,14,Adam Humphries,WR,TB,8.866666666666667,1,0.46875,18,-0.125,3.503030303030304,1
00-0032009,Adam Humphries,WR,2016,TB,8.866666666666667,1,0.46875,18,Adam Humphries,WR,TB,8.00625,0,0.65625,12,0.1875,-0.8604166666666675,-1
00-0032009,Adam Humphries,WR,2017,TB,8.00625,0,0.65625,12,Adam Humphries,WR,TB,11.79375,2,0.65625,12,0.0,3.7874999999999996,2
00-0032009,Adam Humphries,WR,2019,TEN,7.208333333333333,0,0.84375,6,Adam Humphries,WR,TEN,8.257142857142856,0,0.96875,2,0.125,1.0488095238095232,0
00-0032054,Breshad Perriman,WR,2016,BAL,6.739999999999999,0,0.25,25,Breshad Perriman,WR,BAL,1.6090909090909091,0,0.375,21,0.125,-5.13090909090909,0
00-0032054,Breshad Perriman,WR,2021,TB,6.68,0,1.0,1,Breshad Perriman,WR,TB,2.9125,0,0.40625,20,-0.59375,-3.7674999999999996,0
00-0032055,Devin Funchess,WR,2015,CAR,6.64375,0,0.8125,7,Devin Funchess,WR,CAR,6.15,0,0.3125,23,-0.5,-0.49374999999999947,0
00-0032055,Devin Funchess,WR,2016,CAR,6.15,0,0.3125,23,Devin Funchess,WR,CAR,12.1875,2,0.625,13,0.3125,6.0375,2
00-0032055,Devin Funchess,WR,2017,CAR,12.1875,2,0.625,13,Devin Funchess,WR,CAR,8.778571428571428,0,0.75,9,0.125,-3.4089285714285715,-2
00-0032058,Tevin Coleman,RB,2015,ATL,3.5500000000000003,0,0.53125,16,Tevin Coleman,RB,ATL,14.7,3,1.0,1,0.46875,11.149999999999999,3
00-0032058,Tevin Coleman,RB,2016,ATL,14.7,3,1.0,1,Tevin Coleman,RB,ATL,11.18,2,0.78125,8,-0.21875,-3.5199999999999996,-1
00-0032058,Tevin Coleman,RB,2017,ATL,11.18,2,0.78125,8,Tevin Coleman,RB,ATL,12.1,2,0.78125,8,0.0,0.9199999999999999,0
00-0032058,Tevin Coleman,RB,2019,SF,9.671428571428573,1,0.875,5,Tevin Coleman,RB,SF,2.1166666666666667,0,0.375,21,-0.5,-7.5547619047619055,-1
00-0032062,Blake Bell,TE,2015,SF,3.733333333333333,0,0.09375,30,Blake Bell,TE,SF,2.083333333333333,0,0.0625,31,-0.03125,-1.65,0
00-0032063,Mike Davis,RB,2015,SF,3.3200000000000003,0,0.09375,30,Mike Davis,RB,SF,2.4166666666666665,0,0.0625,31,-0.03125,-0.9033333333333338,0
00-0032063,Mike Davis,RB,2017,SEA,8.4,0,0.5625,15,Mike Davis,RB,SEA,9.12,1,0.84375,6,0.28125,0.7199999999999989,1
00-0032068,Malcolm Johnson,RB,2015,CLE,1.1,0,0.1875,27,Malcolm Johnson,RB,CLE,1.52,0,0.28125,24,0.09375,0.41999999999999993,0
00-0032098,Daniel Brown,TE,2016,CHI,5.733333333333333,0,0.375,21,Daniel Brown,TE,CHI,3.2375,0,0.15625,28,-0.21875,-2.4958333333333336,0
00-0032104,Ameer Abdullah,RB,2017,DET,8.885714285714286,1,0.46875,18,Ameer Abdullah,RB,DET,1.475,0,0.3125,23,-0.15625,-7.4107142857142865,-1
00-0032104,Ameer Abdullah,RB,2019,MIN,3.7545454545454544,0,0.75,9,Ameer Abdullah,RB,MIN,5.0,0,0.71875,10,-0.03125,1.2454545454545456,0
00-0032104,Ameer Abdullah,RB,2022,LV,4.161538461538462,0,0.46875,18,Ameer Abdullah,RB,LV,2.5625,0,0.21875,26,-0.25,-1.5990384615384619,0
00-0032104,Ameer Abdullah,RB,2023,LV,2.5625,0,0.21875,26,Ameer Abdullah,RB,LV,9.63076923076923,1,0.0625,31,-0.15625,7.06826923076923,1
00-0032112,J.J. Nelson,WR,2015,ARI,5.877777777777777,0,1.0,1,J.J. Nelson,WR,ARI,9.935714285714283,1,0.4375,19,-0.5625,4.057936507936506,1
00-0032112,J.J. Nelson,WR,2016,ARI,9.935714285714283,1,0.4375,19,J.J. Nelson,WR,ARI,5.84375,0,0.0625,31,-0.375,-4.091964285714283,-1
00-0032112,J.J. Nelson,WR,2017,ARI,5.84375,0,0.0625,31,J.J. Nelson,WR,ARI,1.488888888888889,0,0.03125,32,-0.03125,-4.354861111111111,0
00-0032117,Nick O'Leary,TE,2016,BUF,2.24,0,0.78125,8,Nick O'Leary,TE,BUF,4.938461538461539,0,0.3125,23,-0.46875,2.6984615384615385,0
00-0032120,Neal Sterling,TE,2017,NYJ,3.55,0,0.28125,24,Neal Sterling,TE,NYJ,2.675,0,0.125,29,-0.15625,-0.875,0
00-0032128,Chris Conley,WR,2015,KC,4.766666666666667,0,0.78125,8,Chris Conley,WR,KC,6.0625,0,0.5625,15,-0.21875,1.2958333333333334,0
00-0032128,Chris Conley,WR,2016,KC,6.0625,0,0.5625,15,Chris Conley,WR,KC,5.7,0,0.90625,4,0.34375,-0.3624999999999998,0
00-0032128,Chris Conley,WR,2017,KC,5.7,0,0.90625,4,Chris Conley,WR,KC,6.093333333333334,0,1.0,1,0.09375,0.39333333333333353,0
00-0032128,Chris Conley,WR,2019,JAX,9.78125,1,0.28125,24,Chris Conley,WR,JAX,6.935714285714285,0,0.1875,27,-0.09375,-2.845535714285715,-1
00-0032134,C.J. Uzomah,TE,2016,CIN,6.8,1,0.71875,10,C.J. Uzomah,TE,CIN,2.8,0,0.25,25,-0.46875,-4.0,-1
00-0032134,C.J. Uzomah,TE,2017,CIN,2.8,0,0.25,25,C.J. Uzomah,TE,CIN,6.55625,1,0.46875,18,0.21875,3.7562500000000005,1
00-0032134,C.J. Uzomah,TE,2018,CIN,6.55625,1,0.46875,18,C.J. Uzomah,TE,CIN,4.861538461538462,0,0.125,29,-0.34375,-1.6947115384615383,-1
00-0032134,C.J. Uzomah,TE,2022,NYJ,4.683333333333334,0,0.09375,30,C.J. Uzomah,TE,NYJ,2.8285714285714287,0,0.03125,32,-0.0625,-1.8547619047619048,0
00-0032135,Jesse James,TE,2015,PIT,4.32,0,0.90625,4,Jesse James,TE,PIT,5.675,0,0.8125,7,-0.09375,1.3549999999999995,0
00-0032135,Jesse James,TE,2016,PIT,5.675,0,0.8125,7,Jesse James,TE,PIT,7.014285714285714,1,0.875,5,0.0625,1.3392857142857144,1
00-0032135,Jesse James,TE,2017,PIT,7.014285714285714,1,0.875,5,Jesse James,TE,PIT,5.62,0,0.875,5,0.0,-1.3942857142857141,-1
00-0032135,Jesse James,TE,2019,DET,2.323076923076923,0,0.34375,22,Jesse James,TE,DET,3.2416666666666667,0,0.40625,20,0.0625,0.9185897435897439,0
00-0032139,Ben Koyack,TE,2016,JAX,4.566666666666666,0,0.21875,26,Ben Koyack,TE,JAX,1.8,0,0.71875,10,0.5,-2.7666666666666666,0
00-0032141,Geoff Swaim,TE,2020,TEN,3.883333333333333,0,0.96875,2,Geoff Swaim,TE,TEN,4.375,0,0.5625,15,-0.40625,0.49166666666666714,0
00-0032141,Geoff Swaim,TE,2021,TEN,4.375,0,0.5625,15,Geoff Swaim,TE,TEN,2.163636363636364,0,0.25,25,-0.3125,-2.211363636363636,0
00-0032144,Melvin Gordon,RB,2015,LAC,7.735714285714286,0,0.5,17,Melvin Gordon,RB,LAC,19.27692307692308,5,0.53125,16,0.03125,11.541208791208794,5
00-0032144,Melvin Gordon,RB,2016,LAC,19.27692307692308,5,0.53125,16,Melvin Gordon,RB,LAC,18.00625,4,0.9375,3,0.40625,-1.270673076923078,-1
00-0032144,Melvin Gordon,RB,2017,LAC,18.00625,4,0.9375,3,Melvin Gordon,RB,LAC,22.975,5,0.90625,4,-0.03125,4.96875,1
00-0032144,Melvin Gordon,RB,2018,LAC,22.975,5,0.90625,4,Melvin Gordon,RB,LAC,15.066666666666668,3,0.71875,10,-0.1875,-7.908333333333333,-2
00-0032144,Melvin Gordon,RB,2020,DEN,13.226666666666668,2,0.0625,31,Melvin Gordon,RB,DEN,12.19375,2,0.53125,16,0.46875,-1.0329166666666687,0
00-0032144,Melvin Gordon,RB,2021,DEN,12.19375,2,0.53125,16,Melvin Gordon,RB,DEN,8.709999999999999,0,0.1875,27,-0.34375,-3.4837500000000006,-2
00-0032156,Trevor Siemian,QB,2016,DEN,13.695714285714288,1,0.1875,27,Trevor Siemian,QB,DEN,11.463636363636365,1,0.125,29,-0.0625,-2.2320779220779237,0
00-0032160,Tyrell Williams,WR,2016,LAC,13.55625,2,0.53125,16,Tyrell Williams,WR,LAC,8.6125,0,0.9375,3,0.40625,-4.94375,-2
00-0032160,Tyrell Williams,WR,2017,LAC,8.6125,0,0.9375,3,Tyrell Williams,WR,LAC,9.186666666666667,1,0.90625,4,-0.03125,0.5741666666666667,1
00-0032170,Rashad Greene,WR,2015,JAX,5.144444444444444,0,0.28125,24,Rashad Greene,WR,JAX,2.05,0,0.21875,26,-0.0625,-3.094444444444444,0
00-0032187,David Johnson,RB,2015,ARI,13.6125,3,1.0,1,David Johnson,RB,ARI,25.4875,5,0.4375,19,-0.5625,11.875,2
00-0032187,David Johnson,RB,2018,ARI,15.425,3,0.03125,32,David Johnson,RB,ARI,11.791666666666666,2,0.65625,12,0.625,-3.6333333333333346,-1
00-0032187,David Johnson,RB,2020,HOU,14.958333333333334,3,0.6875,11,David Johnson,RB,HOU,6.253846153846154,0,0.0625,31,-0.625,-8.704487179487181,-3
00-0032200,Ty Montgomery,WR,2015,GB,8.4,0,0.5625,15,Ty Montgomery,WR,GB,10.807692307692308,1,0.9375,3,0.375,2.407692307692308,1
00-0032200,Ty Montgomery,WR,2016,GB,10.807692307692308,1,0.9375,3,Ty Montgomery,WR,GB,11.45,2,0.59375,14,-0.34375,0.6423076923076909,1
00-0032200,Ty Montgomery,WR,2017,GB,11.45,2,0.59375,14,Ty Montgomery,WR,GB,6.066666666666666,0,0.6875,11,0.09375,-5.383333333333333,-2
00-0032200,Ty Montgomery,WR,2020,NO,3.95,0,0.78125,8,Ty Montgomery,WR,NO,2.7181818181818183,0,0.25,25,-0.53125,-1.231818181818182,0
00-0032208,Phillip Dorsett,WR,2015,IND,4.381818181818182,0,0.125,29,Phillip Dorsett,WR,IND,6.586666666666667,0,0.65625,12,0.53125,2.204848484848485,0
00-0032208,Phillip Dorsett,WR,2017,NE,3.566666666666667,0,1.0,1,Phillip Dorsett,WR,NE,7.445454545454546,0,0.8125,7,-0.1875,3.8787878787878793,0
00-0032208,Phillip Dorsett,WR,2018,NE,7.445454545454546,0,0.8125,7,Phillip Dorsett,WR,NE,9.163636363636364,1,0.5625,15,-0.25,1.7181818181818178,1
00-0032208,Phillip Dorsett,WR,2021,HOU,3.6,0,0.0625,31,Phillip Dorsett,WR,HOU,3.692857142857143,0,0.03125,32,-0.03125,0.09285714285714297,0
00-0032209,T.J. Yeldon,RB,2015,JAX,12.991666666666667,2,0.28125,24,T.J. Yeldon,RB,JAX,9.18,1,0.21875,26,-0.0625,-3.8116666666666674,-1
00-0032209,T.J. Yeldon,RB,2016,JAX,9.18,1,0.21875,26,T.J. Yeldon,RB,JAX,8.77,0,0.71875,10,0.5,-0.41000000000000014,-1
00-0032209,T.J. Yeldon,RB,2017,JAX,8.77,0,0.71875,10,T.J. Yeldon,RB,JAX,12.264285714285714,2,0.09375,30,-0.625,3.4942857142857147,2
00-0032211,Tyler Lockett,WR,2015,SEA,10.4625,1,0.96875,2,Tyler Lockett,WR,SEA,8.864285714285714,1,0.59375,14,-0.375,-1.5982142857142865,0
00-0032211,Tyler Lockett,WR,2016,SEA,8.864285714285714,1,0.59375,14,Tyler Lockett,WR,SEA,7.76875,0,0.5625,15,-0.03125,-1.095535714285714,-1
00-0032211,Tyler Lockett,WR,2017,SEA,7.76875,0,0.5625,15,Tyler Lockett,WR,SEA,13.85625,2,0.84375,6,0.28125,6.0874999999999995,2
00-0032211,Tyler Lockett,WR,2018,SEA,13.85625,2,0.84375,6,Tyler Lockett,WR,SEA,14.7,2,0.625,13,-0.21875,0.84375,0
00-0032211,Tyler Lockett,WR,2019,SEA,14.7,2,0.625,13,Tyler Lockett,WR,SEA,16.5875,3,0.8125,7,0.1875,1.8874999999999993,1
00-0032211,Tyler Lockett,WR,2020,SEA,16.5875,3,0.8125,7,Tyler Lockett,WR,SEA,15.0875,3,0.59375,14,-0.21875,-1.4999999999999982,0
00-0032211,Tyler Lockett,WR,2021,SEA,15.0875,3,0.59375,14,Tyler Lockett,WR,SEA,14.95625,3,0.59375,14,0.0,-0.13124999999999964,0
00-0032211,Tyler Lockett,WR,2022,SEA,14.95625,3,0.59375,14,Tyler Lockett,WR,SEA,11.905882352941177,2,0.71875,10,0.125,-3.050367647058824,-1
00-0032211,Tyler Lockett,WR,2023,SEA,11.905882352941177,2,0.71875,10,Tyler Lockett,WR,SEA,7.117647058823529,0,0.46875,18,-0.25,-4.788235294117648,-2
00-0032214,Tyler Kroft,TE,2015,CIN,4.983333333333333,0,0.84375,6,Tyler Kroft,TE,CIN,3.2,0,0.71875,10,-0.125,-1.7833333333333332,0
00-0032214,Tyler Kroft,TE,2016,CIN,3.2,0,0.71875,10,Tyler Kroft,TE,CIN,8.293333333333333,2,0.25,25,-0.46875,5.093333333333333,2
00-0032214,Tyler Kroft,TE,2017,CIN,8.293333333333333,2,0.25,25,Tyler Kroft,TE,CIN,1.52,0,0.46875,18,0.21875,-6.773333333333333,-2
00-0032214,Tyler Kroft,TE,2019,BUF,2.3875,0,0.40625,20,Tyler Kroft,TE,BUF,6.983333333333333,1,0.90625,4,0.5,4.595833333333333,1
00-0032227,Jeff Heuerman,TE,2016,DEN,3.85,0,0.1875,27,Jeff Heuerman,TE,DEN,3.5200000000000005,0,0.125,29,-0.0625,-0.3299999999999996,0
00-0032227,Jeff Heuerman,TE,2017,DEN,3.5200000000000005,0,0.125,29,Jeff Heuerman,TE,DEN,7.109999999999999,1,0.34375,22,0.21875,3.589999999999999,1
00-0032227,Jeff Heuerman,TE,2018,DEN,7.109999999999999,1,0.34375,22,Jeff Heuerman,TE,DEN,3.925,0,0.3125,23,-0.03125,-3.1849999999999996,-1
00-0032241,Todd Gurley,RB,2015,LA,16.03076923076923,3,0.03125,32,Todd Gurley,RB,LA,12.3875,2,0.03125,32,0.0,-3.6432692307692314,-1
00-0032241,Todd Gurley,RB,2016,LA,12.3875,2,0.03125,32,Todd Gurley,RB,LA,25.55333333333333,5,0.84375,6,0.8125,13.165833333333332,3
00-0032241,Todd Gurley,RB,2017,LA,25.55333333333333,5,0.84375,6,Todd Gurley,RB,LA,26.607142857142858,5,0.9375,3,0.09375,1.0538095238095266,0
00-0032241,Todd Gurley,RB,2018,LA,26.607142857142858,5,0.9375,3,Todd Gurley,RB,LA,14.64,3,0.4375,19,-0.5,-11.967142857142857,-2
00-0032256,Clive Walford,TE,2015,LV,5.260000000000001,0,0.375,21,Clive Walford,TE,LV,5.793333333333334,0,0.6875,11,0.3125,0.5333333333333332,0
00-0032256,Clive Walford,TE,2016,LV,5.793333333333334,0,0.6875,11,Clive Walford,TE,LV,2.833333333333333,0,0.5,17,-0.1875,-2.960000000000001,0
00-0032257,Duke Johnson,RB,2015,CLE,10.26875,1,0.1875,27,Duke Johnson,RB,CLE,9.0125,1,0.28125,24,0.09375,-1.2562500000000014,0
00-0032257,Duke Johnson,RB,2016,CLE,9.0125,1,0.28125,24,Duke Johnson,RB,CLE,13.50625,3,0.03125,32,-0.25,4.49375,2
00-0032257,Duke Johnson,RB,2017,CLE,13.50625,3,0.03125,32,Duke Johnson,RB,CLE,8.275,0,0.40625,20,0.375,-5.231249999999999,-3
00-0032257,Duke Johnson,RB,2019,HOU,9.625,1,0.78125,8,Duke Johnson,RB,HOU,7.672727272727273,0,0.6875,11,-0.09375,-1.9522727272727272,-1
00-0032268,Marcus Mariota,QB,2015,TEN,17.585,2,0.0625,31,Marcus Mariota,QB,TEN,17.329333333333334,2,0.625,13,0.5625,-0.2556666666666665,0
00-0032268,Marcus Mariota,QB,2016,TEN,17.329333333333334,2,0.625,13,Marcus Mariota,QB,TEN,14.032,1,0.34375,22,-0.28125,-3.2973333333333343,-1
00-0032268,Marcus Mariota,QB,2017,TEN,14.032,1,0.34375,22,Marcus Mariota,QB,TEN,12.565714285714284,1,0.28125,24,-0.0625,-1.466285714285716,0
00-0032268,Marcus Mariota,QB,2018,TEN,12.565714285714284,1,0.28125,24,Marcus Mariota,QB,TEN,12.145714285714286,1,0.84375,6,0.5625,-0.41999999999999815,0
00-0032319,Ross Travis,TE,2016,KC,1.125,0,0.5625,15,Ross Travis,TE,KC,1.46,0,0.90625,4,0.34375,0.33499999999999996,0
00-0032355,Chester Rogers,WR,2016,IND,4.66,0,0.65625,12,Chester Rogers,WR,IND,5.82,0,0.21875,26,-0.4375,1.1600000000000001,0
00-0032355,Chester Rogers,WR,2017,IND,5.82,0,0.21875,26,Chester Rogers,WR,IND,7.806666666666667,0,0.71875,10,0.5,1.9866666666666664,0
00-0032355,Chester Rogers,WR,2018,IND,7.806666666666667,0,0.71875,10,Chester Rogers,WR,IND,5.300000000000001,0,0.53125,16,-0.1875,-2.506666666666666,0
00-0032371,Rob Kelley,RB,2016,WAS,9.471428571428572,1,0.875,5,Rob Kelley,RB,WAS,6.171428571428572,0,0.4375,19,-0.4375,-3.3,-1
00-0032385,Sterling Shepard,WR,2016,NYG,11.525,2,0.125,29,Sterling Shepard,WR,NYG,13.136363636363637,2,0.1875,27,0.0625,1.6113636363636363,0
00-0032385,Sterling Shepard,WR,2017,NYG,13.136363636363637,2,0.1875,27,Sterling Shepard,WR,NYG,11.40625,2,0.5,17,0.3125,-1.7301136363636367,0
00-0032385,Sterling Shepard,WR,2018,NYG,11.40625,2,0.5,17,Sterling Shepard,WR,NYG,14.18,2,0.25,25,-0.25,2.7737499999999997,0
00-0032385,Sterling Shepard,WR,2019,NYG,14.18,2,0.25,25,Sterling Shepard,WR,NYG,13.541666666666666,2,0.09375,30,-0.15625,-0.6383333333333336,0
00-0032385,Sterling Shepard,WR,2020,NYG,13.541666666666666,2,0.09375,30,Sterling Shepard,WR,NYG,11.1,2,0.03125,32,-0.0625,-2.4416666666666664,0
00-0032385,Sterling Shepard,WR,2024,TB,6.176923076923076,0,0.875,5,Sterling Shepard,WR,TB,6.307692307692308,0,0.40625,20,-0.46875,0.13076923076923208,0
00-0032392,Austin Hooper,TE,2016,ATL,5.827272727272727,0,1.0,1,Austin Hooper,TE,ATL,7.475,1,0.78125,8,-0.21875,1.6477272727272725,1
00-0032392,Austin Hooper,TE,2017,ATL,7.475,1,0.78125,8,Austin Hooper,TE,ATL,10.1875,2,0.78125,8,0.0,2.7125000000000004,1
00-0032392,Austin Hooper,TE,2018,ATL,10.1875,2,0.78125,8,Austin Hooper,TE,ATL,14.746153846153844,5,0.59375,14,-0.1875,4.5586538461538435,3
00-0032392,Austin Hooper,TE,2020,CLE,8.73076923076923,2,0.75,9,Austin Hooper,TE,CLE,6.166666666666667,1,0.5,17,-0.25,-2.564102564102563,-1
00-0032392,Austin Hooper,TE,2024,NE,6.388235294117647,1,0.1875,27,Austin Hooper,TE,NE,4.561538461538461,0,1.0,1,0.8125,-1.8266968325791852,-1
00-0032393,C.J. Prosise,RB,2016,SEA,10.166666666666666,1,0.59375,14,C.J. Prosise,RB,SEA,4.25,0,0.5625,15,-0.03125,-5.916666666666666,-1
00-0032394,Nick Vannett,TE,2017,SEA,3.8,0,0.5625,15,Nick Vannett,TE,SEA,4.926666666666667,0,0.84375,6,0.28125,1.126666666666667,0
00-0032398,Chris Moore,WR,2016,BAL,1.5,0,0.25,25,Chris Moore,WR,BAL,5.99,0,0.375,21,0.125,4.49,0
00-0032398,Chris Moore,WR,2017,BAL,5.99,0,0.375,21,Chris Moore,WR,BAL,3.0866666666666664,0,0.5625,15,0.1875,-2.9033333333333338,0
00-0032398,Chris Moore,WR,2018,BAL,3.0866666666666664,0,0.5625,15,Chris Moore,WR,BAL,1.275,0,1.0,1,0.4375,-1.8116666666666665,0
00-0032398,Chris Moore,WR,2021,HOU,6.9625,0,0.0625,31,Chris Moore,WR,HOU,7.673333333333333,0,0.03125,32,-0.03125,0.7108333333333325,0
00-0032417,Paul Perkins,RB,2016,NYG,5.907692307692307,0,0.125,29,Paul Perkins,RB,NYG,3.085714285714286,0,0.1875,27,0.0625,-2.8219780219780213,0
00-0032423,Trevor Davis,WR,2016,GB,2.85,0,0.9375,3,Trevor Davis,WR,GB,2.216666666666667,0,0.59375,14,-0.34375,-0.6333333333333333,0
00-0032426,Alex Collins,RB,2017,BAL,11.4,2,0.375,21,Alex Collins,RB,BAL,10.86,1,0.5625,15,0.1875,-0.5400000000000009,-1
00-0032429,Jerell Adams,TE,2016,NYG,3.8,0,0.125,29,Jerell Adams,TE,NYG,2.8666666666666667,0,0.1875,27,0.0625,-0.9333333333333331,0
00-0032430,David Morgan,TE,2017,MIN,3.642857142857143,0,0.75,9,David Morgan,TE,MIN,1.72,0,0.1875,27,-0.5625,-1.9228571428571428,0
00-0032434,Brandon Allen,QB,2020,CIN,9.94,0,0.21875,26,Brandon Allen,QB,CIN,2.772,0,0.65625,12,0.4375,-7.167999999999999,0
00-0032450,Dwayne Washington,RB,2016,DET,4.427272727272728,0,0.75,9,Dwayne Washington,RB,DET,1.56,0,0.46875,18,-0.28125,-2.8672727272727276,0
00-0032450,Dwayne Washington,RB,2018,NO,3.85,0,0.96875,2,Dwayne Washington,RB,NO,1.9,0,0.90625,4,-0.0625,-1.9500000000000002,0
00-0032464,Kalif Raymond,WR,2019,TEN,4.214285714285714,0,0.84375,6,Kalif Raymond,WR,TEN,3.425,0,0.96875,2,0.125,-0.7892857142857146,0
00-0032464,Kalif Raymond,WR,2021,DET,8.3375,0,0.28125,24,Kalif Raymond,WR,DET,7.2625,0,0.84375,6,0.5625,-1.0750000000000002,0
00-0032464,Kalif Raymond,WR,2022,DET,7.2625,0,0.84375,6,Kalif Raymond,WR,DET,5.729411764705882,0,0.78125,8,-0.0625,-1.5330882352941178,0
00-0032464,Kalif Raymond,WR,2023,DET,5.729411764705882,0,0.78125,8,Kalif Raymond,WR,DET,5.65,0,0.9375,3,0.15625,-0.07941176470588207,0
00-0032464,Kalif Raymond,WR,2024,DET,5.65,0,0.9375,3,Kalif Raymond,WR,DET,5.566666666666666,0,0.75,9,-0.1875,-0.08333333333333393,0
00-0032475,Tanner McEvoy,WR,2016,SEA,4.59,0,0.59375,14,Tanner McEvoy,WR,SEA,1.7571428571428571,0,0.5625,15,-0.03125,-2.8328571428571427,0
00-0032543,Alex Erickson,WR,2016,CIN,2.183333333333333,0,0.71875,10,Alex Erickson,WR,CIN,3.76,0,0.25,25,-0.46875,1.5766666666666667,0
00-0032543,Alex Erickson,WR,2017,CIN,3.76,0,0.25,25,Alex Erickson,WR,CIN,3.536363636363636,0,0.46875,18,0.21875,-0.22363636363636363,0
00-0032543,Alex Erickson,WR,2018,CIN,3.536363636363636,0,0.46875,18,Alex Erickson,WR,CIN,6.682666666666666,0,0.125,29,-0.34375,3.14630303030303,0
00-0032543,Alex Erickson,WR,2019,CIN,6.682666666666666,0,0.125,29,Alex Erickson,WR,CIN,2.7333333333333334,0,0.21875,26,0.09375,-3.9493333333333327,0
00-0032602,J.D. McKissic,RB,2020,WAS,11.9625,2,0.15625,28,J.D. McKissic,RB,WAS,11.627272727272729,2,0.375,21,0.21875,-0.3352272727272716,0
00-0032602,J.D. McKissic,RB,2021,WAS,11.627272727272729,2,0.375,21,J.D. McKissic,RB,WAS,6.975,0,0.21875,26,-0.15625,-4.652272727272729,-2
00-0032626,Geronimo Allison,WR,2016,GB,6.314285714285715,0,0.9375,3,Geronimo Allison,WR,GB,4.209090909090909,0,0.59375,14,-0.34375,-2.105194805194806,0
00-0032626,Geronimo Allison,WR,2017,GB,4.209090909090909,0,0.59375,14,Geronimo Allison,WR,GB,12.46,2,0.6875,11,0.09375,8.250909090909092,2
00-0032626,Geronimo Allison,WR,2018,GB,12.46,2,0.6875,11,Geronimo Allison,WR,GB,5.026666666666667,0,0.8125,7,0.125,-7.433333333333334,-2
00-0032659,Roger Lewis,WR,2016,NYG,3.1888888888888887,0,0.125,29,Roger Lewis,WR,NYG,6.4,0,0.1875,27,0.0625,3.2111111111111117,0
00-0032661,Ben Braunecker,TE,2018,CHI,1.44,0,0.625,13,Ben Braunecker,TE,CHI,4.475,0,0.1875,27,-0.4375,3.0349999999999997,0
00-0032688,Robbie Chosen,WR,2016,NYJ,8.207142857142857,0,0.15625,28,Robbie Chosen,WR,NYJ,12.4875,2,0.28125,24,0.125,4.280357142857143,2
00-0032688,Robbie Chosen,WR,2017,NYJ,12.4875,2,0.28125,24,Robbie Chosen,WR,NYJ,11.171428571428573,2,0.125,29,-0.15625,-1.3160714285714281,0
00-0032688,Robbie Chosen,WR,2018,NYJ,11.171428571428573,2,0.125,29,Robbie Chosen,WR,NYJ,10.06875,1,0.03125,32,-0.09375,-1.102678571428573,-1
00-0032688,Robbie Chosen,WR,2020,CAR,14.00625,2,0.4375,19,Robbie Chosen,WR,CAR,8.147058823529411,0,0.09375,30,-0.34375,-5.859191176470588,-2
00-0032688,Robbie Chosen,WR,2021,CAR,8.147058823529411,0,0.09375,30,Robbie Chosen,WR,CAR,4.3500000000000005,0,0.34375,22,0.25,-3.7970588235294107,0
00-0032725,Stephen Anderson,TE,2016,HOU,2.9222222222222225,0,0.09375,30,Stephen Anderson,TE,HOU,4.6571428571428575,0,0.40625,20,0.3125,1.734920634920635,0
00-0032741,Peyton Barber,RB,2016,TB,4.011111111111111,0,0.46875,18,Peyton Barber,RB,TB,7.790909090909091,0,0.65625,12,0.1875,3.77979797979798,0
00-0032741,Peyton Barber,RB,2017,TB,7.790909090909091,0,0.65625,12,Peyton Barber,RB,TB,9.39375,1,0.65625,12,0.0,1.6028409090909097,1
00-0032741,Peyton Barber,RB,2018,TB,9.39375,1,0.65625,12,Peyton Barber,RB,TB,7.29375,0,0.46875,18,-0.1875,-2.1000000000000005,-1
00-0032745,Alan Cross,TE,2016,TB,1.7555555555555555,0,0.46875,18,Alan Cross,TE,TB,2.16,0,0.65625,12,0.1875,0.4044444444444446,0
00-0032745,Alan Cross,TE,2017,TB,2.16,0,0.65625,12,Alan Cross,TE,TB,0.725,0,0.65625,12,0.0,-1.435,0
00-0032760,Josh Doctson,WR,2017,WAS,7.986666666666666,0,0.4375,19,Josh Doctson,WR,WAS,7.28,0,0.21875,26,-0.21875,-0.7066666666666661,0
00-0032764,Derrick Henry,RB,2016,TEN,7.55,0,0.625,13,Derrick Henry,RB,TEN,8.4375,0,0.34375,22,-0.28125,0.8875000000000002,0
00-0032764,Derrick Henry,RB,2017,TEN,8.4375,0,0.34375,22,Derrick Henry,RB,TEN,12.585,2,0.28125,24,-0.0625,4.147500000000001,2
00-0032764,Derrick Henry,RB,2018,TEN,12.585,2,0.28125,24,Derrick Henry,RB,TEN,19.64,5,0.84375,6,0.5625,7.055,3
00-0032764,Derrick Henry,RB,2019,TEN,19.64,5,0.84375,6,Derrick Henry,RB,TEN,20.83125,5,0.96875,2,0.125,1.1912500000000001,0
00-0032764,Derrick Henry,RB,2020,TEN,20.83125,5,0.96875,2,Derrick Henry,RB,TEN,24.1875,5,0.5625,15,-0.40625,3.3562499999999993,0
00-0032764,Derrick Henry,RB,2021,TEN,24.1875,5,0.5625,15,Derrick Henry,RB,TEN,18.9225,5,0.25,25,-0.3125,-5.265000000000001,0
00-0032764,Derrick Henry,RB,2022,TEN,18.9225,5,0.25,25,Derrick Henry,RB,TEN,14.509411764705884,3,0.5625,15,0.3125,-4.413088235294115,-2
00-0032764,Derrick Henry,RB,2024,BAL,19.788235294117644,5,1.0,1,Derrick Henry,RB,BAL,16.441176470588236,4,0.5625,15,-0.4375,-3.3470588235294088,-1
00-0032765,Michael Thomas,WR,2016,NO,17.046666666666667,3,0.84375,6,Michael Thomas,WR,NO,16.15625,3,0.96875,2,0.125,-0.8904166666666669,0
00-0032765,Michael Thomas,WR,2017,NO,16.15625,3,0.96875,2,Michael Thomas,WR,NO,19.71875,4,0.96875,2,0.0,3.5625,1
00-0032765,Michael Thomas,WR,2018,NO,19.71875,4,0.96875,2,Michael Thomas,WR,NO,23.4125,5,0.90625,4,-0.0625,3.6937500000000014,1
00-0032765,Michael Thomas,WR,2019,NO,23.4125,5,0.90625,4,Michael Thomas,WR,NO,11.985714285714286,2,0.78125,8,-0.125,-11.426785714285716,-3
00-0032775,Demarcus Robinson,WR,2017,KC,4.220000000000001,0,0.90625,4,Demarcus Robinson,WR,KC,5.342857142857143,0,1.0,1,0.09375,1.1228571428571428,0
00-0032775,Demarcus Robinson,WR,2018,KC,5.342857142857143,0,1.0,1,Demarcus Robinson,WR,KC,6.726666666666668,0,0.96875,2,-0.03125,1.383809523809525,0
00-0032775,Demarcus Robinson,WR,2019,KC,6.726666666666668,0,0.96875,2,Demarcus Robinson,WR,KC,7.173333333333333,0,0.9375,3,-0.03125,0.44666666666666455,0
00-0032775,Demarcus Robinson,WR,2020,KC,7.173333333333333,0,0.9375,3,Demarcus Robinson,WR,KC,4.957142857142857,0,0.96875,2,0.03125,-2.2161904761904756,0
00-0032775,Demarcus Robinson,WR,2023,LA,10.925,1,0.75,9,Demarcus Robinson,WR,LA,7.264705882352941,0,0.5625,15,-0.1875,-3.6602941176470596,-1
00-0032778,Tajae Sharpe,WR,2018,TEN,5.085714285714286,0,0.28125,24,Tajae Sharpe,WR,TEN,6.300000000000001,0,0.84375,6,0.5625,1.2142857142857144,0
00-0032780,Jordan Howard,RB,2016,CHI,15.34,3,0.375,21,Jordan Howard,RB,CHI,12.48125,2,0.15625,28,-0.21875,-2.8587500000000006,-1
00-0032780,Jordan Howard,RB,2017,CHI,12.48125,2,0.15625,28,Jordan Howard,RB,CHI,11.25,2,0.625,13,0.46875,-1.2312499999999993,0
00-0032782,Wendell Smallwood,RB,2016,PHI,4.391666666666667,0,0.40625,20,Wendell Smallwood,RB,PHI,5.8375,0,0.8125,7,0.40625,1.4458333333333337,0
00-0032782,Wendell Smallwood,RB,2017,PHI,5.8375,0,0.8125,7,Wendell Smallwood,RB,PHI,9.2,1,0.59375,14,-0.21875,3.362499999999999,1
00-0032791,Jakeem Grant,WR,2017,MIA,5.166666666666667,0,0.09375,30,Jakeem Grant,WR,MIA,7.229999999999999,0,0.15625,28,0.0625,2.0633333333333317,0
00-0032791,Jakeem Grant,WR,2018,MIA,7.229999999999999,0,0.15625,28,Jakeem Grant,WR,MIA,5.322222222222222,0,0.21875,26,0.0625,-1.9077777777777767,0
00-0032791,Jakeem Grant,WR,2019,MIA,5.322222222222222,0,0.21875,26,Jakeem Grant,WR,MIA,6.235714285714286,0,0.46875,18,0.25,0.9134920634920638,0
00-0032794,Danny Vitale,RB,2016,CLE,1.34,0,0.28125,24,Danny Vitale,RB,CLE,0.98,0,0.03125,32,-0.25,-0.3600000000000001,0
00-0032881,Tommylee Lewis,WR,2016,NO,3.14,0,0.84375,6,Tommylee Lewis,WR,NO,3.888888888888889,0,0.96875,2,0.125,0.7488888888888887,0
00-0032881,Tommylee Lewis,WR,2017,NO,3.888888888888889,0,0.96875,2,Tommylee Lewis,WR,NO,3.5,0,0.96875,2,0.0,-0.38888888888888884,0
00-0032935,Johnny Holton,WR,2016,LV,1.2833333333333334,0,0.6875,11,Johnny Holton,WR,LV,6.4,0,0.5,17,-0.1875,5.116666666666667,0
00-0032940,DeAndre Washington,RB,2016,LV,6.553846153846154,0,0.6875,11,DeAndre Washington,RB,LV,5.666666666666667,0,0.5,17,-0.1875,-0.8871794871794867,0
00-0032940,DeAndre Washington,RB,2017,LV,5.666666666666667,0,0.5,17,DeAndre Washington,RB,LV,1.425,0,0.25,25,-0.25,-4.241666666666667,0
00-0032940,DeAndre Washington,RB,2018,LV,1.425,0,0.25,25,DeAndre Washington,RB,LV,7.61875,0,0.6875,11,0.4375,6.1937500000000005,0
00-0032950,Carson Wentz,QB,2016,PHI,13.38625,1,0.40625,20,Carson Wentz,QB,PHI,21.67230769230769,4,0.8125,7,0.40625,8.28605769230769,3
00-0032950,Carson Wentz,QB,2017,PHI,21.67230769230769,4,0.8125,7,Carson Wentz,QB,PHI,17.605454545454545,2,0.59375,14,-0.21875,-4.066853146853145,-2
00-0032950,Carson Wentz,QB,2018,PHI,17.605454545454545,2,0.59375,14,Carson Wentz,QB,PHI,17.24125,2,0.5,17,-0.09375,-0.3642045454545446,0
00-0032950,Carson Wentz,QB,2019,PHI,17.24125,2,0.5,17,Carson Wentz,QB,PHI,16.533333333333335,2,0.125,29,-0.375,-0.7079166666666659,0
00-0032951,Laquon Treadwell,WR,2017,MIN,3.076923076923077,0,0.75,9,Laquon Treadwell,WR,MIN,4.746666666666667,0,0.1875,27,-0.5625,1.66974358974359,0
00-0032951,Laquon Treadwell,WR,2018,MIN,4.746666666666667,0,0.1875,27,Laquon Treadwell,WR,MIN,3.711111111111111,0,0.75,9,0.5625,-1.0355555555555562,0
00-0032966,Corey Coleman,WR,2016,CLE,9.33,1,0.28125,24,Corey Coleman,WR,CLE,7.277777777777778,0,0.03125,32,-0.25,-2.0522222222222224,-1
00-0032972,Devontae Booker,RB,2016,DEN,8.91875,1,0.1875,27,Devontae Booker,RB,DEN,7.030769230769232,0,0.125,29,-0.0625,-1.8879807692307669,-1
00-0032972,Devontae Booker,RB,2017,DEN,7.030769230769232,0,0.125,29,Devontae Booker,RB,DEN,5.43125,0,0.34375,22,0.21875,-1.599519230769232,0
00-0032972,Devontae Booker,RB,2018,DEN,5.43125,0,0.34375,22,Devontae Booker,RB,DEN,2.1,0,0.3125,23,-0.03125,-3.3312500000000003,0
00-0032975,Jonathan Williams,RB,2021,WAS,4.14,0,0.375,21,Jonathan Williams,RB,WAS,3.742857142857143,0,0.21875,26,-0.15625,-0.3971428571428568,0
00-0032977,Rashard Higgins,WR,2016,CLE,1.37,0,0.28125,24,Rashard Higgins,WR,CLE,4.9,0,0.03125,32,-0.25,3.5300000000000002,0
00-0032977,Rashard Higgins,WR,2017,CLE,4.9,0,0.03125,32,Rashard Higgins,WR,CLE,9.092307692307692,1,0.40625,20,0.375,4.192307692307692,1
00-0032977,Rashard Higgins,WR,2018,CLE,9.092307692307692,1,0.40625,20,Rashard Higgins,WR,CLE,2.583333333333333,0,0.375,21,-0.03125,-6.508974358974359,-1
00-0032977,Rashard Higgins,WR,2019,CLE,2.583333333333333,0,0.375,21,Rashard Higgins,WR,CLE,10.075,1,0.75,9,0.375,7.491666666666666,1
00-0032977,Rashard Higgins,WR,2020,CLE,10.075,1,0.75,9,Rashard Higgins,WR,CLE,4.791666666666667,0,0.5,17,-0.25,-5.283333333333332,-1
00-0032980,Marcus Johnson,WR,2018,IND,5.5,0,0.71875,10,Marcus Johnson,WR,IND,7.0875,0,0.53125,16,-0.1875,1.5875000000000004,0
00-0032980,Marcus Johnson,WR,2019,IND,7.0875,0,0.53125,16,Marcus Johnson,WR,IND,4.9375,0,0.65625,12,0.125,-2.1500000000000004,0
00-0033009,Tyler Boyd,WR,2016,CIN,7.75625,0,0.71875,10,Tyler Boyd,WR,CIN,5.65,0,0.25,25,-0.46875,-2.1062499999999993,0
00-0033009,Tyler Boyd,WR,2017,CIN,5.65,0,0.25,25,Tyler Boyd,WR,CIN,15.792857142857144,3,0.46875,18,0.21875,10.142857142857144,3
00-0033009,Tyler Boyd,WR,2018,CIN,15.792857142857144,3,0.46875,18,Tyler Boyd,WR,CIN,13.93125,2,0.125,29,-0.34375,-1.8616071428571441,-1
00-0033009,Tyler Boyd,WR,2019,CIN,13.93125,2,0.125,29,Tyler Boyd,WR,CIN,12.842666666666666,2,0.21875,26,0.09375,-1.0885833333333341,0
00-0033009,Tyler Boyd,WR,2020,CIN,12.842666666666666,2,0.21875,26,Tyler Boyd,WR,CIN,11.49,2,0.65625,12,0.4375,-1.352666666666666,0
00-0033009,Tyler Boyd,WR,2021,CIN,11.49,2,0.65625,12,Tyler Boyd,WR,CIN,10.445,1,0.875,5,0.21875,-1.045,-1
00-0033009,Tyler Boyd,WR,2022,CIN,10.445,1,0.875,5,Tyler Boyd,WR,CIN,8.51764705882353,0,0.625,13,-0.25,-1.927352941176471,-1
00-0033025,Jalen Richard,RB,2016,LV,7.21875,0,0.6875,11,Jalen Richard,RB,LV,6.073333333333333,0,0.5,17,-0.1875,-1.1454166666666667,0
00-0033025,Jalen Richard,RB,2017,LV,6.073333333333333,0,0.5,17,Jalen Richard,RB,LV,9.7875,1,0.25,25,-0.25,3.7141666666666664,1
00-0033025,Jalen Richard,RB,2018,LV,9.7875,1,0.25,25,Jalen Richard,RB,LV,5.175,0,0.6875,11,0.4375,-4.6125,-1
00-0033025,Jalen Richard,RB,2019,LV,5.175,0,0.6875,11,Jalen Richard,RB,LV,4.258333333333334,0,0.625,13,-0.0625,-0.9166666666666661,0
00-0033025,Jalen Richard,RB,2020,LV,4.258333333333334,0,0.625,13,Jalen Richard,RB,LV,2.9,0,0.40625,20,-0.21875,-1.3583333333333338,0
00-0033040,Tyreek Hill,WR,2016,KC,13.725,2,0.5625,15,Tyreek Hill,WR,KC,16.346666666666668,3,0.90625,4,0.34375,2.621666666666668,1
00-0033040,Tyreek Hill,WR,2017,KC,16.346666666666668,3,0.90625,4,Tyreek Hill,WR,KC,20.875,5,1.0,1,0.09375,4.528333333333332,2
00-0033040,Tyreek Hill,WR,2018,KC,20.875,5,1.0,1,Tyreek Hill,WR,KC,15.691666666666668,3,0.96875,2,-0.03125,-5.183333333333332,-2
00-0033040,Tyreek Hill,WR,2019,KC,15.691666666666668,3,0.96875,2,Tyreek Hill,WR,KC,21.926666666666662,5,0.9375,3,-0.03125,6.234999999999994,2
00-0033040,Tyreek Hill,WR,2020,KC,21.926666666666662,5,0.9375,3,Tyreek Hill,WR,KC,17.441176470588236,3,0.96875,2,0.03125,-4.485490196078427,-2
00-0033040,Tyreek Hill,WR,2022,MIA,20.07058823529412,4,0.8125,7,Tyreek Hill,WR,MIA,23.525,5,0.90625,4,0.09375,3.4544117647058776,1
00-0033040,Tyreek Hill,WR,2023,MIA,23.525,5,0.90625,4,Tyreek Hill,WR,MIA,12.835294117647058,2,0.34375,22,-0.5625,-10.689705882352941,-3
00-0033040,Tyreek Hill,WR,2024,MIA,12.835294117647058,2,0.34375,22,Tyreek Hill,WR,MIA,13.375,2,0.25,25,-0.09375,0.5397058823529424,0
00-0033045,Ezekiel Elliott,RB,2016,DAL,21.69333333333333,5,0.90625,4,Ezekiel Elliott,RB,DAL,20.12,5,0.6875,11,-0.21875,-1.5733333333333306,0
00-0033045,Ezekiel Elliott,RB,2017,DAL,20.12,5,0.6875,11,Ezekiel Elliott,RB,DAL,21.94,5,0.4375,19,-0.25,1.8200000000000003,0
00-0033045,Ezekiel Elliott,RB,2018,DAL,21.94,5,0.4375,19,Ezekiel Elliott,RB,DAL,19.48125,5,0.9375,3,0.5,-2.458750000000002,0
00-0033045,Ezekiel Elliott,RB,2019,DAL,19.48125,5,0.9375,3,Ezekiel Elliott,RB,DAL,14.913333333333332,3,0.25,25,-0.6875,-4.567916666666667,-2
00-0033045,Ezekiel Elliott,RB,2020,DAL,14.913333333333332,3,0.25,25,Ezekiel Elliott,RB,DAL,14.78,3,0.8125,7,0.5625,-0.13333333333333286,0
00-0033045,Ezekiel Elliott,RB,2021,DAL,14.78,3,0.8125,7,Ezekiel Elliott,RB,DAL,12.386666666666668,2,0.71875,10,-0.09375,-2.393333333333331,-1
00-0033060,Leonte Carroo,WR,2016,MIA,2.38,0,0.5,17,Leonte Carroo,WR,MIA,3.475,0,0.09375,30,-0.40625,1.0950000000000002,0
00-0033069,Braxton Miller,WR,2016,HOU,3.433333333333333,0,0.09375,30,Braxton Miller,WR,HOU,4.13,0,0.40625,20,0.3125,0.6966666666666668,0
00-0033077,Dak Prescott,QB,2016,DAL,17.93,3,0.90625,4,Dak Prescott,QB,DAL,16.29125,2,0.6875,11,-0.21875,-1.6387499999999982,-1
00-0033077,Dak Prescott,QB,2017,DAL,16.29125,2,0.6875,11,Dak Prescott,QB,DAL,17.88125,3,0.4375,19,-0.25,1.5899999999999999,1
00-0033077,Dak Prescott,QB,2018,DAL,17.88125,3,0.4375,19,Dak Prescott,QB,DAL,21.11125,4,0.9375,3,0.5,3.229999999999997,1
00-0033077,Dak Prescott,QB,2019,DAL,21.11125,4,0.9375,3,Dak Prescott,QB,DAL,27.168,5,0.25,25,-0.6875,6.056750000000001,1
00-0033077,Dak Prescott,QB,2020,DAL,27.168,5,0.25,25,Dak Prescott,QB,DAL,20.0475,3,0.8125,7,0.5625,-7.1205,-2
00-0033077,Dak Prescott,QB,2021,DAL,20.0475,3,0.8125,7,Dak Prescott,QB,DAL,16.55,2,0.71875,10,-0.09375,-3.4974999999999987,-1
00-0033077,Dak Prescott,QB,2022,DAL,16.55,2,0.71875,10,Dak Prescott,QB,DAL,20.16705882352941,3,0.96875,2,0.25,3.6170588235294083,1
00-0033077,Dak Prescott,QB,2023,DAL,20.16705882352941,3,0.96875,2,Dak Prescott,QB,DAL,14.565,1,0.15625,28,-0.8125,-5.6020588235294095,-2
00-0033077,Dak Prescott,QB,2024,DAL,14.565,1,0.15625,28,Dak Prescott,QB,DAL,18.45764705882353,3,0.875,5,0.71875,3.8926470588235293,2
00-0033079,Ricardo Louis,WR,2016,CLE,5.5,0,0.28125,24,Ricardo Louis,WR,CLE,4.478571428571429,0,0.03125,32,-0.25,-1.0214285714285714,0
00-0033080,Seth DeValve,TE,2016,CLE,4.3375,0,0.28125,24,Seth DeValve,TE,CLE,4.78125,0,0.03125,32,-0.25,0.44374999999999964,0
00-0033080,Seth DeValve,TE,2017,CLE,4.78125,0,0.03125,32,Seth DeValve,TE,CLE,3.68,0,0.40625,20,0.375,-1.1012499999999998,0
00-0033090,Hunter Henry,TE,2016,LAC,9.984615384615385,2,0.53125,16,Hunter Henry,TE,LAC,10.575,3,0.9375,3,0.40625,0.5903846153846146,1
00-0033090,Hunter Henry,TE,2019,LAC,12.516666666666666,4,0.71875,10,Hunter Henry,TE,LAC,10.37857142857143,3,0.5625,15,-0.15625,-2.138095238095236,-1
00-0033090,Hunter Henry,TE,2021,NE,10.26875,2,0.71875,10,Hunter Henry,TE,NE,6.49375,1,0.28125,24,-0.4375,-3.7750000000000004,-1
00-0033090,Hunter Henry,TE,2022,NE,6.49375,1,0.28125,24,Hunter Henry,TE,NE,9.223076923076924,2,0.0625,31,-0.21875,2.7293269230769237,1
00-0033090,Hunter Henry,TE,2023,NE,9.223076923076924,2,0.0625,31,Hunter Henry,TE,NE,9.0875,2,0.1875,27,0.125,-0.1355769230769237,0
00-0033090,Hunter Henry,TE,2024,NE,9.0875,2,0.1875,27,Hunter Henry,TE,NE,10.51764705882353,3,1.0,1,0.8125,1.430147058823529,1
00-0033094,Marvin Hall,WR,2017,ATL,2.333333333333333,0,0.78125,8,Marvin Hall,WR,ATL,2.376923076923077,0,0.78125,8,0.0,0.04358974358974388,0
00-0033094,Marvin Hall,WR,2019,DET,5.685714285714285,0,0.34375,22,Marvin Hall,WR,DET,5.4818181818181815,0,0.40625,20,0.0625,-0.20389610389610358,0
00-0033106,Jared Goff,QB,2016,LA,7.594285714285713,0,0.03125,32,Jared Goff,QB,LA,17.017333333333333,2,0.84375,6,0.8125,9.423047619047619,2
00-0033106,Jared Goff,QB,2017,LA,17.017333333333333,2,0.84375,6,Jared Goff,QB,LA,19.395,3,0.9375,3,0.09375,2.3776666666666664,1
00-0033106,Jared Goff,QB,2018,LA,19.395,3,0.9375,3,Jared Goff,QB,LA,15.47,2,0.4375,19,-0.5,-3.924999999999999,-1
00-0033106,Jared Goff,QB,2019,LA,15.47,2,0.4375,19,Jared Goff,QB,LA,15.998666666666669,2,0.3125,23,-0.125,0.528666666666668,0
00-0033106,Jared Goff,QB,2021,DET,13.892857142857142,1,0.28125,24,Jared Goff,QB,DET,16.736470588235292,2,0.84375,6,0.5625,2.84361344537815,1
00-0033106,Jared Goff,QB,2022,DET,16.736470588235292,2,0.84375,6,Jared Goff,QB,DET,17.00588235294118,2,0.78125,8,-0.0625,0.269411764705886,0
00-0033106,Jared Goff,QB,2023,DET,17.00588235294118,2,0.78125,8,Jared Goff,QB,DET,19.085882352941177,3,0.9375,3,0.15625,2.0799999999999983,1
00-0033106,Jared Goff,QB,2024,DET,19.085882352941177,3,0.9375,3,Jared Goff,QB,DET,17.474117647058822,2,0.75,9,-0.1875,-1.6117647058823543,-1
00-0033110,Tyler Higbee,TE,2016,LA,2.3181818181818183,0,0.03125,32,Tyler Higbee,TE,LA,4.321428571428571,0,0.84375,6,0.8125,2.003246753246753,0
00-0033110,Tyler Higbee,TE,2017,LA,4.321428571428571,0,0.84375,6,Tyler Higbee,TE,LA,4.6571428571428575,0,0.9375,3,0.09375,0.3357142857142863,0
00-0033110,Tyler Higbee,TE,2018,LA,4.6571428571428575,0,0.9375,3,Tyler Higbee,TE,LA,11.457142857142856,3,0.4375,19,-0.5,6.799999999999998,3
00-0033110,Tyler Higbee,TE,2019,LA,11.457142857142856,3,0.4375,19,Tyler Higbee,TE,LA,8.546666666666665,2,0.3125,23,-0.125,-2.9104761904761904,-1
00-0033110,Tyler Higbee,TE,2020,LA,8.546666666666665,2,0.3125,23,Tyler Higbee,TE,LA,9.8,2,0.78125,8,0.46875,1.2533333333333356,0
00-0033110,Tyler Higbee,TE,2021,LA,9.8,2,0.78125,8,Tyler Higbee,TE,LA,9.5,2,0.125,29,-0.65625,-0.3000000000000007,0
00-0033110,Tyler Higbee,TE,2022,LA,9.5,2,0.125,29,Tyler Higbee,TE,LA,7.233333333333333,1,0.75,9,0.625,-2.2666666666666666,-1
00-0033111,Pharoh Cooper,WR,2016,LA,2.825,0,0.03125,32,Pharoh Cooper,WR,LA,2.51,0,0.84375,6,0.8125,-0.3150000000000004,0
00-0033114,Mike Thomas,WR,2016,LA,1.1166666666666667,0,0.03125,32,Mike Thomas,WR,LA,3.575,0,0.84375,6,0.8125,2.4583333333333335,0
00-0033114,Mike Thomas,WR,2020,CIN,3.03,0,0.21875,26,Mike Thomas,WR,CIN,1.457142857142857,0,0.65625,12,0.4375,-1.5728571428571427,0
00-0033114,Mike Thomas,WR,2021,CIN,1.457142857142857,0,0.65625,12,Mike Thomas,WR,CIN,1.95,0,0.875,5,0.21875,0.4928571428571429,0
00-0033118,Kenyan Drake,RB,2016,MIA,3.807692307692308,0,0.5,17,Kenyan Drake,RB,MIA,10.178571428571429,1,0.09375,30,-0.40625,6.3708791208791204,1
00-0033118,Kenyan Drake,RB,2017,MIA,10.178571428571429,1,0.09375,30,Kenyan Drake,RB,MIA,12.1875,2,0.15625,28,0.0625,2.008928571428571,1
00-0033118,Kenyan Drake,RB,2019,ARI,15.3,3,0.65625,12,Kenyan Drake,RB,ARI,12.813333333333333,2,0.59375,14,-0.0625,-2.486666666666668,-1
00-0033119,Jacoby Brissett,QB,2017,IND,12.87,1,0.21875,26,Jacoby Brissett,QB,IND,-0.155,0,0.71875,10,0.5,-13.024999999999999,-1
00-0033119,Jacoby Brissett,QB,2018,IND,-0.155,0,0.71875,10,Jacoby Brissett,QB,IND,14.512,1,0.53125,16,-0.1875,14.667,1
00-0033119,Jacoby Brissett,QB,2019,IND,14.512,1,0.53125,16,Jacoby Brissett,QB,IND,1.8709090909090909,0,0.65625,12,0.125,-12.64109090909091,-1
00-0033127,Will Fuller,WR,2016,HOU,9.121428571428572,1,0.09375,30,Will Fuller,WR,HOU,11.32,2,0.40625,20,0.3125,2.1985714285714284,1
00-0033127,Will Fuller,WR,2017,HOU,11.32,2,0.40625,20,Will Fuller,WR,HOU,15.185714285714283,3,0.53125,16,0.125,3.865714285714283,1
00-0033127,Will Fuller,WR,2018,HOU,15.185714285714283,3,0.53125,16,Will Fuller,WR,HOU,12.181818181818182,2,0.78125,8,0.25,-3.0038961038961016,-1
00-0033127,Will Fuller,WR,2019,HOU,12.181818181818182,2,0.78125,8,Will Fuller,WR,HOU,17.172727272727272,3,0.6875,11,-0.09375,4.99090909090909,1
00-0033217,Mo Alie-Cox,TE,2018,IND,4.0375,0,0.71875,10,Mo Alie-Cox,TE,IND,1.9222222222222225,0,0.53125,16,-0.1875,-2.115277777777777,0
00-0033217,Mo Alie-Cox,TE,2019,IND,1.9222222222222225,0,0.53125,16,Mo Alie-Cox,TE,IND,5.742857142857143,0,0.65625,12,0.125,3.8206349206349204,0
00-0033217,Mo Alie-Cox,TE,2020,IND,5.742857142857143,0,0.65625,12,Mo Alie-Cox,TE,IND,4.68235294117647,0,0.625,13,-0.03125,-1.060504201680673,0
00-0033217,Mo Alie-Cox,TE,2021,IND,4.68235294117647,0,0.625,13,Mo Alie-Cox,TE,IND,3.85,0,0.0625,31,-0.5625,-0.8323529411764699,0
00-0033217,Mo Alie-Cox,TE,2022,IND,3.85,0,0.0625,31,Mo Alie-Cox,TE,IND,3.776923076923077,0,0.53125,16,0.46875,-0.07307692307692326,0
00-0033217,Mo Alie-Cox,TE,2023,IND,3.776923076923077,0,0.53125,16,Mo Alie-Cox,TE,IND,2.725,0,0.28125,24,-0.25,-1.0519230769230767,0
00-0033217,Mo Alie-Cox,TE,2024,IND,2.725,0,0.28125,24,Mo Alie-Cox,TE,IND,2.790909090909091,0,0.8125,7,0.53125,0.06590909090909092,0
00-0033246,Johnny Mundt,TE,2022,MIN,3.0,0,0.5,17,Johnny Mundt,TE,MIN,4.466666666666667,0,0.5,17,0.0,1.4666666666666668,0
00-0033246,Johnny Mundt,TE,2023,MIN,4.466666666666667,0,0.5,17,Johnny Mundt,TE,MIN,3.476923076923077,0,0.59375,14,0.09375,-0.9897435897435898,0
00-0033251,Zach Pascal,WR,2018,IND,6.072727272727272,0,0.71875,10,Zach Pascal,WR,IND,9.664285714285716,1,0.53125,16,-0.1875,3.591558441558444,1
00-0033251,Zach Pascal,WR,2019,IND,9.664285714285716,1,0.53125,16,Zach Pascal,WR,IND,8.55625,0,0.65625,12,0.125,-1.108035714285716,-1
00-0033251,Zach Pascal,WR,2020,IND,8.55625,0,0.65625,12,Zach Pascal,WR,IND,5.96875,0,0.625,13,-0.03125,-2.5875000000000004,0
00-0033275,PJ Walker,QB,2020,CAR,2.13,0,0.4375,19,PJ Walker,QB,CAR,2.756,0,0.09375,30,-0.34375,0.6259999999999999,0
00-0033275,PJ Walker,QB,2021,CAR,2.756,0,0.09375,30,PJ Walker,QB,CAR,6.523333333333333,0,0.34375,22,0.25,3.7673333333333336,0
00-0033280,Christian McCaffrey,RB,2017,CAR,14.2875,3,0.625,13,Christian McCaffrey,RB,CAR,24.09375,5,0.75,9,0.125,9.80625,2
00-0033280,Christian McCaffrey,RB,2018,CAR,24.09375,5,0.75,9,Christian McCaffrey,RB,CAR,29.4625,5,0.15625,28,-0.59375,5.368749999999999,0
00-0033280,Christian McCaffrey,RB,2022,SF,20.938823529411764,5,0.90625,4,Christian McCaffrey,RB,SF,24.45625,5,1.0,1,0.09375,3.517426470588237,0
00-0033280,Christian McCaffrey,RB,2023,SF,24.45625,5,1.0,1,Christian McCaffrey,RB,SF,11.95,2,0.6875,11,-0.3125,-12.506250000000001,-3
00-0033280,Christian McCaffrey,RB,2024,SF,11.95,2,0.6875,11,Christian McCaffrey,RB,SF,24.38823529411765,5,0.84375,6,0.15625,12.43823529411765,3
00-0033282,Curtis Samuel,WR,2017,CAR,4.1125,0,0.625,13,Curtis Samuel,WR,CAR,11.566666666666668,2,0.75,9,0.125,7.454166666666668,2
00-0033282,Curtis Samuel,WR,2018,CAR,11.566666666666668,2,0.75,9,Curtis Samuel,WR,CAR,10.73125,1,0.15625,28,-0.59375,-0.8354166666666689,-1
00-0033282,Curtis Samuel,WR,2019,CAR,10.73125,1,0.15625,28,Curtis Samuel,WR,CAR,14.16,2,0.4375,19,0.28125,3.428750000000001,1
00-0033282,Curtis Samuel,WR,2021,WAS,1.96,0,0.375,21,Curtis Samuel,WR,WAS,10.370588235294118,1,0.21875,26,-0.15625,8.410588235294117,1
00-0033282,Curtis Samuel,WR,2022,WAS,10.370588235294118,1,0.21875,26,Curtis Samuel,WR,WAS,9.825,1,0.25,25,0.03125,-0.5455882352941188,0
00-0033282,Curtis Samuel,WR,2024,BUF,4.55,0,0.96875,2,Curtis Samuel,WR,BUF,4.220000000000001,0,0.9375,3,-0.03125,-0.3299999999999992,0
00-0033288,George Kittle,TE,2017,SF,7.1,1,0.53125,16,George Kittle,TE,SF,16.16875,5,0.375,21,-0.15625,9.06875,4
00-0033288,George Kittle,TE,2018,SF,16.16875,5,0.375,21,George Kittle,TE,SF,15.892857142857142,5,0.875,5,0.5,-0.27589285714285694,0
00-0033288,George Kittle,TE,2019,SF,15.892857142857142,5,0.875,5,George Kittle,TE,SF,15.6375,5,0.375,21,-0.5,-0.25535714285714306,0
00-0033288,George Kittle,TE,2020,SF,15.6375,5,0.375,21,George Kittle,TE,SF,14.142857142857142,4,0.84375,6,0.46875,-1.494642857142857,-1
00-0033288,George Kittle,TE,2021,SF,14.142857142857142,4,0.84375,6,George Kittle,TE,SF,13.366666666666667,4,0.90625,4,0.0625,-0.7761904761904752,0
00-0033288,George Kittle,TE,2022,SF,13.366666666666667,4,0.90625,4,George Kittle,TE,SF,12.7,4,1.0,1,0.09375,-0.6666666666666679,0
00-0033288,George Kittle,TE,2023,SF,12.7,4,1.0,1,George Kittle,TE,SF,15.773333333333332,5,0.6875,11,-0.3125,3.0733333333333324,1
00-0033288,George Kittle,TE,2024,SF,15.773333333333332,5,0.6875,11,George Kittle,TE,SF,14.681818181818182,4,0.84375,6,0.15625,-1.09151515151515,-1
00-0033292,Trent Taylor,WR,2017,SF,6.533333333333333,0,0.53125,16,Trent Taylor,WR,SF,4.269230769230769,0,0.375,21,-0.15625,-2.264102564102564,0
00-0033293,Aaron Jones,RB,2017,GB,8.0,0,0.59375,14,Aaron Jones,RB,GB,14.283333333333331,3,0.6875,11,0.09375,6.283333333333331,3
00-0033293,Aaron Jones,RB,2018,GB,14.283333333333331,3,0.6875,11,Aaron Jones,RB,GB,19.675,5,0.8125,7,0.125,5.391666666666669,2
00-0033293,Aaron Jones,RB,2019,GB,19.675,5,0.8125,7,Aaron Jones,RB,GB,18.49285714285714,4,1.0,1,0.1875,-1.1821428571428605,-1
00-0033293,Aaron Jones,RB,2020,GB,18.49285714285714,4,1.0,1,Aaron Jones,RB,GB,15.266666666666667,3,0.9375,3,-0.0625,-3.2261904761904727,-1
00-0033293,Aaron Jones,RB,2021,GB,15.266666666666667,3,0.9375,3,Aaron Jones,RB,GB,14.623529411764704,3,0.6875,11,-0.25,-0.6431372549019638,0
00-0033293,Aaron Jones,RB,2022,GB,14.623529411764704,3,0.6875,11,Aaron Jones,RB,GB,12.263636363636364,2,0.875,5,0.1875,-2.35989304812834,-1
00-0033293,Aaron Jones,RB,2024,MIN,14.211764705882352,3,0.59375,14,Aaron Jones,RB,MIN,9.891666666666667,1,0.15625,28,-0.4375,-4.320098039215685,-2
00-0033295,Elijah McGuire,RB,2017,NYJ,5.226666666666668,0,0.28125,24,Elijah McGuire,RB,NYJ,10.7375,1,0.125,29,-0.15625,5.510833333333332,1
00-0033296,Alex Armah,RB,2018,CAR,1.875,0,0.75,9,Alex Armah,RB,CAR,1.6166666666666665,0,0.15625,28,-0.59375,-0.2583333333333335,0
00-0033296,Alex Armah,RB,2019,CAR,1.6166666666666665,0,0.15625,28,Alex Armah,RB,CAR,0.6416666666666667,0,0.4375,19,0.28125,-0.9749999999999998,0
00-0033307,Kendrick Bourne,WR,2017,SF,4.17,0,0.53125,16,Kendrick Bourne,WR,SF,7.16875,0,0.375,21,-0.15625,2.9987500000000002,0
00-0033307,Kendrick Bourne,WR,2018,SF,7.16875,0,0.375,21,Kendrick Bourne,WR,SF,6.1125,0,0.875,5,0.5,-1.0562500000000004,0
00-0033307,Kendrick Bourne,WR,2019,SF,6.1125,0,0.875,5,Kendrick Bourne,WR,SF,8.646666666666667,0,0.375,21,-0.5,2.5341666666666667,0
00-0033307,Kendrick Bourne,WR,2021,NE,10.617647058823527,1,0.71875,10,Kendrick Bourne,WR,NE,5.51875,0,0.28125,24,-0.4375,-5.098897058823527,-1
00-0033307,Kendrick Bourne,WR,2022,NE,5.51875,0,0.28125,24,Kendrick Bourne,WR,NE,12.5,2,0.0625,31,-0.21875,6.98125,2
00-0033307,Kendrick Bourne,WR,2023,NE,12.5,2,0.0625,31,Kendrick Bourne,WR,NE,5.425,0,0.1875,27,0.125,-7.075,-2
00-0033308,Matt Breida,RB,2017,SF,6.46875,0,0.53125,16,Matt Breida,RB,SF,11.607142857142858,2,0.375,21,-0.15625,5.138392857142858,2
00-0033308,Matt Breida,RB,2018,SF,11.607142857142858,2,0.375,21,Matt Breida,RB,SF,8.608333333333333,0,0.875,5,0.5,-2.998809523809525,-2
00-0033308,Matt Breida,RB,2022,NYG,3.5176470588235293,0,0.75,9,Matt Breida,RB,NYG,3.1266666666666665,0,0.09375,30,-0.65625,-0.39098039215686287,0
00-0033319,Nick Mullens,QB,2022,MIN,2.94,0,0.5,17,Nick Mullens,QB,MIN,13.348,1,0.5,17,0.0,10.408000000000001,1
00-0033319,Nick Mullens,QB,2023,MIN,13.348,1,0.5,17,Nick Mullens,QB,MIN,0.33,0,0.59375,14,0.09375,-13.018,-1
00-0033357,Taysom Hill,TE,2018,NO,2.581538461538462,0,0.96875,2,Taysom Hill,TE,NO,6.3875,1,0.90625,4,-0.0625,3.8059615384615384,1
00-0033357,Taysom Hill,TE,2019,NO,6.3875,1,0.90625,4,Taysom Hill,TE,NO,9.78875,2,0.78125,8,-0.125,3.40125,1
00-0033357,Taysom Hill,TE,2020,NO,9.78875,2,0.78125,8,Taysom Hill,TE,NO,10.143333333333333,2,0.25,25,-0.53125,0.35458333333333236,0
00-0033357,Taysom Hill,TE,2021,NO,10.143333333333333,2,0.25,25,Taysom Hill,TE,NO,9.1125,2,0.375,21,0.125,-1.030833333333332,0
00-0033357,Taysom Hill,TE,2022,NO,9.1125,2,0.375,21,Taysom Hill,TE,NO,8.97,2,0.59375,14,0.21875,-0.14250000000000007,0
00-0033357,Taysom Hill,TE,2023,NO,8.97,2,0.59375,14,Taysom Hill,TE,NO,12.7925,4,0.25,25,-0.34375,3.8225,2
00-0033357,Taysom Hill,TE,2024,NO,12.7925,4,0.25,25,Taysom Hill,TE,NO,3.213846153846154,0,0.1875,27,-0.0625,-9.578653846153847,-4
00-0033367,C.J. Board,WR,2020,NYG,2.3777777777777778,0,0.09375,30,C.J. Board,WR,NYG,2.425,0,0.03125,32,-0.0625,0.047222222222222054,0
00-0033375,Tim Patrick,WR,2018,DEN,6.0200000000000005,0,0.34375,22,Tim Patrick,WR,DEN,5.4,0,0.3125,23,-0.03125,-0.6200000000000001,0
00-0033375,Tim Patrick,WR,2019,DEN,5.4,0,0.3125,23,Tim Patrick,WR,DEN,10.746666666666666,1,0.0625,31,-0.25,5.346666666666666,1
00-0033375,Tim Patrick,WR,2020,DEN,10.746666666666666,1,0.0625,31,Tim Patrick,WR,DEN,9.775,1,0.53125,16,0.46875,-0.9716666666666658,0
00-0033376,Patrick Ricard,RB,2019,BAL,2.671428571428572,0,1.0,1,Patrick Ricard,RB,BAL,2.175,0,0.84375,6,-0.15625,-0.49642857142857233,0
00-0033376,Patrick Ricard,RB,2020,BAL,2.175,0,0.84375,6,Patrick Ricard,RB,BAL,2.957142857142857,0,0.4375,19,-0.40625,0.782142857142857,0
00-0033376,Patrick Ricard,RB,2021,BAL,2.957142857142857,0,0.4375,19,Patrick Ricard,RB,BAL,1.6666666666666667,0,0.53125,16,0.09375,-1.29047619047619,0
00-0033376,Patrick Ricard,RB,2022,BAL,1.6666666666666667,0,0.53125,16,Patrick Ricard,RB,BAL,2.7,0,0.84375,6,0.3125,1.0333333333333334,0
00-0033376,Patrick Ricard,RB,2023,BAL,2.7,0,0.84375,6,Patrick Ricard,RB,BAL,2.24,0,1.0,1,0.15625,-0.45999999999999996,0
00-0033387,Jacob Hollister,TE,2019,SEA,9.39,2,0.625,13,Jacob Hollister,TE,SEA,5.06923076923077,0,0.8125,7,0.1875,-4.320769230769231,-2
00-0033439,Pharaoh Brown,TE,2020,HOU,5.2875,0,0.6875,11,Pharaoh Brown,TE,HOU,3.1750000000000003,0,0.0625,31,-0.625,-2.1124999999999994,0
00-0033455,Anthony Firkser,TE,2018,TEN,5.9375,1,0.28125,24,Anthony Firkser,TE,TEN,4.04,0,0.84375,6,0.5625,-1.8975,-1
00-0033455,Anthony Firkser,TE,2019,TEN,4.04,0,0.84375,6,Anthony Firkser,TE,TEN,5.58,0,0.96875,2,0.125,1.54,0
00-0033455,Anthony Firkser,TE,2020,TEN,5.58,0,0.96875,2,Anthony Firkser,TE,TEN,4.873333333333333,0,0.5625,15,-0.40625,-0.706666666666667,0
00-0033460,John Ross,WR,2018,CIN,6.530769230769232,0,0.46875,18,John Ross,WR,CIN,11.875,2,0.125,29,-0.34375,5.344230769230768,2
00-0033466,Isaiah McKenzie,WR,2018,BUF,9.083333333333334,1,0.0625,31,Isaiah McKenzie,WR,BUF,5.275,0,0.40625,20,0.34375,-3.8083333333333336,-1
00-0033466,Isaiah McKenzie,WR,2019,BUF,5.275,0,0.40625,20,Isaiah McKenzie,WR,BUF,6.6386666666666665,0,0.90625,4,0.5,1.3636666666666661,0
00-0033466,Isaiah McKenzie,WR,2020,BUF,6.6386666666666665,0,0.90625,4,Isaiah McKenzie,WR,BUF,4.954545454545454,0,0.90625,4,0.0,-1.6841212121212124,0
00-0033466,Isaiah McKenzie,WR,2021,BUF,4.954545454545454,0,0.90625,4,Isaiah McKenzie,WR,BUF,7.986666666666666,0,0.96875,2,0.0625,3.032121212121212,0
00-0033471,Isaiah Ford,WR,2019,MIA,6.0625,0,0.21875,26,Isaiah Ford,WR,MIA,6.177777777777778,0,0.46875,18,0.25,0.11527777777777803,0
00-0033471,Isaiah Ford,WR,2020,MIA,6.177777777777778,0,0.46875,18,Isaiah Ford,WR,MIA,4.01,0,0.34375,22,-0.125,-2.1677777777777782,0
00-0033526,Samaje Perine,RB,2017,WAS,8.346153846153847,0,0.4375,19,Samaje Perine,RB,WAS,1.675,0,0.21875,26,-0.21875,-6.671153846153847,0
00-0033526,Samaje Perine,RB,2020,CIN,5.972727272727273,0,0.21875,26,Samaje Perine,RB,CIN,5.546666666666667,0,0.65625,12,0.4375,-0.4260606060606058,0
00-0033526,Samaje Perine,RB,2021,CIN,5.546666666666667,0,0.65625,12,Samaje Perine,RB,CIN,8.88125,1,0.875,5,0.21875,3.334583333333333,1
00-0033528,Jeremy Sprinkle,TE,2018,WAS,3.02,0,0.21875,26,Jeremy Sprinkle,TE,WAS,3.74,0,0.09375,30,-0.125,0.7200000000000002,0
00-0033536,Mike Williams,WR,2017,LAC,2.2777777777777777,0,0.9375,3,Mike Williams,WR,LAC,11.2625,2,0.90625,4,-0.03125,8.98472222222222,2
00-0033536,Mike Williams,WR,2018,LAC,11.2625,2,0.90625,4,Mike Williams,WR,LAC,10.753333333333334,1,0.71875,10,-0.1875,-0.5091666666666654,-1
00-0033536,Mike Williams,WR,2019,LAC,10.753333333333334,1,0.71875,10,Mike Williams,WR,LAC,10.978571428571428,1,0.5625,15,-0.15625,0.2252380952380939,0
00-0033536,Mike Williams,WR,2020,LAC,10.978571428571428,1,0.5625,15,Mike Williams,WR,LAC,15.4125,3,0.875,5,0.3125,4.433928571428572,2
00-0033536,Mike Williams,WR,2021,LAC,15.4125,3,0.875,5,Mike Williams,WR,LAC,13.576923076923077,2,0.5625,15,-0.3125,-1.835576923076923,-1
00-0033537,Deshaun Watson,QB,2017,HOU,24.15142857142857,5,0.40625,20,Deshaun Watson,QB,HOU,20.73125,4,0.53125,16,0.125,-3.420178571428572,-1
00-0033537,Deshaun Watson,QB,2018,HOU,20.73125,4,0.53125,16,Deshaun Watson,QB,HOU,21.398666666666667,4,0.78125,8,0.25,0.6674166666666679,0
00-0033537,Deshaun Watson,QB,2019,HOU,21.398666666666667,4,0.78125,8,Deshaun Watson,QB,HOU,23.0825,4,0.6875,11,-0.09375,1.6838333333333324,0
00-0033537,Deshaun Watson,QB,2022,CLE,14.263333333333334,1,0.625,13,Deshaun Watson,QB,CLE,14.566666666666668,1,0.15625,28,-0.46875,0.30333333333333456,0
00-0033537,Deshaun Watson,QB,2023,CLE,14.566666666666668,1,0.15625,28,Deshaun Watson,QB,CLE,10.96,1,0.03125,32,-0.125,-3.6066666666666674,0
00-0033553,James Conner,RB,2017,PIT,1.2,0,0.875,5,James Conner,RB,PIT,21.53846153846154,5,0.875,5,0.0,20.33846153846154,5
00-0033553,James Conner,RB,2018,PIT,21.53846153846154,5,0.875,5,James Conner,RB,PIT,14.55,3,0.0625,31,-0.8125,-6.988461538461539,-2
00-0033553,James Conner,RB,2019,PIT,14.55,3,0.0625,31,James Conner,RB,PIT,12.66153846153846,2,0.5,17,0.4375,-1.8884615384615415,-1
00-0033553,James Conner,RB,2021,ARI,17.12,4,0.75,9,James Conner,RB,ARI,15.4,3,0.15625,28,-0.59375,-1.7200000000000006,-1
00-0033553,James Conner,RB,2022,ARI,15.4,3,0.15625,28,James Conner,RB,ARI,15.5,3,0.34375,22,0.1875,0.09999999999999964,0
00-0033553,James Conner,RB,2023,ARI,15.5,3,0.34375,22,James Conner,RB,ARI,15.8875,3,0.71875,10,0.375,0.3874999999999993,0
00-0033555,Mack Hollins,WR,2020,MIA,4.177777777777778,0,0.46875,18,Mack Hollins,WR,MIA,4.638461538461538,0,0.34375,22,-0.125,0.46068376068375994,0
00-0033556,Tarik Cohen,RB,2017,CHI,9.5275,1,0.15625,28,Tarik Cohen,RB,CHI,14.62125,3,0.625,13,0.46875,5.09375,2
00-0033556,Tarik Cohen,RB,2018,CHI,14.62125,3,0.625,13,Tarik Cohen,RB,CHI,10.11875,1,0.1875,27,-0.4375,-4.5024999999999995,-2
00-0033559,Michael Roberts,TE,2017,DET,1.72,0,0.46875,18,Michael Roberts,TE,DET,5.285714285714286,0,0.3125,23,-0.15625,3.565714285714286,0
00-0033567,Brian Hill,RB,2018,ATL,3.9,0,0.78125,8,Brian Hill,RB,ATL,6.720000000000001,0,0.59375,14,-0.1875,2.8200000000000007,0
00-0033567,Brian Hill,RB,2019,ATL,6.720000000000001,0,0.59375,14,Brian Hill,RB,ATL,5.9625,0,0.53125,16,-0.0625,-0.7575000000000003,0
00-0033572,Jamal Agnew,WR,2021,JAX,10.857142857142858,1,0.15625,28,Jamal Agnew,WR,JAX,5.021428571428571,0,0.78125,8,0.625,-5.835714285714286,-1
00-0033572,Jamal Agnew,WR,2022,JAX,5.021428571428571,0,0.78125,8,Jamal Agnew,WR,JAX,5.0375,0,0.4375,19,-0.34375,0.016071428571428292,0
00-0033576,Eric Saubert,TE,2021,DEN,2.671428571428572,0,0.53125,16,Eric Saubert,TE,DEN,3.2545454545454544,0,0.1875,27,-0.34375,0.5831168831168823,0
00-0033589,David Moore,WR,2018,SEA,7.214285714285714,0,0.84375,6,David Moore,WR,SEA,4.584615384615384,0,0.625,13,-0.21875,-2.62967032967033,0
00-0033589,David Moore,WR,2019,SEA,4.584615384615384,0,0.625,13,David Moore,WR,SEA,7.425,0,0.8125,7,0.1875,2.8403846153846155,0
00-0033591,Noah Brown,WR,2017,DAL,1.042857142857143,0,0.6875,11,Noah Brown,WR,DAL,2.08,0,0.4375,19,-0.25,1.0371428571428571,0
00-0033591,Noah Brown,WR,2020,DAL,3.311111111111112,0,0.25,25,Noah Brown,WR,DAL,3.822222222222222,0,0.8125,7,0.5625,0.5111111111111102,0
00-0033591,Noah Brown,WR,2021,DAL,3.822222222222222,0,0.8125,7,Noah Brown,WR,DAL,7.633333333333334,0,0.71875,10,-0.09375,3.811111111111112,0
00-0033591,Noah Brown,WR,2024,WAS,7.845454545454545,0,0.90625,4,Noah Brown,WR,WAS,3.325,0,0.53125,16,-0.375,-4.520454545454545,0
00-0033594,Chris Carson,RB,2017,SEA,9.925,1,0.5625,15,Chris Carson,RB,SEA,14.385714285714286,3,0.84375,6,0.28125,4.460714285714285,2
00-0033594,Chris Carson,RB,2018,SEA,14.385714285714286,3,0.84375,6,Chris Carson,RB,SEA,15.506666666666666,3,0.625,13,-0.21875,1.1209523809523798,0
00-0033594,Chris Carson,RB,2019,SEA,15.506666666666666,3,0.625,13,Chris Carson,RB,SEA,15.65,3,0.8125,7,0.1875,0.14333333333333442,0
00-0033594,Chris Carson,RB,2020,SEA,15.65,3,0.8125,7,Chris Carson,RB,SEA,12.025,2,0.59375,14,-0.21875,-3.625,-1
00-0033611,Ricky Seals-Jones,TE,2017,ARI,6.2625,1,0.0625,31,Ricky Seals-Jones,TE,ARI,4.953333333333333,0,0.03125,32,-0.03125,-1.309166666666667,-1
00-0033658,Blake Jarwin,TE,2018,DAL,6.308333333333334,1,0.4375,19,Blake Jarwin,TE,DAL,5.7,0,0.9375,3,0.5,-0.6083333333333334,-1
00-0033662,Cooper Rush,QB,2021,DAL,6.02,0,0.8125,7,Cooper Rush,QB,DAL,7.08,0,0.71875,10,-0.09375,1.0600000000000005,0
00-0033662,Cooper Rush,QB,2022,DAL,7.08,0,0.71875,10,Cooper Rush,QB,DAL,0.4657142857142857,0,0.96875,2,0.25,-6.614285714285715,0
00-0033662,Cooper Rush,QB,2023,DAL,0.4657142857142857,0,0.96875,2,Cooper Rush,QB,DAL,8.963333333333333,0,0.15625,28,-0.8125,8.497619047619047,0
00-0033681,Keelan Cole,WR,2017,JAX,8.3,0,0.71875,10,Keelan Cole,WR,JAX,6.8538461538461535,0,0.09375,30,-0.625,-1.4461538461538472,0
00-0033681,Keelan Cole,WR,2018,JAX,6.8538461538461535,0,0.09375,30,Keelan Cole,WR,JAX,6.558333333333334,0,0.28125,24,0.1875,-0.2955128205128199,0
00-0033681,Keelan Cole,WR,2019,JAX,6.558333333333334,0,0.28125,24,Keelan Cole,WR,JAX,9.7125,1,0.1875,27,-0.09375,3.154166666666667,1
00-0033699,Austin Ekeler,RB,2017,LAC,8.223076923076924,0,0.9375,3,Austin Ekeler,RB,LAC,12.05714285714286,2,0.90625,4,-0.03125,3.8340659340659364,2
00-0033699,Austin Ekeler,RB,2018,LAC,12.05714285714286,2,0.90625,4,Austin Ekeler,RB,LAC,19.3125,5,0.71875,10,-0.1875,7.2553571428571395,3
00-0033699,Austin Ekeler,RB,2019,LAC,19.3125,5,0.71875,10,Austin Ekeler,RB,LAC,16.53,4,0.5625,15,-0.15625,-2.782499999999999,-1
00-0033699,Austin Ekeler,RB,2020,LAC,16.53,4,0.5625,15,Austin Ekeler,RB,LAC,21.5,5,0.875,5,0.3125,4.969999999999999,1
00-0033699,Austin Ekeler,RB,2021,LAC,21.5,5,0.875,5,Austin Ekeler,RB,LAC,21.84117647058824,5,0.5625,15,-0.3125,0.3411764705882412,0
00-0033699,Austin Ekeler,RB,2022,LAC,21.84117647058824,5,0.5625,15,Austin Ekeler,RB,LAC,13.157142857142857,2,0.28125,24,-0.28125,-8.684033613445385,-3
00-0033725,Corey Clement,RB,2017,PHI,6.614285714285714,0,0.8125,7,Corey Clement,RB,PHI,7.390909090909091,0,0.59375,14,-0.21875,0.7766233766233768,0
00-0033733,Greg Ward,WR,2019,PHI,9.983333333333333,1,0.5,17,Greg Ward,WR,PHI,8.31875,0,0.125,29,-0.375,-1.6645833333333329,-1
00-0033733,Greg Ward,WR,2020,PHI,8.31875,0,0.125,29,Greg Ward,WR,PHI,4.94,0,0.6875,11,0.5625,-3.3787499999999993,0
00-0033757,Robert Tonyan,TE,2018,GB,3.54,0,0.6875,11,Robert Tonyan,TE,GB,2.888888888888889,0,0.8125,7,0.125,-0.6511111111111112,0
00-0033757,Robert Tonyan,TE,2019,GB,2.888888888888889,0,0.8125,7,Robert Tonyan,TE,GB,11.773333333333332,4,1.0,1,0.1875,8.884444444444442,4
00-0033757,Robert Tonyan,TE,2020,GB,11.773333333333332,4,1.0,1,Robert Tonyan,TE,GB,6.3,1,0.9375,3,-0.0625,-5.473333333333332,-3
00-0033757,Robert Tonyan,TE,2021,GB,6.3,1,0.9375,3,Robert Tonyan,TE,GB,6.552941176470589,1,0.6875,11,-0.25,0.2529411764705891,0
00-0033839,Dede Westbrook,WR,2017,JAX,9.55714285714286,1,0.71875,10,Dede Westbrook,WR,JAX,11.33125,2,0.09375,30,-0.625,1.7741071428571402,1
00-0033839,Dede Westbrook,WR,2018,JAX,11.33125,2,0.09375,30,Dede Westbrook,WR,JAX,10.453333333333337,1,0.28125,24,0.1875,-0.877916666666664,-1
00-0033854,Dare Ogunbowale,RB,2020,JAX,4.271428571428571,0,0.1875,27,Dare Ogunbowale,RB,JAX,5.01,0,0.15625,28,-0.03125,0.7385714285714284,0
00-0033854,Dare Ogunbowale,RB,2022,HOU,4.427272727272728,0,0.03125,32,Dare Ogunbowale,RB,HOU,1.2166666666666666,0,0.46875,18,0.4375,-3.210606060606061,0
00-0033854,Dare Ogunbowale,RB,2023,HOU,1.2166666666666666,0,0.46875,18,Dare Ogunbowale,RB,HOU,3.733333333333333,0,0.375,21,-0.09375,2.5166666666666666,0
00-0033854,Dare Ogunbowale,RB,2024,HOU,3.733333333333333,0,0.375,21,Dare Ogunbowale,RB,HOU,2.677777777777778,0,0.34375,22,-0.03125,-1.055555555555555,0
00-0033856,Leonard Fournette,RB,2017,JAX,17.707692307692305,4,0.71875,10,Leonard Fournette,RB,JAX,15.05,3,0.09375,30,-0.625,-2.6576923076923045,-1
00-0033856,Leonard Fournette,RB,2018,JAX,15.05,3,0.09375,30,Leonard Fournette,RB,JAX,17.28666666666667,4,0.28125,24,0.1875,2.236666666666668,1
00-0033856,Leonard Fournette,RB,2020,TB,11.0,2,0.875,5,Leonard Fournette,RB,TB,18.257142857142856,4,1.0,1,0.125,7.257142857142856,2
00-0033856,Leonard Fournette,RB,2021,TB,18.257142857142856,4,1.0,1,Leonard Fournette,RB,TB,14.13125,3,0.40625,20,-0.59375,-4.125892857142857,-1
00-0033857,JuJu Smith-Schuster,WR,2017,PIT,15.207692307692309,3,0.875,5,JuJu Smith-Schuster,WR,PIT,18.2875,4,0.875,5,0.0,3.0798076923076927,1
00-0033857,JuJu Smith-Schuster,WR,2018,PIT,18.2875,4,0.875,5,JuJu Smith-Schuster,WR,PIT,9.433333333333334,1,0.0625,31,-0.8125,-8.854166666666668,-3
00-0033857,JuJu Smith-Schuster,WR,2019,PIT,9.433333333333334,1,0.0625,31,JuJu Smith-Schuster,WR,PIT,14.63125,2,0.5,17,0.4375,5.197916666666666,1
00-0033857,JuJu Smith-Schuster,WR,2020,PIT,14.63125,2,0.5,17,JuJu Smith-Schuster,WR,PIT,6.959999999999999,0,0.3125,23,-0.1875,-7.671250000000001,-2
00-0033857,JuJu Smith-Schuster,WR,2024,KC,4.827272727272727,0,0.75,9,JuJu Smith-Schuster,WR,KC,4.59375,0,0.6875,11,-0.0625,-0.23352272727272716,0
00-0033858,Jonnu Smith,TE,2017,TEN,3.515384615384616,0,0.34375,22,Jonnu Smith,TE,TEN,5.8,0,0.28125,24,-0.0625,2.2846153846153836,0
00-0033858,Jonnu Smith,TE,2018,TEN,5.8,0,0.28125,24,Jonnu Smith,TE,TEN,6.98,1,0.84375,6,0.5625,1.1800000000000006,1
00-0033858,Jonnu Smith,TE,2019,TEN,6.98,1,0.84375,6,Jonnu Smith,TE,TEN,10.014285714285714,2,0.96875,2,0.125,3.034285714285714,1
00-0033858,Jonnu Smith,TE,2021,NE,4.493333333333334,0,0.71875,10,Jonnu Smith,TE,NE,4.333333333333333,0,0.28125,24,-0.4375,-0.16000000000000103,0
00-0033869,Mitchell Trubisky,QB,2017,CHI,11.226666666666668,1,0.15625,28,Mitchell Trubisky,QB,CHI,18.787142857142857,3,0.625,13,0.46875,7.560476190476189,2
00-0033869,Mitchell Trubisky,QB,2018,CHI,18.787142857142857,3,0.625,13,Mitchell Trubisky,QB,CHI,13.521333333333333,1,0.1875,27,-0.4375,-5.265809523809525,-2
00-0033869,Mitchell Trubisky,QB,2019,CHI,13.521333333333333,1,0.1875,27,Mitchell Trubisky,QB,CHI,15.37,2,0.28125,24,0.09375,1.8486666666666665,1
00-0033869,Mitchell Trubisky,QB,2022,PIT,10.554285714285712,1,0.65625,12,Mitchell Trubisky,QB,PIT,9.736,0,0.3125,23,-0.34375,-0.818285714285711,-1
00-0033869,Mitchell Trubisky,QB,2024,BUF,1.9075,0,0.96875,2,Mitchell Trubisky,QB,BUF,7.78,0,0.9375,3,-0.03125,5.8725000000000005,0
00-0033871,Corey Davis,WR,2017,TEN,6.318181818181818,0,0.34375,22,Corey Davis,WR,TEN,11.475,2,0.28125,24,-0.0625,5.156818181818181,2
00-0033871,Corey Davis,WR,2018,TEN,11.475,2,0.28125,24,Corey Davis,WR,TEN,7.673333333333333,0,0.84375,6,0.5625,-3.8016666666666667,-2
00-0033871,Corey Davis,WR,2019,TEN,7.673333333333333,0,0.84375,6,Corey Davis,WR,TEN,13.671428571428573,2,0.96875,2,0.125,5.99809523809524,2
00-0033871,Corey Davis,WR,2021,NYJ,11.68888888888889,2,0.21875,26,Corey Davis,WR,NYJ,7.507692307692308,0,0.09375,30,-0.125,-4.181196581196582,-2
00-0033873,Patrick Mahomes,QB,2018,KC,26.08,5,1.0,1,Patrick Mahomes,QB,KC,20.502857142857145,3,0.96875,2,-0.03125,-5.577142857142853,-2
00-0033873,Patrick Mahomes,QB,2019,KC,20.502857142857145,3,0.96875,2,Patrick Mahomes,QB,KC,25.44,5,0.9375,3,-0.03125,4.937142857142856,2
00-0033873,Patrick Mahomes,QB,2020,KC,25.44,5,0.9375,3,Patrick Mahomes,QB,KC,21.285882352941176,4,0.96875,2,0.03125,-4.1541176470588255,-1
00-0033873,Patrick Mahomes,QB,2021,KC,21.285882352941176,4,0.96875,2,Patrick Mahomes,QB,KC,24.564705882352943,5,1.0,1,0.03125,3.278823529411767,1
00-0033873,Patrick Mahomes,QB,2022,KC,24.564705882352943,5,1.0,1,Patrick Mahomes,QB,KC,17.51375,2,0.6875,11,-0.3125,-7.050955882352941,-3
00-0033873,Patrick Mahomes,QB,2023,KC,17.51375,2,0.6875,11,Patrick Mahomes,QB,KC,17.68875,3,0.75,9,0.0625,0.17499999999999716,1
00-0033873,Patrick Mahomes,QB,2024,KC,17.68875,3,0.75,9,Patrick Mahomes,QB,KC,20.40571428571429,3,0.6875,11,-0.0625,2.7169642857142904,0
00-0033879,O.J. Howard,TE,2017,TB,7.784615384615384,1,0.65625,12,O.J. Howard,TE,TB,12.05,4,0.65625,12,0.0,4.265384615384617,3
00-0033879,O.J. Howard,TE,2018,TB,12.05,4,0.65625,12,O.J. Howard,TE,TB,6.991666666666667,1,0.46875,18,-0.1875,-5.058333333333334,-3
00-0033879,O.J. Howard,TE,2019,TB,6.991666666666667,1,0.46875,18,O.J. Howard,TE,TB,9.4,2,0.875,5,0.40625,2.408333333333333,1
00-0033879,O.J. Howard,TE,2020,TB,9.4,2,0.875,5,O.J. Howard,TE,TB,3.7222222222222223,0,1.0,1,0.125,-5.677777777777778,-2
00-0033881,Evan Engram,TE,2017,NYG,11.573333333333332,3,0.1875,27,Evan Engram,TE,NYG,11.481818181818182,3,0.5,17,0.3125,-0.09151515151515,0
00-0033881,Evan Engram,TE,2018,NYG,11.481818181818182,3,0.5,17,Evan Engram,TE,NYG,13.675,4,0.25,25,-0.25,2.1931818181818183,1
00-0033881,Evan Engram,TE,2019,NYG,13.675,4,0.25,25,Evan Engram,TE,NYG,8.8125,2,0.09375,30,-0.15625,-4.862500000000001,-2
00-0033881,Evan Engram,TE,2020,NYG,8.8125,2,0.09375,30,Evan Engram,TE,NYG,6.833333333333333,1,0.03125,32,-0.0625,-1.979166666666667,-1
00-0033881,Evan Engram,TE,2022,JAX,10.405882352941177,3,0.78125,8,Evan Engram,TE,JAX,13.547058823529412,4,0.4375,19,-0.34375,3.141176470588235,1
00-0033881,Evan Engram,TE,2023,JAX,13.547058823529412,4,0.4375,19,Evan Engram,TE,JAX,9.944444444444445,2,0.4375,19,0.0,-3.602614379084967,-2
00-0033885,David Njoku,TE,2017,CLE,5.91875,1,0.03125,32,David Njoku,TE,CLE,9.593333333333334,2,0.40625,20,0.375,3.6745833333333335,1
00-0033885,David Njoku,TE,2020,CLE,4.754545454545454,0,0.75,9,David Njoku,TE,CLE,7.173333333333333,1,0.5,17,-0.25,2.418787878787879,1
00-0033885,David Njoku,TE,2021,CLE,7.173333333333333,1,0.5,17,David Njoku,TE,CLE,10.142857142857142,2,0.625,13,0.125,2.9695238095238095,1
00-0033885,David Njoku,TE,2022,CLE,10.142857142857142,2,0.625,13,David Njoku,TE,CLE,12.575,4,0.15625,28,-0.46875,2.432142857142857,2
00-0033885,David Njoku,TE,2023,CLE,12.575,4,0.15625,28,David Njoku,TE,CLE,13.5,4,0.03125,32,-0.125,0.9250000000000007,0
00-0033885,David Njoku,TE,2024,CLE,13.5,4,0.03125,32,David Njoku,TE,CLE,7.845454545454545,1,0.0625,31,0.03125,-5.654545454545455,-3
00-0033891,Zay Jones,WR,2017,BUF,5.042857142857143,0,0.3125,23,Zay Jones,WR,BUF,10.325,1,0.0625,31,-0.25,5.282142857142857,1
00-0033891,Zay Jones,WR,2019,LV,3.492857142857143,0,0.6875,11,Zay Jones,WR,LV,3.323636363636364,0,0.625,13,-0.0625,-0.16922077922077872,0
00-0033891,Zay Jones,WR,2020,LV,3.323636363636364,0,0.625,13,Zay Jones,WR,LV,7.0600000000000005,0,0.40625,20,-0.21875,3.7363636363636363,0
00-0033891,Zay Jones,WR,2022,JAX,12.45,2,0.78125,8,Zay Jones,WR,JAX,8.677777777777777,0,0.4375,19,-0.34375,-3.772222222222222,-2
00-0033891,Zay Jones,WR,2024,ARI,2.733333333333333,0,0.71875,10,Zay Jones,WR,ARI,5.05,0,0.28125,24,-0.4375,2.316666666666667,0
00-0033893,Dalvin Cook,RB,2017,MIN,16.35,4,0.75,9,Dalvin Cook,RB,MIN,13.818181818181818,3,0.1875,27,-0.5625,-2.531818181818183,-1
00-0033893,Dalvin Cook,RB,2018,MIN,13.818181818181818,3,0.1875,27,Dalvin Cook,RB,MIN,20.885714285714283,5,0.75,9,0.5625,7.067532467532464,2
00-0033893,Dalvin Cook,RB,2019,MIN,20.885714285714283,5,0.75,9,Dalvin Cook,RB,MIN,24.17142857142857,5,0.71875,10,-0.03125,3.2857142857142883,0
00-0033893,Dalvin Cook,RB,2020,MIN,24.17142857142857,5,0.71875,10,Dalvin Cook,RB,MIN,15.884615384615383,3,0.46875,18,-0.25,-8.286813186813188,-2
00-0033893,Dalvin Cook,RB,2021,MIN,15.884615384615383,3,0.46875,18,Dalvin Cook,RB,MIN,13.988235294117649,3,0.5,17,0.03125,-1.8963800904977344,0
00-0033895,Gerald Everett,TE,2017,LA,3.976923076923077,0,0.84375,6,Gerald Everett,TE,LA,5.7733333333333325,0,0.9375,3,0.09375,1.7964102564102555,0
00-0033895,Gerald Everett,TE,2018,LA,5.7733333333333325,0,0.9375,3,Gerald Everett,TE,LA,7.483333333333333,1,0.4375,19,-0.5,1.7100000000000009,1
00-0033895,Gerald Everett,TE,2019,LA,7.483333333333333,1,0.4375,19,Gerald Everett,TE,LA,6.193333333333333,1,0.3125,23,-0.125,-1.29,0
00-0033895,Gerald Everett,TE,2022,LAC,9.3,2,0.5625,15,Gerald Everett,TE,LAC,7.406666666666666,1,0.28125,24,-0.28125,-1.8933333333333344,-1
00-0033896,Adam Shaheen,TE,2017,CHI,7.116666666666667,1,0.15625,28,Adam Shaheen,TE,CHI,4.45,0,0.625,13,0.46875,-2.666666666666667,-1
00-0033896,Adam Shaheen,TE,2018,CHI,4.45,0,0.625,13,Adam Shaheen,TE,CHI,2.628571428571429,0,0.1875,27,-0.4375,-1.8214285714285712,0
00-0033896,Adam Shaheen,TE,2020,MIA,3.4615384615384617,0,0.46875,18,Adam Shaheen,TE,MIA,3.2857142857142856,0,0.34375,22,-0.125,-0.1758241758241761,0
00-0033897,Joe Mixon,RB,2017,CIN,10.092857142857143,1,0.25,25,Joe Mixon,RB,CIN,17.385714285714286,4,0.46875,18,0.21875,7.292857142857143,3
00-0033897,Joe Mixon,RB,2018,CIN,17.385714285714286,4,0.46875,18,Joe Mixon,RB,CIN,14.0875,3,0.125,29,-0.34375,-3.2982142857142858,-1
00-0033897,Joe Mixon,RB,2019,CIN,14.0875,3,0.125,29,Joe Mixon,RB,CIN,16.599999999999998,4,0.21875,26,0.09375,2.5124999999999975,1
00-0033897,Joe Mixon,RB,2020,CIN,16.599999999999998,4,0.21875,26,Joe Mixon,RB,CIN,17.99375,4,0.65625,12,0.4375,1.3937500000000007,0
00-0033897,Joe Mixon,RB,2021,CIN,17.99375,4,0.65625,12,Joe Mixon,RB,CIN,17.107142857142858,4,0.875,5,0.21875,-0.8866071428571409,0
00-0033897,Joe Mixon,RB,2022,CIN,17.107142857142858,4,0.875,5,Joe Mixon,RB,CIN,15.705882352941176,3,0.625,13,-0.25,-1.401260504201682,-1
00-0033906,Alvin Kamara,RB,2017,NO,20.0375,5,0.96875,2,Alvin Kamara,RB,NO,23.65333333333333,5,0.96875,2,0.0,3.6158333333333275,0
00-0033906,Alvin Kamara,RB,2018,NO,23.65333333333333,5,0.96875,2,Alvin Kamara,RB,NO,17.751428571428573,4,0.90625,4,-0.0625,-5.901904761904756,-1
00-0033906,Alvin Kamara,RB,2019,NO,17.751428571428573,4,0.90625,4,Alvin Kamara,RB,NO,25.186666666666667,5,0.78125,8,-0.125,7.435238095238095,1
00-0033906,Alvin Kamara,RB,2020,NO,25.186666666666667,5,0.78125,8,Alvin Kamara,RB,NO,18.053846153846152,4,0.25,25,-0.53125,-7.1328205128205155,-1
00-0033906,Alvin Kamara,RB,2021,NO,18.053846153846152,4,0.25,25,Alvin Kamara,RB,NO,14.113333333333332,3,0.375,21,0.125,-3.9405128205128204,-1
00-0033906,Alvin Kamara,RB,2022,NO,14.113333333333332,3,0.375,21,Alvin Kamara,RB,NO,17.953846153846154,4,0.59375,14,0.21875,3.8405128205128225,1
00-0033906,Alvin Kamara,RB,2023,NO,17.953846153846154,4,0.59375,14,Alvin Kamara,RB,NO,18.95,5,0.25,25,-0.34375,0.9961538461538453,1
00-0033906,Alvin Kamara,RB,2024,NO,18.95,5,0.25,25,Alvin Kamara,RB,NO,9.154545454545454,1,0.1875,27,-0.0625,-9.795454545454545,-4
00-0033908,Cooper Kupp,WR,2017,LA,11.88,2,0.84375,6,Cooper Kupp,WR,LA,16.8875,3,0.9375,3,0.09375,5.0074999999999985,1
00-0033908,Cooper Kupp,WR,2018,LA,16.8875,3,0.9375,3,Cooper Kupp,WR,LA,16.90625,3,0.4375,19,-0.5,0.01875000000000071,0
00-0033908,Cooper Kupp,WR,2019,LA,16.90625,3,0.4375,19,Cooper Kupp,WR,LA,14.073333333333332,2,0.3125,23,-0.125,-2.8329166666666676,-1
00-0033908,Cooper Kupp,WR,2020,LA,14.073333333333332,2,0.3125,23,Cooper Kupp,WR,LA,25.852941176470587,5,0.78125,8,0.46875,11.779607843137255,3
00-0033908,Cooper Kupp,WR,2021,LA,25.852941176470587,5,0.78125,8,Cooper Kupp,WR,LA,22.37777777777778,5,0.125,29,-0.65625,-3.475163398692807,0
00-0033908,Cooper Kupp,WR,2022,LA,22.37777777777778,5,0.125,29,Cooper Kupp,WR,LA,13.7,2,0.75,9,0.625,-8.67777777777778,-3
00-0033908,Cooper Kupp,WR,2023,LA,13.7,2,0.75,9,Cooper Kupp,WR,LA,14.583333333333334,2,0.5625,15,-0.1875,0.8833333333333346,0
00-0033911,Taywan Taylor,WR,2017,TEN,3.0875,0,0.34375,22,Taywan Taylor,WR,TEN,6.738461538461538,0,0.28125,24,-0.0625,3.6509615384615377,0
00-0033921,Chris Godwin Jr.,WR,2017,TB,6.166666666666667,0,0.65625,12,Chris Godwin Jr.,WR,TB,11.575,2,0.65625,12,0.0,5.408333333333332,2
00-0033921,Chris Godwin Jr.,WR,2018,TB,11.575,2,0.65625,12,Chris Godwin Jr.,WR,TB,19.72142857142857,4,0.46875,18,-0.1875,8.146428571428572,2
00-0033921,Chris Godwin Jr.,WR,2019,TB,19.72142857142857,4,0.46875,18,Chris Godwin Jr.,WR,TB,15.916666666666666,3,0.875,5,0.40625,-3.8047619047619055,-1
00-0033921,Chris Godwin Jr.,WR,2020,TB,15.916666666666666,3,0.875,5,Chris Godwin Jr.,WR,TB,17.314285714285713,3,1.0,1,0.125,1.397619047619047,0
00-0033921,Chris Godwin Jr.,WR,2021,TB,17.314285714285713,3,1.0,1,Chris Godwin Jr.,WR,TB,14.826666666666666,3,0.40625,20,-0.59375,-2.487619047619047,0
00-0033921,Chris Godwin Jr.,WR,2022,TB,14.826666666666666,3,0.40625,20,Chris Godwin Jr.,WR,TB,12.305882352941175,2,0.65625,12,0.25,-2.520784313725491,-1
00-0033921,Chris Godwin Jr.,WR,2023,TB,12.305882352941175,2,0.65625,12,Chris Godwin Jr.,WR,TB,19.81428571428572,4,0.875,5,0.21875,7.508403361344545,2
00-0033921,Chris Godwin Jr.,WR,2024,TB,19.81428571428572,4,0.875,5,Chris Godwin Jr.,WR,TB,9.22222222222222,1,0.40625,20,-0.46875,-10.5920634920635,-3
00-0033923,Kareem Hunt,RB,2017,KC,18.45,4,0.90625,4,Kareem Hunt,RB,KC,20.92727272727273,5,1.0,1,0.09375,2.47727272727273,1
00-0033923,Kareem Hunt,RB,2019,CLE,12.675,2,0.375,21,Kareem Hunt,RB,CLE,13.65625,3,0.75,9,0.375,0.9812499999999993,1
00-0033923,Kareem Hunt,RB,2020,CLE,13.65625,3,0.75,9,Kareem Hunt,RB,CLE,13.75,3,0.5,17,-0.25,0.09375,0
00-0033923,Kareem Hunt,RB,2021,CLE,13.75,3,0.5,17,Kareem Hunt,RB,CLE,7.458823529411765,0,0.625,13,0.125,-6.291176470588235,-3
00-0033923,Kareem Hunt,RB,2022,CLE,7.458823529411765,0,0.625,13,Kareem Hunt,RB,CLE,7.9,0,0.15625,28,-0.46875,0.4411764705882355,0
00-0033923,Kareem Hunt,RB,2024,KC,11.953846153846154,2,0.75,9,Kareem Hunt,RB,KC,8.552941176470588,0,0.6875,11,-0.0625,-3.400904977375566,-2
00-0033925,D'Onta Foreman,RB,2020,TEN,3.4,0,0.96875,2,D'Onta Foreman,RB,TEN,10.433333333333334,1,0.5625,15,-0.40625,7.033333333333333,1
00-0033932,Kenny Golladay,WR,2017,DET,8.6,0,0.46875,18,Kenny Golladay,WR,DET,13.806666666666668,2,0.3125,23,-0.15625,5.206666666666669,2
00-0033932,Kenny Golladay,WR,2018,DET,13.806666666666668,2,0.3125,23,Kenny Golladay,WR,DET,15.5,3,0.34375,22,0.03125,1.6933333333333316,1
00-0033932,Kenny Golladay,WR,2019,DET,15.5,3,0.34375,22,Kenny Golladay,WR,DET,13.16,2,0.40625,20,0.0625,-2.34,-1
00-0033932,Kenny Golladay,WR,2021,NYG,6.364285714285714,0,0.03125,32,Kenny Golladay,WR,NYG,3.35,0,0.75,9,0.71875,-3.014285714285714,0
00-0033933,Chad Williams,WR,2017,ARI,1.88,0,0.0625,31,Chad Williams,WR,ARI,4.1,0,0.03125,32,-0.03125,2.2199999999999998,0
00-0033936,C.J. Beathard,QB,2017,SF,14.8,1,0.53125,16,C.J. Beathard,QB,SF,14.996,1,0.375,21,-0.15625,0.19599999999999973,0
00-0033936,C.J. Beathard,QB,2022,JAX,-0.25,0,0.78125,8,C.J. Beathard,QB,JAX,3.5766666666666667,0,0.4375,19,-0.34375,3.8266666666666667,0
00-0033943,Josh Reynolds,WR,2017,LA,3.425,0,0.84375,6,Josh Reynolds,WR,LA,9.090909090909092,1,0.9375,3,0.09375,5.665909090909092,1
00-0033943,Josh Reynolds,WR,2018,LA,9.090909090909092,1,0.9375,3,Josh Reynolds,WR,LA,3.86875,0,0.4375,19,-0.5,-5.222159090909091,-1
00-0033943,Josh Reynolds,WR,2019,LA,3.86875,0,0.4375,19,Josh Reynolds,WR,LA,7.89375,0,0.3125,23,-0.125,4.025,0
00-0033943,Josh Reynolds,WR,2021,DET,8.059999999999999,0,0.28125,24,Josh Reynolds,WR,DET,8.658333333333333,0,0.84375,6,0.5625,0.5983333333333345,0
00-0033943,Josh Reynolds,WR,2022,DET,8.658333333333333,0,0.84375,6,Josh Reynolds,WR,DET,8.05,0,0.78125,8,-0.0625,-0.6083333333333325,0
00-0033948,Jamaal Williams,RB,2017,GB,10.2,1,0.59375,14,Jamaal Williams,RB,GB,7.15,0,0.6875,11,0.09375,-3.049999999999999,-1
00-0033948,Jamaal Williams,RB,2018,GB,7.15,0,0.6875,11,Jamaal Williams,RB,GB,10.45,1,0.8125,7,0.125,3.299999999999999,1
00-0033948,Jamaal Williams,RB,2019,GB,10.45,1,0.8125,7,Jamaal Williams,RB,GB,9.107142857142858,1,1.0,1,0.1875,-1.3428571428571416,0
00-0033948,Jamaal Williams,RB,2021,DET,9.215384615384616,1,0.28125,24,Jamaal Williams,RB,DET,13.3,3,0.84375,6,0.5625,4.084615384615384,2
00-0033948,Jamaal Williams,RB,2023,NO,4.676923076923076,0,0.59375,14,Jamaal Williams,RB,NO,2.853846153846154,0,0.25,25,-0.34375,-1.8230769230769224,0
00-0033950,Wayne Gallman,RB,2017,NYG,8.069230769230769,0,0.1875,27,Wayne Gallman,RB,NYG,3.423076923076923,0,0.5,17,0.3125,-4.646153846153846,0
00-0033950,Wayne Gallman,RB,2018,NYG,3.423076923076923,0,0.5,17,Wayne Gallman,RB,NYG,5.355555555555556,0,0.25,25,-0.25,1.9324786324786332,0
00-0033950,Wayne Gallman,RB,2019,NYG,5.355555555555556,0,0.25,25,Wayne Gallman,RB,NYG,9.757142857142856,1,0.09375,30,-0.15625,4.4015873015873,1
00-0033951,Marlon Mack,RB,2017,IND,7.378571428571428,0,0.21875,26,Marlon Mack,RB,IND,14.875,3,0.71875,10,0.5,7.496428571428572,3
00-0033951,Marlon Mack,RB,2018,IND,14.875,3,0.71875,10,Marlon Mack,RB,IND,12.964285714285714,2,0.53125,16,-0.1875,-1.9107142857142865,-1
00-0033955,Jeremy McNichols,RB,2020,TEN,2.9266666666666667,0,0.96875,2,Jeremy McNichols,RB,TEN,5.661538461538461,0,0.5625,15,-0.40625,2.734871794871794,0
00-0033955,Jeremy McNichols,RB,2024,WAS,4.571428571428571,0,0.90625,4,Jeremy McNichols,RB,WAS,4.55625,0,0.53125,16,-0.375,-0.01517857142857082,0
00-0033958,Nathan Peterman,QB,2017,BUF,2.385,0,0.3125,23,Nathan Peterman,QB,BUF,3.21,0,0.0625,31,-0.25,0.8250000000000002,0
00-0034011,Dan Arnold,TE,2019,ARI,6.540000000000001,1,0.65625,12,Dan Arnold,TE,ARI,6.914285714285714,1,0.59375,14,-0.0625,0.3742857142857128,0
00-0034011,Dan Arnold,TE,2021,JAX,7.58,1,0.15625,28,Dan Arnold,TE,JAX,2.25,0,0.78125,8,0.625,-5.33,-1
00-0034052,Brandon Zylstra,WR,2019,CAR,4.65,0,0.15625,28,Brandon Zylstra,WR,CAR,1.65,0,0.4375,19,0.28125,-3.0000000000000004,0
00-0034052,Brandon Zylstra,WR,2020,CAR,1.65,0,0.4375,19,Brandon Zylstra,WR,CAR,5.444444444444445,0,0.09375,30,-0.34375,3.7944444444444447,0
00-0034054,River Cracraft,WR,2022,MIA,3.9,0,0.8125,7,River Cracraft,WR,MIA,4.516666666666667,0,0.90625,4,0.09375,0.6166666666666667,0
00-0034054,River Cracraft,WR,2023,MIA,4.516666666666667,0,0.90625,4,River Cracraft,WR,MIA,3.4,0,0.34375,22,-0.5625,-1.1166666666666667,0
00-0034073,Ross Dwelley,TE,2019,SF,6.016666666666667,1,0.875,5,Ross Dwelley,TE,SF,4.95,0,0.375,21,-0.5,-1.0666666666666664,-1
00-0034104,Cam Sims,WR,2020,WAS,7.836363636363637,0,0.15625,28,Cam Sims,WR,WAS,4.88,0,0.375,21,0.21875,-2.956363636363637,0
00-0034104,Cam Sims,WR,2021,WAS,4.88,0,0.375,21,Cam Sims,WR,WAS,1.4083333333333332,0,0.21875,26,-0.15625,-3.4716666666666667,0
00-0034109,Phillip Lindsay,RB,2018,DEN,14.853333333333332,3,0.34375,22,Phillip Lindsay,RB,DEN,12.35625,2,0.3125,23,-0.03125,-2.4970833333333324,-1
00-0034109,Phillip Lindsay,RB,2019,DEN,12.35625,2,0.3125,23,Phillip Lindsay,RB,DEN,6.0,0,0.0625,31,-0.25,-6.356249999999999,-2
00-0034115,Jeff Wilson,RB,2018,SF,7.399999999999999,0,0.375,21,Jeff Wilson,RB,SF,5.8625,0,0.875,5,0.5,-1.5374999999999988,0
00-0034115,Jeff Wilson,RB,2019,SF,5.8625,0,0.875,5,Jeff Wilson,RB,SF,12.936363636363636,2,0.375,21,-0.5,7.073863636363636,2
00-0034115,Jeff Wilson,RB,2020,SF,12.936363636363636,2,0.375,21,Jeff Wilson,RB,SF,8.583333333333334,0,0.84375,6,0.46875,-4.353030303030302,-2
00-0034115,Jeff Wilson,RB,2022,MIA,9.90625,1,0.8125,7,Jeff Wilson,RB,MIA,4.588888888888889,0,0.90625,4,0.09375,-5.317361111111111,-1
00-0034115,Jeff Wilson,RB,2023,MIA,4.588888888888889,0,0.90625,4,Jeff Wilson,RB,MIA,1.5142857142857142,0,0.34375,22,-0.5625,-3.0746031746031743,0
00-0034132,Christian Blake,WR,2019,ATL,3.35,0,0.59375,14,Christian Blake,WR,ATL,3.871428571428571,0,0.53125,16,-0.0625,0.5214285714285709,0
00-0034132,Christian Blake,WR,2020,ATL,3.871428571428571,0,0.53125,16,Christian Blake,WR,ATL,1.0833333333333333,0,0.1875,27,-0.34375,-2.788095238095238,0
00-0034159,Will Dissly,TE,2018,SEA,8.9,2,0.84375,6,Will Dissly,TE,SEA,12.316666666666668,4,0.625,13,-0.21875,3.416666666666668,2
00-0034159,Will Dissly,TE,2019,SEA,12.316666666666668,4,0.625,13,Will Dissly,TE,SEA,4.364285714285715,0,0.8125,7,0.1875,-7.952380952380953,-4
00-0034159,Will Dissly,TE,2020,SEA,4.364285714285715,0,0.8125,7,Will Dissly,TE,SEA,4.175,0,0.59375,14,-0.21875,-0.18928571428571495,0
00-0034159,Will Dissly,TE,2021,SEA,4.175,0,0.59375,14,Will Dissly,TE,SEA,5.793333333333334,0,0.59375,14,0.0,1.618333333333334,0
00-0034159,Will Dissly,TE,2022,SEA,5.793333333333334,0,0.59375,14,Will Dissly,TE,SEA,3.35,0,0.71875,10,0.125,-2.443333333333334,0
00-0034159,Will Dissly,TE,2024,LAC,7.34,1,0.65625,12,Will Dissly,TE,LAC,2.5875,0,0.3125,23,-0.34375,-4.7524999999999995,-1
00-0034184,Gus Edwards,RB,2018,BAL,8.181818181818182,0,0.5625,15,Gus Edwards,RB,BAL,5.7875,0,1.0,1,0.4375,-2.394318181818182,0
00-0034184,Gus Edwards,RB,2019,BAL,5.7875,0,1.0,1,Gus Edwards,RB,BAL,8.0125,0,0.84375,6,-0.15625,2.2249999999999996,0
00-0034184,Gus Edwards,RB,2022,BAL,6.588888888888889,0,0.53125,16,Gus Edwards,RB,BAL,11.011764705882351,2,0.84375,6,0.3125,4.4228758169934625,2
00-0034208,Mike Boone,RB,2018,MIN,1.1333333333333333,0,0.1875,27,Mike Boone,RB,MIN,10.0,1,0.75,9,0.5625,8.866666666666667,1
00-0034208,Mike Boone,RB,2019,MIN,10.0,1,0.75,9,Mike Boone,RB,MIN,2.98,0,0.71875,10,-0.03125,-7.02,-1
00-0034253,Dontrell Hilliard,RB,2018,CLE,2.9166666666666665,0,0.40625,20,Dontrell Hilliard,RB,CLE,6.3500000000000005,0,0.375,21,-0.03125,3.433333333333334,0
00-0034253,Dontrell Hilliard,RB,2021,TEN,10.385714285714286,1,0.5625,15,Dontrell Hilliard,RB,TEN,7.0181818181818185,0,0.25,25,-0.3125,-3.3675324675324676,-1
00-0034270,Tyler Conklin,TE,2018,MIN,3.175,0,0.1875,27,Tyler Conklin,TE,MIN,2.76,0,0.75,9,0.5625,-0.41500000000000004,0
00-0034270,Tyler Conklin,TE,2019,MIN,2.76,0,0.75,9,Tyler Conklin,TE,MIN,6.342857142857143,1,0.71875,10,-0.03125,3.5828571428571436,1
00-0034270,Tyler Conklin,TE,2020,MIN,6.342857142857143,1,0.71875,10,Tyler Conklin,TE,MIN,8.13529411764706,2,0.46875,18,-0.25,1.7924369747899167,1
00-0034270,Tyler Conklin,TE,2022,NYJ,7.735294117647059,1,0.09375,30,Tyler Conklin,TE,NYJ,7.241176470588235,1,0.03125,32,-0.0625,-0.49411764705882355,0
00-0034270,Tyler Conklin,TE,2023,NYJ,7.241176470588235,1,0.03125,32,Tyler Conklin,TE,NYJ,7.61875,1,0.5,17,0.46875,0.37757352941176503,0
00-0034272,Marquez Valdes-Scantling,WR,2018,GB,7.4,0,0.6875,11,Marquez Valdes-Scantling,WR,GB,5.6066666666666665,0,0.8125,7,0.125,-1.793333333333334,0
00-0034272,Marquez Valdes-Scantling,WR,2019,GB,5.6066666666666665,0,0.8125,7,Marquez Valdes-Scantling,WR,GB,9.80714285714286,1,1.0,1,0.1875,4.200476190476194,1
00-0034272,Marquez Valdes-Scantling,WR,2020,GB,9.80714285714286,1,1.0,1,Marquez Valdes-Scantling,WR,GB,7.909090909090909,0,0.9375,3,-0.0625,-1.8980519480519513,-1
00-0034272,Marquez Valdes-Scantling,WR,2022,KC,7.2,0,1.0,1,Marquez Valdes-Scantling,WR,KC,3.53125,0,0.6875,11,-0.3125,-3.66875,0
00-0034273,Damion Ratley,WR,2018,CLE,5.48,0,0.40625,20,Damion Ratley,WR,CLE,4.222222222222222,0,0.375,21,-0.03125,-1.257777777777778,0
00-0034279,Equanimeous St. Brown,WR,2020,GB,3.175,0,1.0,1,Equanimeous St. Brown,WR,GB,2.2444444444444445,0,0.9375,3,-0.0625,-0.9305555555555554,0
00-0034279,Equanimeous St. Brown,WR,2022,CHI,3.9875,0,0.3125,23,Equanimeous St. Brown,WR,CHI,2.24,0,0.375,21,0.0625,-1.7474999999999996,0
00-0034286,Richie James,WR,2018,SF,5.666666666666667,0,0.375,21,Richie James,WR,SF,4.914285714285714,0,0.875,5,0.5,-0.7523809523809533,0
00-0034286,Richie James,WR,2019,SF,4.914285714285714,0,0.875,5,Richie James,WR,SF,9.728571428571428,1,0.375,21,-0.5,4.814285714285714,1
00-0034297,Byron Pringle,WR,2019,KC,5.833333333333333,0,0.96875,2,Byron Pringle,WR,KC,8.2,0,0.9375,3,-0.03125,2.3666666666666663,0
00-0034297,Byron Pringle,WR,2020,KC,8.2,0,0.9375,3,Byron Pringle,WR,KC,8.05,0,0.96875,2,0.03125,-0.14999999999999858,0
00-0034301,Darrel Williams,RB,2019,KC,7.533333333333333,0,0.96875,2,Darrel Williams,RB,KC,4.1923076923076925,0,0.9375,3,-0.03125,-3.3410256410256407,0
00-0034301,Darrel Williams,RB,2020,KC,4.1923076923076925,0,0.9375,3,Darrel Williams,RB,KC,11.529411764705882,2,0.96875,2,0.03125,7.33710407239819,2
00-0034331,Jaylen Samuels,RB,2018,PIT,9.944444444444445,1,0.875,5,Jaylen Samuels,RB,PIT,8.03076923076923,0,0.0625,31,-0.8125,-1.913675213675214,-1
00-0034331,Jaylen Samuels,RB,2019,PIT,8.03076923076923,0,0.0625,31,Jaylen Samuels,RB,PIT,2.05,0,0.5,17,0.4375,-5.980769230769231,0
00-0034348,Courtland Sutton,WR,2018,DEN,8.5875,0,0.34375,22,Courtland Sutton,WR,DEN,13.90125,2,0.3125,23,-0.03125,5.313749999999999,2
00-0034348,Courtland Sutton,WR,2021,DEN,8.83764705882353,1,0.53125,16,Courtland Sutton,WR,DEN,10.626666666666669,1,0.1875,27,-0.34375,1.789019607843139,0
00-0034348,Courtland Sutton,WR,2022,DEN,10.626666666666669,1,0.1875,27,Courtland Sutton,WR,DEN,11.8875,2,0.40625,20,0.21875,1.2608333333333306,1
00-0034348,Courtland Sutton,WR,2023,DEN,11.8875,2,0.40625,20,Courtland Sutton,WR,DEN,15.01875,3,0.53125,16,0.125,3.1312500000000014,1
00-0034348,Courtland Sutton,WR,2024,DEN,15.01875,3,0.53125,16,Courtland Sutton,WR,DEN,12.923529411764704,2,0.625,13,0.09375,-2.0952205882352963,-1
00-0034349,Kerryon Johnson,RB,2018,DET,13.94,3,0.3125,23,Kerryon Johnson,RB,DET,10.625,1,0.34375,22,0.03125,-3.3149999999999995,-2
00-0034349,Kerryon Johnson,RB,2019,DET,10.625,1,0.34375,22,Kerryon Johnson,RB,DET,5.128571428571428,0,0.40625,20,0.0625,-5.496428571428572,-1
00-0034351,Dallas Goedert,TE,2018,PHI,6.457142857142857,1,0.59375,14,Dallas Goedert,TE,PHI,9.646666666666668,2,0.5,17,-0.09375,3.189523809523811,1
00-0034351,Dallas Goedert,TE,2019,PHI,9.646666666666668,2,0.5,17,Dallas Goedert,TE,PHI,10.581818181818182,3,0.125,29,-0.375,0.9351515151515137,1
00-0034351,Dallas Goedert,TE,2020,PHI,10.581818181818182,3,0.125,29,Dallas Goedert,TE,PHI,11.0,3,0.6875,11,0.5625,0.418181818181818,0
00-0034351,Dallas Goedert,TE,2021,PHI,11.0,3,0.6875,11,Dallas Goedert,TE,PHI,11.766666666666666,4,0.9375,3,0.25,0.7666666666666657,1
00-0034351,Dallas Goedert,TE,2022,PHI,11.766666666666666,4,0.9375,3,Dallas Goedert,TE,PHI,9.735714285714286,2,0.8125,7,-0.125,-2.03095238095238,-2
00-0034351,Dallas Goedert,TE,2023,PHI,9.735714285714286,2,0.8125,7,Dallas Goedert,TE,PHI,10.36,3,0.84375,6,0.03125,0.6242857142857137,1
00-0034351,Dallas Goedert,TE,2024,PHI,10.36,3,0.84375,6,Dallas Goedert,TE,PHI,12.34,4,0.5,17,-0.34375,1.9800000000000004,1
00-0034353,Anthony Miller,WR,2018,CHI,8.587142857142856,0,0.625,13,Anthony Miller,WR,CHI,7.96875,0,0.1875,27,-0.4375,-0.6183928571428563,0
00-0034353,Anthony Miller,WR,2019,CHI,7.96875,0,0.1875,27,Anthony Miller,WR,CHI,6.79375,0,0.28125,24,0.09375,-1.1749999999999998,0
00-0034364,Jordan Akins,TE,2018,HOU,3.0384615384615383,0,0.53125,16,Jordan Akins,TE,HOU,5.6125,0,0.78125,8,0.25,2.5740384615384615,0
00-0034364,Jordan Akins,TE,2019,HOU,5.6125,0,0.78125,8,Jordan Akins,TE,HOU,6.438461538461539,1,0.6875,11,-0.09375,0.8259615384615389,1
00-0034364,Jordan Akins,TE,2020,HOU,6.438461538461539,1,0.6875,11,Jordan Akins,TE,HOU,3.475,0,0.0625,31,-0.625,-2.9634615384615386,-1
00-0034364,Jordan Akins,TE,2021,HOU,3.475,0,0.0625,31,Jordan Akins,TE,HOU,7.766666666666667,1,0.03125,32,-0.03125,4.291666666666666,1
00-0034364,Jordan Akins,TE,2023,CLE,2.169230769230769,0,0.15625,28,Jordan Akins,TE,CLE,5.6875,0,0.03125,32,-0.125,3.518269230769231,0
00-0034365,Ian Thomas,TE,2018,CAR,8.129999999999999,2,0.75,9,Ian Thomas,TE,CAR,3.955555555555556,0,0.15625,28,-0.59375,-4.174444444444443,-2
00-0034365,Ian Thomas,TE,2019,CAR,3.955555555555556,0,0.15625,28,Ian Thomas,TE,CAR,3.1153846153846154,0,0.4375,19,0.28125,-0.8401709401709407,0
00-0034365,Ian Thomas,TE,2020,CAR,3.1153846153846154,0,0.4375,19,Ian Thomas,TE,CAR,2.628571428571429,0,0.09375,30,-0.34375,-0.4868131868131864,0
00-0034365,Ian Thomas,TE,2021,CAR,2.628571428571429,0,0.09375,30,Ian Thomas,TE,CAR,3.130769230769231,0,0.34375,22,0.25,0.5021978021978022,0
00-0034365,Ian Thomas,TE,2022,CAR,3.130769230769231,0,0.34375,22,Ian Thomas,TE,CAR,1.5142857142857142,0,0.125,29,-0.21875,-1.616483516483517,0
00-0034366,Keke Coutee,WR,2018,HOU,10.45,1,0.53125,16,Keke Coutee,WR,HOU,6.6,0,0.78125,8,0.25,-3.8499999999999996,-1
00-0034366,Keke Coutee,WR,2019,HOU,6.6,0,0.78125,8,Keke Coutee,WR,HOU,11.125,2,0.6875,11,-0.09375,4.525,2
00-0034367,Nyheim Hines,RB,2018,IND,10.05625,1,0.71875,10,Nyheim Hines,RB,IND,7.36875,0,0.53125,16,-0.1875,-2.6875,-1
00-0034367,Nyheim Hines,RB,2019,IND,7.36875,0,0.53125,16,Nyheim Hines,RB,IND,12.0875,2,0.65625,12,0.125,4.71875,2
00-0034367,Nyheim Hines,RB,2020,IND,12.0875,2,0.65625,12,Nyheim Hines,RB,IND,6.8,0,0.625,13,-0.03125,-5.2875000000000005,-2
00-0034367,Nyheim Hines,RB,2021,IND,6.8,0,0.625,13,Nyheim Hines,RB,IND,5.426666666666667,0,0.0625,31,-0.5625,-1.373333333333333,0
00-0034370,DaeSean Hamilton,WR,2018,DEN,8.2875,0,0.34375,22,DaeSean Hamilton,WR,DEN,5.308333333333334,0,0.3125,23,-0.03125,-2.979166666666666,0
00-0034370,DaeSean Hamilton,WR,2019,DEN,5.308333333333334,0,0.3125,23,DaeSean Hamilton,WR,DEN,5.191666666666666,0,0.0625,31,-0.25,-0.11666666666666714,0
00-0034378,Ito Smith,RB,2018,ATL,7.515384615384615,0,0.78125,8,Ito Smith,RB,ATL,5.185714285714285,0,0.59375,14,-0.1875,-2.3296703296703303,0
00-0034378,Ito Smith,RB,2019,ATL,5.185714285714285,0,0.59375,14,Ito Smith,RB,ATL,4.092857142857143,0,0.53125,16,-0.0625,-1.0928571428571416,0
00-0034383,Dalton Schultz,TE,2020,DAL,9.15625,2,0.25,25,Dalton Schultz,TE,DAL,12.282352941176471,4,0.8125,7,0.5625,3.1261029411764714,2
00-0034383,Dalton Schultz,TE,2021,DAL,12.282352941176471,4,0.8125,7,Dalton Schultz,TE,DAL,9.513333333333332,2,0.71875,10,-0.09375,-2.7690196078431395,-2
00-0034383,Dalton Schultz,TE,2023,HOU,10.033333333333331,2,0.46875,18,Dalton Schultz,TE,HOU,6.952941176470588,1,0.375,21,-0.09375,-3.080392156862743,-1
00-0034383,Dalton Schultz,TE,2024,HOU,6.952941176470588,1,0.375,21,Dalton Schultz,TE,HOU,10.452941176470588,3,0.34375,22,-0.03125,3.5,2
00-0034386,Justin Watson,WR,2022,KC,3.4411764705882355,0,1.0,1,Justin Watson,WR,KC,5.933333333333334,0,0.6875,11,-0.3125,2.492156862745098,0
00-0034386,Justin Watson,WR,2023,KC,5.933333333333334,0,0.6875,11,Justin Watson,WR,KC,4.193333333333333,0,0.75,9,0.0625,-1.7400000000000002,0
00-0034393,Troy Fumagalli,TE,2019,DEN,2.6333333333333333,0,0.3125,23,Troy Fumagalli,TE,DEN,3.142857142857143,0,0.0625,31,-0.25,0.5095238095238095,0
00-0034400,Jordan Wilkins,RB,2018,IND,4.623076923076924,0,0.71875,10,Jordan Wilkins,RB,IND,4.5,0,0.53125,16,-0.1875,-0.12307692307692442,0
00-0034400,Jordan Wilkins,RB,2019,IND,4.5,0,0.53125,16,Jordan Wilkins,RB,IND,5.125,0,0.65625,12,0.125,0.625,0
00-0034401,Mike White,QB,2021,NYJ,11.005,1,0.21875,26,Mike White,QB,NYJ,14.145,1,0.09375,30,-0.125,3.139999999999999,0
00-0034407,Ray-Ray McCloud,WR,2020,PIT,3.2363636363636363,0,0.5,17,Ray-Ray McCloud,WR,PIT,5.385714285714286,0,0.3125,23,-0.1875,2.14935064935065,0
00-0034407,Ray-Ray McCloud,WR,2022,SF,4.15,0,0.90625,4,Ray-Ray McCloud,WR,SF,4.071428571428571,0,1.0,1,0.09375,-0.07857142857142918,0
00-0034407,Ray-Ray McCloud,WR,2024,ATL,8.382352941176471,0,0.625,13,Ray-Ray McCloud,WR,ATL,2.78,0,0.375,21,-0.25,-5.602352941176472,0
00-0034411,Russell Gage,WR,2018,ATL,2.46,0,0.78125,8,Russell Gage,WR,ATL,7.628571428571428,0,0.59375,14,-0.1875,5.168571428571428,0
00-0034411,Russell Gage,WR,2019,ATL,7.628571428571428,0,0.59375,14,Russell Gage,WR,ATL,11.31625,2,0.53125,16,-0.0625,3.687678571428572,2
00-0034411,Russell Gage,WR,2020,ATL,11.31625,2,0.53125,16,Russell Gage,WR,ATL,12.546153846153846,2,0.1875,27,-0.34375,1.2299038461538458,0
00-0034414,Boston Scott,RB,2019,PHI,12.3625,2,0.5,17,Boston Scott,RB,PHI,5.975,0,0.125,29,-0.375,-6.387500000000001,-2
00-0034414,Boston Scott,RB,2020,PHI,5.975,0,0.125,29,Boston Scott,RB,PHI,10.955555555555556,1,0.6875,11,0.5625,4.980555555555556,1
00-0034414,Boston Scott,RB,2021,PHI,10.955555555555556,1,0.6875,11,Boston Scott,RB,PHI,3.553846153846154,0,0.9375,3,0.25,-7.401709401709402,-1
00-0034414,Boston Scott,RB,2022,PHI,3.553846153846154,0,0.9375,3,Boston Scott,RB,PHI,1.78,0,0.8125,7,-0.125,-1.773846153846154,0
00-0034418,Cedrick Wilson Jr.,WR,2020,DAL,5.162,0,0.25,25,Cedrick Wilson Jr.,WR,DAL,10.558571428571428,1,0.8125,7,0.5625,5.396571428571428,1
00-0034418,Cedrick Wilson Jr.,WR,2022,MIA,2.933333333333333,0,0.8125,7,Cedrick Wilson Jr.,WR,MIA,6.327272727272727,0,0.90625,4,0.09375,3.393939393939394,0
00-0034419,Braxton Berrios,WR,2019,NYJ,2.9166666666666665,0,0.03125,32,Braxton Berrios,WR,NYJ,7.484615384615385,0,0.03125,32,0.0,4.567948717948719,0
00-0034419,Braxton Berrios,WR,2020,NYJ,7.484615384615385,0,0.03125,32,Braxton Berrios,WR,NYJ,7.926666666666667,0,0.21875,26,0.1875,0.4420512820512821,0
00-0034419,Braxton Berrios,WR,2021,NYJ,7.926666666666667,0,0.21875,26,Braxton Berrios,WR,NYJ,3.8453333333333335,0,0.09375,30,-0.125,-4.081333333333333,0
00-0034426,Javon Wims,WR,2019,CHI,3.872727272727273,0,0.1875,27,Javon Wims,WR,CHI,1.8888888888888888,0,0.28125,24,0.09375,-1.9838383838383842,0
00-0034438,Logan Woodside,QB,2020,TEN,0.256,0,0.96875,2,Logan Woodside,QB,TEN,-0.15,0,0.5625,15,-0.40625,-0.406,0
00-0034439,Ryan Izzo,TE,2019,NE,5.85,0,0.5625,15,Ryan Izzo,TE,NE,3.09,0,0.34375,22,-0.21875,-2.76,0
00-0034440,Justin Jackson,RB,2018,LAC,7.6375,0,0.90625,4,Justin Jackson,RB,LAC,4.457142857142857,0,0.71875,10,-0.1875,-3.180357142857143,0
00-0034440,Justin Jackson,RB,2019,LAC,4.457142857142857,0,0.71875,10,Justin Jackson,RB,LAC,8.1625,0,0.5625,15,-0.15625,3.7053571428571423,0
00-0034440,Justin Jackson,RB,2020,LAC,8.1625,0,0.5625,15,Justin Jackson,RB,LAC,6.630769230769231,0,0.875,5,0.3125,-1.5317307692307685,0
00-0034487,Trent Sherfield,WR,2018,ARI,6.571428571428571,0,0.03125,32,Trent Sherfield,WR,ARI,1.7142857142857142,0,0.65625,12,0.625,-4.857142857142857,0
00-0034510,Robert Foster,WR,2018,BUF,9.009090909090908,1,0.0625,31,Robert Foster,WR,BUF,1.23,0,0.40625,20,0.34375,-7.7790909090909075,-1
00-0034521,Allen Lazard,WR,2019,GB,9.345454545454546,1,0.8125,7,Allen Lazard,WR,GB,9.78,1,1.0,1,0.1875,0.4345454545454537,0
00-0034521,Allen Lazard,WR,2020,GB,9.78,1,1.0,1,Allen Lazard,WR,GB,10.178571428571429,1,0.9375,3,-0.0625,0.39857142857142946,0
00-0034521,Allen Lazard,WR,2021,GB,10.178571428571429,1,0.9375,3,Allen Lazard,WR,GB,11.653333333333334,2,0.6875,11,-0.25,1.4747619047619054,1
00-0034521,Allen Lazard,WR,2023,NYJ,4.623076923076924,0,0.03125,32,Allen Lazard,WR,NYJ,10.5,1,0.5,17,0.46875,5.876923076923076,1
00-0034521,Allen Lazard,WR,2024,NYJ,10.5,1,0.5,17,Allen Lazard,WR,NYJ,2.555555555555556,0,0.125,29,-0.375,-7.944444444444445,-1
00-0034613,Tanner Hudson,TE,2019,TB,1.15,0,0.46875,18,Tanner Hudson,TE,TB,1.775,0,0.875,5,0.40625,0.625,0
00-0034613,Tanner Hudson,TE,2023,CIN,6.683333333333334,1,0.625,13,Tanner Hudson,TE,CIN,4.277777777777778,0,0.8125,7,0.1875,-2.405555555555556,-1
00-0034613,Tanner Hudson,TE,2024,CIN,4.277777777777778,0,0.8125,7,Tanner Hudson,TE,CIN,4.779999999999999,0,0.4375,19,-0.375,0.5022222222222217,0
00-0034646,Brandon Powell,WR,2023,MIN,5.315384615384615,0,0.5,17,Brandon Powell,WR,MIN,2.0142857142857142,0,0.59375,14,0.09375,-3.301098901098901,0
00-0034676,James Washington,WR,2018,PIT,4.0,0,0.875,5,James Washington,WR,PIT,8.9,1,0.0625,31,-0.8125,4.9,1
00-0034676,James Washington,WR,2019,PIT,8.9,1,0.0625,31,James Washington,WR,PIT,6.2,0,0.5,17,0.4375,-2.7,-1
00-0034676,James Washington,WR,2020,PIT,6.2,0,0.5,17,James Washington,WR,PIT,4.386666666666667,0,0.3125,23,-0.1875,-1.8133333333333335,0
00-0034681,Chase Edmonds,RB,2018,ARI,3.94375,0,0.03125,32,Chase Edmonds,RB,ARI,8.28,0,0.65625,12,0.625,4.33625,0
00-0034681,Chase Edmonds,RB,2019,ARI,8.28,0,0.65625,12,Chase Edmonds,RB,ARI,10.5,1,0.59375,14,-0.0625,2.2200000000000006,1
00-0034681,Chase Edmonds,RB,2020,ARI,10.5,1,0.59375,14,Chase Edmonds,RB,ARI,11.941666666666668,2,0.75,9,0.15625,1.4416666666666682,1
00-0034686,Auden Tate,WR,2018,CIN,1.875,0,0.46875,18,Auden Tate,WR,CIN,8.458333333333334,0,0.125,29,-0.34375,6.583333333333334,0
00-0034686,Auden Tate,WR,2019,CIN,8.458333333333334,0,0.125,29,Auden Tate,WR,CIN,3.625,0,0.21875,26,0.09375,-4.833333333333334,0
00-0034686,Auden Tate,WR,2020,CIN,3.625,0,0.21875,26,Auden Tate,WR,CIN,3.225,0,0.65625,12,0.4375,-0.3999999999999999,0
00-0034747,Marcell Ateman,WR,2018,LV,6.066666666666666,0,0.25,25,Marcell Ateman,WR,LV,3.425,0,0.6875,11,0.4375,-2.6416666666666666,0
00-0034750,Rashaad Penny,RB,2018,SEA,5.866666666666667,0,0.84375,6,Rashaad Penny,RB,SEA,8.366666666666667,0,0.625,13,-0.21875,2.5,0
00-0034750,Rashaad Penny,RB,2021,SEA,12.17,2,0.59375,14,Rashaad Penny,RB,SEA,10.44,1,0.59375,14,0.0,-1.7300000000000004,-1
00-0034753,Mark Andrews,TE,2018,BAL,6.7,1,0.5625,15,Mark Andrews,TE,BAL,13.813333333333333,4,1.0,1,0.4375,7.113333333333332,3
00-0034753,Mark Andrews,TE,2019,BAL,13.813333333333333,4,1.0,1,Mark Andrews,TE,BAL,12.15,4,0.84375,6,-0.15625,-1.6633333333333322,0
00-0034753,Mark Andrews,TE,2020,BAL,12.15,4,0.84375,6,Mark Andrews,TE,BAL,17.711764705882356,5,0.4375,19,-0.40625,5.561764705882355,1
00-0034753,Mark Andrews,TE,2021,BAL,17.711764705882356,5,0.4375,19,Mark Andrews,TE,BAL,12.7,4,0.53125,16,0.09375,-5.0117647058823565,-1
00-0034753,Mark Andrews,TE,2022,BAL,12.7,4,0.53125,16,Mark Andrews,TE,BAL,13.54,4,0.84375,6,0.3125,0.8399999999999999,0
00-0034753,Mark Andrews,TE,2023,BAL,13.54,4,0.84375,6,Mark Andrews,TE,BAL,11.105882352941178,3,1.0,1,0.15625,-2.4341176470588213,-1
00-0034753,Mark Andrews,TE,2024,BAL,11.105882352941178,3,1.0,1,Mark Andrews,TE,BAL,7.705882352941177,1,0.5625,15,-0.4375,-3.4000000000000012,-2
00-0034764,Michael Gallup,WR,2018,DAL,6.513333333333334,0,0.4375,19,Michael Gallup,WR,DAL,15.19285714285714,3,0.9375,3,0.5,8.679523809523806,3
00-0034764,Michael Gallup,WR,2019,DAL,15.19285714285714,3,0.9375,3,Michael Gallup,WR,DAL,10.83125,1,0.25,25,-0.6875,-4.361607142857139,-2
00-0034764,Michael Gallup,WR,2020,DAL,10.83125,1,0.25,25,Michael Gallup,WR,DAL,10.166666666666666,1,0.8125,7,0.5625,-0.6645833333333346,0
00-0034764,Michael Gallup,WR,2021,DAL,10.166666666666666,1,0.8125,7,Michael Gallup,WR,DAL,7.528571428571429,0,0.71875,10,-0.09375,-2.6380952380952367,-1
00-0034764,Michael Gallup,WR,2022,DAL,7.528571428571429,0,0.71875,10,Michael Gallup,WR,DAL,5.4875,0,0.96875,2,0.25,-2.0410714285714295,0
00-0034765,Tre'Quan Smith,WR,2018,NO,7.746153846153846,0,0.96875,2,Tre'Quan Smith,WR,NO,7.140000000000001,0,0.90625,4,-0.0625,-0.6061538461538456,0
00-0034765,Tre'Quan Smith,WR,2019,NO,7.140000000000001,0,0.90625,4,Tre'Quan Smith,WR,NO,7.93076923076923,0,0.78125,8,-0.125,0.7907692307692296,0
00-0034765,Tre'Quan Smith,WR,2020,NO,7.93076923076923,0,0.78125,8,Tre'Quan Smith,WR,NO,8.77,0,0.25,25,-0.53125,0.8392307692307694,0
00-0034765,Tre'Quan Smith,WR,2021,NO,8.77,0,0.25,25,Tre'Quan Smith,WR,NO,5.866666666666666,0,0.375,21,0.125,-2.9033333333333333,0
00-0034771,Mason Rudolph,QB,2019,PIT,10.88,1,0.0625,31,Mason Rudolph,QB,PIT,4.59,0,0.5,17,0.4375,-6.290000000000001,-1
00-0034772,Antonio Callaway,WR,2018,CLE,8.26875,0,0.40625,20,Antonio Callaway,WR,CLE,4.225,0,0.375,21,-0.03125,-4.043750000000001,0
00-0034775,Christian Kirk,WR,2018,ARI,10.291666666666666,1,0.03125,32,Christian Kirk,WR,ARI,12.938461538461535,2,0.65625,12,0.625,2.646794871794869,1
00-0034775,Christian Kirk,WR,2019,ARI,12.938461538461535,2,0.65625,12,Christian Kirk,WR,ARI,10.457142857142856,1,0.59375,14,-0.0625,-2.4813186813186796,-1
00-0034775,Christian Kirk,WR,2020,ARI,10.457142857142856,1,0.59375,14,Christian Kirk,WR,ARI,12.307058823529411,2,0.75,9,0.15625,1.8499159663865559,1
00-0034775,Christian Kirk,WR,2022,JAX,14.141176470588237,2,0.78125,8,Christian Kirk,WR,JAX,12.521666666666668,2,0.4375,19,-0.34375,-1.6195098039215683,0
00-0034775,Christian Kirk,WR,2023,JAX,12.521666666666668,2,0.4375,19,Christian Kirk,WR,JAX,8.7125,0,0.4375,19,0.0,-3.809166666666668,-2
00-0034777,DJ Chark,WR,2018,JAX,2.94,0,0.09375,30,DJ Chark,WR,JAX,15.053333333333336,3,0.28125,24,0.1875,12.113333333333337,3
00-0034777,DJ Chark,WR,2019,JAX,15.053333333333336,3,0.28125,24,DJ Chark,WR,JAX,11.815384615384614,2,0.1875,27,-0.09375,-3.237948717948722,-1
00-0034788,Jaeden Graham,TE,2019,ATL,5.98,1,0.59375,14,Jaeden Graham,TE,ATL,1.375,0,0.53125,16,-0.0625,-4.605,-1
00-0034791,Nick Chubb,RB,2018,CLE,12.15625,2,0.40625,20,Nick Chubb,RB,CLE,15.95,3,0.375,21,-0.03125,3.7937499999999993,1
00-0034791,Nick Chubb,RB,2019,CLE,15.95,3,0.375,21,Nick Chubb,RB,CLE,17.291666666666668,4,0.75,9,0.375,1.3416666666666686,1
00-0034791,Nick Chubb,RB,2020,CLE,17.291666666666668,4,0.75,9,Nick Chubb,RB,CLE,15.37857142857143,3,0.5,17,-0.25,-1.913095238095238,-1
00-0034791,Nick Chubb,RB,2021,CLE,15.37857142857143,3,0.5,17,Nick Chubb,RB,CLE,16.564705882352943,4,0.625,13,0.125,1.1861344537815128,1
00-0034796,Lamar Jackson,QB,2018,BAL,9.8775,0,0.5625,15,Lamar Jackson,QB,BAL,27.772,5,1.0,1,0.4375,17.8945,5
00-0034796,Lamar Jackson,QB,2019,BAL,27.772,5,1.0,1,Lamar Jackson,QB,BAL,22.18533333333333,4,0.84375,6,-0.15625,-5.58666666666667,-1
00-0034796,Lamar Jackson,QB,2020,BAL,22.18533333333333,4,0.84375,6,Lamar Jackson,QB,BAL,19.99833333333333,3,0.4375,19,-0.40625,-2.1869999999999976,-1
00-0034796,Lamar Jackson,QB,2021,BAL,19.99833333333333,3,0.4375,19,Lamar Jackson,QB,BAL,19.673333333333336,3,0.53125,16,0.09375,-0.32499999999999574,0
00-0034796,Lamar Jackson,QB,2022,BAL,19.673333333333336,3,0.53125,16,Lamar Jackson,QB,BAL,20.70125,4,0.84375,6,0.3125,1.0279166666666661,1
00-0034796,Lamar Jackson,QB,2023,BAL,20.70125,4,0.84375,6,Lamar Jackson,QB,BAL,25.21058823529412,5,1.0,1,0.15625,4.50933823529412,1
00-0034796,Lamar Jackson,QB,2024,BAL,25.21058823529412,5,1.0,1,Lamar Jackson,QB,BAL,16.52769230769231,2,0.5625,15,-0.4375,-8.682895927601813,-3
00-0034798,Durham Smythe,TE,2018,MIA,1.8333333333333333,0,0.15625,28,Durham Smythe,TE,MIA,1.6875,0,0.21875,26,0.0625,-0.14583333333333326,0
00-0034798,Durham Smythe,TE,2019,MIA,1.6875,0,0.21875,26,Durham Smythe,TE,MIA,4.523076923076923,0,0.46875,18,0.25,2.835576923076923,0
00-0034798,Durham Smythe,TE,2020,MIA,4.523076923076923,0,0.46875,18,Durham Smythe,TE,MIA,4.666666666666667,0,0.34375,22,-0.125,0.14358974358974397,0
00-0034798,Durham Smythe,TE,2021,MIA,4.666666666666667,0,0.34375,22,Durham Smythe,TE,MIA,3.333333333333333,0,0.8125,7,0.46875,-1.333333333333334,0
00-0034798,Durham Smythe,TE,2022,MIA,3.333333333333333,0,0.8125,7,Durham Smythe,TE,MIA,5.507692307692308,0,0.90625,4,0.09375,2.1743589743589746,0
00-0034798,Durham Smythe,TE,2023,MIA,5.507692307692308,0,0.90625,4,Durham Smythe,TE,MIA,1.1,0,0.34375,22,-0.5625,-4.407692307692308,0
00-0034799,Kalen Ballage,RB,2018,MIA,3.770000000000001,0,0.15625,28,Kalen Ballage,RB,MIA,4.316666666666666,0,0.21875,26,0.0625,0.5466666666666655,0
00-0034816,Ronald Jones,RB,2018,TB,3.45,0,0.65625,12,Ronald Jones,RB,TB,10.39375,1,0.46875,18,-0.1875,6.9437500000000005,1
00-0034816,Ronald Jones,RB,2019,TB,10.39375,1,0.46875,18,Ronald Jones,RB,TB,13.30714285714286,3,0.875,5,0.40625,2.91339285714286,2
00-0034816,Ronald Jones,RB,2020,TB,13.30714285714286,3,0.875,5,Ronald Jones,RB,TB,5.28,0,1.0,1,0.125,-8.02714285714286,-3
00-0034827,DJ Moore,WR,2018,CAR,9.9375,1,0.75,9,DJ Moore,WR,CAR,15.366666666666667,3,0.15625,28,-0.59375,5.429166666666667,2
00-0034827,DJ Moore,WR,2019,CAR,15.366666666666667,3,0.15625,28,DJ Moore,WR,CAR,14.1,2,0.4375,19,0.28125,-1.2666666666666675,-1
00-0034827,DJ Moore,WR,2020,CAR,14.1,2,0.4375,19,DJ Moore,WR,CAR,13.970588235294118,2,0.09375,30,-0.34375,-0.1294117647058819,0
00-0034827,DJ Moore,WR,2021,CAR,13.970588235294118,2,0.09375,30,DJ Moore,WR,CAR,11.735294117647058,2,0.34375,22,0.25,-2.2352941176470598,0
00-0034827,DJ Moore,WR,2023,CHI,16.852941176470587,3,0.375,21,DJ Moore,WR,CHI,14.005882352941176,2,0.21875,26,-0.15625,-2.8470588235294105,-1
00-0034827,DJ Moore,WR,2024,CHI,14.005882352941176,2,0.21875,26,DJ Moore,WR,CHI,10.04,1,0.78125,8,0.5625,-3.9658823529411773,-1
00-0034829,Mike Gesicki,TE,2018,MIA,2.8714285714285714,0,0.15625,28,Mike Gesicki,TE,MIA,9.066666666666666,2,0.21875,26,0.0625,6.1952380952380945,2
00-0034829,Mike Gesicki,TE,2019,MIA,9.066666666666666,2,0.21875,26,Mike Gesicki,TE,MIA,10.62,3,0.46875,18,0.25,1.5533333333333328,1
00-0034829,Mike Gesicki,TE,2020,MIA,10.62,3,0.46875,18,Mike Gesicki,TE,MIA,9.705882352941176,2,0.34375,22,-0.125,-0.9141176470588235,-1
00-0034829,Mike Gesicki,TE,2021,MIA,9.705882352941176,2,0.34375,22,Mike Gesicki,TE,MIA,5.776470588235294,0,0.8125,7,0.46875,-3.9294117647058817,-2
00-0034829,Mike Gesicki,TE,2024,CIN,8.84375,2,0.8125,7,Mike Gesicki,TE,CIN,5.891666666666667,1,0.4375,19,-0.375,-2.9520833333333334,-1
00-0034830,Hayden Hurst,TE,2018,BAL,3.922222222222222,0,0.5625,15,Hayden Hurst,TE,BAL,4.80625,0,1.0,1,0.4375,0.8840277777777783,0
00-0034830,Hayden Hurst,TE,2020,ATL,9.31875,2,0.53125,16,Hayden Hurst,TE,ATL,5.341666666666666,0,0.1875,27,-0.34375,-3.9770833333333337,-2
00-0034837,Calvin Ridley,WR,2018,ATL,12.925,2,0.78125,8,Calvin Ridley,WR,ATL,15.153846153846152,3,0.59375,14,-0.1875,2.228846153846151,1
00-0034837,Calvin Ridley,WR,2019,ATL,15.153846153846152,3,0.59375,14,Calvin Ridley,WR,ATL,18.766666666666666,4,0.53125,16,-0.0625,3.612820512820514,1
00-0034837,Calvin Ridley,WR,2020,ATL,18.766666666666666,4,0.53125,16,Calvin Ridley,WR,ATL,14.22,2,0.1875,27,-0.34375,-4.546666666666665,-2
00-0034837,Calvin Ridley,WR,2024,TEN,11.67058823529412,2,0.09375,30,Calvin Ridley,WR,TEN,6.757142857142857,0,0.09375,30,0.0,-4.9134453781512635,-2
00-0034838,Royce Freeman,RB,2018,DEN,7.235714285714286,0,0.34375,22,Royce Freeman,RB,DEN,8.8875,1,0.3125,23,-0.03125,1.6517857142857135,1
00-0034838,Royce Freeman,RB,2019,DEN,8.8875,1,0.3125,23,Royce Freeman,RB,DEN,3.372727272727273,0,0.0625,31,-0.25,-5.514772727272726,-1
00-0034838,Royce Freeman,RB,2021,HOU,3.145454545454545,0,0.0625,31,Royce Freeman,RB,HOU,4.75,0,0.03125,32,-0.03125,1.604545454545455,0
00-0034844,Saquon Barkley,RB,2018,NYG,24.125,5,0.5,17,Saquon Barkley,RB,NYG,18.77692307692308,5,0.25,25,-0.25,-5.3480769230769205,0
00-0034844,Saquon Barkley,RB,2021,NYG,11.430769230769233,2,0.03125,32,Saquon Barkley,RB,NYG,17.75,4,0.75,9,0.71875,6.319230769230767,2
00-0034844,Saquon Barkley,RB,2022,NYG,17.75,4,0.75,9,Saquon Barkley,RB,NYG,15.957142857142856,3,0.09375,30,-0.65625,-1.7928571428571445,-1
00-0034844,Saquon Barkley,RB,2024,PHI,22.24375,5,0.84375,6,Saquon Barkley,RB,PHI,14.53125,3,0.5,17,-0.34375,-7.712499999999999,-2
00-0034845,Sony Michel,RB,2018,NE,10.7,1,0.8125,7,Sony Michel,RB,NE,9.5375,1,0.5625,15,-0.25,-1.1624999999999996,0
00-0034845,Sony Michel,RB,2019,NE,9.5375,1,0.5625,15,Sony Michel,RB,NE,9.4125,1,0.34375,22,-0.21875,-0.125,0
00-0034854,KhaDarel Hodge,WR,2019,CLE,1.657142857142857,0,0.375,21,KhaDarel Hodge,WR,CLE,4.142857142857143,0,0.75,9,0.375,2.485714285714286,0
00-0034854,KhaDarel Hodge,WR,2022,ATL,4.577777777777778,0,0.4375,19,KhaDarel Hodge,WR,ATL,2.8615384615384616,0,0.1875,27,-0.25,-1.7162393162393168,0
00-0034854,KhaDarel Hodge,WR,2023,ATL,2.8615384615384616,0,0.1875,27,KhaDarel Hodge,WR,ATL,5.220000000000001,0,0.625,13,0.4375,2.358461538461539,0
00-0034855,Baker Mayfield,QB,2018,CLE,17.15,2,0.40625,20,Baker Mayfield,QB,CLE,14.32375,1,0.375,21,-0.03125,-2.826249999999998,-1
00-0034855,Baker Mayfield,QB,2019,CLE,14.32375,1,0.375,21,Baker Mayfield,QB,CLE,15.53875,2,0.75,9,0.375,1.2149999999999999,1
00-0034855,Baker Mayfield,QB,2020,CLE,15.53875,2,0.75,9,Baker Mayfield,QB,CLE,12.842857142857143,1,0.5,17,-0.25,-2.695892857142857,-1
00-0034855,Baker Mayfield,QB,2023,TB,16.121176470588235,2,0.65625,12,Baker Mayfield,QB,TB,21.51764705882353,4,0.875,5,0.21875,5.396470588235296,2
00-0034855,Baker Mayfield,QB,2024,TB,21.51764705882353,4,0.875,5,Baker Mayfield,QB,TB,15.99529411764706,2,0.40625,20,-0.46875,-5.522352941176472,-2
00-0034857,Josh Allen,QB,2018,BUF,17.238333333333333,2,0.0625,31,Josh Allen,QB,BUF,18.0475,3,0.40625,20,0.34375,0.8091666666666661,1
00-0034857,Josh Allen,QB,2019,BUF,18.0475,3,0.40625,20,Josh Allen,QB,BUF,24.75375,5,0.90625,4,0.5,6.706250000000001,2
00-0034857,Josh Allen,QB,2020,BUF,24.75375,5,0.90625,4,Josh Allen,QB,BUF,23.716470588235296,5,0.90625,4,0.0,-1.037279411764704,0
00-0034857,Josh Allen,QB,2021,BUF,23.716470588235296,5,0.90625,4,Josh Allen,QB,BUF,24.7325,5,0.96875,2,0.0625,1.0160294117647055,0
00-0034857,Josh Allen,QB,2022,BUF,24.7325,5,0.96875,2,Josh Allen,QB,BUF,23.09647058823529,4,0.9375,3,-0.03125,-1.63602941176471,-1
00-0034857,Josh Allen,QB,2023,BUF,23.09647058823529,4,0.9375,3,Josh Allen,QB,BUF,23.27125,4,0.96875,2,0.03125,0.1747794117647068,0
00-0034857,Josh Allen,QB,2024,BUF,23.27125,4,0.96875,2,Josh Allen,QB,BUF,22.78875,4,0.9375,3,-0.03125,-0.48249999999999815,0
00-0034860,Dante Pettis,WR,2018,SF,11.5,2,0.375,21,Dante Pettis,WR,SF,3.8377777777777777,0,0.875,5,0.5,-7.662222222222223,-2
00-0034860,Dante Pettis,WR,2024,NO,4.0,0,0.25,25,Dante Pettis,WR,NO,4.925,0,0.1875,27,-0.0625,0.9249999999999998,0
00-0034869,Sam Darnold,QB,2018,NYJ,12.930769230769233,1,0.125,29,Sam Darnold,QB,NYJ,14.55076923076923,1,0.03125,32,-0.09375,1.6199999999999974,0
00-0034869,Sam Darnold,QB,2019,NYJ,14.55076923076923,1,0.03125,32,Sam Darnold,QB,NYJ,11.168333333333337,1,0.03125,32,0.0,-3.3824358974358937,0
00-0034869,Sam Darnold,QB,2021,CAR,13.106666666666667,1,0.09375,30,Sam Darnold,QB,CAR,14.386666666666663,1,0.34375,22,0.25,1.2799999999999958,0
00-0034928,Steven Sims,WR,2019,WAS,8.423076923076923,0,0.09375,30,Steven Sims,WR,WAS,6.118181818181818,0,0.15625,28,0.0625,-2.304895104895105,0
00-0034960,Jakobi Meyers,WR,2019,NE,5.627272727272727,0,0.5625,15,Jakobi Meyers,WR,NE,11.876666666666669,2,0.34375,22,-0.21875,6.249393939393942,2
00-0034960,Jakobi Meyers,WR,2020,NE,11.876666666666669,2,0.34375,22,Jakobi Meyers,WR,NE,11.64375,2,0.71875,10,0.375,-0.232916666666668,0
00-0034960,Jakobi Meyers,WR,2021,NE,11.64375,2,0.71875,10,Jakobi Meyers,WR,NE,13.164285714285716,2,0.28125,24,-0.4375,1.5205357142857157,0
00-0034960,Jakobi Meyers,WR,2023,LV,13.66125,2,0.21875,26,Jakobi Meyers,WR,LV,14.533333333333331,2,0.0625,31,-0.15625,0.8720833333333307,0
00-0034970,Irv Smith,TE,2019,MIN,5.65,0,0.75,9,Irv Smith,TE,MIN,8.208333333333334,2,0.71875,10,-0.03125,2.5583333333333336,2
00-0034972,Alexander Mattison,RB,2019,MIN,5.261538461538462,0,0.75,9,Alexander Mattison,RB,MIN,6.684615384615385,0,0.71875,10,-0.03125,1.4230769230769225,0
00-0034972,Alexander Mattison,RB,2020,MIN,6.684615384615385,0,0.71875,10,Alexander Mattison,RB,MIN,7.86875,0,0.46875,18,-0.25,1.1841346153846155,0
00-0034972,Alexander Mattison,RB,2021,MIN,7.86875,0,0.46875,18,Alexander Mattison,RB,MIN,5.2,0,0.5,17,0.03125,-2.66875,0
00-0034972,Alexander Mattison,RB,2022,MIN,5.2,0,0.5,17,Alexander Mattison,RB,MIN,8.325,0,0.5,17,0.0,3.124999999999999,0
00-0034975,Justice Hill,RB,2019,BAL,3.3,0,1.0,1,Justice Hill,RB,BAL,2.1666666666666665,0,0.84375,6,-0.15625,-1.1333333333333333,0
00-0034975,Justice Hill,RB,2022,BAL,3.230769230769231,0,0.53125,16,Justice Hill,RB,BAL,6.83125,0,0.84375,6,0.3125,3.600480769230769,0
00-0034975,Justice Hill,RB,2023,BAL,6.83125,0,0.84375,6,Justice Hill,RB,BAL,8.44,0,1.0,1,0.15625,1.6087499999999997,0
00-0034975,Justice Hill,RB,2024,BAL,8.44,0,1.0,1,Justice Hill,RB,BAL,7.2444444444444445,0,0.5625,15,-0.4375,-1.195555555555555,0
00-0034981,Foster Moreau,TE,2019,LV,6.218181818181819,1,0.6875,11,Foster Moreau,TE,LV,4.714285714285714,0,0.625,13,-0.0625,-1.5038961038961043,-1
00-0034981,Foster Moreau,TE,2020,LV,4.714285714285714,0,0.625,13,Foster Moreau,TE,LV,7.108333333333333,1,0.40625,20,-0.21875,2.394047619047619,1
00-0034981,Foster Moreau,TE,2021,LV,7.108333333333333,1,0.40625,20,Foster Moreau,TE,LV,6.214285714285714,1,0.46875,18,0.0625,-0.894047619047619,0
00-0034981,Foster Moreau,TE,2023,NO,4.209090909090909,0,0.59375,14,Foster Moreau,TE,NO,6.886666666666667,1,0.25,25,-0.34375,2.6775757575757577,1
00-0034981,Foster Moreau,TE,2024,NO,6.886666666666667,1,0.25,25,Foster Moreau,TE,NO,1.842857142857143,0,0.1875,27,-0.0625,-5.043809523809523,-1
00-0034983,Hunter Renfrow,WR,2019,LV,10.33846153846154,1,0.6875,11,Hunter Renfrow,WR,LV,8.225,0,0.625,13,-0.0625,-2.113461538461541,-1
00-0034983,Hunter Renfrow,WR,2020,LV,8.225,0,0.625,13,Hunter Renfrow,WR,LV,15.241176470588236,3,0.40625,20,-0.21875,7.016176470588237,3
00-0034983,Hunter Renfrow,WR,2021,LV,15.241176470588236,3,0.40625,20,Hunter Renfrow,WR,LV,7.9,0,0.46875,18,0.0625,-7.341176470588236,-3
00-0034983,Hunter Renfrow,WR,2022,LV,7.9,0,0.46875,18,Hunter Renfrow,WR,LV,3.730769230769231,0,0.21875,26,-0.25,-4.1692307692307695,0
00-0034988,Kaden Smith,TE,2019,NYG,10.828571428571427,3,0.25,25,Kaden Smith,TE,NYG,2.246153846153846,0,0.09375,30,-0.15625,-8.58241758241758,-3
00-0035006,Bisi Johnson,WR,2019,MIN,6.076923076923077,0,0.75,9,Bisi Johnson,WR,MIN,4.3625,0,0.71875,10,-0.03125,-1.7144230769230768,0
00-0035021,Ashton Dulin,WR,2020,IND,1.342857142857143,0,0.65625,12,Ashton Dulin,WR,IND,3.25,0,0.625,13,-0.03125,1.907142857142857,0
00-0035021,Ashton Dulin,WR,2021,IND,3.25,0,0.625,13,Ashton Dulin,WR,IND,6.071428571428571,0,0.0625,31,-0.5625,2.821428571428571,0
00-0035021,Ashton Dulin,WR,2024,IND,2.1333333333333333,0,0.28125,24,Ashton Dulin,WR,IND,2.857142857142857,0,0.8125,7,0.53125,0.7238095238095239,0
00-0035022,Penny Hart,WR,2021,SEA,1.4333333333333331,0,0.59375,14,Penny Hart,WR,SEA,1.25,0,0.59375,14,0.0,-0.18333333333333313,0
00-0035140,Mecole Hardman,WR,2019,KC,8.233333333333333,0,0.96875,2,Mecole Hardman,WR,KC,8.13125,0,0.9375,3,-0.03125,-0.10208333333333286,0
00-0035140,Mecole Hardman,WR,2020,KC,8.13125,0,0.9375,3,Mecole Hardman,WR,KC,8.288235294117648,0,0.96875,2,0.03125,0.15698529411764817,0
00-0035140,Mecole Hardman,WR,2021,KC,8.288235294117648,0,0.96875,2,Mecole Hardman,WR,KC,11.725,2,1.0,1,0.03125,3.436764705882352,2
00-0035140,Mecole Hardman,WR,2022,KC,11.725,2,1.0,1,Mecole Hardman,WR,KC,3.957142857142857,0,0.6875,11,-0.3125,-7.767857142857142,-2
00-0035140,Mecole Hardman,WR,2023,KC,3.957142857142857,0,0.6875,11,Mecole Hardman,WR,KC,4.742857142857143,0,0.75,9,0.0625,0.785714285714286,0
00-0035148,Darwin Thompson,RB,2019,KC,3.21,0,0.96875,2,Darwin Thompson,RB,KC,6.640000000000001,0,0.9375,3,-0.03125,3.4300000000000006,0
00-0035208,Olamide Zaccheaus,WR,2020,ATL,5.933333333333334,0,0.53125,16,Olamide Zaccheaus,WR,ATL,5.986666666666666,0,0.1875,27,-0.34375,0.05333333333333279,0
00-0035208,Olamide Zaccheaus,WR,2021,ATL,5.986666666666666,0,0.1875,27,Olamide Zaccheaus,WR,ATL,6.875,0,0.4375,19,0.25,0.8883333333333336,0
00-0035215,Deonte Harty,WR,2019,NO,2.5,0,0.90625,4,Deonte Harty,WR,NO,5.522222222222222,0,0.78125,8,-0.125,3.022222222222222,0
00-0035215,Deonte Harty,WR,2020,NO,5.522222222222222,0,0.78125,8,Deonte Harty,WR,NO,8.853846153846153,1,0.25,25,-0.53125,3.3316239316239304,1
00-0035216,Diontae Johnson,WR,2019,PIT,10.34375,1,0.0625,31,Diontae Johnson,WR,PIT,14.92,3,0.5,17,0.4375,4.57625,2
00-0035216,Diontae Johnson,WR,2020,PIT,14.92,3,0.5,17,Diontae Johnson,WR,PIT,17.15,3,0.3125,23,-0.1875,2.2299999999999986,0
00-0035216,Diontae Johnson,WR,2021,PIT,17.15,3,0.3125,23,Diontae Johnson,WR,PIT,10.570588235294116,1,0.65625,12,0.34375,-6.579411764705883,-2
00-0035216,Diontae Johnson,WR,2022,PIT,10.570588235294116,1,0.65625,12,Diontae Johnson,WR,PIT,11.692307692307692,2,0.3125,23,-0.34375,1.121719457013576,1
00-0035217,Benny Snell,RB,2019,PIT,5.263636363636364,0,0.0625,31,Benny Snell,RB,PIT,4.993333333333334,0,0.5,17,0.4375,-0.2703030303030296,0
00-0035217,Benny Snell,RB,2020,PIT,4.993333333333334,0,0.5,17,Benny Snell,RB,PIT,1.0076923076923077,0,0.3125,23,-0.1875,-3.9856410256410264,0
00-0035222,Zach Gentry,TE,2021,PIT,3.5700000000000003,0,0.3125,23,Zach Gentry,TE,PIT,2.3000000000000003,0,0.65625,12,0.34375,-1.27,0
00-0035228,Kyler Murray,QB,2019,ARI,17.83,3,0.65625,12,Kyler Murray,QB,ARI,23.67125,5,0.59375,14,-0.0625,5.841250000000002,2
00-0035228,Kyler Murray,QB,2020,ARI,23.67125,5,0.59375,14,Kyler Murray,QB,ARI,21.412857142857145,4,0.75,9,0.15625,-2.258392857142855,-1
00-0035228,Kyler Murray,QB,2021,ARI,21.412857142857145,4,0.75,9,Kyler Murray,QB,ARI,18.24727272727273,3,0.15625,28,-0.59375,-3.1655844155844157,-1
00-0035228,Kyler Murray,QB,2022,ARI,18.24727272727273,3,0.15625,28,Kyler Murray,QB,ARI,18.295,3,0.34375,22,0.1875,0.04772727272727195,0
00-0035228,Kyler Murray,QB,2023,ARI,18.295,3,0.34375,22,Kyler Murray,QB,ARI,17.496470588235294,2,0.71875,10,0.375,-0.7985294117647079,-1
00-0035228,Kyler Murray,QB,2024,ARI,17.496470588235294,2,0.71875,10,Kyler Murray,QB,ARI,15.556,2,0.28125,24,-0.4375,-1.9404705882352946,0
00-0035229,T.J. Hockenson,TE,2019,DET,6.7250000000000005,1,0.34375,22,T.J. Hockenson,TE,DET,10.95625,3,0.40625,20,0.0625,4.23125,2
00-0035229,T.J. Hockenson,TE,2020,DET,10.95625,3,0.40625,20,T.J. Hockenson,TE,DET,12.108333333333334,4,0.28125,24,-0.125,1.1520833333333336,1
00-0035229,T.J. Hockenson,TE,2022,MIN,12.729411764705883,4,0.5,17,T.J. Hockenson,TE,MIN,14.6,4,0.5,17,0.0,1.8705882352941163,0
00-0035229,T.J. Hockenson,TE,2023,MIN,14.6,4,0.5,17,T.J. Hockenson,TE,MIN,8.65,2,0.59375,14,0.09375,-5.949999999999999,-2
00-0035229,T.J. Hockenson,TE,2024,MIN,8.65,2,0.59375,14,T.J. Hockenson,TE,MIN,7.52,1,0.15625,28,-0.4375,-1.1300000000000008,-1
00-0035232,Dwayne Haskins,QB,2019,WAS,8.522222222222222,0,0.09375,30,Dwayne Haskins,QB,WAS,9.737142857142857,0,0.15625,28,0.0625,1.2149206349206345,0
00-0035243,Miles Sanders,RB,2019,PHI,13.68125,3,0.5,17,Miles Sanders,RB,PHI,14.233333333333334,3,0.125,29,-0.375,0.5520833333333339,0
00-0035243,Miles Sanders,RB,2020,PHI,14.233333333333334,3,0.125,29,Miles Sanders,RB,PHI,9.783333333333331,1,0.6875,11,0.5625,-4.450000000000003,-2
00-0035243,Miles Sanders,RB,2021,PHI,9.783333333333331,1,0.6875,11,Miles Sanders,RB,PHI,12.74705882352941,2,0.9375,3,0.25,2.9637254901960794,1
00-0035243,Miles Sanders,RB,2023,CAR,5.475,0,0.125,29,Miles Sanders,RB,CAR,7.027272727272727,0,0.3125,23,0.1875,1.5522727272727277,0
00-0035246,J.J. Arcega-Whiteside,WR,2019,PHI,4.1125,0,0.5,17,J.J. Arcega-Whiteside,WR,PHI,2.9,0,0.125,29,-0.375,-1.2125,0
00-0035249,Josh Oliver,TE,2021,BAL,1.56,0,0.4375,19,Josh Oliver,TE,BAL,3.408333333333333,0,0.53125,16,0.09375,1.8483333333333332,0
00-0035249,Josh Oliver,TE,2023,MIN,4.441666666666666,0,0.5,17,Josh Oliver,TE,MIN,5.9818181818181815,1,0.59375,14,0.09375,1.540151515151515,1
00-0035249,Josh Oliver,TE,2024,MIN,5.9818181818181815,1,0.59375,14,Josh Oliver,TE,MIN,4.583333333333333,0,0.15625,28,-0.4375,-1.3984848484848484,-1
00-0035250,Devin Singletary,RB,2019,BUF,12.325,2,0.40625,20,Devin Singletary,RB,BUF,8.975,1,0.90625,4,0.5,-3.3499999999999996,-1
00-0035250,Devin Singletary,RB,2020,BUF,8.975,1,0.90625,4,Devin Singletary,RB,BUF,11.63529411764706,2,0.90625,4,0.0,2.6602941176470605,1
00-0035250,Devin Singletary,RB,2021,BUF,11.63529411764706,2,0.90625,4,Devin Singletary,RB,BUF,11.11875,2,0.96875,2,0.0625,-0.5165441176470598,0
00-0035250,Devin Singletary,RB,2024,NYG,6.44,0,0.125,29,Devin Singletary,RB,NYG,6.4,0,0.71875,10,0.59375,-0.040000000000000036,0
00-0035261,Tony Pollard,RB,2019,DAL,6.385714285714286,0,0.9375,3,Tony Pollard,RB,DAL,7.55,0,0.25,25,-0.6875,1.1642857142857137,0
00-0035261,Tony Pollard,RB,2020,DAL,7.55,0,0.25,25,Tony Pollard,RB,DAL,10.84,1,0.8125,7,0.5625,3.29,1
00-0035261,Tony Pollard,RB,2021,DAL,10.84,1,0.8125,7,Tony Pollard,RB,DAL,15.55,3,0.71875,10,-0.09375,4.710000000000001,2
00-0035261,Tony Pollard,RB,2022,DAL,15.55,3,0.71875,10,Tony Pollard,RB,DAL,13.105882352941178,2,0.96875,2,0.25,-2.444117647058823,-1
00-0035261,Tony Pollard,RB,2024,TEN,12.55625,2,0.09375,30,Tony Pollard,RB,TEN,10.929411764705884,1,0.09375,30,0.0,-1.626838235294116,-1
00-0035287,KeeSean Johnson,WR,2019,ARI,4.6,0,0.65625,12,KeeSean Johnson,WR,ARI,4.0375,0,0.59375,14,-0.0625,-0.5625,0
00-0035289,Gardner Minshew,QB,2019,JAX,16.374285714285715,2,0.28125,24,Gardner Minshew,QB,JAX,17.85111111111111,3,0.1875,27,-0.09375,1.4768253968253937,1
00-0035291,Trayveon Williams,RB,2022,CIN,2.0,0,0.875,5,Trayveon Williams,RB,CIN,1.0642857142857145,0,0.625,13,-0.25,-0.9357142857142855,0
00-0035298,Scott Miller,WR,2019,TB,4.511111111111111,0,0.46875,18,Scott Miller,WR,TB,7.321428571428571,0,0.875,5,0.40625,2.81031746031746,0
00-0035298,Scott Miller,WR,2020,TB,7.321428571428571,0,0.875,5,Scott Miller,WR,TB,3.82,0,1.0,1,0.125,-3.5014285714285713,0
00-0035298,Scott Miller,WR,2021,TB,3.82,0,1.0,1,Scott Miller,WR,TB,3.845454545454545,0,0.40625,20,-0.59375,0.025454545454544952,0
00-0035298,Scott Miller,WR,2024,PIT,2.975,0,0.40625,20,Scott Miller,WR,PIT,3.04,0,0.46875,18,0.0625,0.06499999999999995,0
00-0035311,Myles Gaskin,RB,2019,MIA,4.485714285714286,0,0.21875,26,Myles Gaskin,RB,MIA,16.419999999999998,4,0.46875,18,0.25,11.934285714285712,4
00-0035311,Myles Gaskin,RB,2020,MIA,16.419999999999998,4,0.46875,18,Myles Gaskin,RB,MIA,10.211764705882352,1,0.34375,22,-0.125,-6.208235294117646,-3
00-0035329,Donald Parham,TE,2020,LAC,4.39,0,0.5625,15,Donald Parham,TE,LAC,4.916666666666667,0,0.875,5,0.3125,0.5266666666666673,0
00-0035329,Donald Parham,TE,2021,LAC,4.916666666666667,0,0.875,5,Donald Parham,TE,LAC,4.833333333333333,0,0.5625,15,-0.3125,-0.08333333333333393,0
00-0035329,Donald Parham,TE,2022,LAC,4.833333333333333,0,0.5625,15,Donald Parham,TE,LAC,6.115384615384615,1,0.28125,24,-0.28125,1.282051282051282,1
00-0035341,Trenton Irwin,WR,2022,CIN,7.022222222222222,0,0.875,5,Trenton Irwin,WR,CIN,6.26,0,0.625,13,-0.25,-0.7622222222222224,0
00-0035341,Trenton Irwin,WR,2023,CIN,6.26,0,0.625,13,Trenton Irwin,WR,CIN,1.125,0,0.8125,7,0.1875,-5.135,0
00-0035342,Patrick Laird,RB,2019,MIA,8.525,0,0.21875,26,Patrick Laird,RB,MIA,2.4444444444444446,0,0.46875,18,0.25,-6.080555555555556,0
00-0035345,Chris Myarick,TE,2021,NYG,2.675,0,0.03125,32,Chris Myarick,TE,NYG,2.7857142857142856,0,0.75,9,0.71875,0.11071428571428577,0
00-0035350,Preston Williams,WR,2019,MIA,11.35,2,0.21875,26,Preston Williams,WR,MIA,9.35,1,0.46875,18,0.25,-2.0,-1
00-0035350,Preston Williams,WR,2020,MIA,9.35,1,0.46875,18,Preston Williams,WR,MIA,2.3000000000000003,0,0.34375,22,-0.125,-7.049999999999999,-1
00-0035359,David Sills,WR,2021,NYG,0.925,0,0.03125,32,David Sills,WR,NYG,3.085714285714286,0,0.75,9,0.71875,2.1607142857142856,0
00-0035406,Lil'Jordan Humphrey,WR,2023,DEN,4.290909090909091,0,0.40625,20,Lil'Jordan Humphrey,WR,DEN,4.592857142857143,0,0.53125,16,0.125,0.3019480519480524,0
00-0035406,Lil'Jordan Humphrey,WR,2024,DEN,4.592857142857143,0,0.53125,16,Lil'Jordan Humphrey,WR,DEN,4.942857142857143,0,0.625,13,0.09375,0.34999999999999964,0
00-0035414,Jalen Guyton,WR,2020,LAC,6.06875,0,0.5625,15,Jalen Guyton,WR,LAC,6.075,0,0.875,5,0.3125,0.006250000000000533,0
00-0035500,Greg Dortch,WR,2022,ARI,10.463636363636365,1,0.15625,28,Greg Dortch,WR,ARI,7.166666666666667,0,0.34375,22,0.1875,-3.2969696969696978,-1
00-0035500,Greg Dortch,WR,2023,ARI,7.166666666666667,0,0.34375,22,Greg Dortch,WR,ARI,5.311764705882353,0,0.71875,10,0.375,-1.8549019607843142,0
00-0035500,Greg Dortch,WR,2024,ARI,5.311764705882353,0,0.71875,10,Greg Dortch,WR,ARI,6.258333333333333,0,0.28125,24,-0.4375,0.9465686274509801,0
00-0035510,Jeff Smith,WR,2020,NYJ,4.2125,0,0.03125,32,Jeff Smith,WR,NYJ,2.4,0,0.21875,26,0.1875,-1.8125000000000004,0
00-0035510,Jeff Smith,WR,2021,NYJ,2.4,0,0.21875,26,Jeff Smith,WR,NYJ,3.057142857142857,0,0.09375,30,-0.125,0.657142857142857,0
00-0035527,Andy Isabella,WR,2019,ARI,3.933333333333333,0,0.65625,12,Andy Isabella,WR,ARI,4.9818181818181815,0,0.59375,14,-0.0625,1.0484848484848484,0
00-0035535,Darius Slayton,WR,2019,NYG,12.185714285714283,2,0.25,25,Darius Slayton,WR,NYG,8.8125,0,0.09375,30,-0.15625,-3.3732142857142833,-2
00-0035535,Darius Slayton,WR,2020,NYG,8.8125,0,0.09375,30,Darius Slayton,WR,NYG,5.276923076923077,0,0.03125,32,-0.0625,-3.535576923076923,0
00-0035535,Darius Slayton,WR,2021,NYG,5.276923076923077,0,0.03125,32,Darius Slayton,WR,NYG,9.876923076923076,1,0.75,9,0.71875,4.599999999999999,1
00-0035535,Darius Slayton,WR,2022,NYG,9.876923076923076,1,0.75,9,Darius Slayton,WR,NYG,8.882352941176471,1,0.09375,30,-0.65625,-0.9945701357466046,0
00-0035535,Darius Slayton,WR,2023,NYG,8.882352941176471,1,0.09375,30,Darius Slayton,WR,NYG,6.875,0,0.125,29,0.03125,-2.007352941176471,-1
00-0035535,Darius Slayton,WR,2024,NYG,6.875,0,0.125,29,Darius Slayton,WR,NYG,7.057142857142857,0,0.71875,10,0.59375,0.18214285714285694,0
00-0035537,Ty Johnson,RB,2020,NYJ,6.33,0,0.03125,32,Ty Johnson,RB,NYJ,7.8,0,0.21875,26,0.1875,1.4699999999999998,0
00-0035537,Ty Johnson,RB,2021,NYJ,7.8,0,0.21875,26,Ty Johnson,RB,NYJ,4.279999999999999,0,0.09375,30,-0.125,-3.5200000000000005,0
00-0035537,Ty Johnson,RB,2023,BUF,4.628571428571428,0,0.9375,3,Ty Johnson,RB,BUF,5.394117647058824,0,0.96875,2,0.03125,0.7655462184873958,0
00-0035537,Ty Johnson,RB,2024,BUF,5.394117647058824,0,0.96875,2,Ty Johnson,RB,BUF,5.711764705882352,0,0.9375,3,-0.03125,0.3176470588235283,0
00-0035544,Tom Kennedy,WR,2021,DET,3.0666666666666664,0,0.28125,24,Tom Kennedy,WR,DET,4.42,0,0.84375,6,0.5625,1.3533333333333335,0
00-0035547,Joseph Fortson,TE,2021,KC,5.425,0,0.96875,2,Joseph Fortson,TE,KC,3.533333333333333,0,1.0,1,0.03125,-1.8916666666666666,0
00-0035567,Craig Reynolds,RB,2021,DET,7.040000000000001,0,0.28125,24,Craig Reynolds,RB,DET,5.133333333333334,0,0.84375,6,0.5625,-1.9066666666666672,0
00-0035567,Craig Reynolds,RB,2022,DET,5.133333333333334,0,0.84375,6,Craig Reynolds,RB,DET,5.266666666666667,0,0.78125,8,-0.0625,0.13333333333333286,0
00-0035567,Craig Reynolds,RB,2023,DET,5.266666666666667,0,0.78125,8,Craig Reynolds,RB,DET,2.9857142857142853,0,0.9375,3,0.15625,-2.2809523809523813,0
00-0035572,Parker Hesse,TE,2021,ATL,2.325,0,0.1875,27,Parker Hesse,TE,ATL,1.9888888888888887,0,0.4375,19,0.25,-0.33611111111111147,0
00-0035594,Travis Homer,RB,2019,SEA,7.0,0,0.625,13,Travis Homer,RB,SEA,3.644444444444444,0,0.8125,7,0.1875,-3.355555555555556,0
00-0035594,Travis Homer,RB,2020,SEA,3.644444444444444,0,0.8125,7,Travis Homer,RB,SEA,5.15,0,0.59375,14,-0.21875,1.5055555555555564,0
00-0035594,Travis Homer,RB,2021,SEA,5.15,0,0.59375,14,Travis Homer,RB,SEA,5.3875,0,0.59375,14,0.0,0.23749999999999982,0
00-0035624,N'Keal Harry,TE,2019,NE,5.628571428571428,0,0.5625,15,N'Keal Harry,TE,NE,5.684615384615385,0,0.34375,22,-0.21875,0.05604395604395673,0
00-0035624,N'Keal Harry,TE,2020,NE,5.684615384615385,0,0.34375,22,N'Keal Harry,TE,NE,3.3777777777777778,0,0.71875,10,0.375,-2.306837606837607,0
00-0035628,D'Ernest Johnson,RB,2020,CLE,2.625,0,0.75,9,D'Ernest Johnson,RB,CLE,8.674999999999999,0,0.5,17,-0.25,6.049999999999999,0
00-0035628,D'Ernest Johnson,RB,2023,JAX,2.32,0,0.4375,19,D'Ernest Johnson,RB,JAX,2.9916666666666667,0,0.4375,19,0.0,0.6716666666666669,0
00-0035631,Drew Sample,TE,2019,CIN,2.0,0,0.125,29,Drew Sample,TE,CIN,4.93125,0,0.21875,26,0.09375,2.9312500000000004,0
00-0035631,Drew Sample,TE,2020,CIN,4.93125,0,0.21875,26,Drew Sample,TE,CIN,2.3875,0,0.65625,12,0.4375,-2.54375,0
00-0035631,Drew Sample,TE,2023,CIN,3.5928571428571425,0,0.625,13,Drew Sample,TE,CIN,3.3181818181818183,0,0.8125,7,0.1875,-0.2746753246753242,0
00-0035631,Drew Sample,TE,2024,CIN,3.3181818181818183,0,0.8125,7,Drew Sample,TE,CIN,2.9,0,0.4375,19,-0.375,-0.41818181818181843,0
00-0035639,Parris Campbell,WR,2021,IND,5.366666666666667,0,0.625,13,Parris Campbell,WR,IND,8.770588235294117,0,0.0625,31,-0.5625,3.4039215686274495,0
00-0035640,DK Metcalf,WR,2019,SEA,11.69375,2,0.625,13,DK Metcalf,WR,SEA,16.95625,3,0.8125,7,0.1875,5.262500000000001,1
00-0035640,DK Metcalf,WR,2020,SEA,16.95625,3,0.8125,7,DK Metcalf,WR,SEA,14.370588235294118,2,0.59375,14,-0.21875,-2.5856617647058826,-1
00-0035640,DK Metcalf,WR,2021,SEA,14.370588235294118,2,0.59375,14,DK Metcalf,WR,SEA,13.341176470588236,2,0.59375,14,0.0,-1.0294117647058822,0
00-0035640,DK Metcalf,WR,2022,SEA,13.341176470588236,2,0.59375,14,DK Metcalf,WR,SEA,14.0875,2,0.71875,10,0.125,0.7463235294117645,0
00-0035640,DK Metcalf,WR,2023,SEA,14.0875,2,0.71875,10,DK Metcalf,WR,SEA,12.746666666666666,2,0.46875,18,-0.25,-1.3408333333333342,0
00-0035644,Noah Fant,TE,2019,DEN,6.9375,1,0.3125,23,Noah Fant,TE,DEN,10.664285714285716,3,0.0625,31,-0.25,3.7267857142857164,2
00-0035644,Noah Fant,TE,2020,DEN,10.664285714285716,3,0.0625,31,Noah Fant,TE,DEN,9.9375,2,0.53125,16,0.46875,-0.7267857142857164,-1
00-0035644,Noah Fant,TE,2022,SEA,7.211764705882352,1,0.59375,14,Noah Fant,TE,SEA,5.242857142857143,0,0.71875,10,0.125,-1.9689075630252093,-1
00-0035644,Noah Fant,TE,2023,SEA,5.242857142857143,0,0.71875,10,Noah Fant,TE,SEA,7.428571428571429,1,0.46875,18,-0.25,2.185714285714286,1
00-0035645,Gunner Olszewski,WR,2020,NE,4.25,0,0.34375,22,Gunner Olszewski,WR,NE,1.5,0,0.71875,10,0.375,-2.75,0
00-0035657,Damien Harris,RB,2020,NE,9.13,1,0.34375,22,Damien Harris,RB,NE,14.006666666666666,3,0.71875,10,0.375,4.876666666666665,2
00-0035657,Damien Harris,RB,2021,NE,14.006666666666666,3,0.71875,10,Damien Harris,RB,NE,8.263636363636364,0,0.28125,24,-0.4375,-5.743030303030302,-3
00-0035659,Terry McLaurin,WR,2019,WAS,13.707142857142856,2,0.09375,30,Terry McLaurin,WR,WAS,14.92,3,0.15625,28,0.0625,1.2128571428571444,1
00-0035659,Terry McLaurin,WR,2020,WAS,14.92,3,0.15625,28,Terry McLaurin,WR,WAS,12.558823529411764,2,0.375,21,0.21875,-2.3611764705882354,-1
00-0035659,Terry McLaurin,WR,2021,WAS,12.558823529411764,2,0.375,21,Terry McLaurin,WR,WAS,13.470588235294118,2,0.21875,26,-0.15625,0.9117647058823533,0
00-0035659,Terry McLaurin,WR,2022,WAS,13.470588235294118,2,0.21875,26,Terry McLaurin,WR,WAS,11.952941176470588,2,0.25,25,0.03125,-1.5176470588235293,0
00-0035659,Terry McLaurin,WR,2023,WAS,11.952941176470588,2,0.25,25,Terry McLaurin,WR,WAS,15.75294117647059,3,0.90625,4,0.65625,3.8000000000000007,1
00-0035659,Terry McLaurin,WR,2024,WAS,15.75294117647059,3,0.90625,4,Terry McLaurin,WR,WAS,11.42,2,0.53125,16,-0.375,-4.332941176470589,-1
00-0035662,Marquise Brown,WR,2019,BAL,10.457142857142856,1,1.0,1,Marquise Brown,WR,BAL,11.4375,2,0.84375,6,-0.15625,0.9803571428571445,1
00-0035662,Marquise Brown,WR,2020,BAL,11.4375,2,0.84375,6,Marquise Brown,WR,BAL,14.26875,2,0.4375,19,-0.40625,2.8312500000000007,0
00-0035662,Marquise Brown,WR,2022,ARI,13.0,2,0.15625,28,Marquise Brown,WR,ARI,10.36153846153846,1,0.34375,22,0.1875,-2.6384615384615397,-1
00-0035664,Darrell Henderson,RB,2019,LA,3.2,0,0.4375,19,Darrell Henderson,RB,LA,8.66,0,0.3125,23,-0.125,5.46,0
00-0035664,Darrell Henderson,RB,2020,LA,8.66,0,0.3125,23,Darrell Henderson,RB,LA,13.616666666666667,3,0.78125,8,0.46875,4.956666666666667,3
00-0035664,Darrell Henderson,RB,2021,LA,13.616666666666667,3,0.78125,8,Darrell Henderson,RB,LA,7.35,0,0.125,29,-0.65625,-6.2666666666666675,-3
00-0035664,Darrell Henderson,RB,2022,LA,7.35,0,0.125,29,Darrell Henderson,RB,LA,10.875,1,0.75,9,0.625,3.5250000000000004,1
00-0035676,A.J. Brown,WR,2019,TEN,13.56875,2,0.84375,6,A.J. Brown,WR,TEN,17.678571428571427,4,0.96875,2,0.125,4.109821428571427,2
00-0035676,A.J. Brown,WR,2020,TEN,17.678571428571427,4,0.96875,2,A.J. Brown,WR,TEN,13.915384615384616,2,0.5625,15,-0.40625,-3.7631868131868114,-2
00-0035676,A.J. Brown,WR,2022,PHI,17.623529411764707,3,0.9375,3,A.J. Brown,WR,PHI,17.03529411764706,3,0.8125,7,-0.125,-0.5882352941176485,0
00-0035676,A.J. Brown,WR,2023,PHI,17.03529411764706,3,0.8125,7,A.J. Brown,WR,PHI,16.684615384615384,3,0.84375,6,0.03125,-0.35067873303167474,0
00-0035676,A.J. Brown,WR,2024,PHI,16.684615384615384,3,0.84375,6,A.J. Brown,WR,PHI,14.686666666666667,2,0.5,17,-0.34375,-1.9979487179487165,-1
00-0035685,David Montgomery,RB,2019,CHI,10.65,1,0.1875,27,David Montgomery,RB,CHI,17.666666666666668,4,0.28125,24,0.09375,7.0166666666666675,3
00-0035685,David Montgomery,RB,2020,CHI,17.666666666666668,4,0.28125,24,David Montgomery,RB,CHI,15.0,3,0.125,29,-0.15625,-2.666666666666668,-1
00-0035685,David Montgomery,RB,2021,CHI,15.0,3,0.125,29,David Montgomery,RB,CHI,11.10625,2,0.3125,23,0.1875,-3.8937500000000007,-1
00-0035685,David Montgomery,RB,2023,DET,14.814285714285717,3,0.78125,8,David Montgomery,RB,DET,15.837142857142856,3,0.9375,3,0.15625,1.0228571428571396,0
00-0035685,David Montgomery,RB,2024,DET,15.837142857142856,3,0.9375,3,David Montgomery,RB,DET,9.830588235294115,1,0.75,9,-0.1875,-6.006554621848741,-2
00-0035689,Dawson Knox,TE,2019,BUF,5.3133333333333335,0,0.40625,20,Dawson Knox,TE,BUF,6.072727272727272,1,0.90625,4,0.5,0.7593939393939388,1
00-0035689,Dawson Knox,TE,2020,BUF,6.072727272727272,1,0.90625,4,Dawson Knox,TE,BUF,10.913333333333332,3,0.90625,4,0.0,4.84060606060606,2
00-0035689,Dawson Knox,TE,2021,BUF,10.913333333333332,3,0.90625,4,Dawson Knox,TE,BUF,9.046666666666663,2,0.96875,2,0.0625,-1.866666666666669,-1
00-0035689,Dawson Knox,TE,2022,BUF,9.046666666666663,2,0.96875,2,Dawson Knox,TE,BUF,5.46,0,0.9375,3,-0.03125,-3.5866666666666633,-2
00-0035689,Dawson Knox,TE,2023,BUF,5.46,0,0.9375,3,Dawson Knox,TE,BUF,4.221428571428572,0,0.96875,2,0.03125,-1.2385714285714275,0
00-0035689,Dawson Knox,TE,2024,BUF,4.221428571428572,0,0.96875,2,Dawson Knox,TE,BUF,6.48125,1,0.9375,3,-0.03125,2.2598214285714278,1
00-0035700,Josh Jacobs,RB,2019,LV,14.738461538461538,3,0.6875,11,Josh Jacobs,RB,LV,15.42,3,0.625,13,-0.0625,0.6815384615384623,0
00-0035700,Josh Jacobs,RB,2020,LV,15.42,3,0.625,13,Josh Jacobs,RB,LV,15.066666666666666,3,0.40625,20,-0.21875,-0.3533333333333335,0
00-0035700,Josh Jacobs,RB,2021,LV,15.066666666666666,3,0.40625,20,Josh Jacobs,RB,LV,19.31176470588236,5,0.46875,18,0.0625,4.245098039215694,2
00-0035700,Josh Jacobs,RB,2022,LV,19.31176470588236,5,0.46875,18,Josh Jacobs,RB,LV,13.930769230769233,3,0.21875,26,-0.25,-5.380995475113128,-2
00-0035700,Josh Jacobs,RB,2024,GB,17.241176470588236,4,0.78125,8,Josh Jacobs,RB,GB,15.806666666666668,3,0.90625,4,0.125,-1.4345098039215678,-1
00-0035703,Miles Boykin,WR,2019,BAL,4.233333333333333,0,1.0,1,Miles Boykin,WR,BAL,5.3538461538461535,0,0.84375,6,-0.15625,1.12051282051282,0
00-0035704,Drew Lock,QB,2019,DEN,13.6,1,0.3125,23,Drew Lock,QB,DEN,13.947692307692307,1,0.0625,31,-0.25,0.3476923076923075,0
00-0035704,Drew Lock,QB,2020,DEN,13.947692307692307,1,0.0625,31,Drew Lock,QB,DEN,8.646666666666667,0,0.53125,16,0.46875,-5.301025641025641,-1
00-0035710,Daniel Jones,QB,2019,NYG,16.536923076923078,2,0.25,25,Daniel Jones,QB,NYG,12.858571428571429,1,0.09375,30,-0.15625,-3.678351648351649,-1
00-0035710,Daniel Jones,QB,2020,NYG,12.858571428571429,1,0.09375,30,Daniel Jones,QB,NYG,15.265454545454544,2,0.03125,32,-0.0625,2.4068831168831153,1
00-0035710,Daniel Jones,QB,2021,NYG,15.265454545454544,2,0.03125,32,Daniel Jones,QB,NYG,18.0625,3,0.75,9,0.71875,2.797045454545456,1
00-0035710,Daniel Jones,QB,2022,NYG,18.0625,3,0.75,9,Daniel Jones,QB,NYG,9.493333333333334,0,0.09375,30,-0.65625,-8.569166666666666,-3
00-0035710,Daniel Jones,QB,2023,NYG,9.493333333333334,0,0.09375,30,Daniel Jones,QB,NYG,13.53,1,0.125,29,0.03125,4.036666666666665,1
00-0035719,Deebo Samuel Sr.,WR,2019,SF,12.606666666666666,2,0.875,5,Deebo Samuel Sr.,WR,SF,11.528571428571428,2,0.375,21,-0.5,-1.078095238095237,0
00-0035719,Deebo Samuel Sr.,WR,2020,SF,11.528571428571428,2,0.375,21,Deebo Samuel Sr.,WR,SF,21.135,5,0.84375,6,0.46875,9.606428571428573,3
00-0035719,Deebo Samuel Sr.,WR,2021,SF,21.135,5,0.84375,6,Deebo Samuel Sr.,WR,SF,12.953846153846154,2,0.90625,4,0.0625,-8.181153846153848,-3
00-0035719,Deebo Samuel Sr.,WR,2022,SF,12.953846153846154,2,0.90625,4,Deebo Samuel Sr.,WR,SF,16.246666666666666,3,1.0,1,0.09375,3.292820512820512,1
00-0035719,Deebo Samuel Sr.,WR,2023,SF,16.246666666666666,3,1.0,1,Deebo Samuel Sr.,WR,SF,11.114285714285714,2,0.6875,11,-0.3125,-5.132380952380952,-1
00-0035771,Mitchell Wilcox,TE,2022,CIN,4.1,0,0.875,5,Mitchell Wilcox,TE,CIN,1.6222222222222222,0,0.625,13,-0.25,-2.4777777777777774,0
00-0035806,JaMycal Hasty,RB,2020,SF,5.183333333333334,0,0.375,21,JaMycal Hasty,RB,SF,5.15,0,0.84375,6,0.46875,-0.033333333333333215,0
00-0035831,James Robinson,RB,2020,JAX,17.9,4,0.1875,27,James Robinson,RB,JAX,12.421428571428573,2,0.15625,28,-0.03125,-5.478571428571426,-2
00-0035831,James Robinson,RB,2021,JAX,12.421428571428573,2,0.15625,28,James Robinson,RB,JAX,8.054545454545455,0,0.78125,8,0.625,-4.366883116883118,-2
00-0035864,Kendall Hinton,WR,2021,DEN,3.854,0,0.53125,16,Kendall Hinton,WR,DEN,5.127272727272727,0,0.1875,27,-0.34375,1.273272727272727,0
00-0035973,Patrick Taylor,RB,2021,GB,4.3,0,0.9375,3,Patrick Taylor,RB,GB,1.45,0,0.6875,11,-0.25,-2.8499999999999996,0
00-0035973,Patrick Taylor,RB,2022,GB,1.45,0,0.6875,11,Patrick Taylor,RB,GB,3.0,0,0.875,5,0.1875,1.55,0
00-0035993,Tyler Huntley,QB,2021,BAL,12.09142857142857,1,0.4375,19,Tyler Huntley,QB,BAL,10.044,0,0.53125,16,0.09375,-2.0474285714285703,-1
00-0035993,Tyler Huntley,QB,2022,BAL,10.044,0,0.53125,16,Tyler Huntley,QB,BAL,5.1240000000000006,0,0.84375,6,0.3125,-4.92,0
00-0036020,Salvon Ahmed,RB,2020,MIA,11.5,2,0.46875,18,Salvon Ahmed,RB,MIA,3.5090909090909093,0,0.34375,22,-0.125,-7.99090909090909,-2
00-0036020,Salvon Ahmed,RB,2021,MIA,3.5090909090909093,0,0.34375,22,Salvon Ahmed,RB,MIA,2.3666666666666667,0,0.8125,7,0.46875,-1.1424242424242426,0
00-0036020,Salvon Ahmed,RB,2022,MIA,2.3666666666666667,0,0.8125,7,Salvon Ahmed,RB,MIA,6.128571428571428,0,0.90625,4,0.09375,3.7619047619047614,0
00-0036040,Juwan Johnson,TE,2020,NO,1.58,0,0.78125,8,Juwan Johnson,TE,NO,4.408333333333333,0,0.25,25,-0.53125,2.828333333333333,0
00-0036040,Juwan Johnson,TE,2021,NO,4.408333333333333,0,0.25,25,Juwan Johnson,TE,NO,8.425,2,0.375,21,0.125,4.0166666666666675,2
00-0036040,Juwan Johnson,TE,2022,NO,8.425,2,0.375,21,Juwan Johnson,TE,NO,7.523076923076923,1,0.59375,14,0.21875,-0.9019230769230777,-1
00-0036040,Juwan Johnson,TE,2023,NO,7.523076923076923,1,0.59375,14,Juwan Johnson,TE,NO,8.186666666666666,2,0.25,25,-0.34375,0.6635897435897427,1
00-0036040,Juwan Johnson,TE,2024,NO,8.186666666666666,2,0.25,25,Juwan Johnson,TE,NO,10.58235294117647,3,0.1875,27,-0.0625,2.3956862745098046,1
00-0036096,J.J. Taylor,RB,2020,NE,2.48,0,0.34375,22,J.J. Taylor,RB,NE,3.7,0,0.71875,10,0.375,1.2200000000000002,0
00-0036133,James Proche,WR,2021,BAL,5.171428571428572,0,0.4375,19,James Proche,WR,BAL,1.7428571428571429,0,0.53125,16,0.09375,-3.428571428571429,0
00-0036139,Rico Dowdle,RB,2023,DAL,5.71875,0,0.96875,2,Rico Dowdle,RB,DAL,12.3625,2,0.15625,28,-0.8125,6.643750000000001,2
00-0036165,Isaiah Hodgins,WR,2022,NYG,11.133333333333333,2,0.75,9,Isaiah Hodgins,WR,NYG,4.285714285714286,0,0.09375,30,-0.65625,-6.847619047619047,-2
00-0036182,Nick Westbrook-Ikhine,WR,2020,TEN,1.0375,0,0.96875,2,Nick Westbrook-Ikhine,WR,TEN,7.173333333333333,0,0.5625,15,-0.40625,6.135833333333332,0
00-0036182,Nick Westbrook-Ikhine,WR,2021,TEN,7.173333333333333,0,0.5625,15,Nick Westbrook-Ikhine,WR,TEN,5.513333333333334,0,0.25,25,-0.3125,-1.6599999999999993,0
00-0036182,Nick Westbrook-Ikhine,WR,2022,TEN,5.513333333333334,0,0.25,25,Nick Westbrook-Ikhine,WR,TEN,6.538461538461538,0,0.5625,15,0.3125,1.0251282051282047,0
00-0036182,Nick Westbrook-Ikhine,WR,2023,TEN,6.538461538461538,0,0.5625,15,Nick Westbrook-Ikhine,WR,TEN,10.438461538461535,1,0.09375,30,-0.46875,3.899999999999997,1
00-0036187,Reggie Gilliam,RB,2021,BUF,0.9333333333333332,0,0.90625,4,Reggie Gilliam,RB,BUF,5.225,0,0.96875,2,0.0625,4.291666666666666,0
00-0036196,Gabe Davis,WR,2020,BUF,8.55625,0,0.90625,4,Gabe Davis,WR,BUF,8.393333333333334,0,0.90625,4,0.0,-0.16291666666666593,0
00-0036196,Gabe Davis,WR,2021,BUF,8.393333333333334,0,0.90625,4,Gabe Davis,WR,BUF,11.44,2,0.96875,2,0.0625,3.046666666666665,2
00-0036196,Gabe Davis,WR,2022,BUF,11.44,2,0.96875,2,Gabe Davis,WR,BUF,10.0875,1,0.9375,3,-0.03125,-1.3524999999999991,-1
00-0036212,Tua Tagovailoa,QB,2020,MIA,13.546,1,0.46875,18,Tua Tagovailoa,QB,MIA,13.916923076923077,1,0.34375,22,-0.125,0.37092307692307713,0
00-0036212,Tua Tagovailoa,QB,2021,MIA,13.916923076923077,1,0.34375,22,Tua Tagovailoa,QB,MIA,17.763076923076923,3,0.8125,7,0.46875,3.8461538461538467,2
00-0036212,Tua Tagovailoa,QB,2022,MIA,17.763076923076923,3,0.8125,7,Tua Tagovailoa,QB,MIA,15.903529411764708,2,0.90625,4,0.09375,-1.8595475113122149,-1
00-0036212,Tua Tagovailoa,QB,2023,MIA,15.903529411764708,2,0.90625,4,Tua Tagovailoa,QB,MIA,16.507272727272728,2,0.34375,22,-0.5625,0.6037433155080194,0
00-0036212,Tua Tagovailoa,QB,2024,MIA,16.507272727272728,2,0.34375,22,Tua Tagovailoa,QB,MIA,11.478571428571428,1,0.25,25,-0.09375,-5.0287012987013,-1
00-0036219,Marquez Callaway,WR,2020,NO,7.05,0,0.78125,8,Marquez Callaway,WR,NO,8.929411764705883,1,0.25,25,-0.53125,1.8794117647058828,1
00-0036219,Marquez Callaway,WR,2021,NO,8.929411764705883,1,0.25,25,Marquez Callaway,WR,NO,3.78,0,0.375,21,0.125,-5.149411764705883,-1
00-0036223,Jonathan Taylor,RB,2020,IND,16.853333333333335,4,0.65625,12,Jonathan Taylor,RB,IND,21.947058823529414,5,0.625,13,-0.03125,5.0937254901960785,1
00-0036223,Jonathan Taylor,RB,2021,IND,21.947058823529414,5,0.625,13,Jonathan Taylor,RB,IND,13.30909090909091,3,0.0625,31,-0.5625,-8.637967914438503,-2
00-0036223,Jonathan Taylor,RB,2022,IND,13.30909090909091,3,0.0625,31,Jonathan Taylor,RB,IND,15.64,3,0.53125,16,0.46875,2.33090909090909,0
00-0036223,Jonathan Taylor,RB,2023,IND,15.64,3,0.53125,16,Jonathan Taylor,RB,IND,17.478571428571428,4,0.28125,24,-0.25,1.8385714285714272,1
00-0036223,Jonathan Taylor,RB,2024,IND,17.478571428571428,4,0.28125,24,Jonathan Taylor,RB,IND,21.323529411764707,5,0.8125,7,0.53125,3.8449579831932787,1
00-0036232,Harrison Bryant,TE,2020,CLE,5.15,0,0.75,9,Harrison Bryant,TE,CLE,4.792307692307692,0,0.5,17,-0.25,-0.3576923076923082,0
00-0036232,Harrison Bryant,TE,2021,CLE,4.792307692307692,0,0.5,17,Harrison Bryant,TE,CLE,4.4071428571428575,0,0.625,13,0.125,-0.3851648351648347,0
00-0036232,Harrison Bryant,TE,2022,CLE,4.4071428571428575,0,0.625,13,Harrison Bryant,TE,CLE,2.9153846153846152,0,0.15625,28,-0.46875,-1.4917582417582422,0
00-0036233,Donovan Peoples-Jones,WR,2020,CLE,8.342857142857143,0,0.75,9,Donovan Peoples-Jones,WR,CLE,8.438461538461539,0,0.5,17,-0.25,0.09560439560439526,0
00-0036233,Donovan Peoples-Jones,WR,2021,CLE,8.438461538461539,0,0.5,17,Donovan Peoples-Jones,WR,CLE,9.82941176470588,1,0.625,13,0.125,1.3909502262443407,1
00-0036233,Donovan Peoples-Jones,WR,2022,CLE,9.82941176470588,1,0.625,13,Donovan Peoples-Jones,WR,CLE,2.375,0,0.15625,28,-0.46875,-7.454411764705879,-1
00-0036244,Colby Parkinson,TE,2021,SEA,1.66,0,0.59375,14,Colby Parkinson,TE,SEA,4.942857142857143,0,0.59375,14,0.0,3.282857142857143,0
00-0036244,Colby Parkinson,TE,2022,SEA,4.942857142857143,0,0.59375,14,Colby Parkinson,TE,SEA,4.4071428571428575,0,0.71875,10,0.125,-0.5357142857142856,0
00-0036244,Colby Parkinson,TE,2024,LA,4.36,0,0.5625,15,Colby Parkinson,TE,LA,9.271428571428572,2,0.96875,2,0.40625,4.911428571428572,2
00-0036247,Freddie Swain,WR,2020,SEA,3.408333333333333,0,0.8125,7,Freddie Swain,WR,SEA,5.40625,0,0.59375,14,-0.21875,1.9979166666666668,0
00-0036250,Tyler Davis,TE,2021,GB,1.875,0,0.9375,3,Tyler Davis,TE,GB,1.3199999999999998,0,0.6875,11,-0.25,-0.5550000000000002,0
00-0036251,Zack Moss,RB,2020,BUF,7.815384615384615,0,0.90625,4,Zack Moss,RB,BUF,8.092307692307692,0,0.90625,4,0.0,0.2769230769230768,0
00-0036251,Zack Moss,RB,2022,IND,4.961538461538462,0,0.0625,31,Zack Moss,RB,IND,12.114285714285714,2,0.53125,16,0.46875,7.152747252747252,2
00-0036252,Michael Pittman,WR,2020,IND,7.607692307692308,0,0.65625,12,Michael Pittman,WR,IND,14.03529411764706,2,0.625,13,-0.03125,6.427601809954752,2
00-0036252,Michael Pittman,WR,2021,IND,14.03529411764706,2,0.625,13,Michael Pittman,WR,IND,13.53125,2,0.0625,31,-0.5625,-0.5040441176470605,0
00-0036252,Michael Pittman,WR,2022,IND,13.53125,2,0.0625,31,Michael Pittman,WR,IND,15.7625,3,0.53125,16,0.46875,2.2312499999999993,1
00-0036252,Michael Pittman,WR,2023,IND,15.7625,3,0.53125,16,Michael Pittman,WR,IND,10.3625,1,0.28125,24,-0.25,-5.399999999999999,-2
00-0036252,Michael Pittman,WR,2024,IND,10.3625,1,0.28125,24,Michael Pittman,WR,IND,12.0,2,0.8125,7,0.53125,1.6374999999999993,1
00-0036255,Denzel Mims,WR,2020,NYJ,6.7444444444444445,0,0.03125,32,Denzel Mims,WR,NYJ,2.13,0,0.21875,26,0.1875,-4.614444444444445,0
00-0036255,Denzel Mims,WR,2021,NYJ,2.13,0,0.21875,26,Denzel Mims,WR,NYJ,3.288888888888889,0,0.09375,30,-0.125,1.1588888888888893,0
00-0036259,Jauan Jennings,WR,2021,SF,6.323076923076924,0,0.84375,6,Jauan Jennings,WR,SF,5.1625,0,0.90625,4,0.0625,-1.160576923076924,0
00-0036259,Jauan Jennings,WR,2022,SF,5.1625,0,0.90625,4,Jauan Jennings,WR,SF,4.291666666666667,0,1.0,1,0.09375,-0.8708333333333327,0
00-0036259,Jauan Jennings,WR,2023,SF,4.291666666666667,0,1.0,1,Jauan Jennings,WR,SF,14.033333333333331,2,0.6875,11,-0.3125,9.741666666666664,2
00-0036259,Jauan Jennings,WR,2024,SF,14.033333333333331,2,0.6875,11,Jauan Jennings,WR,SF,11.553333333333336,2,0.84375,6,0.15625,-2.479999999999995,0
00-0036261,Brandon Aiyuk,WR,2020,SF,15.4,3,0.375,21,Brandon Aiyuk,WR,SF,10.69375,1,0.84375,6,0.46875,-4.706250000000001,-2
00-0036261,Brandon Aiyuk,WR,2021,SF,10.69375,1,0.84375,6,Brandon Aiyuk,WR,SF,13.4,2,0.90625,4,0.0625,2.7062500000000007,1
00-0036261,Brandon Aiyuk,WR,2022,SF,13.4,2,0.90625,4,Brandon Aiyuk,WR,SF,15.575,3,1.0,1,0.09375,2.174999999999999,1
00-0036261,Brandon Aiyuk,WR,2023,SF,15.575,3,1.0,1,Brandon Aiyuk,WR,SF,8.842857142857143,1,0.6875,11,-0.3125,-6.732142857142856,-2
00-0036264,Jordan Love,QB,2021,GB,3.556666666666666,0,0.9375,3,Jordan Love,QB,GB,2.925,0,0.6875,11,-0.25,-0.6316666666666664,0
00-0036264,Jordan Love,QB,2022,GB,2.925,0,0.6875,11,Jordan Love,QB,GB,18.76823529411765,3,0.875,5,0.1875,15.843235294117648,3
00-0036264,Jordan Love,QB,2023,GB,18.76823529411765,3,0.875,5,Jordan Love,QB,GB,15.590666666666667,2,0.78125,8,-0.09375,-3.177568627450981,-1
00-0036264,Jordan Love,QB,2024,GB,15.590666666666667,2,0.78125,8,Jordan Love,QB,GB,15.675999999999998,2,0.90625,4,0.125,0.08533333333333104,0
00-0036265,AJ Dillon,RB,2020,GB,4.477777777777778,0,1.0,1,AJ Dillon,RB,GB,10.91764705882353,1,0.9375,3,-0.0625,6.439869281045752,1
00-0036265,AJ Dillon,RB,2021,GB,10.91764705882353,1,0.9375,3,AJ Dillon,RB,GB,9.858823529411763,1,0.6875,11,-0.25,-1.0588235294117663,0
00-0036265,AJ Dillon,RB,2022,GB,9.858823529411763,1,0.6875,11,AJ Dillon,RB,GB,7.84,0,0.875,5,0.1875,-2.0188235294117636,-1
00-0036268,Laviska Shenault Jr.,WR,2020,JAX,11.221428571428572,2,0.1875,27,Laviska Shenault Jr.,WR,JAX,7.9375,0,0.15625,28,-0.03125,-3.2839285714285715,-2
00-0036268,Laviska Shenault Jr.,WR,2022,CAR,5.592307692307693,0,0.34375,22,Laviska Shenault Jr.,WR,CAR,2.6875,0,0.125,29,-0.21875,-2.904807692307693,0
00-0036271,Quez Watkins,WR,2020,PHI,5.9,0,0.125,29,Quez Watkins,WR,PHI,6.823529411764706,0,0.6875,11,0.5625,0.9235294117647053,0
00-0036271,Quez Watkins,WR,2021,PHI,6.823529411764706,0,0.6875,11,Quez Watkins,WR,PHI,5.19375,0,0.9375,3,0.25,-1.629779411764706,0
00-0036271,Quez Watkins,WR,2022,PHI,5.19375,0,0.9375,3,Quez Watkins,WR,PHI,7.040000000000001,0,0.8125,7,-0.125,1.8462500000000013,0
00-0036275,D'Andre Swift,RB,2020,DET,14.6,3,0.40625,20,D'Andre Swift,RB,DET,16.053846153846152,3,0.28125,24,-0.125,1.4538461538461522,0
00-0036275,D'Andre Swift,RB,2021,DET,16.053846153846152,3,0.28125,24,D'Andre Swift,RB,DET,13.564285714285717,3,0.84375,6,0.5625,-2.489560439560435,0
00-0036275,D'Andre Swift,RB,2024,CHI,12.617647058823527,2,0.21875,26,D'Andre Swift,RB,CHI,14.23125,3,0.78125,8,0.5625,1.613602941176472,1
00-0036277,Quintez Cephus,WR,2020,DET,6.081818181818182,0,0.40625,20,Quintez Cephus,WR,DET,9.88,1,0.28125,24,-0.125,3.7981818181818188,1
00-0036290,Cole Kmet,TE,2020,CHI,4.428571428571429,0,0.28125,24,Cole Kmet,TE,CHI,7.129411764705883,1,0.125,29,-0.15625,2.700840336134454,1
00-0036290,Cole Kmet,TE,2021,CHI,7.129411764705883,1,0.125,29,Cole Kmet,TE,CHI,8.664705882352942,2,0.3125,23,0.1875,1.5352941176470596,1
00-0036290,Cole Kmet,TE,2022,CHI,8.664705882352942,2,0.3125,23,Cole Kmet,TE,CHI,12.073333333333332,4,0.375,21,0.0625,3.40862745098039,2
00-0036290,Cole Kmet,TE,2023,CHI,12.073333333333332,4,0.375,21,Cole Kmet,TE,CHI,8.026666666666667,2,0.21875,26,-0.15625,-4.046666666666665,-2
00-0036290,Cole Kmet,TE,2024,CHI,8.026666666666667,2,0.21875,26,Cole Kmet,TE,CHI,4.91875,0,0.78125,8,0.5625,-3.107916666666667,-2
00-0036309,Darnell Mooney,WR,2020,CHI,9.50625,1,0.28125,24,Darnell Mooney,WR,CHI,12.923529411764704,2,0.125,29,-0.15625,3.4172794117647047,1
00-0036309,Darnell Mooney,WR,2021,CHI,12.923529411764704,2,0.125,29,Darnell Mooney,WR,CHI,9.227272727272728,1,0.3125,23,0.1875,-3.696256684491976,-1
00-0036309,Darnell Mooney,WR,2022,CHI,9.227272727272728,1,0.3125,23,Darnell Mooney,WR,CHI,5.635714285714286,0,0.375,21,0.0625,-3.5915584415584423,-1
00-0036309,Darnell Mooney,WR,2024,ATL,12.075,2,0.625,13,Darnell Mooney,WR,ATL,5.486666666666666,0,0.375,21,-0.25,-6.588333333333333,-2
00-0036322,Justin Jefferson,WR,2020,MIN,17.1375,3,0.71875,10,Justin Jefferson,WR,MIN,19.435294117647057,4,0.46875,18,-0.25,2.297794117647058,1
00-0036322,Justin Jefferson,WR,2021,MIN,19.435294117647057,4,0.46875,18,Justin Jefferson,WR,MIN,21.744705882352942,5,0.5,17,0.03125,2.309411764705885,1
00-0036322,Justin Jefferson,WR,2022,MIN,21.744705882352942,5,0.5,17,Justin Jefferson,WR,MIN,20.22,4,0.5,17,0.0,-1.5247058823529436,-1
00-0036322,Justin Jefferson,WR,2023,MIN,20.22,4,0.5,17,Justin Jefferson,WR,MIN,18.67529411764706,4,0.59375,14,0.09375,-1.5447058823529396,0
00-0036322,Justin Jefferson,WR,2024,MIN,18.67529411764706,4,0.59375,14,Justin Jefferson,WR,MIN,11.852941176470589,2,0.15625,28,-0.4375,-6.8223529411764705,-2
00-0036326,Chase Claypool,WR,2020,PIT,13.34375,2,0.5,17,Chase Claypool,WR,PIT,11.026666666666667,2,0.3125,23,-0.1875,-2.3170833333333327,0
00-0036326,Chase Claypool,WR,2021,PIT,11.026666666666667,2,0.3125,23,Chase Claypool,WR,PIT,7.042666666666666,0,0.65625,12,0.34375,-3.984000000000001,-2
00-0036328,Antonio Gibson,RB,2020,WAS,14.44285714285714,3,0.15625,28,Antonio Gibson,RB,WAS,14.33125,3,0.375,21,0.21875,-0.1116071428571388,0
00-0036328,Antonio Gibson,RB,2021,WAS,14.33125,3,0.375,21,Antonio Gibson,RB,WAS,11.06,2,0.21875,26,-0.15625,-3.27125,-1
00-0036328,Antonio Gibson,RB,2022,WAS,11.06,2,0.21875,26,Antonio Gibson,RB,WAS,7.9625,0,0.25,25,0.03125,-3.0975,-2
00-0036328,Antonio Gibson,RB,2024,NE,6.076470588235294,0,0.1875,27,Antonio Gibson,RB,NE,4.64,0,1.0,1,0.8125,-1.4364705882352942,0
00-0036331,Devin Duvernay,WR,2020,BAL,3.792857142857143,0,0.84375,6,Devin Duvernay,WR,BAL,5.1466666666666665,0,0.4375,19,-0.40625,1.3538095238095234,0
00-0036331,Devin Duvernay,WR,2021,BAL,5.1466666666666665,0,0.4375,19,Devin Duvernay,WR,BAL,8.292857142857143,0,0.53125,16,0.09375,3.146190476190476,0
00-0036331,Devin Duvernay,WR,2022,BAL,8.292857142857143,0,0.53125,16,Devin Duvernay,WR,BAL,1.2166666666666666,0,0.84375,6,0.3125,-7.076190476190476,0
00-0036332,Josiah Deguara,TE,2021,GB,5.125,0,0.9375,3,Josiah Deguara,TE,GB,2.711111111111111,0,0.6875,11,-0.25,-2.413888888888889,0
00-0036332,Josiah Deguara,TE,2022,GB,2.711111111111111,0,0.6875,11,Josiah Deguara,TE,GB,3.625,0,0.875,5,0.1875,0.9138888888888892,0
00-0036345,K.J. Osborn,WR,2021,MIN,9.323529411764708,1,0.46875,18,K.J. Osborn,WR,MIN,9.152941176470588,1,0.5,17,0.03125,-0.1705882352941206,0
00-0036345,K.J. Osborn,WR,2022,MIN,9.152941176470588,1,0.5,17,K.J. Osborn,WR,MIN,8.0,0,0.5,17,0.0,-1.1529411764705877,-1
00-0036355,Justin Herbert,QB,2020,LAC,22.18933333333333,4,0.5625,15,Justin Herbert,QB,LAC,22.39764705882353,4,0.875,5,0.3125,0.20831372549019989,0
00-0036355,Justin Herbert,QB,2021,LAC,22.39764705882353,4,0.875,5,Justin Herbert,QB,LAC,16.54470588235294,2,0.5625,15,-0.3125,-5.8529411764705905,-2
00-0036355,Justin Herbert,QB,2022,LAC,16.54470588235294,2,0.5625,15,Justin Herbert,QB,LAC,18.012307692307694,3,0.28125,24,-0.28125,1.467601809954754,1
00-0036355,Justin Herbert,QB,2023,LAC,18.012307692307694,3,0.28125,24,Justin Herbert,QB,LAC,16.788235294117644,2,0.65625,12,0.375,-1.2240723981900494,-1
00-0036355,Justin Herbert,QB,2024,LAC,16.788235294117644,2,0.65625,12,Justin Herbert,QB,LAC,17.9425,3,0.3125,23,-0.34375,1.1542647058823547,1
00-0036357,Henry Ruggs III,WR,2020,LV,6.4692307692307685,0,0.625,13,Henry Ruggs III,WR,LV,12.071428571428571,2,0.40625,20,-0.21875,5.602197802197803,2
00-0036358,CeeDee Lamb,WR,2020,DAL,13.61875,2,0.25,25,CeeDee Lamb,WR,DAL,14.6375,2,0.8125,7,0.5625,1.018749999999999,0
00-0036358,CeeDee Lamb,WR,2021,DAL,14.6375,2,0.8125,7,CeeDee Lamb,WR,DAL,17.741176470588236,4,0.71875,10,-0.09375,3.103676470588237,2
00-0036358,CeeDee Lamb,WR,2022,DAL,17.741176470588236,4,0.71875,10,CeeDee Lamb,WR,DAL,23.71764705882353,5,0.96875,2,0.25,5.976470588235294,1
00-0036358,CeeDee Lamb,WR,2023,DAL,23.71764705882353,5,0.96875,2,CeeDee Lamb,WR,DAL,17.56,3,0.15625,28,-0.8125,-6.157647058823532,-2
00-0036358,CeeDee Lamb,WR,2024,DAL,17.56,3,0.15625,28,CeeDee Lamb,WR,DAL,15.453846153846154,3,0.875,5,0.71875,-2.1061538461538447,0
00-0036360,Clyde Edwards-Helaire,RB,2020,KC,13.538461538461538,3,0.9375,3,Clyde Edwards-Helaire,RB,KC,11.76,2,0.96875,2,0.03125,-1.7784615384615385,-1
00-0036360,Clyde Edwards-Helaire,RB,2021,KC,11.76,2,0.96875,2,Clyde Edwards-Helaire,RB,KC,9.83,1,1.0,1,0.03125,-1.9299999999999997,-1
00-0036360,Clyde Edwards-Helaire,RB,2022,KC,9.83,1,1.0,1,Clyde Edwards-Helaire,RB,KC,4.673333333333333,0,0.6875,11,-0.3125,-5.156666666666667,-1
00-0036365,Bryan Edwards,WR,2020,LV,4.033333333333333,0,0.625,13,Bryan Edwards,WR,LV,6.81875,0,0.40625,20,-0.21875,2.7854166666666664,0
00-0036370,Joshua Kelley,RB,2020,LAC,6.246153846153846,0,0.5625,15,Joshua Kelley,RB,LAC,2.125,0,0.875,5,0.3125,-4.121153846153846,0
00-0036370,Joshua Kelley,RB,2021,LAC,2.125,0,0.875,5,Joshua Kelley,RB,LAC,5.4,0,0.5625,15,-0.3125,3.2750000000000004,0
00-0036370,Joshua Kelley,RB,2022,LAC,5.4,0,0.5625,15,Joshua Kelley,RB,LAC,3.6294117647058814,0,0.28125,24,-0.28125,-1.770588235294119,0
00-0036383,Eno Benjamin,RB,2021,ARI,4.0,0,0.75,9,Eno Benjamin,RB,ARI,7.483333333333333,0,0.15625,28,-0.59375,3.4833333333333334,0
00-0036387,Jalen Reagor,WR,2020,PHI,7.927272727272728,0,0.125,29,Jalen Reagor,WR,PHI,4.594117647058823,0,0.6875,11,0.5625,-3.3331550802139045,0
00-0036389,Jalen Hurts,QB,2020,PHI,7.795714285714285,0,0.125,29,Jalen Hurts,QB,PHI,20.81066666666667,4,0.6875,11,0.5625,13.014952380952383,4
00-0036389,Jalen Hurts,QB,2021,PHI,20.81066666666667,4,0.6875,11,Jalen Hurts,QB,PHI,25.229333333333333,5,0.9375,3,0.25,4.418666666666663,1
00-0036389,Jalen Hurts,QB,2022,PHI,25.229333333333333,5,0.9375,3,Jalen Hurts,QB,PHI,20.98941176470588,4,0.8125,7,-0.125,-4.239921568627452,-1
00-0036389,Jalen Hurts,QB,2023,PHI,20.98941176470588,4,0.8125,7,Jalen Hurts,QB,PHI,21.008,4,0.84375,6,0.03125,0.018588235294117794,0
00-0036389,Jalen Hurts,QB,2024,PHI,21.008,4,0.84375,6,Jalen Hurts,QB,PHI,18.81625,3,0.5,17,-0.34375,-2.191749999999999,-1
00-0036407,Jerry Jeudy,WR,2020,DEN,9.85,1,0.0625,31,Jerry Jeudy,WR,DEN,8.5,0,0.53125,16,0.46875,-1.3499999999999996,-1
00-0036407,Jerry Jeudy,WR,2021,DEN,8.5,0,0.53125,16,Jerry Jeudy,WR,DEN,13.613333333333332,2,0.1875,27,-0.34375,5.1133333333333315,2
00-0036407,Jerry Jeudy,WR,2022,DEN,13.613333333333332,2,0.1875,27,Jerry Jeudy,WR,DEN,8.8625,1,0.40625,20,0.21875,-4.750833333333331,-1
00-0036407,Jerry Jeudy,WR,2024,CLE,14.17058823529412,2,0.03125,32,Jerry Jeudy,WR,CLE,7.1000000000000005,0,0.0625,31,0.03125,-7.07058823529412,-2
00-0036410,Tee Higgins,WR,2020,CIN,12.973333333333333,2,0.21875,26,Tee Higgins,WR,CIN,15.65,3,0.65625,12,0.4375,2.6766666666666676,1
00-0036410,Tee Higgins,WR,2021,CIN,15.65,3,0.65625,12,Tee Higgins,WR,CIN,15.778571428571428,3,0.875,5,0.21875,0.12857142857142811,0
00-0036410,Tee Higgins,WR,2022,CIN,15.778571428571428,3,0.875,5,Tee Higgins,WR,CIN,11.466666666666669,2,0.625,13,-0.25,-4.31190476190476,-1
00-0036410,Tee Higgins,WR,2023,CIN,11.466666666666669,2,0.625,13,Tee Higgins,WR,CIN,18.508333333333333,4,0.8125,7,0.1875,7.041666666666664,2
00-0036410,Tee Higgins,WR,2024,CIN,18.508333333333333,4,0.8125,7,Tee Higgins,WR,CIN,14.26,2,0.4375,19,-0.375,-4.248333333333333,-2
00-0036414,Cam Akers,RB,2023,MIN,6.671428571428572,0,0.5,17,Cam Akers,RB,MIN,6.213333333333334,0,0.59375,14,0.09375,-0.4580952380952379,0
00-0036415,Van Jefferson,WR,2020,LA,3.607692307692308,0,0.3125,23,Van Jefferson,WR,LA,9.894117647058822,1,0.78125,8,0.46875,6.286425339366514,1
00-0036415,Van Jefferson,WR,2021,LA,9.894117647058822,1,0.78125,8,Van Jefferson,WR,LA,7.890000000000001,0,0.125,29,-0.65625,-2.0041176470588216,-1
00-0036422,Adam Trautman,TE,2020,NO,3.81,0,0.78125,8,Adam Trautman,TE,NO,5.754545454545454,0,0.25,25,-0.53125,1.944545454545454,0
00-0036422,Adam Trautman,TE,2021,NO,5.754545454545454,0,0.25,25,Adam Trautman,TE,NO,3.725,0,0.375,21,0.125,-2.029545454545454,0
00-0036422,Adam Trautman,TE,2023,DEN,3.775,0,0.40625,20,Adam Trautman,TE,DEN,3.369230769230769,0,0.53125,16,0.125,-0.4057692307692311,0
00-0036422,Adam Trautman,TE,2024,DEN,3.369230769230769,0,0.53125,16,Adam Trautman,TE,DEN,4.136363636363637,0,0.625,13,0.09375,0.7671328671328679,0
00-0036423,Albert Okwuegbunam,TE,2020,DEN,7.275,1,0.0625,31,Albert Okwuegbunam,TE,DEN,5.846153846153846,0,0.53125,16,0.46875,-1.4288461538461545,-1
00-0036423,Albert Okwuegbunam,TE,2021,DEN,5.846153846153846,0,0.53125,16,Albert Okwuegbunam,TE,DEN,4.25,0,0.1875,27,-0.34375,-1.5961538461538458,0
00-0036424,Brycen Hopkins,TE,2022,LA,2.557142857142857,0,0.125,29,Brycen Hopkins,TE,LA,3.2,0,0.75,9,0.625,0.6428571428571432,0
00-0036425,DeeJay Dallas,RB,2020,SEA,7.1125,0,0.8125,7,DeeJay Dallas,RB,SEA,5.463636363636364,0,0.59375,14,-0.21875,-1.648863636363636,0
00-0036425,DeeJay Dallas,RB,2021,SEA,5.463636363636364,0,0.59375,14,DeeJay Dallas,RB,SEA,4.2,0,0.59375,14,0.0,-1.2636363636363637,0
00-0036425,DeeJay Dallas,RB,2022,SEA,4.2,0,0.59375,14,DeeJay Dallas,RB,SEA,1.22,0,0.71875,10,0.125,-2.9800000000000004,0
00-0036427,Tyler Johnson,WR,2020,TB,4.09,0,0.875,5,Tyler Johnson,WR,TB,4.5,0,1.0,1,0.125,0.41000000000000014,0
00-0036429,Charlie Woerner,TE,2024,ATL,1.45,0,0.625,13,Charlie Woerner,TE,ATL,2.1333333333333333,0,0.375,21,-0.25,0.6833333333333333,0
00-0036438,Stephen Sullivan,TE,2022,CAR,1.65,0,0.34375,22,Stephen Sullivan,TE,CAR,2.45,0,0.125,29,-0.21875,0.8000000000000003,0
00-0036442,Joe Burrow,QB,2020,CIN,17.372,2,0.21875,26,Joe Burrow,QB,CIN,19.64,3,0.65625,12,0.4375,2.2680000000000007,1
00-0036442,Joe Burrow,QB,2021,CIN,19.64,3,0.65625,12,Joe Burrow,QB,CIN,21.91875,4,0.875,5,0.21875,2.2787499999999987,1
00-0036442,Joe Burrow,QB,2022,CIN,21.91875,4,0.875,5,Joe Burrow,QB,CIN,14.716,1,0.625,13,-0.25,-7.20275,-3
00-0036442,Joe Burrow,QB,2023,CIN,14.716,1,0.625,13,Joe Burrow,QB,CIN,21.93058823529412,4,0.8125,7,0.1875,7.214588235294121,3
00-0036442,Joe Burrow,QB,2024,CIN,21.93058823529412,4,0.8125,7,Joe Burrow,QB,CIN,16.8075,2,0.4375,19,-0.375,-5.123088235294119,-2
00-0036450,Ke'Shawn Vaughn,RB,2020,TB,3.883333333333333,0,0.875,5,Ke'Shawn Vaughn,RB,TB,6.1000000000000005,0,1.0,1,0.125,2.2166666666666677,0
00-0036450,Ke'Shawn Vaughn,RB,2021,TB,6.1000000000000005,0,1.0,1,Ke'Shawn Vaughn,RB,TB,2.04,0,0.40625,20,-0.59375,-4.0600000000000005,0
00-0036450,Ke'Shawn Vaughn,RB,2022,TB,2.04,0,0.40625,20,Ke'Shawn Vaughn,RB,TB,1.28,0,0.65625,12,0.25,-0.76,0
00-0036497,Tim Jones,WR,2022,JAX,1.5,0,0.78125,8,Tim Jones,WR,JAX,2.1444444444444444,0,0.4375,19,-0.34375,0.6444444444444444,0
00-0036550,Rashod Bateman,WR,2021,BAL,8.625,0,0.4375,19,Rashod Bateman,WR,BAL,8.916666666666666,1,0.53125,16,0.09375,0.2916666666666661,1
00-0036550,Rashod Bateman,WR,2022,BAL,8.916666666666666,1,0.53125,16,Rashod Bateman,WR,BAL,5.1,0,0.84375,6,0.3125,-3.8166666666666664,-1
00-0036550,Rashod Bateman,WR,2023,BAL,5.1,0,0.84375,6,Rashod Bateman,WR,BAL,10.9125,1,1.0,1,0.15625,5.8125,1
00-0036550,Rashod Bateman,WR,2024,BAL,10.9125,1,1.0,1,Rashod Bateman,WR,BAL,4.2615384615384615,0,0.5625,15,-0.4375,-6.650961538461538,-1
00-0036554,Nico Collins,WR,2021,HOU,5.985714285714286,0,0.0625,31,Nico Collins,WR,HOU,9.71,1,0.03125,32,-0.03125,3.724285714285715,1
00-0036554,Nico Collins,WR,2022,HOU,9.71,1,0.03125,32,Nico Collins,WR,HOU,17.36,3,0.46875,18,0.4375,7.649999999999999,2
00-0036554,Nico Collins,WR,2023,HOU,17.36,3,0.46875,18,Nico Collins,WR,HOU,17.55,3,0.375,21,-0.09375,0.19000000000000128,0
00-0036554,Nico Collins,WR,2024,HOU,17.55,3,0.375,21,Nico Collins,WR,HOU,15.08,3,0.34375,22,-0.03125,-2.4700000000000006,0
00-0036555,Chuba Hubbard,RB,2021,CAR,8.6,0,0.09375,30,Chuba Hubbard,RB,CAR,7.274999999999999,0,0.34375,22,0.25,-1.325000000000001,0
00-0036555,Chuba Hubbard,RB,2022,CAR,7.274999999999999,0,0.34375,22,Chuba Hubbard,RB,CAR,10.735294117647058,1,0.125,29,-0.21875,3.4602941176470594,1
00-0036555,Chuba Hubbard,RB,2023,CAR,10.735294117647058,1,0.125,29,Chuba Hubbard,RB,CAR,16.12,3,0.3125,23,0.1875,5.384705882352943,2
00-0036555,Chuba Hubbard,RB,2024,CAR,16.12,3,0.3125,23,Chuba Hubbard,RB,CAR,8.360000000000001,0,0.21875,26,-0.09375,-7.76,-3
00-0036556,Brevin Jordan,TE,2021,HOU,6.975,1,0.0625,31,Brevin Jordan,TE,HOU,2.977777777777778,0,0.03125,32,-0.03125,-3.997222222222222,-1
00-0036556,Brevin Jordan,TE,2022,HOU,2.977777777777778,0,0.03125,32,Brevin Jordan,TE,HOU,5.655555555555555,0,0.46875,18,0.4375,2.677777777777777,0
00-0036567,Elijah Mitchell,RB,2021,SF,15.0,3,0.84375,6,Elijah Mitchell,RB,SF,8.72,0,0.90625,4,0.0625,-6.279999999999999,-3
00-0036567,Elijah Mitchell,RB,2022,SF,8.72,0,0.90625,4,Elijah Mitchell,RB,SF,4.318181818181818,0,1.0,1,0.09375,-4.401818181818182,0
00-0036572,Shi Smith,WR,2021,CAR,3.22,0,0.09375,30,Shi Smith,WR,CAR,4.1066666666666665,0,0.34375,22,0.25,0.8866666666666663,0
00-0036613,Jaylen Waddle,WR,2021,MIA,15.4875,3,0.34375,22,Jaylen Waddle,WR,MIA,15.24705882352941,3,0.8125,7,0.46875,-0.24044117647058982,0
00-0036613,Jaylen Waddle,WR,2022,MIA,15.24705882352941,3,0.8125,7,Jaylen Waddle,WR,MIA,14.185714285714283,2,0.90625,4,0.09375,-1.0613445378151276,-1
00-0036613,Jaylen Waddle,WR,2023,MIA,14.185714285714283,2,0.90625,4,Jaylen Waddle,WR,MIA,10.126666666666669,1,0.34375,22,-0.5625,-4.059047619047615,-1
00-0036613,Jaylen Waddle,WR,2024,MIA,10.126666666666669,1,0.34375,22,Jaylen Waddle,WR,MIA,12.1325,2,0.25,25,-0.09375,2.0058333333333316,1
00-0036620,Dee Eskridge,WR,2021,SEA,3.5375,0,0.59375,14,Dee Eskridge,WR,SEA,1.725,0,0.59375,14,0.0,-1.8125,0
00-0036626,Dyami Brown,WR,2021,WAS,3.1222222222222222,0,0.375,21,Dyami Brown,WR,WAS,4.685714285714285,0,0.21875,26,-0.15625,1.5634920634920628,0
00-0036626,Dyami Brown,WR,2022,WAS,4.685714285714285,0,0.21875,26,Dyami Brown,WR,WAS,2.689230769230769,0,0.25,25,0.03125,-1.996483516483516,0
00-0036626,Dyami Brown,WR,2023,WAS,2.689230769230769,0,0.25,25,Dyami Brown,WR,WAS,4.493333333333334,0,0.90625,4,0.65625,1.804102564102565,0
00-0036628,John Bates,TE,2021,WAS,4.627272727272727,0,0.375,21,John Bates,TE,WAS,3.4222222222222225,0,0.21875,26,-0.15625,-1.2050505050505045,0
00-0036628,John Bates,TE,2022,WAS,3.4222222222222225,0,0.21875,26,John Bates,TE,WAS,2.435714285714286,0,0.25,25,0.03125,-0.9865079365079366,0
00-0036628,John Bates,TE,2023,WAS,2.435714285714286,0,0.25,25,John Bates,TE,WAS,1.44,0,0.90625,4,0.65625,-0.995714285714286,0
00-0036628,John Bates,TE,2024,WAS,1.44,0,0.90625,4,John Bates,TE,WAS,3.033333333333333,0,0.53125,16,-0.375,1.5933333333333333,0
00-0036630,Tylan Wallace,WR,2021,BAL,1.075,0,0.4375,19,Tylan Wallace,WR,BAL,1.46,0,0.53125,16,0.09375,0.385,0
00-0036630,Tylan Wallace,WR,2024,BAL,4.5375,0,1.0,1,Tylan Wallace,WR,BAL,2.4166666666666665,0,0.5625,15,-0.4375,-2.120833333333333,0
00-0036637,Noah Gray,TE,2021,KC,2.3714285714285714,0,0.96875,2,Noah Gray,TE,KC,4.117647058823529,0,1.0,1,0.03125,1.7462184873949576,0
00-0036637,Noah Gray,TE,2022,KC,4.117647058823529,0,1.0,1,Noah Gray,TE,KC,4.36875,0,0.6875,11,-0.3125,0.25110294117647136,0
00-0036637,Noah Gray,TE,2023,KC,4.36875,0,0.6875,11,Noah Gray,TE,KC,7.08125,1,0.75,9,0.0625,2.7124999999999995,1
00-0036637,Noah Gray,TE,2024,KC,7.08125,1,0.75,9,Noah Gray,TE,KC,2.984615384615384,0,0.6875,11,-0.0625,-4.096634615384616,-1
00-0036652,Racey McMath,WR,2021,TEN,0.16,0,0.5625,15,Racey McMath,WR,TEN,1.6,0,0.25,25,-0.3125,1.4400000000000002,0
00-0036654,Demetric Felton,RB,2021,CLE,4.590909090909091,0,0.5,17,Demetric Felton,RB,CLE,0.6,0,0.625,13,0.125,-3.9909090909090907,0
00-0036671,Dax Milne,WR,2021,WAS,1.7111111111111112,0,0.375,21,Dax Milne,WR,WAS,2.242857142857143,0,0.21875,26,-0.15625,0.5317460317460316,0
00-0036741,Jack Stoll,TE,2022,PHI,2.588888888888889,0,0.9375,3,Jack Stoll,TE,PHI,1.7600000000000002,0,0.8125,7,-0.125,-0.8288888888888888,0
00-0036754,Brock Wright,TE,2021,DET,5.1000000000000005,0,0.28125,24,Brock Wright,TE,DET,4.892307692307693,0,0.84375,6,0.5625,-0.20769230769230784,0
00-0036754,Brock Wright,TE,2022,DET,4.892307692307693,0,0.84375,6,Brock Wright,TE,DET,3.5125,0,0.78125,8,-0.0625,-1.3798076923076925,0
00-0036754,Brock Wright,TE,2023,DET,3.5125,0,0.78125,8,Brock Wright,TE,DET,3.5,0,0.9375,3,0.15625,-0.012500000000000178,0
00-0036754,Brock Wright,TE,2024,DET,3.5,0,0.9375,3,Brock Wright,TE,DET,5.257142857142857,0,0.75,9,-0.1875,1.7571428571428571,0
00-0036849,Tutu Atwell,WR,2022,LA,5.266666666666667,0,0.125,29,Tutu Atwell,WR,LA,8.028571428571428,0,0.75,9,0.625,2.761904761904762,0
00-0036849,Tutu Atwell,WR,2023,LA,8.028571428571428,0,0.75,9,Tutu Atwell,WR,LA,6.593333333333334,0,0.5625,15,-0.1875,-1.4352380952380948,0
00-0036849,Tutu Atwell,WR,2024,LA,6.593333333333334,0,0.5625,15,Tutu Atwell,WR,LA,3.9,0,0.96875,2,0.40625,-2.693333333333334,0
00-0036857,Chris Evans,RB,2021,CIN,5.533333333333333,0,0.65625,12,Chris Evans,RB,CIN,3.2,0,0.875,5,0.21875,-2.333333333333333,0
00-0036862,Ben Skowronek,WR,2021,LA,3.4714285714285715,0,0.78125,8,Ben Skowronek,WR,LA,6.021428571428571,0,0.125,29,-0.65625,2.55,0
00-0036862,Ben Skowronek,WR,2022,LA,6.021428571428571,0,0.125,29,Ben Skowronek,WR,LA,2.388888888888889,0,0.75,9,0.625,-3.6325396825396825,0
00-0036862,Ben Skowronek,WR,2024,PIT,2.975,0,0.40625,20,Ben Skowronek,WR,PIT,2.8166666666666664,0,0.46875,18,0.0625,-0.15833333333333366,0
00-0036875,Rhamondre Stevenson,RB,2021,NE,9.575,1,0.71875,10,Rhamondre Stevenson,RB,NE,14.53529411764706,3,0.28125,24,-0.4375,4.960294117647061,2
00-0036875,Rhamondre Stevenson,RB,2022,NE,14.53529411764706,3,0.28125,24,Rhamondre Stevenson,RB,NE,12.141666666666666,2,0.0625,31,-0.21875,-2.3936274509803948,-1
00-0036875,Rhamondre Stevenson,RB,2023,NE,12.141666666666666,2,0.0625,31,Rhamondre Stevenson,RB,NE,11.7,2,0.1875,27,0.125,-0.44166666666666643,0
00-0036875,Rhamondre Stevenson,RB,2024,NE,11.7,2,0.1875,27,Rhamondre Stevenson,RB,NE,12.785714285714286,2,1.0,1,0.8125,1.0857142857142872,0
00-0036876,Kylen Granson,TE,2021,IND,2.16,0,0.625,13,Kylen Granson,TE,IND,4.707692307692308,0,0.0625,31,-0.5625,2.5476923076923077,0
00-0036876,Kylen Granson,TE,2022,IND,4.707692307692308,0,0.0625,31,Kylen Granson,TE,IND,4.866666666666666,0,0.53125,16,0.46875,0.1589743589743584,0
00-0036876,Kylen Granson,TE,2023,IND,4.866666666666666,0,0.53125,16,Kylen Granson,TE,IND,2.3000000000000003,0,0.28125,24,-0.25,-2.566666666666666,0
00-0036887,Luke Farrell,TE,2021,JAX,1.575,0,0.15625,28,Luke Farrell,TE,JAX,2.0,0,0.78125,8,0.625,0.42500000000000004,0
00-0036887,Luke Farrell,TE,2022,JAX,2.0,0,0.78125,8,Luke Farrell,TE,JAX,3.1666666666666665,0,0.4375,19,-0.34375,1.1666666666666665,0
00-0036887,Luke Farrell,TE,2023,JAX,3.1666666666666665,0,0.4375,19,Luke Farrell,TE,JAX,1.87,0,0.4375,19,0.0,-1.2966666666666664,0
00-0036893,Najee Harris,RB,2021,PIT,17.688235294117646,4,0.3125,23,Najee Harris,RB,PIT,13.285882352941178,3,0.65625,12,0.34375,-4.402352941176469,-1
00-0036893,Najee Harris,RB,2022,PIT,13.285882352941178,3,0.65625,12,Najee Harris,RB,PIT,11.5,2,0.3125,23,-0.34375,-1.7858823529411776,-1
00-0036893,Najee Harris,RB,2023,PIT,11.5,2,0.3125,23,Najee Harris,RB,PIT,12.03529411764706,2,0.40625,20,0.09375,0.5352941176470605,0
00-0036894,Pat Freiermuth,TE,2021,PIT,9.48125,2,0.3125,23,Pat Freiermuth,TE,PIT,9.88,2,0.65625,12,0.34375,0.3987500000000015,0
00-0036894,Pat Freiermuth,TE,2022,PIT,9.88,2,0.65625,12,Pat Freiermuth,TE,PIT,6.9818181818181815,1,0.3125,23,-0.34375,-2.8981818181818193,-1
00-0036894,Pat Freiermuth,TE,2023,PIT,6.9818181818181815,1,0.3125,23,Pat Freiermuth,TE,PIT,10.029411764705882,2,0.40625,20,0.09375,3.0475935828877008,1
00-0036894,Pat Freiermuth,TE,2024,PIT,10.029411764705882,2,0.40625,20,Pat Freiermuth,TE,PIT,7.573333333333333,1,0.46875,18,0.0625,-2.456078431372549,-1
00-0036898,Davis Mills,QB,2021,HOU,12.089230769230769,1,0.0625,31,Davis Mills,QB,HOU,12.101333333333336,1,0.03125,32,-0.03125,0.012102564102567825,0
00-0036898,Davis Mills,QB,2022,HOU,12.101333333333336,1,0.03125,32,Davis Mills,QB,HOU,3.564,0,0.46875,18,0.4375,-8.537333333333336,-1
00-0036898,Davis Mills,QB,2023,HOU,3.564,0,0.46875,18,Davis Mills,QB,HOU,2.395,0,0.375,21,-0.09375,-1.169,0
00-0036898,Davis Mills,QB,2024,HOU,2.395,0,0.375,21,Davis Mills,QB,HOU,11.433333333333332,1,0.34375,22,-0.03125,9.038333333333332,1
00-0036900,Ja'Marr Chase,WR,2021,CIN,17.91764705882353,4,0.65625,12,Ja'Marr Chase,WR,CIN,20.2,4,0.875,5,0.21875,2.2823529411764696,0
00-0036900,Ja'Marr Chase,WR,2022,CIN,20.2,4,0.875,5,Ja'Marr Chase,WR,CIN,16.42,3,0.625,13,-0.25,-3.7799999999999976,-1
00-0036900,Ja'Marr Chase,WR,2023,CIN,16.42,3,0.625,13,Ja'Marr Chase,WR,CIN,23.705882352941178,5,0.8125,7,0.1875,7.285882352941176,2
00-0036900,Ja'Marr Chase,WR,2024,CIN,23.705882352941178,5,0.8125,7,Ja'Marr Chase,WR,CIN,19.6,4,0.4375,19,-0.375,-4.105882352941176,-1
00-0036906,Khalil Herbert,RB,2021,CHI,5.635714285714286,0,0.125,29,Khalil Herbert,RB,CHI,9.06153846153846,1,0.3125,23,0.1875,3.4258241758241734,1
00-0036906,Khalil Herbert,RB,2022,CHI,9.06153846153846,1,0.3125,23,Khalil Herbert,RB,CHI,9.391666666666667,1,0.375,21,0.0625,0.33012820512820795,0
00-0036912,DeVonta Smith,WR,2021,PHI,10.91764705882353,1,0.6875,11,DeVonta Smith,WR,PHI,15.176470588235292,3,0.9375,3,0.25,4.258823529411762,2
00-0036912,DeVonta Smith,WR,2022,PHI,15.176470588235292,3,0.9375,3,DeVonta Smith,WR,PHI,14.225,2,0.8125,7,-0.125,-0.9514705882352921,-1
00-0036912,DeVonta Smith,WR,2023,PHI,14.225,2,0.8125,7,DeVonta Smith,WR,PHI,15.33846153846154,3,0.84375,6,0.03125,1.1134615384615412,1
00-0036912,DeVonta Smith,WR,2024,PHI,15.33846153846154,3,0.84375,6,DeVonta Smith,WR,PHI,11.870588235294118,2,0.5,17,-0.34375,-3.4678733031674227,-1
00-0036913,Kadarius Toney,WR,2022,KC,6.588888888888889,0,1.0,1,Kadarius Toney,WR,KC,4.076923076923077,0,0.6875,11,-0.3125,-2.511965811965812,0
00-0036919,Kenny Gainwell,RB,2021,PHI,7.725,0,0.6875,11,Kenny Gainwell,RB,PHI,5.170588235294118,0,0.9375,3,0.25,-2.5544117647058817,0
00-0036919,Kenny Gainwell,RB,2022,PHI,5.170588235294118,0,0.9375,3,Kenny Gainwell,RB,PHI,6.09875,0,0.8125,7,-0.125,0.928161764705882,0
00-0036919,Kenny Gainwell,RB,2023,PHI,6.09875,0,0.8125,7,Kenny Gainwell,RB,PHI,3.9125,0,0.84375,6,0.03125,-2.18625,0
00-0036924,Michael Carter,RB,2021,NYJ,10.9,1,0.21875,26,Michael Carter,RB,NYJ,7.875,0,0.09375,30,-0.125,-3.0250000000000004,-1
00-0036936,Rondale Moore,WR,2021,ARI,7.935714285714285,0,0.75,9,Rondale Moore,WR,ARI,10.9875,1,0.15625,28,-0.59375,3.0517857142857157,1
00-0036936,Rondale Moore,WR,2022,ARI,10.9875,1,0.15625,28,Rondale Moore,WR,ARI,6.176470588235294,0,0.34375,22,0.1875,-4.811029411764706,-1
00-0036945,Justin Fields,QB,2021,CHI,10.566666666666666,1,0.125,29,Justin Fields,QB,CHI,19.732000000000003,3,0.3125,23,0.1875,9.165333333333336,2
00-0036945,Justin Fields,QB,2022,CHI,19.732000000000003,3,0.3125,23,Justin Fields,QB,CHI,17.706153846153846,3,0.375,21,0.0625,-2.0258461538461567,0
00-0036955,Terrace Marshall Jr.,WR,2021,CAR,2.733333333333333,0,0.09375,30,Terrace Marshall Jr.,WR,CAR,6.56923076923077,0,0.34375,22,0.25,3.835897435897437,0
00-0036955,Terrace Marshall Jr.,WR,2022,CAR,6.56923076923077,0,0.34375,22,Terrace Marshall Jr.,WR,CAR,4.1125,0,0.125,29,-0.21875,-2.45673076923077,0
00-0036963,Amon-Ra St. Brown,WR,2021,DET,14.20625,2,0.28125,24,Amon-Ra St. Brown,WR,DET,16.8125,3,0.84375,6,0.5625,2.6062499999999993,1
00-0036963,Amon-Ra St. Brown,WR,2022,DET,16.8125,3,0.84375,6,Amon-Ra St. Brown,WR,DET,20.68125,5,0.78125,8,-0.0625,3.8687499999999986,2
00-0036963,Amon-Ra St. Brown,WR,2023,DET,20.68125,5,0.78125,8,Amon-Ra St. Brown,WR,DET,19.84,4,0.9375,3,0.15625,-0.8412499999999987,-1
00-0036963,Amon-Ra St. Brown,WR,2024,DET,19.84,4,0.9375,3,Amon-Ra St. Brown,WR,DET,19.123529411764707,4,0.75,9,-0.1875,-0.7164705882352926,0
00-0036970,Kyle Pitts,TE,2021,ATL,10.388235294117647,3,0.1875,27,Kyle Pitts,TE,ATL,7.56,1,0.4375,19,0.25,-2.828235294117648,-2
00-0036970,Kyle Pitts,TE,2022,ATL,7.56,1,0.4375,19,Kyle Pitts,TE,ATL,8.076470588235296,2,0.1875,27,-0.25,0.516470588235296,1
00-0036970,Kyle Pitts,TE,2023,ATL,8.076470588235296,2,0.1875,27,Kyle Pitts,TE,ATL,7.717647058823529,1,0.625,13,0.4375,-0.358823529411767,-1
00-0036970,Kyle Pitts,TE,2024,ATL,7.717647058823529,1,0.625,13,Kyle Pitts,TE,ATL,12.4,4,0.375,21,-0.25,4.682352941176472,3
00-0036971,Trevor Lawrence,QB,2021,JAX,11.708235294117646,1,0.15625,28,Trevor Lawrence,QB,JAX,17.389411764705883,2,0.78125,8,0.625,5.6811764705882375,1
00-0036971,Trevor Lawrence,QB,2022,JAX,17.389411764705883,2,0.78125,8,Trevor Lawrence,QB,JAX,16.28375,2,0.4375,19,-0.34375,-1.1056617647058822,0
00-0036971,Trevor Lawrence,QB,2023,JAX,16.28375,2,0.4375,19,Trevor Lawrence,QB,JAX,14.57,1,0.4375,19,0.0,-1.713750000000001,-1
00-0036971,Trevor Lawrence,QB,2024,JAX,14.57,1,0.4375,19,Trevor Lawrence,QB,JAX,19.904705882352943,3,0.59375,14,0.15625,5.334705882352942,2
00-0036972,Mac Jones,QB,2021,NE,13.231764705882354,1,0.71875,10,Mac Jones,QB,NE,12.14857142857143,1,0.28125,24,-0.4375,-1.083193277310924,0
00-0036972,Mac Jones,QB,2022,NE,12.14857142857143,1,0.28125,24,Mac Jones,QB,NE,9.672727272727274,0,0.0625,31,-0.21875,-2.4758441558441557,-1
00-0036973,Travis Etienne,RB,2022,JAX,12.06470588235294,2,0.78125,8,Travis Etienne,RB,JAX,16.63529411764706,4,0.4375,19,-0.34375,4.570588235294121,2
00-0036973,Travis Etienne,RB,2023,JAX,16.63529411764706,4,0.4375,19,Travis Etienne,RB,JAX,8.68,0,0.4375,19,0.0,-7.95529411764706,-4
00-0036973,Travis Etienne,RB,2024,JAX,8.68,0,0.4375,19,Travis Etienne,RB,JAX,14.93529411764706,3,0.59375,14,0.15625,6.255294117647061,3
00-0036980,Elijah Moore,WR,2021,NYJ,12.563636363636364,2,0.21875,26,Elijah Moore,WR,NYJ,6.321428571428571,0,0.09375,30,-0.125,-6.242207792207793,-2
00-0036980,Elijah Moore,WR,2023,CLE,8.25625,0,0.15625,28,Elijah Moore,WR,CLE,7.111764705882353,0,0.03125,32,-0.125,-1.1444852941176462,0
00-0036984,Trey Sermon,RB,2023,IND,2.5375,0,0.53125,16,Trey Sermon,RB,IND,3.842857142857144,0,0.28125,24,-0.25,1.3053571428571438,0
00-0036988,Josh Palmer,WR,2021,LAC,6.193333333333333,0,0.875,5,Josh Palmer,WR,LAC,10.58125,1,0.5625,15,-0.3125,4.387916666666667,1
00-0036988,Josh Palmer,WR,2022,LAC,10.58125,1,0.5625,15,Josh Palmer,WR,LAC,10.67,1,0.28125,24,-0.28125,0.08874999999999922,0
00-0036988,Josh Palmer,WR,2023,LAC,10.67,1,0.28125,24,Josh Palmer,WR,LAC,7.1,0,0.65625,12,0.375,-3.5700000000000003,-1
00-0036997,Javonte Williams,RB,2021,DEN,12.052941176470588,2,0.53125,16,Javonte Williams,RB,DEN,10.5,1,0.1875,27,-0.34375,-1.552941176470588,-1
00-0036997,Javonte Williams,RB,2022,DEN,10.5,1,0.1875,27,Javonte Williams,RB,DEN,11.2125,2,0.40625,20,0.21875,0.7125000000000004,1
00-0036997,Javonte Williams,RB,2023,DEN,11.2125,2,0.40625,20,Javonte Williams,RB,DEN,9.288235294117648,1,0.53125,16,0.125,-1.9242647058823525,-1
00-0036999,Anthony Schwartz,WR,2021,CLE,2.783333333333333,0,0.5,17,Anthony Schwartz,WR,CLE,3.1333333333333333,0,0.625,13,0.125,0.3500000000000001,0
00-0037005,Tommy Tremble,TE,2021,CAR,3.792857142857143,0,0.09375,30,Tommy Tremble,TE,CAR,3.8857142857142857,0,0.34375,22,0.25,0.09285714285714253,0
00-0037005,Tommy Tremble,TE,2022,CAR,3.8857142857142857,0,0.34375,22,Tommy Tremble,TE,CAR,4.646153846153846,0,0.125,29,-0.21875,0.76043956043956,0
00-0037005,Tommy Tremble,TE,2023,CAR,4.646153846153846,0,0.125,29,Tommy Tremble,TE,CAR,5.64,0,0.3125,23,0.1875,0.993846153846154,0
00-0037005,Tommy Tremble,TE,2024,CAR,5.64,0,0.3125,23,Tommy Tremble,TE,CAR,4.26,0,0.21875,26,-0.09375,-1.38,0
00-0037011,Tre' McKitty,TE,2021,LAC,1.75,0,0.875,5,Tre' McKitty,TE,LAC,2.15,0,0.5625,15,-0.3125,0.3999999999999999,0
00-0037013,Zach Wilson,QB,2021,NYJ,11.696923076923078,1,0.21875,26,Zach Wilson,QB,NYJ,10.991111111111111,1,0.09375,30,-0.125,-0.7058119658119661,0
00-0037013,Zach Wilson,QB,2022,NYJ,10.991111111111111,1,0.09375,30,Zach Wilson,QB,NYJ,10.011666666666668,0,0.03125,32,-0.0625,-0.979444444444443,-1
00-0037078,Cole Turner,TE,2022,WAS,0.86,0,0.21875,26,Cole Turner,TE,WAS,3.2857142857142856,0,0.25,25,0.03125,2.4257142857142857,0
00-0037086,Grant Calcaterra,TE,2024,PHI,4.6,0,0.84375,6,Grant Calcaterra,TE,PHI,2.825,0,0.5,17,-0.34375,-1.7749999999999995,0
00-0037091,Bo Melton,WR,2023,GB,11.475,2,0.875,5,Bo Melton,WR,GB,2.0454545454545454,0,0.78125,8,-0.09375,-9.429545454545455,-2
00-0037091,Bo Melton,WR,2024,GB,2.0454545454545454,0,0.78125,8,Bo Melton,WR,GB,3.025,0,0.90625,4,0.125,0.9795454545454545,0
00-0037098,Samori Toure,WR,2022,GB,4.8,0,0.6875,11,Samori Toure,WR,GB,2.225,0,0.875,5,0.1875,-2.5749999999999997,0
00-0037120,Tyler Goodson,RB,2023,IND,3.016666666666667,0,0.53125,16,Tyler Goodson,RB,IND,4.933333333333334,0,0.28125,24,-0.25,1.9166666666666665,0
00-0037120,Tyler Goodson,RB,2024,IND,4.933333333333334,0,0.28125,24,Tyler Goodson,RB,IND,0.7428571428571429,0,0.8125,7,0.53125,-4.190476190476191,0
00-0037197,Isiah Pacheco,RB,2022,KC,7.9411764705882355,0,1.0,1,Isiah Pacheco,RB,KC,15.278571428571428,3,0.6875,11,-0.3125,7.337394957983193,3
00-0037197,Isiah Pacheco,RB,2023,KC,15.278571428571428,3,0.6875,11,Isiah Pacheco,RB,KC,8.128571428571428,0,0.75,9,0.0625,-7.15,-3
00-0037197,Isiah Pacheco,RB,2024,KC,8.128571428571428,0,0.75,9,Isiah Pacheco,RB,KC,6.715384615384616,0,0.6875,11,-0.0625,-1.4131868131868117,0
00-0037228,Jaylen Warren,RB,2022,PIT,5.83125,0,0.65625,12,Jaylen Warren,RB,PIT,11.552941176470588,2,0.3125,23,-0.34375,5.721691176470588,2
00-0037228,Jaylen Warren,RB,2023,PIT,11.552941176470588,2,0.3125,23,Jaylen Warren,RB,PIT,8.273333333333333,0,0.40625,20,0.09375,-3.2796078431372546,-2
00-0037228,Jaylen Warren,RB,2024,PIT,8.273333333333333,0,0.40625,20,Jaylen Warren,RB,PIT,13.56875,3,0.46875,18,0.0625,5.295416666666666,3
00-0037231,Kevin Austin Jr.,WR,2024,NO,3.375,0,0.25,25,Kevin Austin Jr.,WR,NO,6.6,0,0.1875,27,-0.0625,3.2249999999999996,0
00-0037238,Drake London,WR,2022,ATL,10.505882352941176,1,0.4375,19,Drake London,WR,ATL,10.89875,1,0.1875,27,-0.25,0.39286764705882327,0
00-0037238,Drake London,WR,2023,ATL,10.89875,1,0.1875,27,Drake London,WR,ATL,16.51764705882353,3,0.625,13,0.4375,5.618897058823531,2
00-0037238,Drake London,WR,2024,ATL,16.51764705882353,3,0.625,13,Drake London,WR,ATL,16.825,3,0.375,21,-0.25,0.30735294117646816,0
00-0037239,Chris Olave,WR,2022,NO,13.213333333333331,2,0.375,21,Chris Olave,WR,NO,14.45625,2,0.59375,14,0.21875,1.2429166666666696,0
00-0037239,Chris Olave,WR,2023,NO,14.45625,2,0.59375,14,Chris Olave,WR,NO,9.5875,1,0.25,25,-0.34375,-4.86875,-1
00-0037239,Chris Olave,WR,2024,NO,9.5875,1,0.25,25,Chris Olave,WR,NO,16.75,3,0.1875,27,-0.0625,7.1625,2
00-0037240,Jameson Williams,WR,2022,DET,2.5166666666666666,0,0.84375,6,Jameson Williams,WR,DET,6.691666666666666,0,0.78125,8,-0.0625,4.175,0
00-0037240,Jameson Williams,WR,2023,DET,6.691666666666666,0,0.78125,8,Jameson Williams,WR,DET,13.413333333333332,2,0.9375,3,0.15625,6.721666666666666,2
00-0037240,Jameson Williams,WR,2024,DET,13.413333333333332,2,0.9375,3,Jameson Williams,WR,DET,12.888235294117647,2,0.75,9,-0.1875,-0.5250980392156848,0
00-0037247,George Pickens,WR,2022,PIT,9.794117647058824,1,0.65625,12,George Pickens,WR,PIT,12.323529411764708,2,0.3125,23,-0.34375,2.529411764705884,1
00-0037247,George Pickens,WR,2023,PIT,12.323529411764708,2,0.3125,23,George Pickens,WR,PIT,11.714285714285714,2,0.40625,20,0.09375,-0.6092436974789948,0
00-0037248,James Cook,RB,2022,BUF,6.60625,0,0.96875,2,James Cook,RB,BUF,13.688235294117646,3,0.9375,3,-0.03125,7.081985294117646,3
00-0037248,James Cook,RB,2023,BUF,13.688235294117646,3,0.9375,3,James Cook,RB,BUF,16.66875,4,0.96875,2,0.03125,2.980514705882353,1
00-0037248,James Cook,RB,2024,BUF,16.66875,4,0.96875,2,James Cook,RB,BUF,17.776470588235295,4,0.9375,3,-0.03125,1.1077205882352956,0
00-0037256,Rachaad White,RB,2022,TB,8.75625,0,0.40625,20,Rachaad White,RB,TB,15.758823529411764,3,0.65625,12,0.25,7.002573529411764,3
00-0037256,Rachaad White,RB,2023,TB,15.758823529411764,3,0.65625,12,Rachaad White,RB,TB,13.306666666666668,3,0.875,5,0.21875,-2.4521568627450954,0
00-0037256,Rachaad White,RB,2024,TB,13.306666666666668,3,0.875,5,Rachaad White,RB,TB,8.411764705882353,0,0.40625,20,-0.46875,-4.894901960784315,-3
00-0037257,David Bell,WR,2022,CLE,3.242857142857143,0,0.625,13,David Bell,WR,CLE,5.411111111111111,0,0.15625,28,-0.46875,2.1682539682539685,0
00-0037258,Dameon Pierce,RB,2022,HOU,12.8,2,0.03125,32,Dameon Pierce,RB,HOU,6.361538461538462,0,0.46875,18,0.4375,-6.438461538461539,-2
00-0037258,Dameon Pierce,RB,2023,HOU,6.361538461538462,0,0.46875,18,Dameon Pierce,RB,HOU,4.833333333333333,0,0.375,21,-0.09375,-1.528205128205129,0
00-0037261,Khalil Shakir,WR,2022,BUF,3.41,0,0.96875,2,Khalil Shakir,WR,BUF,7.06875,0,0.9375,3,-0.03125,3.6587499999999995,0
00-0037261,Khalil Shakir,WR,2023,BUF,7.06875,0,0.9375,3,Khalil Shakir,WR,BUF,12.166666666666666,2,0.96875,2,0.03125,5.097916666666666,2
00-0037261,Khalil Shakir,WR,2024,BUF,12.166666666666666,2,0.96875,2,Khalil Shakir,WR,BUF,10.19375,1,0.9375,3,-0.03125,-1.9729166666666664,-1
00-0037263,Tyler Allgeier,RB,2022,ATL,9.975,1,0.4375,19,Tyler Allgeier,RB,ATL,8.094117647058823,0,0.1875,27,-0.25,-1.8808823529411764,-1
00-0037263,Tyler Allgeier,RB,2023,ATL,8.094117647058823,0,0.1875,27,Tyler Allgeier,RB,ATL,6.258823529411765,0,0.625,13,0.4375,-1.8352941176470585,0
00-0037263,Tyler Allgeier,RB,2024,ATL,6.258823529411765,0,0.625,13,Tyler Allgeier,RB,ATL,7.235294117647059,0,0.375,21,-0.25,0.9764705882352942,0
00-0037267,Jerome Ford,RB,2023,CLE,12.552941176470588,2,0.15625,28,Jerome Ford,RB,CLE,9.571428571428571,1,0.03125,32,-0.125,-2.981512605042017,-1
00-0037267,Jerome Ford,RB,2024,CLE,9.571428571428571,1,0.03125,32,Jerome Ford,RB,CLE,3.353846153846154,0,0.0625,31,0.03125,-6.217582417582417,-1
00-0037273,Kyle Philips,WR,2022,TEN,3.95,0,0.25,25,Kyle Philips,WR,TEN,4.1375,0,0.5625,15,0.3125,0.1875,0
00-0037276,Ty Chandler,RB,2023,MIN,7.769230769230769,0,0.5,17,Ty Chandler,RB,MIN,2.84,0,0.59375,14,0.09375,-4.929230769230769,0
00-0037286,Kevin Harris,RB,2022,NE,2.24,0,0.28125,24,Kevin Harris,RB,NE,5.325,0,0.0625,31,-0.21875,3.085,0
00-0037291,Jalen Nailor,WR,2024,MIN,7.0,0,0.59375,14,Jalen Nailor,WR,MIN,5.923529411764706,0,0.15625,28,-0.4375,-1.0764705882352938,0
00-0037292,Andrew Ogletree,TE,2023,IND,3.5700000000000003,0,0.53125,16,Andrew Ogletree,TE,IND,2.3545454545454545,0,0.28125,24,-0.25,-1.2154545454545458,0
00-0037292,Andrew Ogletree,TE,2024,IND,2.3545454545454545,0,0.28125,24,Andrew Ogletree,TE,IND,3.175,0,0.8125,7,0.53125,0.8204545454545453,0
00-0037299,Keaontay Ingram,RB,2022,ARI,1.81,0,0.15625,28,Keaontay Ingram,RB,ARI,2.0,0,0.34375,22,0.1875,0.18999999999999995,0
00-0037382,Brandon Johnson,WR,2022,DEN,4.05,0,0.1875,27,Brandon Johnson,WR,DEN,7.340000000000001,0,0.40625,20,0.21875,3.290000000000001,0
00-0037429,Raheem Blackshear,RB,2022,CAR,4.5,0,0.34375,22,Raheem Blackshear,RB,CAR,2.1625,0,0.125,29,-0.21875,-2.3375,0
00-0037475,Stone Smartt,TE,2023,LAC,2.708333333333333,0,0.28125,24,Stone Smartt,TE,LAC,4.971428571428571,0,0.65625,12,0.375,2.2630952380952376,0
00-0037525,Jordan Mason,RB,2022,SF,3.975,0,0.90625,4,Jordan Mason,RB,SF,4.966666666666667,0,1.0,1,0.09375,0.9916666666666667,0
00-0037525,Jordan Mason,RB,2023,SF,4.966666666666667,0,1.0,1,Jordan Mason,RB,SF,9.575,1,0.6875,11,-0.3125,4.6083333333333325,1
00-0037539,Lucas Krull,TE,2023,DEN,3.357142857142857,0,0.40625,20,Lucas Krull,TE,DEN,3.4200000000000004,0,0.53125,16,0.125,0.06285714285714317,0
00-0037545,Rashid Shaheed,WR,2022,NO,9.136363636363637,1,0.375,21,Rashid Shaheed,WR,NO,10.506666666666666,1,0.59375,14,0.21875,1.3703030303030292,0
00-0037545,Rashid Shaheed,WR,2023,NO,10.506666666666666,1,0.59375,14,Rashid Shaheed,WR,NO,14.633333333333333,2,0.25,25,-0.34375,4.126666666666667,1
00-0037545,Rashid Shaheed,WR,2024,NO,14.633333333333333,2,0.25,25,Rashid Shaheed,WR,NO,8.7,0,0.1875,27,-0.0625,-5.933333333333334,-2
00-0037557,Ronnie Rivers,RB,2023,LA,2.8714285714285714,0,0.75,9,Ronnie Rivers,RB,LA,3.66,0,0.5625,15,-0.1875,0.7885714285714287,0
00-0037569,Peyton Hendershot,TE,2022,DAL,4.388888888888889,0,0.71875,10,Peyton Hendershot,TE,DAL,1.1142857142857143,0,0.96875,2,0.25,-3.274603174603175,0
00-0037594,Julius Chestnut,RB,2024,TEN,1.9,0,0.09375,30,Julius Chestnut,RB,TEN,0.5714285714285714,0,0.09375,30,0.0,-1.3285714285714285,0
00-0037614,John Metchie III,WR,2023,HOU,2.3000000000000003,0,0.46875,18,John Metchie III,WR,HOU,5.54,0,0.375,21,-0.09375,3.2399999999999998,0
00-0037617,Hassan Haskins,RB,2024,LAC,2.981818181818181,0,0.65625,12,Hassan Haskins,RB,LAC,2.0,0,0.3125,23,-0.34375,-0.981818181818181,0
00-0037654,Tucker Fisk,TE,2024,LAC,1.5571428571428572,0,0.65625,12,Tucker Fisk,TE,LAC,0.975,0,0.3125,23,-0.34375,-0.5821428571428572,0
00-0037664,Alec Pierce,WR,2022,IND,7.01875,0,0.0625,31,Alec Pierce,WR,IND,5.611764705882353,0,0.53125,16,0.46875,-1.4069852941176464,0
00-0037664,Alec Pierce,WR,2023,IND,5.611764705882353,0,0.53125,16,Alec Pierce,WR,IND,10.0875,1,0.28125,24,-0.25,4.475735294117647,1
00-0037664,Alec Pierce,WR,2024,IND,10.0875,1,0.28125,24,Alec Pierce,WR,IND,12.22,2,0.8125,7,0.53125,2.1325000000000003,1
00-0037666,Jalen Tolbert,WR,2023,DAL,4.676923076923076,0,0.96875,2,Jalen Tolbert,WR,DAL,8.941176470588236,1,0.15625,28,-0.8125,4.264253393665159,1
00-0037666,Jalen Tolbert,WR,2024,DAL,8.941176470588236,1,0.15625,28,Jalen Tolbert,WR,DAL,4.209090909090909,0,0.875,5,0.71875,-4.7320855614973265,-1
00-0037740,Garrett Wilson,WR,2022,NYJ,12.647058823529411,2,0.09375,30,Garrett Wilson,WR,NYJ,12.541176470588235,2,0.03125,32,-0.0625,-0.1058823529411761,0
00-0037740,Garrett Wilson,WR,2023,NYJ,12.541176470588235,2,0.03125,32,Garrett Wilson,WR,NYJ,14.81764705882353,3,0.5,17,0.46875,2.276470588235295,1
00-0037740,Garrett Wilson,WR,2024,NYJ,14.81764705882353,3,0.5,17,Garrett Wilson,WR,NYJ,14.12857142857143,2,0.125,29,-0.375,-0.6890756302521002,-1
00-0037741,Jahan Dotson,WR,2022,WAS,10.883333333333333,1,0.21875,26,Jahan Dotson,WR,WAS,7.341176470588235,0,0.25,25,0.03125,-3.542156862745098,-1
00-0037741,Jahan Dotson,WR,2024,PHI,2.992857142857143,0,0.84375,6,Jahan Dotson,WR,PHI,3.585714285714286,0,0.5,17,-0.34375,0.592857142857143,0
00-0037742,Treylon Burks,WR,2022,TEN,8.009090909090908,0,0.25,25,Treylon Burks,WR,TEN,4.433333333333334,0,0.5625,15,0.3125,-3.5757575757575744,0
00-0037742,Treylon Burks,WR,2023,TEN,4.433333333333334,0,0.5625,15,Treylon Burks,WR,TEN,1.5,0,0.09375,30,-0.46875,-2.9333333333333336,0
00-0037744,Trey McBride,TE,2022,ARI,6.833333333333333,1,0.15625,28,Trey McBride,TE,ARI,10.676470588235292,3,0.34375,22,0.1875,3.8431372549019587,2
00-0037744,Trey McBride,TE,2023,ARI,10.676470588235292,3,0.34375,22,Trey McBride,TE,ARI,15.2375,5,0.71875,10,0.375,4.561029411764709,2
00-0037744,Trey McBride,TE,2024,ARI,15.2375,5,0.71875,10,Trey McBride,TE,ARI,18.58235294117647,5,0.28125,24,-0.4375,3.3448529411764696,0
00-0037745,Velus Jones Jr.,WR,2022,CHI,4.222222222222222,0,0.3125,23,Velus Jones Jr.,WR,CHI,1.11,0,0.375,21,0.0625,-3.112222222222222,0
00-0037746,Brian Robinson,RB,2022,WAS,9.391666666666667,1,0.21875,26,Brian Robinson,RB,WAS,13.22,2,0.25,25,0.03125,3.828333333333333,1
00-0037746,Brian Robinson,RB,2023,WAS,13.22,2,0.25,25,Brian Robinson,RB,WAS,11.414285714285716,2,0.90625,4,0.65625,-1.8057142857142843,0
00-0037801,KaVontae Turpin,WR,2022,DAL,0.72,0,0.71875,10,KaVontae Turpin,WR,DAL,4.9750000000000005,0,0.96875,2,0.25,4.255000000000001,0
00-0037801,KaVontae Turpin,WR,2023,DAL,4.9750000000000005,0,0.96875,2,KaVontae Turpin,WR,DAL,6.946666666666667,0,0.15625,28,-0.8125,1.9716666666666667,0
00-0037801,KaVontae Turpin,WR,2024,DAL,6.946666666666667,0,0.15625,28,KaVontae Turpin,WR,DAL,5.633333333333334,0,0.875,5,0.71875,-1.3133333333333335,0
00-0037805,Jeremy Ruckert,TE,2023,NYJ,3.1100000000000003,0,0.03125,32,Jeremy Ruckert,TE,NYJ,2.1923076923076925,0,0.5,17,0.46875,-0.9176923076923078,0
00-0037805,Jeremy Ruckert,TE,2024,NYJ,2.1923076923076925,0,0.5,17,Jeremy Ruckert,TE,NYJ,3.523076923076923,0,0.125,29,-0.375,1.3307692307692305,0
00-0037809,Chig Okonkwo,TE,2022,TEN,6.48,1,0.25,25,Chig Okonkwo,TE,TEN,6.670588235294118,1,0.5625,15,0.3125,0.1905882352941175,0
00-0037809,Chig Okonkwo,TE,2023,TEN,6.670588235294118,1,0.5625,15,Chig Okonkwo,TE,TEN,7.125,1,0.09375,30,-0.46875,0.45441176470588207,0
00-0037809,Chig Okonkwo,TE,2024,TEN,7.125,1,0.09375,30,Chig Okonkwo,TE,TEN,7.294117647058823,1,0.09375,30,0.0,0.16911764705882337,0
00-0037816,Romeo Doubs,WR,2022,GB,7.815384615384615,0,0.6875,11,Romeo Doubs,WR,GB,10.258823529411766,1,0.875,5,0.1875,2.4434389140271504,1
00-0037816,Romeo Doubs,WR,2023,GB,10.258823529411766,1,0.875,5,Romeo Doubs,WR,GB,10.16153846153846,1,0.78125,8,-0.09375,-0.09728506787330637,0
00-0037816,Romeo Doubs,WR,2024,GB,10.16153846153846,1,0.78125,8,Romeo Doubs,WR,GB,10.3375,1,0.90625,4,0.125,0.17596153846154117,0
00-0037834,Brock Purdy,QB,2022,SF,11.806666666666668,1,0.90625,4,Brock Purdy,QB,SF,18.475,3,1.0,1,0.09375,6.668333333333333,2
00-0037834,Brock Purdy,QB,2023,SF,18.475,3,1.0,1,Brock Purdy,QB,SF,17.790666666666667,3,0.6875,11,-0.3125,-0.6843333333333348,0
00-0037834,Brock Purdy,QB,2024,SF,17.790666666666667,3,0.6875,11,Brock Purdy,QB,SF,19.70888888888889,3,0.84375,6,0.15625,1.918222222222223,0
00-0037837,Calvin Austin III,WR,2023,PIT,3.764285714285714,0,0.3125,23,Calvin Austin III,WR,PIT,7.105882352941176,0,0.40625,20,0.09375,3.3415966386554623,0
00-0037837,Calvin Austin III,WR,2024,PIT,7.105882352941176,0,0.40625,20,Calvin Austin III,WR,PIT,6.1571428571428575,0,0.46875,18,0.0625,-0.9487394957983186,0
00-0037838,Isaiah Likely,TE,2022,BAL,6.521428571428571,1,0.53125,16,Isaiah Likely,TE,BAL,7.776923076923077,1,0.84375,6,0.3125,1.2554945054945055,0
00-0037838,Isaiah Likely,TE,2023,BAL,7.776923076923077,1,0.84375,6,Isaiah Likely,TE,BAL,8.246666666666666,2,1.0,1,0.15625,0.4697435897435893,1
00-0037838,Isaiah Likely,TE,2024,BAL,8.246666666666666,2,1.0,1,Isaiah Likely,TE,BAL,5.609090909090909,0,0.5625,15,-0.4375,-2.637575757575757,-2
00-0037840,Kyren Williams,RB,2022,LA,3.8125,0,0.125,29,Kyren Williams,RB,LA,21.25,5,0.75,9,0.625,17.4375,5
00-0037840,Kyren Williams,RB,2023,LA,21.25,5,0.75,9,Kyren Williams,RB,LA,17.00625,4,0.5625,15,-0.1875,-4.243749999999999,-1
00-0037840,Kyren Williams,RB,2024,LA,17.00625,4,0.5625,15,Kyren Williams,RB,LA,15.488235294117649,3,0.96875,2,0.40625,-1.5180147058823525,-1
00-0038040,Zamir White,RB,2022,LV,0.6363636363636364,0,0.46875,18,Zamir White,RB,LV,5.684615384615385,0,0.21875,26,-0.25,5.048251748251748,0
00-0038040,Zamir White,RB,2023,LV,5.684615384615385,0,0.21875,26,Zamir White,RB,LV,3.6625,0,0.0625,31,-0.15625,-2.0221153846153848,0
00-0038040,Zamir White,RB,2024,LV,3.6625,0,0.0625,31,Zamir White,RB,LV,1.92,0,0.03125,32,-0.03125,-1.7425000000000002,0
00-0038041,Jake Ferguson,TE,2022,DAL,4.4,0,0.71875,10,Jake Ferguson,TE,DAL,10.41764705882353,3,0.96875,2,0.25,6.017647058823529,3
00-0038041,Jake Ferguson,TE,2023,DAL,10.41764705882353,3,0.96875,2,Jake Ferguson,TE,DAL,7.457142857142857,1,0.15625,28,-0.8125,-2.9605042016806724,-2
00-0038041,Jake Ferguson,TE,2024,DAL,7.457142857142857,1,0.15625,28,Jake Ferguson,TE,DAL,11.06470588235294,3,0.875,5,0.71875,3.607563025210082,2
00-0038045,Isaiah Spiller,RB,2022,LAC,1.6800000000000002,0,0.5625,15,Isaiah Spiller,RB,LAC,2.111111111111111,0,0.28125,24,-0.28125,0.431111111111111,0
00-0038046,Charlie Kolar,TE,2023,BAL,3.616666666666666,0,0.84375,6,Charlie Kolar,TE,BAL,4.042857142857143,0,1.0,1,0.15625,0.4261904761904769,0
00-0038046,Charlie Kolar,TE,2024,BAL,4.042857142857143,0,1.0,1,Charlie Kolar,TE,BAL,3.290909090909091,0,0.5625,15,-0.4375,-0.7519480519480517,0
00-0038090,Skyy Moore,WR,2022,KC,3.5285714285714285,0,1.0,1,Skyy Moore,WR,KC,4.130769230769231,0,0.6875,11,-0.3125,0.6021978021978027,0
00-0038098,Pierre Strong,RB,2023,CLE,3.292307692307692,0,0.15625,28,Pierre Strong,RB,CLE,3.2,0,0.03125,32,-0.125,-0.09230769230769198,0
00-0038102,Kenny Pickett,QB,2022,PIT,11.527692307692307,1,0.65625,12,Kenny Pickett,QB,PIT,9.183333333333334,0,0.3125,23,-0.34375,-2.3443589743589737,-1
00-0038104,Tyquan Thornton,WR,2022,NE,5.525,0,0.28125,24,Tyquan Thornton,WR,NE,3.022222222222222,0,0.0625,31,-0.21875,-2.502777777777778,0
00-0038104,Tyquan Thornton,WR,2023,NE,3.022222222222222,0,0.0625,31,Tyquan Thornton,WR,NE,2.175,0,0.1875,27,0.125,-0.8472222222222223,0
00-0038108,Bailey Zappe,QB,2022,NE,9.91,0,0.28125,24,Bailey Zappe,QB,NE,6.918000000000001,0,0.0625,31,-0.21875,-2.991999999999999,0
00-0038115,Daniel Bellinger,TE,2022,NYG,6.818181818181818,1,0.75,9,Daniel Bellinger,TE,NYG,3.8846153846153846,0,0.09375,30,-0.65625,-2.9335664335664338,-1
00-0038115,Daniel Bellinger,TE,2023,NYG,3.8846153846153846,0,0.09375,30,Daniel Bellinger,TE,NYG,3.7857142857142856,0,0.125,29,0.03125,-0.098901098901099,0
00-0038115,Daniel Bellinger,TE,2024,NYG,3.7857142857142856,0,0.125,29,Daniel Bellinger,TE,NYG,4.966666666666667,0,0.71875,10,0.59375,1.1809523809523812,0
00-0038117,Wan'Dale Robinson,WR,2022,NYG,8.6,0,0.75,9,Wan'Dale Robinson,WR,NYG,8.879999999999999,1,0.09375,30,-0.65625,0.27999999999999936,1
00-0038117,Wan'Dale Robinson,WR,2023,NYG,8.879999999999999,1,0.09375,30,Wan'Dale Robinson,WR,NYG,10.74705882352941,1,0.125,29,0.03125,1.8670588235294119,0
00-0038117,Wan'Dale Robinson,WR,2024,NYG,10.74705882352941,1,0.125,29,Wan'Dale Robinson,WR,NYG,13.61875,2,0.71875,10,0.59375,2.8716911764705895,1
00-0038120,Breece Hall,RB,2022,NYJ,16.442857142857143,4,0.09375,30,Breece Hall,RB,NYJ,17.099999999999998,4,0.03125,32,-0.0625,0.6571428571428548,0
00-0038120,Breece Hall,RB,2023,NYJ,17.099999999999998,4,0.03125,32,Breece Hall,RB,NYJ,15.08125,3,0.5,17,0.46875,-2.018749999999997,-1
00-0038120,Breece Hall,RB,2024,NYJ,15.08125,3,0.5,17,Breece Hall,RB,NYJ,12.97875,2,0.125,29,-0.375,-2.102500000000001,-1
00-0038122,Desmond Ridder,QB,2022,ATL,9.68,0,0.4375,19,Desmond Ridder,QB,ATL,11.809333333333331,1,0.1875,27,-0.25,2.1293333333333315,1
00-0038124,Christian Watson,WR,2022,GB,11.721428571428572,2,0.6875,11,Christian Watson,WR,GB,11.255555555555556,2,0.875,5,0.1875,-0.4658730158730151,0
00-0038124,Christian Watson,WR,2023,GB,11.255555555555556,2,0.875,5,Christian Watson,WR,GB,7.521428571428571,0,0.78125,8,-0.09375,-3.734126984126985,-2
00-0038124,Christian Watson,WR,2024,GB,7.521428571428571,0,0.78125,8,Christian Watson,WR,GB,13.24,2,0.90625,4,0.125,5.718571428571429,2
00-0038128,Malik Willis,QB,2024,GB,8.633333333333333,0,0.78125,8,Malik Willis,QB,GB,12.795,1,0.90625,4,0.125,4.161666666666667,1
00-0038129,Cade Otton,TE,2022,TB,6.65,1,0.40625,20,Cade Otton,TE,TB,7.3875,1,0.65625,12,0.25,0.7374999999999998,0
00-0038129,Cade Otton,TE,2023,TB,7.3875,1,0.65625,12,Cade Otton,TE,TB,10.042857142857144,2,0.875,5,0.21875,2.6553571428571443,1
00-0038129,Cade Otton,TE,2024,TB,10.042857142857144,2,0.875,5,Cade Otton,TE,TB,8.146666666666667,2,0.40625,20,-0.46875,-1.896190476190478,0
00-0038134,Kenneth Walker III,RB,2022,SEA,13.5,3,0.59375,14,Kenneth Walker III,RB,SEA,13.293333333333331,3,0.71875,10,0.125,-0.20666666666666877,0
00-0038134,Kenneth Walker III,RB,2023,SEA,13.293333333333331,3,0.71875,10,Kenneth Walker III,RB,SEA,16.472727272727273,4,0.46875,18,-0.25,3.1793939393939414,1
00-0038134,Kenneth Walker III,RB,2024,SEA,16.472727272727273,4,0.46875,18,Kenneth Walker III,RB,SEA,11.288235294117648,2,0.65625,12,0.1875,-5.184491978609625,-2
00-0038393,Dontayvion Wicks,WR,2023,GB,7.984,0,0.875,5,Dontayvion Wicks,WR,GB,6.5,0,0.78125,8,-0.09375,-1.484,0
00-0038393,Dontayvion Wicks,WR,2024,GB,6.5,0,0.78125,8,Dontayvion Wicks,WR,GB,5.830769230769231,0,0.90625,4,0.125,-0.6692307692307686,0
00-0038394,Will Mallory,TE,2023,IND,3.5181818181818185,0,0.53125,16,Will Mallory,TE,IND,0.9857142857142858,0,0.28125,24,-0.25,-2.5324675324675328,0
00-0038396,Eric Gray,RB,2023,NYG,2.6,0,0.09375,30,Eric Gray,RB,NYG,1.93,0,0.125,29,0.03125,-0.6700000000000002,0
00-0038416,Tyson Bagent,QB,2023,CHI,10.652,1,0.375,21,Tyson Bagent,QB,CHI,-0.065,0,0.21875,26,-0.15625,-10.716999999999999,-1
00-0038465,Malik Heath,WR,2023,GB,2.7916666666666665,0,0.875,5,Malik Heath,WR,GB,6.34,0,0.78125,8,-0.09375,3.5483333333333333,0
00-0038465,Malik Heath,WR,2024,GB,6.34,0,0.78125,8,Malik Heath,WR,GB,2.92,0,0.90625,4,0.125,-3.42,0
00-0038496,Xavier Gipson,WR,2023,NYJ,4.823076923076924,0,0.03125,32,Xavier Gipson,WR,NYJ,2.05,0,0.5,17,0.46875,-2.773076923076924,0
00-0038542,Bijan Robinson,RB,2023,ATL,14.488235294117649,3,0.1875,27,Bijan Robinson,RB,ATL,20.11176470588235,5,0.625,13,0.4375,5.623529411764702,2
00-0038542,Bijan Robinson,RB,2024,ATL,20.11176470588235,5,0.625,13,Bijan Robinson,RB,ATL,21.823529411764707,5,0.375,21,-0.25,1.7117647058823557,0
00-0038543,Jaxon Smith-Njigba,WR,2023,SEA,8.811764705882354,0,0.71875,10,Jaxon Smith-Njigba,WR,SEA,15.164705882352942,3,0.46875,18,-0.25,6.352941176470589,3
00-0038543,Jaxon Smith-Njigba,WR,2024,SEA,15.164705882352942,3,0.46875,18,Jaxon Smith-Njigba,WR,SEA,21.170588235294115,5,0.65625,12,0.1875,6.005882352941173,2
00-0038544,Quentin Johnston,WR,2023,LAC,5.529411764705882,0,0.28125,24,Quentin Johnston,WR,LAC,11.733333333333333,2,0.65625,12,0.375,6.20392156862745,2
00-0038544,Quentin Johnston,WR,2024,LAC,11.733333333333333,2,0.65625,12,Quentin Johnston,WR,LAC,13.169230769230769,2,0.3125,23,-0.34375,1.4358974358974361,0
00-0038547,Luke Schoonmaker,TE,2023,DAL,2.409090909090909,0,0.96875,2,Luke Schoonmaker,TE,DAL,5.71,0,0.15625,28,-0.8125,3.300909090909091,0
00-0038547,Luke Schoonmaker,TE,2024,DAL,5.71,0,0.15625,28,Luke Schoonmaker,TE,DAL,1.9428571428571428,0,0.875,5,0.71875,-3.767142857142857,0
00-0038551,Kendre Miller,RB,2023,NO,6.185714285714285,0,0.59375,14,Kendre Miller,RB,NO,4.8500000000000005,0,0.25,25,-0.34375,-1.3357142857142845,0
00-0038551,Kendre Miller,RB,2024,NO,4.8500000000000005,0,0.25,25,Kendre Miller,RB,NO,4.757142857142857,0,0.1875,27,-0.0625,-0.09285714285714342,0
00-0038555,Tank Bigsby,RB,2023,JAX,1.907692307692308,0,0.4375,19,Tank Bigsby,RB,JAX,8.6,0,0.4375,19,0.0,6.692307692307692,0
00-0038558,Darnell Washington,TE,2023,PIT,1.6375,0,0.3125,23,Darnell Washington,TE,PIT,3.4615384615384617,0,0.40625,20,0.09375,1.8240384615384617,0
00-0038558,Darnell Washington,TE,2024,PIT,3.4615384615384617,0,0.40625,20,Darnell Washington,TE,PIT,5.646153846153847,0,0.46875,18,0.0625,2.1846153846153857,0
00-0038559,Michael Wilson,WR,2023,ARI,8.807692307692308,0,0.34375,22,Michael Wilson,WR,ARI,7.78125,0,0.71875,10,0.375,-1.0264423076923084,0
00-0038559,Michael Wilson,WR,2024,ARI,7.78125,0,0.71875,10,Michael Wilson,WR,ARI,12.976470588235294,2,0.28125,24,-0.4375,5.195220588235294,2
00-0038563,Tre Tucker,WR,2023,LV,5.523076923076923,0,0.21875,26,Tre Tucker,WR,LV,7.605882352941177,0,0.0625,31,-0.15625,2.082805429864254,0
00-0038563,Tre Tucker,WR,2024,LV,7.605882352941177,0,0.0625,31,Tre Tucker,WR,LV,9.511764705882351,1,0.03125,32,-0.03125,1.9058823529411741,1
00-0038573,Derius Davis,WR,2023,LAC,2.692857142857143,0,0.28125,24,Derius Davis,WR,LAC,3.6454545454545455,0,0.65625,12,0.375,0.9525974025974024,0
00-0038573,Derius Davis,WR,2024,LAC,3.6454545454545455,0,0.65625,12,Derius Davis,WR,LAC,0.7,0,0.3125,23,-0.34375,-2.9454545454545453,0
00-0038579,Aidan O'Connell,QB,2023,LV,11.438181818181818,1,0.21875,26,Aidan O'Connell,QB,LV,10.386666666666668,1,0.0625,31,-0.15625,-1.051515151515149,0
00-0038582,Clayton Tune,QB,2023,ARI,1.28,0,0.34375,22,Clayton Tune,QB,ARI,-0.416,0,0.71875,10,0.375,-1.696,0
00-0038583,Dorian Thompson-Robinson,QB,2023,CLE,3.185714285714286,0,0.15625,28,Dorian Thompson-Robinson,QB,CLE,2.6333333333333333,0,0.03125,32,-0.125,-0.5523809523809526,0
00-0038589,Josh Whyle,TE,2023,TEN,3.05,0,0.5625,15,Josh Whyle,TE,TEN,4.342857142857143,0,0.09375,30,-0.46875,1.2928571428571436,0
00-0038597,Chase Brown,RB,2023,CIN,5.35,0,0.625,13,Chase Brown,RB,CIN,15.95,3,0.8125,7,0.1875,10.6,3
00-0038597,Chase Brown,RB,2024,CIN,15.95,3,0.8125,7,Chase Brown,RB,CIN,16.488235294117647,4,0.4375,19,-0.375,0.5382352941176478,1
00-0038606,Parker Washington,WR,2023,JAX,6.533333333333334,0,0.4375,19,Parker Washington,WR,JAX,8.083333333333334,0,0.4375,19,0.0,1.5499999999999998,0
00-0038606,Parker Washington,WR,2024,JAX,8.083333333333334,0,0.4375,19,Parker Washington,WR,JAX,12.313333333333333,2,0.59375,14,0.15625,4.229999999999999,2
00-0038608,Kayshon Boutte,WR,2024,NE,8.133333333333333,0,0.1875,27,Kayshon Boutte,WR,NE,8.864285714285714,1,1.0,1,0.8125,0.730952380952381,1
00-0038611,Chris Rodriguez Jr.,RB,2023,WAS,4.7375,0,0.25,25,Chris Rodriguez Jr.,RB,WAS,5.25,0,0.90625,4,0.65625,0.5125000000000002,0
00-0038611,Chris Rodriguez Jr.,RB,2024,WAS,5.25,0,0.90625,4,Chris Rodriguez Jr.,RB,WAS,7.666666666666667,0,0.53125,16,-0.375,2.416666666666667,0
00-0038618,Xavier Hutchinson,WR,2023,HOU,1.9909090909090907,0,0.46875,18,Xavier Hutchinson,WR,HOU,1.6928571428571428,0,0.375,21,-0.09375,-0.2980519480519479,0
00-0038618,Xavier Hutchinson,WR,2024,HOU,1.6928571428571428,0,0.375,21,Xavier Hutchinson,WR,HOU,6.125,0,0.34375,22,-0.03125,4.432142857142857,0
00-0038619,Andrei Iosivas,WR,2023,CIN,5.622222222222223,0,0.625,13,Andrei Iosivas,WR,CIN,7.052941176470589,0,0.8125,7,0.1875,1.4307189542483663,0
00-0038619,Andrei Iosivas,WR,2024,CIN,7.052941176470589,0,0.8125,7,Andrei Iosivas,WR,CIN,5.993333333333334,0,0.4375,19,-0.375,-1.0596078431372549,0
00-0038621,DeMario Douglas,WR,2023,NE,7.6571428571428575,0,0.0625,31,DeMario Douglas,WR,NE,9.2375,1,0.1875,27,0.125,1.5803571428571432,1
00-0038621,DeMario Douglas,WR,2024,NE,9.2375,1,0.1875,27,DeMario Douglas,WR,NE,5.9875,0,1.0,1,0.8125,-3.250000000000001,-1
00-0038622,Deuce Vaughn,RB,2023,DAL,2.5,0,0.96875,2,Deuce Vaughn,RB,DAL,2.3600000000000003,0,0.15625,28,-0.8125,-0.13999999999999968,0
00-0038685,Chris Brooks,RB,2024,GB,3.836363636363637,0,0.78125,8,Chris Brooks,RB,GB,2.335714285714286,0,0.90625,4,0.125,-1.500649350649351,0
00-0038705,Emari Demercado,RB,2023,ARI,6.663636363636363,0,0.34375,22,Emari Demercado,RB,ARI,4.207692307692308,0,0.71875,10,0.375,-2.4559440559440553,0
00-0038705,Emari Demercado,RB,2024,ARI,4.207692307692308,0,0.71875,10,Emari Demercado,RB,ARI,5.3,0,0.28125,24,-0.4375,1.092307692307692,0
00-0038710,Blake Whiteheart,TE,2024,CLE,2.442857142857143,0,0.03125,32,Blake Whiteheart,TE,CLE,0.3999999999999999,0,0.0625,31,0.03125,-2.042857142857143,0
00-0038720,Julian Hill,TE,2023,MIA,1.4666666666666668,0,0.90625,4,Julian Hill,TE,MIA,1.8333333333333333,0,0.34375,22,-0.5625,0.3666666666666665,0
00-0038720,Julian Hill,TE,2024,MIA,1.8333333333333333,0,0.34375,22,Julian Hill,TE,MIA,2.8181818181818183,0,0.25,25,-0.09375,0.9848484848484851,0
00-0038738,Hunter Luepke,RB,2023,DAL,2.1166666666666667,0,0.96875,2,Hunter Luepke,RB,DAL,2.069230769230769,0,0.15625,28,-0.8125,-0.04743589743589771,0
00-0038738,Hunter Luepke,RB,2024,DAL,2.069230769230769,0,0.15625,28,Hunter Luepke,RB,DAL,3.363636363636364,0,0.875,5,0.71875,1.2944055944055952,0
00-0038752,Jake Bobo,WR,2023,SEA,4.064285714285714,0,0.71875,10,Jake Bobo,WR,SEA,2.7,0,0.46875,18,-0.25,-1.3642857142857139,0
00-0038783,Nate Adkins,TE,2023,DEN,1.55,0,0.40625,20,Nate Adkins,TE,DEN,3.625,0,0.53125,16,0.125,2.075,0
00-0038783,Nate Adkins,TE,2024,DEN,3.625,0,0.53125,16,Nate Adkins,TE,DEN,2.8000000000000003,0,0.625,13,0.09375,-0.8249999999999997,0
00-0038794,Jaleel McLaughlin,RB,2023,DEN,6.235294117647059,0,0.40625,20,Jaleel McLaughlin,RB,DEN,6.075,0,0.53125,16,0.125,-0.1602941176470587,0
00-0038794,Jaleel McLaughlin,RB,2024,DEN,6.075,0,0.53125,16,Jaleel McLaughlin,RB,DEN,3.925,0,0.625,13,0.09375,-2.1500000000000004,0
00-0038797,Emanuel Wilson,RB,2023,GB,2.96,0,0.875,5,Emanuel Wilson,RB,GB,5.647058823529412,0,0.78125,8,-0.09375,2.687058823529412,0
00-0038797,Emanuel Wilson,RB,2024,GB,5.647058823529412,0,0.78125,8,Emanuel Wilson,RB,GB,5.90625,0,0.90625,4,0.125,0.25919117647058787,0
00-0038809,Ben Sims,TE,2023,GB,2.0166666666666666,0,0.875,5,Ben Sims,TE,GB,2.05,0,0.78125,8,-0.09375,0.033333333333333215,0
00-0038821,Rakim Jarrett,WR,2023,TB,1.6666666666666667,0,0.65625,12,Rakim Jarrett,WR,TB,3.5666666666666664,0,0.875,5,0.21875,1.8999999999999997,0
00-0038824,Ryan Miller,WR,2024,TB,4.6,0,0.875,5,Ryan Miller,WR,TB,2.85,0,0.40625,20,-0.46875,-1.7499999999999996,0
00-0038933,Dalton Kincaid,TE,2023,BUF,9.39375,2,0.9375,3,Dalton Kincaid,TE,BUF,7.753846153846154,1,0.96875,2,0.03125,-1.6399038461538469,-1
00-0038933,Dalton Kincaid,TE,2024,BUF,7.753846153846154,1,0.96875,2,Dalton Kincaid,TE,BUF,10.508333333333333,3,0.9375,3,-0.03125,2.754487179487179,2
00-0038935,Brenton Strange,TE,2023,JAX,2.9,0,0.4375,19,Brenton Strange,TE,JAX,6.507142857142857,1,0.4375,19,0.0,3.607142857142857,1
00-0038935,Brenton Strange,TE,2024,JAX,6.507142857142857,1,0.4375,19,Brenton Strange,TE,JAX,9.833333333333334,2,0.59375,14,0.15625,3.326190476190477,1
00-0038938,Jalin Hyatt,WR,2023,NYG,4.638461538461538,0,0.09375,30,Jalin Hyatt,WR,NYG,1.42,0,0.125,29,0.03125,-3.218461538461538,0
00-0038938,Jalin Hyatt,WR,2024,NYG,1.42,0,0.125,29,Jalin Hyatt,WR,NYG,1.7,0,0.71875,10,0.59375,0.28,0
00-0038951,Sean Tucker,RB,2024,TB,6.245454545454546,0,0.875,5,Sean Tucker,RB,TB,6.528571428571429,0,0.40625,20,-0.46875,0.2831168831168833,0
00-0038976,Marvin Mims Jr.,WR,2023,DEN,5.38,0,0.40625,20,Marvin Mims Jr.,WR,DEN,8.08125,0,0.53125,16,0.125,2.701250000000001,0
00-0038976,Marvin Mims Jr.,WR,2024,DEN,8.08125,0,0.53125,16,Marvin Mims Jr.,WR,DEN,6.333333333333333,0,0.625,13,0.09375,-1.7479166666666677,0
00-0038977,Tank Dell,WR,2023,HOU,16.5,3,0.46875,18,Tank Dell,WR,HOU,10.0,1,0.375,21,-0.09375,-6.5,-2
00-0038979,Cedric Tillman,WR,2023,CLE,4.0181818181818185,0,0.15625,28,Cedric Tillman,WR,CLE,8.933333333333334,1,0.03125,32,-0.125,4.915151515151515,1
00-0038979,Cedric Tillman,WR,2024,CLE,8.933333333333334,1,0.03125,32,Cedric Tillman,WR,CLE,5.0,0,0.0625,31,0.03125,-3.9333333333333336,-1
00-0038994,Jordan Addison,WR,2023,MIN,13.01764705882353,2,0.5,17,Jordan Addison,WR,MIN,14.166666666666666,2,0.59375,14,0.09375,1.1490196078431367,0
00-0038994,Jordan Addison,WR,2024,MIN,14.166666666666666,2,0.59375,14,Jordan Addison,WR,MIN,9.65,1,0.15625,28,-0.4375,-4.516666666666666,-1
00-0038996,Tucker Kraft,TE,2023,GB,7.85,1,0.875,5,Tucker Kraft,TE,GB,9.605882352941178,2,0.78125,8,-0.09375,1.7558823529411782,1
00-0038996,Tucker Kraft,TE,2024,GB,9.605882352941178,2,0.78125,8,Tucker Kraft,TE,GB,14.65,4,0.90625,4,0.125,5.0441176470588225,2
00-0038997,Josh Downs,WR,2023,IND,9.241176470588234,1,0.53125,16,Josh Downs,WR,IND,13.014285714285714,2,0.28125,24,-0.25,3.77310924369748,1
00-0038997,Josh Downs,WR,2024,IND,13.014285714285714,2,0.28125,24,Josh Downs,WR,IND,8.53125,0,0.8125,7,0.53125,-4.483035714285714,-2
00-0039021,Roschon Johnson,RB,2023,CHI,6.806666666666667,0,0.375,21,Roschon Johnson,RB,CHI,6.45,0,0.21875,26,-0.15625,-0.35666666666666647,0
00-0039032,Tyjae Spears,RB,2023,TEN,9.047058823529412,1,0.5625,15,Tyjae Spears,RB,TEN,9.466666666666669,1,0.09375,30,-0.46875,0.41960784313725696,0
00-0039032,Tyjae Spears,RB,2024,TEN,9.466666666666669,1,0.09375,30,Tyjae Spears,RB,TEN,8.592307692307692,0,0.09375,30,0.0,-0.8743589743589766,-1
00-0039040,De'Von Achane,RB,2023,MIA,17.336363636363636,4,0.90625,4,De'Von Achane,RB,MIA,17.50588235294118,4,0.34375,22,-0.5625,0.16951871657754225,0
00-0039040,De'Von Achane,RB,2024,MIA,17.50588235294118,4,0.34375,22,De'Von Achane,RB,MIA,20.13125,5,0.25,25,-0.09375,2.625367647058823,1
00-0039041,Elijah Higgins,TE,2023,ARI,4.033333333333333,0,0.34375,22,Elijah Higgins,TE,ARI,3.5142857142857147,0,0.71875,10,0.375,-0.5190476190476185,0
00-0039041,Elijah Higgins,TE,2024,ARI,3.5142857142857147,0,0.71875,10,Elijah Higgins,TE,ARI,3.8733333333333335,0,0.28125,24,-0.4375,0.35904761904761884,0
00-0039050,Payne Durham,TE,2023,TB,1.8,0,0.65625,12,Payne Durham,TE,TB,6.9,1,0.875,5,0.21875,5.1000000000000005,1
00-0039050,Payne Durham,TE,2024,TB,6.9,1,0.875,5,Payne Durham,TE,TB,0.525,0,0.40625,20,-0.46875,-6.375,-1
00-0039052,Trey Palmer,WR,2023,TB,5.629411764705883,0,0.65625,12,Trey Palmer,WR,TB,3.5200000000000005,0,0.875,5,0.21875,-2.1094117647058823,0
00-0039062,Jonathan Mingo,WR,2023,CAR,5.653333333333333,0,0.125,29,Jonathan Mingo,WR,CAR,2.3000000000000003,0,0.3125,23,0.1875,-3.353333333333333,0
00-0039064,Zay Flowers,WR,2023,BAL,12.9,2,0.84375,6,Zay Flowers,WR,BAL,12.323529411764708,2,1.0,1,0.15625,-0.5764705882352921,0
00-0039064,Zay Flowers,WR,2024,BAL,12.323529411764708,2,1.0,1,Zay Flowers,WR,BAL,14.311764705882354,2,0.5625,15,-0.4375,1.9882352941176453,0
00-0039065,Sam LaPorta,TE,2023,DET,14.076470588235296,4,0.78125,8,Sam LaPorta,TE,DET,10.9125,3,0.9375,3,0.15625,-3.163970588235296,-1
00-0039065,Sam LaPorta,TE,2024,DET,10.9125,3,0.9375,3,Sam LaPorta,TE,DET,11.877777777777778,4,0.75,9,-0.1875,0.9652777777777786,1
00-0039066,Michael Mayer,TE,2023,LV,5.95,1,0.21875,26,Michael Mayer,TE,LV,3.327272727272728,0,0.0625,31,-0.15625,-2.622727272727272,-1
00-0039066,Michael Mayer,TE,2024,LV,3.327272727272728,0,0.0625,31,Michael Mayer,TE,LV,6.15,1,0.03125,32,-0.03125,2.8227272727272723,1
00-0039074,Davis Allen,TE,2023,LA,6.375,1,0.75,9,Davis Allen,TE,LA,1.65,0,0.5625,15,-0.1875,-4.725,-1
00-0039074,Davis Allen,TE,2024,LA,1.65,0,0.5625,15,Davis Allen,TE,LA,4.1866666666666665,0,0.96875,2,0.40625,2.5366666666666666,0
00-0039075,Puka Nacua,WR,2023,LA,17.558823529411764,3,0.75,9,Puka Nacua,WR,LA,18.78181818181818,4,0.5625,15,-0.1875,1.2229946524064168,1
00-0039075,Puka Nacua,WR,2024,LA,18.78181818181818,4,0.5625,15,Puka Nacua,WR,LA,23.4375,5,0.96875,2,0.40625,4.655681818181819,1
00-0039139,Jahmyr Gibbs,RB,2023,DET,16.14,3,0.78125,8,Jahmyr Gibbs,RB,DET,20.75294117647059,5,0.9375,3,0.15625,4.6129411764705885,2
00-0039139,Jahmyr Gibbs,RB,2024,DET,20.75294117647059,5,0.9375,3,Jahmyr Gibbs,RB,DET,21.564705882352943,5,0.75,9,-0.1875,0.8117647058823536,0
00-0039144,Luke Musgrave,TE,2023,GB,6.836363636363637,1,0.875,5,Luke Musgrave,TE,GB,1.6428571428571428,0,0.78125,8,-0.09375,-5.193506493506494,-1
00-0039144,Luke Musgrave,TE,2024,GB,1.6428571428571428,0,0.78125,8,Luke Musgrave,TE,GB,3.784615384615385,0,0.90625,4,0.125,2.141758241758242,0
00-0039146,Jayden Reed,WR,2023,GB,13.575,2,0.875,5,Jayden Reed,WR,GB,11.588235294117649,2,0.78125,8,-0.09375,-1.9867647058823508,0
00-0039146,Jayden Reed,WR,2024,GB,11.588235294117649,2,0.78125,8,Jayden Reed,WR,GB,9.7,1,0.90625,4,0.125,-1.8882352941176492,-1
00-0039150,Bryce Young,QB,2023,CAR,9.78625,0,0.125,29,Bryce Young,QB,CAR,13.93,1,0.3125,23,0.1875,4.143749999999999,1
00-0039150,Bryce Young,QB,2024,CAR,13.93,1,0.3125,23,Bryce Young,QB,CAR,13.6275,1,0.21875,26,-0.09375,-0.3025000000000002,0
00-0039152,Will Levis,QB,2023,TEN,11.335555555555556,1,0.5625,15,Will Levis,QB,TEN,9.995,0,0.09375,30,-0.46875,-1.3405555555555573,-1
00-0039163,C.J. Stroud,QB,2023,HOU,18.348000000000003,3,0.46875,18,C.J. Stroud,QB,HOU,12.963529411764704,1,0.375,21,-0.09375,-5.384470588235299,-2
00-0039163,C.J. Stroud,QB,2024,HOU,12.963529411764704,1,0.375,21,C.J. Stroud,QB,HOU,14.895714285714286,1,0.34375,22,-0.03125,1.9321848739495824,0
00-0039164,Anthony Richardson,QB,2023,IND,18.17,3,0.53125,16,Anthony Richardson,QB,IND,14.987272727272728,1,0.28125,24,-0.25,-3.1827272727272735,-2
00-0039165,Zach Charbonnet,RB,2023,SEA,6.63125,0,0.71875,10,Zach Charbonnet,RB,SEA,10.711764705882352,1,0.46875,18,-0.25,4.0805147058823525,1
00-0039165,Zach Charbonnet,RB,2024,SEA,10.711764705882352,1,0.46875,18,Zach Charbonnet,RB,SEA,11.35,2,0.65625,12,0.1875,0.6382352941176475,1
00-0039337,Malik Nabers,WR,2024,NYG,18.24,4,0.125,29,Malik Nabers,WR,NYG,14.275,2,0.71875,10,0.59375,-3.964999999999998,-2
00-0039338,Brock Bowers,TE,2024,LV,15.452941176470588,5,0.0625,31,Brock Bowers,TE,LV,14.683333333333332,4,0.03125,32,-0.03125,-0.7696078431372566,-1
00-0039342,Xavier Legette,WR,2024,CAR,8.34,0,0.3125,23,Xavier Legette,WR,CAR,5.953333333333333,0,0.21875,26,-0.09375,-2.3866666666666667,0
00-0039355,Luke McCaffrey,WR,2024,WAS,2.9,0,0.90625,4,Luke McCaffrey,WR,WAS,7.328571428571428,0,0.53125,16,-0.375,4.428571428571429,0
00-0039356,Ja'Tavion Sanders,TE,2024,CAR,4.88,0,0.3125,23,Ja'Tavion Sanders,TE,CAR,4.909090909090909,0,0.21875,26,-0.09375,0.029090909090909278,0
00-0039359,Cade Stover,TE,2024,HOU,2.6384615384615384,0,0.375,21,Cade Stover,TE,HOU,3.3166666666666664,0,0.34375,22,-0.03125,0.678205128205128,0
00-0039361,Bucky Irving,RB,2024,TB,14.376470588235296,3,0.875,5,Bucky Irving,RB,TB,13.85,3,0.40625,20,-0.46875,-0.5264705882352967,0
00-0039376,Spencer Rattler,QB,2024,NO,9.611428571428572,0,0.25,25,Spencer Rattler,QB,NO,11.015555555555556,1,0.1875,27,-0.0625,1.4041269841269841,1
00-0039379,Jamari Thrash,WR,2024,CLE,0.8666666666666667,0,0.03125,32,Jamari Thrash,WR,CLE,2.5875,0,0.0625,31,0.03125,1.7208333333333332,0
00-0039384,Tyrone Tracy Jr.,RB,2024,NYG,10.723529411764709,1,0.125,29,Tyrone Tracy Jr.,RB,NYG,10.72,1,0.71875,10,0.59375,-0.0035294117647080014,0
00-0039391,Kimani Vidal,RB,2024,LAC,3.6333333333333337,0,0.65625,12,Kimani Vidal,RB,LAC,9.825,1,0.3125,23,-0.34375,6.1916666666666655,1
00-0039410,Ryan Flournoy,WR,2024,DAL,2.6,0,0.15625,28,Ryan Flournoy,WR,DAL,8.76923076923077,0,0.875,5,0.71875,6.16923076923077,0
00-0039491,Jalen Coker,WR,2024,CAR,8.414545454545454,0,0.3125,23,Jalen Coker,WR,CAR,8.227272727272727,0,0.21875,26,-0.09375,-0.18727272727272748,0
00-0039530,Brevyn Spann-Ford,TE,2024,DAL,2.966666666666667,0,0.15625,28,Brevyn Spann-Ford,TE,DAL,2.4,0,0.875,5,0.71875,-0.5666666666666669,0
00-0039623,Mason Tipton,WR,2024,NO,2.6555555555555554,0,0.25,25,Mason Tipton,WR,NO,3.4,0,0.1875,27,-0.0625,0.7444444444444445,0
00-0039732,Bo Nix,QB,2024,DEN,18.65882352941176,3,0.53125,16,Bo Nix,QB,DEN,17.93176470588235,3,0.625,13,0.09375,-0.7270588235294078,0
00-0039738,Blake Corum,RB,2024,LA,2.392857142857143,0,0.5625,15,Blake Corum,RB,LA,7.188235294117647,0,0.96875,2,0.40625,4.795378151260504,0
00-0039746,Will Shipley,RB,2024,PHI,3.14,0,0.84375,6,Will Shipley,RB,PHI,1.7727272727272727,0,0.5,17,-0.34375,-1.3672727272727274,0
00-0039751,Jordan Whittington,WR,2024,LA,8.75,0,0.5625,15,Jordan Whittington,WR,LA,2.792307692307692,0,0.96875,2,0.40625,-5.957692307692308,0
00-0039793,AJ Barner,TE,2024,SEA,5.607142857142857,0,0.46875,18,AJ Barner,TE,SEA,8.664705882352942,2,0.65625,12,0.1875,3.0575630252100856,2
00-0039794,Braelon Allen,RB,2024,NYJ,5.011764705882353,0,0.5,17,Braelon Allen,RB,NYJ,3.825,0,0.125,29,-0.375,-1.1867647058823527,0
00-0039796,Rasheen Ali,RB,2024,BAL,0.775,0,1.0,1,Rasheen Ali,RB,BAL,3.025,0,0.5625,15,-0.4375,2.25,0
00-0039798,Isaiah Davis,RB,2024,NYJ,5.1,0,0.5,17,Isaiah Davis,RB,NYJ,4.746666666666667,0,0.125,29,-0.375,-0.3533333333333326,0
00-0039847,Theo Johnson,TE,2024,NYG,6.81,1,0.125,29,Theo Johnson,TE,NYG,8.52,2,0.71875,10,0.59375,1.71,1
00-0039849,Marvin Harrison Jr.,WR,2024,ARI,11.558823529411764,2,0.71875,10,Marvin Harrison Jr.,WR,ARI,10.65,1,0.28125,24,-0.4375,-0.9088235294117641,-1
00-0039851,Drake Maye,QB,2024,NE,13.626153846153844,1,0.1875,27,Drake Maye,QB,NE,20.715294117647066,4,1.0,1,0.8125,7.089140271493221,3
00-0039855,Jalen McMillan,WR,2024,TB,10.415384615384616,1,0.875,5,Jalen McMillan,WR,TB,7.475,0,0.40625,20,-0.46875,-2.940384615384616,-1
00-0039868,Troy Franklin,WR,2024,DEN,4.19375,0,0.53125,16,Troy Franklin,WR,DEN,10.41764705882353,1,0.625,13,0.09375,6.22389705882353,1
00-0039874,Jaylen Wright,RB,2024,MIA,2.0538461538461537,0,0.34375,22,Jaylen Wright,RB,MIA,5.355555555555556,0,0.25,25,-0.09375,3.3017094017094024,0
00-0039875,Ray Davis,RB,2024,BUF,7.25625,0,0.96875,2,Ray Davis,RB,BUF,4.93076923076923,0,0.9375,3,-0.03125,-2.3254807692307695,0
00-0039880,Malik Washington,WR,2024,MIA,4.733333333333333,0,0.34375,22,Malik Washington,WR,MIA,6.905882352941177,0,0.25,25,-0.09375,2.1725490196078434,0
00-0039893,Brian Thomas Jr.,WR,2024,JAX,16.705882352941178,3,0.4375,19,Brian Thomas Jr.,WR,JAX,9.914285714285716,1,0.59375,14,0.15625,-6.791596638655461,-2
00-0039894,Xavier Worthy,WR,2024,KC,11.7,2,0.75,9,Xavier Worthy,WR,KC,7.85,0,0.6875,11,-0.0625,-3.8499999999999996,-2
00-0039901,Keon Coleman,WR,2024,BUF,8.576923076923077,0,0.96875,2,Keon Coleman,WR,BUF,8.625,0,0.9375,3,-0.03125,0.04807692307692335,0
00-0039910,Jayden Daniels,QB,2024,WAS,20.94235294117647,4,0.90625,4,Jayden Daniels,QB,WAS,16.325714285714287,2,0.53125,16,-0.375,-4.616638655462182,-2
00-0039912,Ben Sinnott,TE,2024,WAS,3.45,0,0.90625,4,Ben Sinnott,TE,WAS,3.55,0,0.53125,16,-0.375,0.09999999999999964,0
00-0039915,Ladd McConkey,WR,2024,LAC,15.09375,3,0.65625,12,Ladd McConkey,WR,LAC,11.30625,2,0.3125,23,-0.34375,-3.7874999999999996,-1
00-0039916,Ricky Pearsall,WR,2024,SF,9.35,1,0.6875,11,Ricky Pearsall,WR,SF,10.066666666666666,1,0.84375,6,0.15625,0.7166666666666668,0
00-0039917,Michael Penix Jr.,QB,2024,ATL,8.82,0,0.625,13,Michael Penix Jr.,QB,ATL,13.364444444444445,1,0.375,21,-0.25,4.544444444444444,1
00-0039918,Caleb Williams,QB,2024,CHI,14.972941176470588,1,0.21875,26,Caleb Williams,QB,CHI,18.716470588235296,3,0.78125,8,0.5625,3.743529411764708,2
00-0039919,Rome Odunze,WR,2024,CHI,8.523529411764706,0,0.21875,26,Rome Odunze,WR,CHI,12.266666666666666,2,0.78125,8,0.5625,3.74313725490196,2
00-0039921,Trey Benson,RB,2024,ARI,3.9166666666666665,0,0.71875,10,Trey Benson,RB,ARI,8.85,1,0.28125,24,-0.4375,4.933333333333334,1
