coach,qb_id,qb_name,tenure_first,tenure_last,n_roster_seasons,n_before,avg_resid_before,n_during_as_starter,avg_resid_during,n_after,avg_resid_after
Chris Palmer,00-0000722,Tony Banks,2003,2005,3,2,-0.2259586790903169,0,,0,
Dom Capers,00-0000722,Tony Banks,2003,2005,3,2,-0.2259586790903169,0,,0,
Jimmy Raye II,00-0000722,Tony Banks,2001,2001,1,1,-0.1255416466056813,1,-0.3263757115749525,0,
Joe Pendry,00-0000722,Tony Banks,2005,2005,1,2,-0.2259586790903169,0,,0,
Bill Cowher,00-0000865,Charlie Batch,2003,2006,3,2,-0.3379545071372373,0,,0,
Bruce Arians,00-0000865,Charlie Batch,2007,2011,4,2,-0.3379545071372373,0,,0,
Ken Whisenhunt,00-0000865,Charlie Batch,2005,2006,2,2,-0.3379545071372373,0,,0,
Marty Mornhinweg,00-0000865,Charlie Batch,2001,2001,1,1,-0.3095495672698663,1,-0.3663594470046083,0,
Maurice Carthon,00-0000865,Charlie Batch,2001,2001,1,1,-0.3095495672698663,1,-0.3663594470046083,0,
Mike Mularkey,00-0000865,Charlie Batch,2003,2003,1,2,-0.3379545071372373,0,,0,
Mike Tomlin,00-0000865,Charlie Batch,2007,2012,5,2,-0.3379545071372373,0,,0,
Todd Haley,00-0000865,Charlie Batch,2012,2012,1,2,-0.3379545071372373,0,,0,
Gary Kubiak,00-0001218,Steve Beuerlein,2002,2003,2,1,-0.1945106304985336,0,,0,
Andy Reid,00-0001335,Jeff Blake,2004,2004,1,3,-0.1823847433823147,0,,0,
Brad Childress,00-0001335,Jeff Blake,2004,2004,1,3,-0.1823847433823147,0,,0,
Brian Billick,00-0001335,Jeff Blake,2002,2002,1,1,0.1455557503506311,1,-0.2420754928315411,1,-0.4506344876660341
Dave McGinnis,00-0001335,Jeff Blake,2003,2003,1,2,-0.048259871240455,1,-0.4506344876660341,0,
Jerry Sullivan,00-0001335,Jeff Blake,2003,2003,1,2,-0.048259871240455,1,-0.4506344876660341,0,
Jim Haslett,00-0001335,Jeff Blake,2001,2001,1,1,0.1455557503506311,0,,2,-0.3463549902487876
Lovie Smith,00-0001335,Jeff Blake,2005,2005,1,3,-0.1823847433823147,0,,0,
Matt Cavanaugh,00-0001335,Jeff Blake,2002,2002,1,1,0.1455557503506311,1,-0.2420754928315411,1,-0.4506344876660341
Mike McCarthy,00-0001335,Jeff Blake,2001,2001,1,1,0.1455557503506311,0,,2,-0.3463549902487876
Ron Turner,00-0001335,Jeff Blake,2005,2005,1,3,-0.1823847433823147,0,,0,
Bill Belichick,00-0001361,Drew Bledsoe,2001,2001,1,1,-0.3273356664637858,0,,4,-0.12029420150269295
Bill Parcells,00-0001361,Drew Bledsoe,2005,2006,2,4,-0.1973512669456189,1,-0.019107404692082,0,
Charlie Weis,00-0001361,Drew Bledsoe,2001,2001,1,1,-0.3273356664637858,0,,4,-0.12029420150269295
Gregg Williams,00-0001361,Drew Bledsoe,2002,2002,1,1,-0.3273356664637858,1,0.1993905791788855,3,-0.2268557950632191
Kevin Gilbride,00-0001361,Drew Bledsoe,2002,2002,1,1,-0.3273356664637858,1,0.1993905791788855,3,-0.2268557950632191
Mike McCarthy,00-0001823,Aaron Brooks,2001,2004,4,0,,4,-0.05287393182345454,1,-0.2567540322580645
Mike Sheppard,00-0001823,Aaron Brooks,2005,2005,1,4,-0.05287393182345454,1,-0.2567540322580645,0,
Bill Musgrave,00-0002110,Mark Brunell,2003,2003,1,3,-0.28781257467701443,0,,3,-0.014351891783106197
Bobby Petrino,00-0002110,Mark Brunell,2001,2001,1,1,0.1565353012781497,1,-0.5318636044880786,4,-0.13279127404260824
Brian Schottenheimer,00-0002110,Mark Brunell,2010,2011,2,6,-0.1510822332300603,0,,0,
Don Breaux,00-0002110,Mark Brunell,2004,2006,3,3,-0.28781257467701443,3,-0.014351891783106197,0,
Jack Del Rio,00-0002110,Mark Brunell,2003,2003,1,3,-0.28781257467701443,0,,3,-0.014351891783106197
Joe Gibbs,00-0002110,Mark Brunell,2004,2006,3,3,-0.28781257467701443,3,-0.014351891783106197,0,
"Pete Carmichael, Jr.",00-0002110,Mark Brunell,2009,2009,1,6,-0.1510822332300603,0,,0,
Rex Ryan,00-0002110,Mark Brunell,2010,2011,2,6,-0.1510822332300603,0,,0,
Sean Payton,00-0002110,Mark Brunell,2009,2009,1,6,-0.1510822332300603,0,,0,
Tom Coughlin,00-0002110,Mark Brunell,2001,2002,2,1,0.1565353012781497,2,-0.5099865126545965,3,-0.014351891783106197
Dick Jauron,00-0002876,Chris Chandler,2002,2003,2,2,-0.32040414222873903,0,,0,
George Sefcik,00-0002876,Chris Chandler,2001,2001,1,1,-0.517091275659824,1,-0.123717008797654,0,
John Shoop,00-0002876,Chris Chandler,2002,2003,2,2,-0.32040414222873903,0,,0,
Clyde Christensen,00-0003292,Kerry Collins,2011,2011,1,7,-0.06305603250825308,0,,0,
Jim Bob Cooter,00-0003292,Kerry Collins,2011,2011,1,7,-0.06305603250825308,0,,0,
Jim Caldwell,00-0003292,Kerry Collins,2011,2011,1,7,-0.06305603250825308,0,,0,
Jim Fassel,00-0003292,Kerry Collins,2001,2002,2,1,0.25426944971537,2,-0.10152065581253805,4,-0.12315509141201633
Jimmy Raye,00-0003292,Kerry Collins,2004,2005,2,4,-0.1047858827284784,2,-0.03696745682632775,1,0.0516862170087976
Mike Heimerdinger,00-0003292,Kerry Collins,2009,2010,2,7,-0.06305603250825308,0,,0,
Norm Chow,00-0003292,Kerry Collins,2006,2007,2,6,-0.08217974076109485,0,,1,0.0516862170087976
Norv Turner,00-0003292,Kerry Collins,2004,2005,2,4,-0.1047858827284784,2,-0.03696745682632775,1,0.0516862170087976
Sean Payton,00-0003292,Kerry Collins,2001,2002,2,1,0.25426944971537,2,-0.10152065581253805,4,-0.12315509141201633
Butch Davis,00-0003535,Tim Couch,2001,2001,1,0,,1,-0.3740656963021244,2,-0.19252312745030606
Greg Knapp,00-0003739,Daunte Culpepper,2007,2007,1,5,0.3104871901700874,0,,0,
Jim Colletto,00-0003739,Daunte Culpepper,2008,2008,1,5,0.3104871901700874,0,,0,
Jim Schwartz,00-0003739,Daunte Culpepper,2009,2009,1,5,0.3104871901700874,0,,0,
Lane Kiffin,00-0003739,Daunte Culpepper,2007,2007,1,5,0.3104871901700874,0,,0,
Mike Mularkey,00-0003739,Daunte Culpepper,2006,2006,1,5,0.3104871901700874,0,,0,
Mike Tice,00-0003739,Daunte Culpepper,2002,2005,4,2,0.19745315221138798,3,0.385843215475887,0,
Nick Saban,00-0003739,Daunte Culpepper,2006,2006,1,5,0.3104871901700874,0,,0,
Rod Marinelli,00-0003739,Daunte Culpepper,2008,2008,1,5,0.3104871901700874,0,,0,
Scott Linehan,00-0003739,Daunte Culpepper,2002,2009,4,2,0.19745315221138798,3,0.385843215475887,0,
Sherman Lewis,00-0003739,Daunte Culpepper,2001,2001,1,1,0.4786494200797391,1,-0.0837431156569631,3,0.385843215475887
Steve Loney,00-0003739,Daunte Culpepper,2005,2005,1,5,0.3104871901700874,0,,0,
Brian Daboll,00-0004161,Jake Delhomme,2010,2010,1,6,-0.00940166050406535,0,,0,
Dan Henning,00-0004161,Jake Delhomme,2003,2006,4,0,,4,-0.0362374956317042,2,0.04427000975121235
Eric Mangini,00-0004161,Jake Delhomme,2010,2010,1,6,-0.00940166050406535,0,,0,
Gary Kubiak,00-0004161,Jake Delhomme,2011,2011,1,6,-0.00940166050406535,0,,0,
Jeff Davidson,00-0004161,Jake Delhomme,2007,2009,3,4,-0.0362374956317042,2,0.04427000975121235,0,
Jim Haslett,00-0004161,Jake Delhomme,2002,2002,1,0,,0,,6,-0.00940166050406535
Mike McCarthy,00-0004161,Jake Delhomme,2002,2002,1,0,,0,,6,-0.00940166050406535
Rick Dennison,00-0004161,Jake Delhomme,2011,2011,1,6,-0.00940166050406535,0,,0,
Gil Haskell,00-0004293,Trent Dilfer,2001,2002,2,0,,0,,1,-0.3881344876660341
Jim Hostler,00-0004293,Trent Dilfer,2007,2007,1,1,-0.3881344876660341,0,,0,
Mike Holmgren,00-0004293,Trent Dilfer,2002,2002,1,0,,0,,1,-0.3881344876660341
Mike Nolan,00-0004293,Trent Dilfer,2007,2007,1,1,-0.3881344876660341,0,,0,
Brad Childress,00-0005106,Brett Favre,2009,2010,2,9,0.10723931203848976,2,-0.15885416666666669,0,
Brian Schottenheimer,00-0005106,Brett Favre,2008,2008,1,8,0.1178540474718724,1,0.0223214285714286,2,-0.15885416666666669
Darrell Bevell,00-0005106,Brett Favre,2009,2010,2,9,0.10723931203848976,2,-0.15885416666666669,0,
Eric Mangini,00-0005106,Brett Favre,2008,2008,1,8,0.1178540474718724,1,0.0223214285714286,2,-0.15885416666666669
Jeff Jagodzinski,00-0005106,Brett Favre,2006,2006,1,6,0.18249002517266275,1,-0.314607771260997,4,-0.03322172619047621
Leslie Frazier,00-0005106,Brett Favre,2010,2010,1,10,0.11500496416797412,1,-0.5026041666666666,0,
Mike McCarthy,00-0005106,Brett Favre,2006,2006,1,6,0.18249002517266275,1,-0.314607771260997,4,-0.03322172619047621
Mike Sherman,00-0005106,Brett Favre,2001,2001,1,1,0.1258018695014662,1,0.3163922491039427,9,0.02280570626751841
Tom Rossley,00-0005106,Brett Favre,2001,2005,5,1,0.1258018695014662,5,0.193827656306902,5,-0.08949893520458037
Chan Gailey,00-0005180,Jay Fiedler,2001,2001,1,1,-0.0531249999999999,1,0.0597611077297626,2,-0.05736554491266099
Chris Foerster,00-0005180,Jay Fiedler,2004,2004,1,4,-0.027023745523889822,0,,0,
Dave Wannstedt,00-0005180,Jay Fiedler,2001,2003,3,1,-0.0531249999999999,3,-0.018323327365186465,0,
Dave Wannstedt (Games 1-9),00-0005180,Jay Fiedler,2004,2004,1,4,-0.027023745523889822,0,,0,
Herman Edwards,00-0005180,Jay Fiedler,2005,2005,1,4,-0.027023745523889822,0,,0,
Mike Heimerdinger,00-0005180,Jay Fiedler,2005,2005,1,4,-0.027023745523889822,0,,0,
Norv Turner,00-0005180,Jay Fiedler,2002,2003,2,2,0.0033180538648813485,2,-0.05736554491266099,0,
Bill Belichick,00-0005363,Doug Flutie,2005,2005,1,1,0.0523277126099707,0,,0,
Cam Cameron,00-0005363,Doug Flutie,2002,2004,3,1,0.0523277126099707,0,,0,
Marty Schottenheimer,00-0005363,Doug Flutie,2002,2004,3,1,0.0523277126099707,0,,0,
Bob Bratkowski,00-0005589,Gus Frerotte,2002,2002,1,0,,0,,2,-0.096166389943074
Brad Childress,00-0005589,Gus Frerotte,2008,2008,1,1,0.0181155123339658,1,-0.2104482922201138,0,
Darrell Bevell,00-0005589,Gus Frerotte,2008,2008,1,1,0.0181155123339658,1,-0.2104482922201138,0,
Dick LeBeau,00-0005589,Gus Frerotte,2002,2002,1,0,,0,,2,-0.096166389943074
Gary Kubiak,00-0005589,Gus Frerotte,2001,2001,1,0,,0,,2,-0.096166389943074
Greg Olson,00-0005589,Gus Frerotte,2006,2007,2,1,0.0181155123339658,0,,1,-0.2104482922201138
Mike Tice,00-0005589,Gus Frerotte,2003,2004,2,0,,0,,2,-0.096166389943074
Nick Saban,00-0005589,Gus Frerotte,2005,2005,1,0,,1,0.0181155123339658,1,-0.2104482922201138
Scott Linehan,00-0005589,Gus Frerotte,2003,2005,3,0,,1,0.0181155123339658,1,-0.2104482922201138
Bill Callahan,00-0005741,Rich Gannon,2001,2003,3,1,0.3924120234604104,2,0.3302139037433155,0,
Jimmy Raye,00-0005741,Rich Gannon,2004,2004,1,3,0.3509466103156804,0,,0,
Jon Gruden,00-0005741,Rich Gannon,2001,2001,1,1,0.3924120234604104,1,0.3812855787476281,1,0.2791422287390029
Marc Trestman,00-0005741,Rich Gannon,2002,2003,2,2,0.3868488011040192,1,0.2791422287390029,0,
Norv Turner,00-0005741,Rich Gannon,2004,2004,1,3,0.3509466103156804,0,,0,
Andy Reid,00-0005755,Jeff Garcia,2006,2009,2,5,0.2135113837184745,0,,0,
Bill Muir,00-0005755,Jeff Garcia,2007,2008,2,5,0.2135113837184745,2,-0.010490544912661,0,
Dennis Erickson,00-0005755,Jeff Garcia,2003,2003,1,3,0.4295425008598193,1,0.1738535146846412,3,-0.13863506283234958
Dick Jauron,00-0005755,Jeff Garcia,2005,2005,1,5,0.2135113837184745,0,,2,-0.010490544912661
Greg Knapp,00-0005755,Jeff Garcia,2001,2003,3,1,0.414133291047481,3,0.349449242072206,3,-0.13863506283234958
Jon Gruden,00-0005755,Jeff Garcia,2007,2008,2,5,0.2135113837184745,2,-0.010490544912661,0,
Marty Mornhinweg,00-0005755,Jeff Garcia,2006,2009,2,5,0.2135113837184745,0,,0,
Rob Chudzinski,00-0005755,Jeff Garcia,2004,2004,1,4,0.3656202543160248,1,-0.3949240986717267,2,-0.010490544912661
Steve Mariucci,00-0005755,Jeff Garcia,2001,2005,3,1,0.414133291047481,2,0.43724710576598846,2,-0.010490544912661
Ted Tollner,00-0005755,Jeff Garcia,2005,2005,1,5,0.2135113837184745,0,,2,-0.010490544912661
Terry Robiskie,00-0005755,Jeff Garcia,2004,2004,1,4,0.3656202543160248,1,-0.3949240986717267,2,-0.010490544912661
Brian Billick,00-0006300,Elvis Grbac,2001,2001,1,1,0.2210514303104077,1,-0.3383152173913044,0,
Matt Cavanaugh,00-0006300,Elvis Grbac,2001,2001,1,1,0.2210514303104077,1,-0.3383152173913044,0,
Al Saunders,00-0006355,Trent Green,2001,2005,5,0,,5,0.40243224048087506,1,0.1454362170087976
Cam Cameron,00-0006355,Trent Green,2007,2007,1,6,0.3595995699021955,0,,0,
Dick Vermeil,00-0006355,Trent Green,2001,2005,5,0,,5,0.40243224048087506,1,0.1454362170087976
Herm Edwards,00-0006355,Trent Green,2006,2006,1,5,0.40243224048087506,1,0.1454362170087976,0,
Mike Solari,00-0006355,Trent Green,2006,2006,1,5,0.40243224048087506,1,0.1454362170087976,0,
Bill Muir,00-0006423,Brian Griese,2004,2008,3,3,0.21772881196467922,1,-0.2880040322580645,0,
Dave Wannstedt,00-0006423,Brian Griese,2003,2003,1,3,0.21772881196467922,0,,1,-0.2880040322580645
Gary Kubiak,00-0006423,Brian Griese,2001,2002,2,1,0.3356117230527143,2,0.1587873564206617,1,-0.2880040322580645
Jon Gruden,00-0006423,Brian Griese,2004,2008,3,3,0.21772881196467922,1,-0.2880040322580645,0,
Lovie Smith,00-0006423,Brian Griese,2006,2007,2,4,0.0912956009089933,0,,0,
Norv Turner,00-0006423,Brian Griese,2003,2003,1,3,0.21772881196467922,0,,1,-0.2880040322580645
Ron Turner,00-0006423,Brian Griese,2006,2007,2,4,0.0912956009089933,0,,0,
Chris Palmer,00-0007091,Matt Hasselbeck,2011,2011,1,9,0.0607081385625771,1,-0.144107404692082,1,-0.5875
"Chris Palmer (fired Nov 26, 2012)",00-0007091,Matt Hasselbeck,2012,2012,1,10,0.04022658423711119,0,,1,-0.5875
Chuck Pagano,00-0007091,Matt Hasselbeck,2013,2015,3,10,0.04022658423711119,1,-0.5875,0,
Dowell Loggains,00-0007091,Matt Hasselbeck,2012,2012,1,10,0.04022658423711119,0,,1,-0.5875
Gil Haskell,00-0007091,Matt Hasselbeck,2001,2007,5,0,,5,0.14203076230957093,4,-0.35607934629741433
Greg Knapp,00-0007091,Matt Hasselbeck,2009,2009,1,7,0.1770118896515384,1,-0.3045754928315412,3,-0.3732472974527054
Jeremy Bates,00-0007091,Matt Hasselbeck,2010,2010,1,8,0.1168134668411535,1,-0.3881344876660341,2,-0.365803702346041
Jim Mora,00-0007091,Matt Hasselbeck,2009,2009,1,7,0.1770118896515384,1,-0.3045754928315412,3,-0.3732472974527054
Mike Holmgren,00-0007091,Matt Hasselbeck,2002,2007,4,1,0.2065794649881982,4,0.12589358663991412,4,-0.35607934629741433
Mike Munchak,00-0007091,Matt Hasselbeck,2011,2012,2,9,0.0607081385625771,1,-0.144107404692082,1,-0.5875
Pep Hamilton,00-0007091,Matt Hasselbeck,2013,2014,2,10,0.04022658423711119,0,,1,-0.5875
Rob Chudzinski,00-0007091,Matt Hasselbeck,2015,2015,1,10,0.04022658423711119,1,-0.5875,0,
Brad Childress,00-0007576,Kelly Holcomb,2007,2007,1,1,-0.1756094208211144,0,,0,
Bruce Arians,00-0007576,Kelly Holcomb,2001,2003,3,0,,0,,1,-0.1756094208211144
Butch Davis,00-0007576,Kelly Holcomb,2001,2001,1,0,,0,,1,-0.1756094208211144
Darrell Bevell,00-0007576,Kelly Holcomb,2007,2007,1,1,-0.1756094208211144,0,,0,
Rob Chudzinski,00-0007576,Kelly Holcomb,2004,2004,1,0,,0,,1,-0.1756094208211144
Terry Robiskie,00-0007576,Kelly Holcomb,2004,2004,1,0,,0,,1,-0.1756094208211144
Bill Belichick,00-0007835,Damon Huard,2002,2003,2,0,,0,,1,-0.4295754928315412
Chan Gailey,00-0007835,Damon Huard,2008,2008,1,1,-0.4295754928315412,0,,0,
Charlie Weis,00-0007835,Damon Huard,2002,2003,2,0,,0,,1,-0.4295754928315412
Herm Edwards,00-0007835,Damon Huard,2006,2006,1,0,,0,,1,-0.4295754928315412
Herman Edwards,00-0007835,Damon Huard,2008,2008,1,1,-0.4295754928315412,0,,0,
Mike Solari,00-0007835,Damon Huard,2006,2006,1,0,,0,,1,-0.4295754928315412
Bill Muir,00-0008442,Brad Johnson,2002,2004,3,2,0.0550336486357261,2,-0.08072999024878764,2,-0.28250603760565807
Brad Childress,00-0008442,Brad Johnson,2006,2006,1,5,-0.037441293243465096,1,-0.4291982922201138,0,
Clyde Christensen,00-0008442,Brad Johnson,2001,2001,1,1,0.016523492286115,1,0.0935438049853372,4,-0.18161801392722288
Darrell Bevell,00-0008442,Brad Johnson,2006,2006,1,5,-0.037441293243465096,1,-0.4291982922201138,0,
Jon Gruden,00-0008442,Brad Johnson,2002,2004,3,2,0.0550336486357261,2,-0.08072999024878764,2,-0.28250603760565807
Mike Tice,00-0008442,Brad Johnson,2005,2005,1,4,-0.012848170806530772,1,-0.1358137829912024,1,-0.4291982922201138
Steve Loney,00-0008442,Brad Johnson,2005,2005,1,4,-0.012848170806530772,1,-0.1358137829912024,1,-0.4291982922201138
Tony Dungy,00-0008442,Brad Johnson,2001,2001,1,1,0.016523492286115,1,0.0935438049853372,4,-0.18161801392722288
Bill Callahan,00-0008612,Rob Johnson,2003,2003,1,2,-0.2058793880455407,0,,0,
Bill Muir,00-0008612,Rob Johnson,2002,2002,1,2,-0.2058793880455407,0,,0,
Gregg Williams,00-0008612,Rob Johnson,2001,2001,1,1,-0.1650853889943073,1,-0.2466733870967741,0,
Jon Gruden,00-0008612,Rob Johnson,2002,2002,1,2,-0.2058793880455407,0,,0,
Marc Trestman,00-0008612,Rob Johnson,2003,2003,1,2,-0.2058793880455407,0,,0,
Mike Sheppard,00-0008612,Rob Johnson,2001,2001,1,1,-0.1650853889943073,1,-0.2466733870967741,0,
Alex Wood,00-0009266,Shaun King,2004,2004,1,1,0.1560687749184487,0,,0,
Bill Muir,00-0009266,Shaun King,2002,2003,2,1,0.1560687749184487,0,,0,
Clyde Christensen,00-0009266,Shaun King,2001,2001,1,1,0.1560687749184487,0,,0,
Dennis Green,00-0009266,Shaun King,2004,2004,1,1,0.1560687749184487,0,,0,
Jon Gruden,00-0009266,Shaun King,2002,2003,2,1,0.1560687749184487,0,,0,
Tony Dungy,00-0009266,Shaun King,2001,2001,1,1,0.1560687749184487,0,,0,
Bob Bratkowski,00-0009311,Jon Kitna,2001,2005,5,1,-0.076036866359447,3,-0.08367003337203922,3,-0.15324956554795263
Dick LeBeau,00-0009311,Jon Kitna,2001,2002,2,1,-0.076036866359447,2,-0.2627530339290266,4,-0.04631318222548059
Jason Garrett,00-0009311,Jon Kitna,2010,2011,2,6,-0.14495531335470335,1,0.0829362170087976,0,
Jim Colletto,00-0009311,Jon Kitna,2008,2008,1,6,-0.14495531335470335,0,,1,0.0829362170087976
Marvin Lewis,00-0009311,Jon Kitna,2003,2005,3,3,-0.2005143114058334,1,0.2744959677419355,3,-0.15324956554795263
Mike Martz,00-0009311,Jon Kitna,2006,2007,2,4,-0.08176174161889116,2,-0.27134245682632774,1,0.0829362170087976
Rod Marinelli,00-0009311,Jon Kitna,2006,2008,3,4,-0.08176174161889116,2,-0.27134245682632774,1,0.0829362170087976
Ken Whisenhunt,00-0010261,Tommy Maddox,2004,2005,2,2,-0.01822999024878765,0,,0,
Adam Gase,00-0010346,Peyton Manning,2013,2014,2,12,0.3869353548635117,2,0.22082111436950141,1,-0.3526785714285714
Clyde Christensen,00-0010346,Peyton Manning,2010,2010,1,10,0.3935279955274337,1,0.3246425953079179,4,0.11806634127257937
Gary Kubiak,00-0010346,Peyton Manning,2015,2015,1,14,0.3632047490786531,1,-0.3526785714285714,0,
Jim Caldwell,00-0010346,Peyton Manning,2009,2010,2,9,0.38315716032670794,2,0.4057540538209419,4,0.11806634127257937
Jim E. Mora,00-0010346,Peyton Manning,2001,2001,1,1,0.4646439811172305,1,0.2788018433179723,13,0.3068263147105669
John Fox,00-0010346,Peyton Manning,2012,2014,3,11,0.3872656864165686,3,0.27498131217296296,1,-0.3526785714285714
Mike McCoy,00-0010346,Peyton Manning,2012,2012,1,11,0.3872656864165686,1,0.3833017077798861,3,0.029654552436810477
Rick Dennison,00-0010346,Peyton Manning,2015,2015,1,14,0.3632047490786531,1,-0.3526785714285714,0,
Tom Moore,00-0010346,Peyton Manning,2001,2009,6,1,0.4646439811172305,6,0.36274404794661935,5,0.15938159207964708
Tony Dungy,00-0010346,Peyton Manning,2002,2008,4,2,0.3717229122176014,4,0.3526992330069445,6,0.21396224545536688
Dick Jauron,00-0010560,Shane Matthews,2001,2001,1,0,,0,,1,-0.1756094208211144
John Shoop,00-0010560,Shane Matthews,2001,2001,1,0,,0,,1,-0.1756094208211144
Andy Reid,00-0011022,Donovan McNabb,2001,2009,9,1,0.2205849039507067,9,0.1044833252012599,1,-0.2318844876660341
Bill Musgrave,00-0011022,Donovan McNabb,2011,2011,1,11,0.08445912209963742,0,,0,
Brad Childress,00-0011022,Donovan McNabb,2002,2005,4,2,0.11680799092106531,4,0.0455064035423991,5,0.10268174941685693
Kyle Shanahan,00-0011022,Donovan McNabb,2010,2010,1,10,0.11609348307620457,1,-0.2318844876660341,0,
Leslie Frazier,00-0011022,Donovan McNabb,2011,2011,1,11,0.08445912209963742,0,,0,
Marty Mornhinweg,00-0011022,Donovan McNabb,2005,2009,5,5,0.15322912565395833,5,0.07895784049845085,1,-0.2318844876660341
Mike Shanahan,00-0011022,Donovan McNabb,2010,2010,1,10,0.11609348307620457,1,-0.2318844876660341,0,
Rod Dowhower,00-0011022,Donovan McNabb,2001,2001,1,1,0.2205849039507067,1,0.0130310778914239,9,0.07727048458376456
Brian Billick,00-0011024,Steve McNair,2006,2007,2,6,0.053740958163636256,1,0.1431155123339658,0,
Jim Fassel,00-0011024,Steve McNair,2006,2006,1,6,0.053740958163636256,1,0.1431155123339658,0,
Mike Heimerdinger,00-0011024,Steve McNair,2001,2004,4,1,0.0284629981024667,4,0.17307706092772301,2,-0.1276049902487877
Norm Chow,00-0011024,Steve McNair,2005,2005,1,5,0.14415424836267174,1,-0.3983254928315412,1,0.1431155123339658
Rick Neuheisel,00-0011024,Steve McNair,2007,2007,1,7,0.06650875161654048,0,,0,
Mike Sherman,00-0012726,Doug Pederson,2001,2001,1,1,-0.553142118076689,0,,0,
Tom Rossley,00-0012726,Doug Pederson,2001,2004,4,1,-0.553142118076689,0,,0,
Dave McGinnis,00-0013042,Jake Plummer,2001,2002,2,1,-0.3018433179723502,2,-0.13271271134838145,4,0.19046617383094883
Gary Kubiak,00-0013042,Jake Plummer,2003,2005,3,3,-0.18908958022303768,3,0.24999137204830327,1,0.0118905791788855
Rich Olson,00-0013042,Jake Plummer,2001,2002,2,1,-0.3018433179723502,2,-0.13271271134838145,4,0.19046617383094883
Rick Dennison,00-0013042,Jake Plummer,2006,2006,1,6,0.030450895912632808,1,0.0118905791788855,0,
Bob Bratkowski,00-0015082,Akili Smith,2001,2002,2,1,-0.3278021928234867,0,,0,
Dick LeBeau,00-0015082,Akili Smith,2001,2002,2,1,-0.3278021928234867,0,,0,
Bill Cowher,00-0015700,Kordell Stewart,2001,2002,2,1,-0.0360531309297912,1,0.3339717741935483,1,-0.2828716690042075
Brian Billick,00-0015700,Kordell Stewart,2004,2005,2,3,0.005015658086516532,0,,0,
Dick Jauron,00-0015700,Kordell Stewart,2003,2003,1,2,0.14895932163187856,1,-0.2828716690042075,0,
Jim Fassel,00-0015700,Kordell Stewart,2005,2005,1,3,0.005015658086516532,0,,0,
John Shoop,00-0015700,Kordell Stewart,2003,2003,1,2,0.14895932163187856,1,-0.2828716690042075,0,
Matt Cavanaugh,00-0015700,Kordell Stewart,2004,2004,1,3,0.005015658086516532,0,,0,
Mike Mularkey,00-0015700,Kordell Stewart,2001,2002,2,1,-0.0360531309297912,1,0.3339717741935483,1,-0.2828716690042075
Bill Belichick,00-0016193,Vinny Testaverde,2006,2006,1,3,-0.14057430156813455,0,,1,-0.3463541666666666
Herman Edwards,00-0016193,Vinny Testaverde,2001,2005,4,1,-0.188233137829912,1,-0.0058111954459203,1,-0.3463541666666666
Jeff Davidson,00-0016193,Vinny Testaverde,2007,2007,1,3,-0.14057430156813455,1,-0.3463541666666666,0,
John Fox,00-0016193,Vinny Testaverde,2007,2007,1,3,-0.14057430156813455,1,-0.3463541666666666,0,
Josh McDaniels,00-0016193,Vinny Testaverde,2006,2006,1,3,-0.14057430156813455,0,,1,-0.3463541666666666
Mike Heimerdinger,00-0016193,Vinny Testaverde,2005,2005,1,3,-0.14057430156813455,0,,1,-0.3463541666666666
Paul Hackett,00-0016193,Vinny Testaverde,2001,2003,3,1,-0.188233137829912,1,-0.0058111954459203,2,-0.28701636904761896
Bobby Jackson,00-0017200,Kurt Warner,2001,2001,1,1,0.4969020456333595,1,0.4723502304147465,5,-0.029594723233914415
Dennis Green,00-0017200,Kurt Warner,2005,2006,2,3,0.2999994145966805,1,-0.179150182592818,3,0.033476866227103434
Keith Rowen,00-0017200,Kurt Warner,2005,2006,2,3,0.2999994145966805,1,-0.179150182592818,3,0.033476866227103434
Ken Whisenhunt,00-0017200,Kurt Warner,2007,2009,2,4,0.1802120152993059,2,-0.016246954243574252,0,
Mike Kruczek,00-0017200,Kurt Warner,2006,2006,1,4,0.1802120152993059,0,,3,0.033476866227103434
Mike Martz,00-0017200,Kurt Warner,2001,2001,1,1,0.4969020456333595,1,0.4723502304147465,5,-0.029594723233914415
Todd Haley,00-0017200,Kurt Warner,2007,2008,2,4,0.1802120152993059,2,0.0567825431736722,1,-0.0131344876660341
George Sefcik,00-0019087,Doug Johnson,2001,2001,1,0,,0,,1,-0.3713997695852534
Mike Heimerdinger,00-0019087,Doug Johnson,2004,2004,1,1,-0.3713997695852534,0,,0,
Brian Schottenheimer,00-0019559,Chad Pennington,2006,2007,2,3,0.20395193024424907,2,-0.1242021074254412,1,0.2483783309957924
Dan Henning,00-0019559,Chad Pennington,2008,2010,3,5,0.07269031517637296,1,0.2483783309957924,0,
Eric Mangini,00-0019559,Chad Pennington,2006,2007,2,3,0.20395193024424907,2,-0.1242021074254412,1,0.2483783309957924
Herman Edwards,00-0019559,Chad Pennington,2001,2005,5,0,,3,0.20395193024424907,3,-8.62795169666771e-06
Mike Heimerdinger,00-0019559,Chad Pennington,2005,2005,1,3,0.20395193024424907,0,,3,-8.62795169666771e-06
Paul Hackett,00-0019559,Chad Pennington,2001,2004,4,0,,3,0.20395193024424907,3,-8.62795169666771e-06
Tony Sparano,00-0019559,Chad Pennington,2008,2010,3,5,0.07269031517637296,1,0.2483783309957924,0,
Bill Belichick,00-0019596,Tom Brady,2001,2019,19,0,,18,0.2678016013286586,3,0.1328125
Bill O'Brien,00-0019596,Tom Brady,2011,2011,1,9,0.25585305194535435,1,0.4556155123339658,11,0.2236884858248818
Bruce Arians,00-0019596,Tom Brady,2020,2021,2,18,0.2678016013286586,2,0.3098958333333333,1,-0.2213541666666666
Byron Leftwich,00-0019596,Tom Brady,2020,2022,3,18,0.2678016013286586,3,0.1328125,0,
Charlie Weis,00-0019596,Tom Brady,2001,2004,4,0,,4,0.1143601736708635,17,0.2800838605430824
Josh McDaniels,00-0019596,Tom Brady,2006,2019,11,5,0.15000331920234544,10,0.27824816292228177,3,0.1328125
Todd Bowles,00-0019596,Tom Brady,2022,2022,1,20,0.272011024529126,1,-0.2213541666666666,0,
Greg Olson,00-0019599,Marc Bulger,2006,2007,2,4,0.03875533496118608,2,-0.10708906546489563,2,-0.5435109257985128
Pat Shurmur,00-0019599,Marc Bulger,2009,2009,1,7,-0.0876152819539807,1,-0.5328716690042076,0,
Steve Spagnuolo,00-0019599,Marc Bulger,2009,2009,1,7,-0.0876152819539807,1,-0.5328716690042076,0,
Bill Muir,00-0019623,Tim Rattay,2006,2006,1,1,-0.4511464853153587,0,,0,
Dennis Erickson,00-0019623,Tim Rattay,2003,2003,1,0,,0,,1,-0.4511464853153587
Greg Knapp,00-0019623,Tim Rattay,2001,2003,3,0,,0,,1,-0.4511464853153587
Jon Gruden,00-0019623,Tim Rattay,2006,2006,1,1,-0.4511464853153587,0,,0,
Ken Whisenhunt,00-0019623,Tim Rattay,2007,2007,1,1,-0.4511464853153587,0,,0,
Mike McCarthy,00-0019623,Tim Rattay,2005,2005,1,1,-0.4511464853153587,0,,0,
Mike Nolan,00-0019623,Tim Rattay,2005,2005,1,1,-0.4511464853153587,0,,0,
Steve Mariucci,00-0019623,Tim Rattay,2001,2002,2,0,,0,,1,-0.4511464853153587
Todd Haley,00-0019623,Tim Rattay,2007,2007,1,1,-0.4511464853153587,0,,0,
Andy Reid,00-0020245,Mike Vick,2009,2012,4,4,0.04236129888491456,3,0.10639353289377011,0,
Chip Kelly,00-0020245,Mike Vick,2013,2013,1,7,0.06980368488870979,0,,0,
George Sefcik,00-0020245,Mike Vick,2001,2001,1,0,,0,,7,0.06980368488870979
Greg Knapp,00-0020245,Mike Vick,2004,2006,3,1,0.3244155491119971,3,-0.051656784524112966,3,0.10639353289377011
Jim Mora Jr.,00-0020245,Mike Vick,2006,2006,1,3,0.08395643140379498,1,-0.0824240986717267,3,0.10639353289377011
Marty Mornhinweg,00-0020245,Mike Vick,2009,2014,5,4,0.04236129888491456,3,0.10639353289377011,0,
Mike Tomlin,00-0020245,Mike Vick,2015,2015,1,7,0.06980368488870979,0,,0,
Pat Shurmur,00-0020245,Mike Vick,2013,2013,1,7,0.06980368488870979,0,,0,
Pete Mangurian,00-0020245,Mike Vick,2003,2003,1,1,0.3244155491119971,0,,6,0.02736837418482857
Rex Ryan,00-0020245,Mike Vick,2014,2014,1,7,0.06980368488870979,0,,0,
Todd Haley,00-0020245,Mike Vick,2015,2015,1,7,0.06980368488870979,0,,0,
Wade Phillips,00-0020245,Mike Vick,2003,2003,1,1,0.3244155491119971,0,,6,0.02736837418482857
Brad Childress,00-0020305,A.J. Feeley,2002,2002,1,0,,0,,1,-0.4651497695852534
Josh McDaniels,00-0020305,A.J. Feeley,2011,2011,1,1,-0.4651497695852534,0,,0,
Marty Mornhinweg,00-0020305,A.J. Feeley,2006,2007,2,1,-0.4651497695852534,0,,0,
Rod Dowhower,00-0020305,A.J. Feeley,2001,2001,1,0,,0,,1,-0.4651497695852534
Steve Spagnuolo,00-0020305,A.J. Feeley,2011,2011,1,1,-0.4651497695852534,0,,0,
Bruce Coslet,00-0020404,Quincy Carter,2002,2002,1,1,-0.2230722492266902,0,,1,-0.1280979543666405
Dave Campo,00-0020404,Quincy Carter,2002,2002,1,1,-0.2230722492266902,0,,1,-0.1280979543666405
Herman Edwards,00-0020404,Quincy Carter,2004,2004,1,2,-0.17558510179666537,0,,0,
Paul Hackett,00-0020404,Quincy Carter,2004,2004,1,2,-0.17558510179666537,0,,0,
Dan Henning,00-0020434,Chris Weinke,2002,2006,3,1,-0.2553303137428193,0,,0,
Jim Hostler,00-0020434,Chris Weinke,2007,2007,1,1,-0.2553303137428193,0,,0,
John Fox,00-0020434,Chris Weinke,2002,2006,3,1,-0.2553303137428193,0,,0,
Mike Nolan,00-0020434,Chris Weinke,2007,2007,1,1,-0.2553303137428193,0,,0,
Aaron Kromer,00-0020531,Drew Brees,2012,2012,1,10,0.28736364436652717,1,0.3306155123339658,8,0.26948573050921243
Cam Cameron,00-0020531,Drew Brees,2002,2005,4,0,,4,0.23406783496118608,15,0.2949244306818795
Doug Marrone,00-0020531,Drew Brees,2006,2008,3,4,0.23406783496118608,3,0.32722389549246356,12,0.28684956447923354
Joe Vitt,00-0020531,Drew Brees,2012,2012,1,10,0.28736364436652717,1,0.3306155123339658,8,0.26948573050921243
Marty Schottenheimer,00-0020531,Drew Brees,2002,2005,4,0,,4,0.23406783496118608,15,0.2949244306818795
Mike Riley,00-0020531,Drew Brees,2001,2001,1,0,,0,,19,0.2821125157933125
Norv Turner,00-0020531,Drew Brees,2001,2001,1,0,,0,,19,0.2821125157933125
Pete Carmichael,00-0020531,Drew Brees,2015,2020,6,13,0.29466005910122717,6,0.25492617195949735,0,
Pete Carmichael Jr.,00-0020531,Drew Brees,2010,2010,1,8,0.27860266966474095,1,0.2306405791788855,10,0.2900675863576125
"Pete Carmichael, Jr.",00-0020531,Drew Brees,2009,2014,5,7,0.27399186090316213,5,0.33639943256298654,6,0.25492617195949735
Sean Payton,00-0020531,Drew Brees,2006,2020,14,4,0.23406783496118608,14,0.2923750677067306,0,
Bruce Coslet,00-0020562,Chad Hutchinson,2002,2002,1,0,,1,-0.2260964427750773,1,-0.4718479543666405
Dave Campo,00-0020562,Chad Hutchinson,2002,2002,1,0,,1,-0.2260964427750773,1,-0.4718479543666405
Lovie Smith,00-0020562,Chad Hutchinson,2004,2004,1,1,-0.2260964427750773,1,-0.4718479543666405,0,
Terry Shea,00-0020562,Chad Hutchinson,2004,2004,1,1,-0.2260964427750773,1,-0.4718479543666405,0,
Mike Mularkey,00-0020565,Cleo Lemon,2006,2006,1,0,,0,,1,-0.2151497695852534
Nick Saban,00-0020565,Cleo Lemon,2006,2006,1,0,,0,,1,-0.2151497695852534
Chris Palmer,00-0020608,David Carr,2002,2005,4,0,,4,-0.16279465440374355,1,-0.1386464853153587
Dom Capers,00-0020608,David Carr,2002,2005,4,0,,4,-0.16279465440374355,1,-0.1386464853153587
Gary Kubiak,00-0020608,David Carr,2006,2006,1,4,-0.16279465440374355,1,-0.1386464853153587,0,
Jeff Davidson,00-0020608,David Carr,2007,2007,1,5,-0.1579650205860666,0,,0,
Jim Tomsula,00-0020608,David Carr,2010,2010,1,5,-0.1579650205860666,0,,0,
Jimmy Raye,00-0020608,David Carr,2010,2010,1,5,-0.1579650205860666,0,,0,
Joe Pendry,00-0020608,David Carr,2005,2005,1,3,-0.1349262826765736,1,-0.2463997695852534,1,-0.1386464853153587
John Fox,00-0020608,David Carr,2007,2007,1,5,-0.1579650205860666,0,,0,
Kevin Gilbride,00-0020608,David Carr,2008,2012,3,5,-0.1579650205860666,0,,0,
Mike Johnson,00-0020608,David Carr,2010,2010,1,5,-0.1579650205860666,0,,0,
Mike Singletary,00-0020608,David Carr,2010,2010,1,5,-0.1579650205860666,0,,0,
Tom Coughlin,00-0020608,David Carr,2008,2012,3,5,-0.1579650205860666,0,,0,
Troy Calhoun,00-0020608,David Carr,2006,2006,1,4,-0.16279465440374355,1,-0.1386464853153587,0,
Brian Schottenheimer,00-0020679,Shaun Hill,2014,2014,1,2,-0.25418785063113597,1,-0.456607404692082,0,
Jim Hostler,00-0020679,Shaun Hill,2007,2007,1,0,,0,,3,-0.32166103531811796
Jim Schwartz,00-0020679,Shaun Hill,2010,2013,4,1,-0.3192540322580645,1,-0.1891216690042075,1,-0.456607404692082
Jimmy Raye,00-0020679,Shaun Hill,2009,2009,1,1,-0.3192540322580645,0,,2,-0.32286453684814476
Mike Martz,00-0020679,Shaun Hill,2008,2008,1,0,,1,-0.3192540322580645,2,-0.32286453684814476
Mike Nolan,00-0020679,Shaun Hill,2007,2008,2,0,,1,-0.3192540322580645,2,-0.32286453684814476
Mike Singletary,00-0020679,Shaun Hill,2009,2009,1,1,-0.3192540322580645,0,,2,-0.32286453684814476
Mike Tice,00-0020679,Shaun Hill,2005,2005,1,0,,0,,3,-0.32166103531811796
Mike Zimmer,00-0020679,Shaun Hill,2015,2016,2,3,-0.32166103531811796,0,,0,
Norv Turner,00-0020679,Shaun Hill,2015,2016,2,3,-0.32166103531811796,0,,0,
Pat Shurmur,00-0020679,Shaun Hill,2016,2016,1,3,-0.32166103531811796,0,,0,
Scott Linehan,00-0020679,Shaun Hill,2010,2013,4,1,-0.3192540322580645,1,-0.1891216690042075,1,-0.456607404692082
Steve Loney,00-0020679,Shaun Hill,2005,2005,1,0,,0,,3,-0.32166103531811796
Bobby Petrino,00-0021141,Joey Harrington,2007,2007,1,5,-0.27671502058606656,1,-0.4574240986717267,0,
Dick Jauron,00-0021141,Joey Harrington,2005,2005,1,3,-0.24950961600990693,1,-0.2776497695852534,2,-0.40741029199354273
Emmitt Thomas,00-0021141,Joey Harrington,2007,2007,1,5,-0.27671502058606656,1,-0.4574240986717267,0,
Hue Jackson,00-0021141,Joey Harrington,2007,2007,1,5,-0.27671502058606656,1,-0.4574240986717267,0,
Marty Mornhinweg,00-0021141,Joey Harrington,2002,2002,1,0,,1,-0.1635964427750773,5,-0.33548055176539643
Maurice Carthon,00-0021141,Joey Harrington,2002,2002,1,0,,1,-0.1635964427750773,5,-0.33548055176539643
Mike Mularkey,00-0021141,Joey Harrington,2006,2006,1,4,-0.2565446544037435,1,-0.3573964853153587,1,-0.4574240986717267
Nick Saban,00-0021141,Joey Harrington,2006,2006,1,4,-0.2565446544037435,1,-0.3573964853153587,1,-0.4574240986717267
Sherman Lewis,00-0021141,Joey Harrington,2003,2004,2,1,-0.1635964427750773,2,-0.2924662026273217,3,-0.36415678452411293
Steve Mariucci,00-0021141,Joey Harrington,2003,2005,3,1,-0.1635964427750773,3,-0.28752739161329893,2,-0.40741029199354273
Ted Tollner,00-0021141,Joey Harrington,2005,2005,1,3,-0.24950961600990693,1,-0.2776497695852534,2,-0.40741029199354273
Aaron Kromer,00-0021206,Josh McCown,2013,2013,1,2,-0.27713602651918356,0,,3,-0.38567631964809374
Alex Wood,00-0021206,Josh McCown,2004,2004,1,0,,1,-0.2843479543666405,4,-0.356738264404002
Dave McGinnis,00-0021206,Josh McCown,2002,2003,2,0,,0,,5,-0.34226020239652966
Dennis Green,00-0021206,Josh McCown,2004,2005,2,0,,1,-0.2843479543666405,4,-0.356738264404002
Doug Pederson,00-0021206,Josh McCown,2019,2019,1,5,-0.34226020239652966,0,,0,
Greg Knapp,00-0021206,Josh McCown,2007,2007,1,1,-0.2843479543666405,1,-0.2699240986717267,3,-0.38567631964809374
Hue Jackson,00-0021206,Josh McCown,2016,2016,1,4,-0.32573581018041287,0,,1,-0.408357771260997
Jeff Davidson,00-0021206,Josh McCown,2008,2009,2,2,-0.27713602651918356,0,,3,-0.38567631964809374
Jeff Tedford,00-0021206,Josh McCown,2014,2014,1,2,-0.27713602651918356,1,-0.425357404692082,2,-0.3658357771260997
Jeremy Bates,00-0021206,Josh McCown,2018,2018,1,5,-0.34226020239652966,0,,0,
Jerry Sullivan,00-0021206,Josh McCown,2003,2003,1,0,,0,,5,-0.34226020239652966
John DeFilippo,00-0021206,Josh McCown,2015,2015,1,3,-0.3265431525768164,1,-0.3233137829912024,1,-0.408357771260997
John Fox,00-0021206,Josh McCown,2008,2009,2,2,-0.27713602651918356,0,,3,-0.38567631964809374
John Morton,00-0021206,Josh McCown,2017,2017,1,4,-0.32573581018041287,1,-0.408357771260997,0,
Keith Rowen,00-0021206,Josh McCown,2005,2005,1,1,-0.2843479543666405,0,,4,-0.356738264404002
Lane Kiffin,00-0021206,Josh McCown,2007,2007,1,1,-0.2843479543666405,1,-0.2699240986717267,3,-0.38567631964809374
Lovie Smith,00-0021206,Josh McCown,2011,2014,2,2,-0.27713602651918356,1,-0.425357404692082,2,-0.3658357771260997
Marc Trestman,00-0021206,Josh McCown,2013,2013,1,2,-0.27713602651918356,0,,3,-0.38567631964809374
Mike Groh,00-0021206,Josh McCown,2019,2019,1,5,-0.34226020239652966,0,,0,
Mike Martz,00-0021206,Josh McCown,2006,2011,2,1,-0.2843479543666405,0,,3,-0.38567631964809374
Rich Olson,00-0021206,Josh McCown,2002,2002,1,0,,0,,5,-0.34226020239652966
Rod Marinelli,00-0021206,Josh McCown,2006,2006,1,1,-0.2843479543666405,0,,4,-0.356738264404002
Todd Bowles,00-0021206,Josh McCown,2017,2018,2,4,-0.32573581018041287,1,-0.408357771260997,0,
Bill Musgrave,00-0021231,David Garrard,2003,2004,2,0,,0,,5,0.1245307064315649
Carl Smith,00-0021231,David Garrard,2005,2006,2,0,,1,0.2051035146846412,4,0.1043875043682958
Dirk Koetter,00-0021231,David Garrard,2007,2010,3,1,0.2051035146846412,3,0.15185134991041585,0,
Tom Coughlin,00-0021231,David Garrard,2002,2002,1,0,,0,,5,0.1245307064315649
Brian Schottenheimer,00-0021379,Patrick Ramsey,2006,2006,1,1,0.0119155491119971,0,,0,
Don Breaux,00-0021379,Patrick Ramsey,2004,2005,2,1,0.0119155491119971,0,,0,
Eric Mangini,00-0021379,Patrick Ramsey,2006,2006,1,1,0.0119155491119971,0,,0,
Joe Gibbs,00-0021379,Patrick Ramsey,2004,2005,2,1,0.0119155491119971,0,,0,
Kim Helton,00-0021379,Patrick Ramsey,2002,2002,1,0,,0,,1,0.0119155491119971
Rick Dennison,00-0021379,Patrick Ramsey,2007,2008,2,1,0.0119155491119971,0,,0,
Steve Spurrier,00-0021379,Patrick Ramsey,2002,2002,1,0,,0,,1,0.0119155491119971
Al Saunders,00-0021429,Carson Palmer,2011,2011,1,6,0.0990195208323103,1,0.0296283309957924,5,-0.11286087871121073
Bob Bratkowski,00-0021429,Carson Palmer,2004,2010,7,0,,6,0.0990195208323103,6,-0.08911267709337689
Bruce Arians,00-0021429,Carson Palmer,2013,2017,5,8,0.04429825439606749,4,-0.07373624318373483,0,
Dennis Allen,00-0021429,Carson Palmer,2012,2012,1,7,0.08910649371280775,1,-0.2693594208211144,4,-0.07373624318373483
Greg Knapp,00-0021429,Carson Palmer,2012,2012,1,7,0.08910649371280775,1,-0.2693594208211144,4,-0.07373624318373483
Harold Goodwin,00-0021429,Carson Palmer,2013,2017,5,8,0.04429825439606749,4,-0.07373624318373483,0,
Hue Jackson,00-0021429,Carson Palmer,2011,2011,1,6,0.0990195208323103,1,0.0296283309957924,5,-0.11286087871121073
Marvin Lewis,00-0021429,Carson Palmer,2004,2010,7,0,,6,0.0990195208323103,6,-0.08911267709337689
Bill Callahan,00-0021678,Tony Romo,2012,2013,2,5,0.2298307890330778,2,0.18178254317367215,1,0.4556155123339658
Bill Parcells,00-0021678,Tony Romo,2005,2006,2,0,,1,0.3786002304147465,7,0.22710490191885038
Jason Garrett,00-0021678,Tony Romo,2009,2016,8,3,0.22959321547588704,5,0.2559109794838076,0,
Scott Linehan,00-0021678,Tony Romo,2015,2016,2,8,0.24604181798083738,0,,0,
Josh McDaniels,00-0022005,Chris Simms,2009,2009,1,1,-0.0655979543666405,0,,0,
Mike McCoy,00-0022005,Chris Simms,2009,2009,1,1,-0.0655979543666405,0,,0,
Brad Childress,00-0022026,Brooks Bollinger,2006,2007,2,1,-0.3780979543666405,0,,0,
Darrell Bevell,00-0022026,Brooks Bollinger,2006,2007,2,1,-0.3780979543666405,0,,0,
Paul Hackett,00-0022026,Brooks Bollinger,2004,2004,1,0,,0,,1,-0.3780979543666405
Brian Daboll,00-0022055,Seneca Wallace,2010,2010,1,1,-0.3011740986717267,0,,0,
Eric Mangini,00-0022055,Seneca Wallace,2010,2010,1,1,-0.3011740986717267,0,,0,
Gil Haskell,00-0022055,Seneca Wallace,2005,2007,3,0,,0,,1,-0.3011740986717267
Greg Knapp,00-0022055,Seneca Wallace,2009,2009,1,1,-0.3011740986717267,0,,0,
Jim Mora,00-0022055,Seneca Wallace,2009,2009,1,1,-0.3011740986717267,0,,0,
Mike Holmgren,00-0022055,Seneca Wallace,2005,2007,3,0,,0,,1,-0.3011740986717267
Mike McCarthy,00-0022055,Seneca Wallace,2013,2013,1,1,-0.3011740986717267,0,,0,
Pat Shurmur,00-0022055,Seneca Wallace,2011,2011,1,1,-0.3011740986717267,0,,0,
Tom Clements,00-0022055,Seneca Wallace,2013,2013,1,1,-0.3011740986717267,0,,0,
Dick Jauron,00-0022121,Rex Grossman,2003,2003,1,0,,0,,3,-0.20180597463493988
Gary Kubiak,00-0022121,Rex Grossman,2009,2009,1,2,-0.20814812745030606,0,,1,-0.1891216690042075
John Shoop,00-0022121,Rex Grossman,2003,2003,1,0,,0,,3,-0.20180597463493988
Kyle Shanahan,00-0022121,Rex Grossman,2009,2011,3,2,-0.20814812745030606,1,-0.1891216690042075,0,
Lovie Smith,00-0022121,Rex Grossman,2004,2008,5,0,,2,-0.20814812745030606,1,-0.1891216690042075
Mike Shanahan,00-0022121,Rex Grossman,2010,2011,2,2,-0.20814812745030606,1,-0.1891216690042075,0,
Ron Turner,00-0022121,Rex Grossman,2005,2008,4,0,,2,-0.20814812745030606,1,-0.1891216690042075
Terry Shea,00-0022121,Rex Grossman,2004,2004,1,0,,0,,3,-0.20180597463493988
Al Saunders,00-0022164,Kyle Boller,2011,2011,1,4,-0.22179383333626987,0,,0,
Hue Jackson,00-0022164,Kyle Boller,2010,2011,2,4,-0.22179383333626987,0,,0,
Jim Fassel,00-0022164,Kyle Boller,2005,2006,2,2,-0.12271544683154015,1,-0.3155979543666405,1,-0.3261464853153587
Matt Cavanaugh,00-0022164,Kyle Boller,2003,2004,2,0,,2,-0.12271544683154015,2,-0.3208722198409996
Pat Shurmur,00-0022164,Kyle Boller,2009,2009,1,4,-0.22179383333626987,0,,0,
Rick Neuheisel,00-0022164,Kyle Boller,2007,2007,1,3,-0.18700961600990693,1,-0.3261464853153587,0,
Steve Spagnuolo,00-0022164,Kyle Boller,2009,2009,1,4,-0.22179383333626987,0,,0,
Tom Cable,00-0022164,Kyle Boller,2010,2010,1,4,-0.22179383333626987,0,,0,
Bill Musgrave,00-0022177,Byron Leftwich,2003,2004,2,0,,2,0.11165955316845991,1,0.2156520456333595
Bobby Petrino,00-0022177,Byron Leftwich,2007,2007,1,3,0.14632371732342644,0,,0,
Bruce Arians,00-0022177,Byron Leftwich,2008,2010,2,3,0.14632371732342644,0,,0,
Carl Smith,00-0022177,Byron Leftwich,2005,2006,2,2,0.11165955316845991,1,0.2156520456333595,0,
Emmitt Thomas,00-0022177,Byron Leftwich,2007,2007,1,3,0.14632371732342644,0,,0,
Greg Olson,00-0022177,Byron Leftwich,2009,2009,1,3,0.14632371732342644,0,,0,
Hue Jackson,00-0022177,Byron Leftwich,2007,2007,1,3,0.14632371732342644,0,,0,
Mike Tomlin,00-0022177,Byron Leftwich,2008,2012,3,3,0.14632371732342644,0,,0,
Raheem Morris,00-0022177,Byron Leftwich,2009,2009,1,3,0.14632371732342644,0,,0,
Todd Haley,00-0022177,Byron Leftwich,2012,2012,1,3,0.14632371732342644,0,,0,
Dan Quinn,00-0022787,Matt Schaub,2016,2020,4,7,0.07330633453592232,0,,0,
Dennis Allen,00-0022787,Matt Schaub,2014,2014,1,7,0.07330633453592232,0,,0,
Dirk Koetter,00-0022787,Matt Schaub,2019,2020,2,7,0.07330633453592232,0,,0,
Greg Knapp,00-0022787,Matt Schaub,2004,2006,3,0,,0,,7,0.07330633453592232
Greg Olson,00-0022787,Matt Schaub,2014,2014,1,7,0.07330633453592232,0,,0,
Jim Mora Jr.,00-0022787,Matt Schaub,2006,2006,1,0,,0,,7,0.07330633453592232
John Harbaugh,00-0022787,Matt Schaub,2015,2015,1,7,0.07330633453592232,0,,0,
Kyle Shanahan,00-0022787,Matt Schaub,2008,2016,3,1,0.0973502304147465,2,0.13946470800645722,0,
Marc Trestman,00-0022787,Matt Schaub,2015,2015,1,7,0.07330633453592232,0,,0,
Mike Sherman,00-0022787,Matt Schaub,2007,2007,1,0,,1,0.0973502304147465,6,0.06929901855611831
Raheem Morris,00-0022787,Matt Schaub,2020,2020,1,7,0.07330633453592232,0,,0,
Rick Dennison,00-0022787,Matt Schaub,2010,2013,4,3,0.1254265488092203,4,0.034216173830948854,0,
Steve Sarkisian,00-0022787,Matt Schaub,2018,2018,1,7,0.07330633453592232,0,,0,
Tony Sparano,00-0022787,Matt Schaub,2014,2014,1,7,0.07330633453592232,0,,0,
Ben McAdoo,00-0022803,Eli Manning,2014,2017,4,9,0.08924577072186814,4,-0.14159529204521493,1,-0.0541982922201138
John Hufnagel,00-0022803,Eli Manning,2006,2006,1,1,0.2931655491119971,1,0.0906520456333594,12,-0.0167654265541264
Kevin Gilbride,00-0022803,Eli Manning,2007,2013,7,2,0.19190879737267824,7,0.05991347739306525,5,-0.12411589208019472
Mike Shula,00-0022803,Eli Manning,2018,2019,2,13,0.0182177514089195,1,-0.0541982922201138,0,
Mike Sullivan,00-0022803,Eli Manning,2016,2017,2,11,0.09243199599993072,2,-0.38996059384164217,1,-0.0541982922201138
Pat Shurmur,00-0022803,Eli Manning,2018,2019,2,13,0.0182177514089195,1,-0.0541982922201138,0,
Steve Spagnuolo,00-0022803,Eli Manning,2017,2017,1,12,0.04667871260892966,1,-0.3233137829912024,1,-0.0541982922201138
Tom Coughlin,00-0022803,Eli Manning,2006,2015,10,1,0.2931655491119971,10,0.07235864068872408,3,-0.2780398266344661
Brian Daboll,00-0022912,J.P. Losman,2011,2011,1,1,-0.2530979543666405,0,,0,
Mike Mularkey,00-0022912,J.P. Losman,2005,2005,1,0,,0,,1,-0.2530979543666405
Todd Bowles,00-0022912,J.P. Losman,2011,2011,1,1,-0.2530979543666405,0,,0,
Tom Cable,00-0022912,J.P. Losman,2009,2009,1,1,-0.2530979543666405,0,,0,
Tom Clements,00-0022912,J.P. Losman,2005,2005,1,0,,0,,1,-0.2530979543666405
Turk Schonert,00-0022912,J.P. Losman,2008,2008,1,1,-0.2530979543666405,0,,0,
Bill Cowher,00-0022924,Ben Roethlisberger,2004,2006,3,0,,3,0.32340705065675973,14,0.13275973642299368
Bruce Arians,00-0022924,Ben Roethlisberger,2007,2011,5,3,0.32340705065675973,5,0.1505750863153557,9,0.12286231981612589
Ken Whisenhunt,00-0022924,Ben Roethlisberger,2004,2006,3,0,,3,0.32340705065675973,14,0.13275973642299368
Matt Canada,00-0022924,Ben Roethlisberger,2021,2021,1,16,0.19493975208254763,1,-0.2901785714285714,0,
Mike Tomlin,00-0022924,Ben Roethlisberger,2007,2021,15,3,0.32340705065675973,14,0.13275973642299368,0,
Randy Fichtner,00-0022924,Ben Roethlisberger,2018,2020,3,14,0.21505245182434832,2,0.05415085388994305,1,-0.2901785714285714
Todd Haley,00-0022924,Ben Roethlisberger,2012,2017,6,8,0.21538707294338222,6,0.21460629033230302,3,-0.060625621216228436
Anthony Lynn,00-0022942,Philip Rivers,2017,2019,3,11,0.21461172747228713,3,0.26929338450922885,1,-0.05625
Cam Cameron,00-0022942,Philip Rivers,2004,2006,3,0,,1,0.4656520456333595,14,0.18905050786353472
Clarence Shelmon,00-0022942,Philip Rivers,2007,2011,5,1,0.4656520456333595,5,0.32557508631535564,9,0.11320351983474526
Frank Reich,00-0022942,Philip Rivers,2014,2020,3,8,0.286412048423102,3,0.0211800065008082,0,
Hal Hunter,00-0022942,Philip Rivers,2012,2012,1,6,0.3489212462016897,1,-0.2516216690042075,8,0.15880666843961436
Jim Bob Cooter,00-0022942,Philip Rivers,2025,2025,1,15,0.20749061038152303,0,,0,
Ken Whisenhunt,00-0022942,Philip Rivers,2013,2018,4,7,0.2631294011722758,4,0.2944427748188718,2,-0.01355388563049855
Marty Schottenheimer,00-0022942,Philip Rivers,2004,2006,3,0,,1,0.4656520456333595,14,0.18905050786353472
Mike McCoy,00-0022942,Philip Rivers,2013,2016,4,7,0.2631294011722758,4,0.12970579849730707,4,0.18790753838192162
Nick Sirianni,00-0022942,Philip Rivers,2020,2020,1,14,0.22632922540877468,1,-0.05625,0,
Norv Turner,00-0022942,Philip Rivers,2007,2012,6,1,0.4656520456333595,6,0.22937562709542847,8,0.15880666843961436
Shane Steichen,00-0022942,Philip Rivers,2019,2025,2,13,0.24149745592183403,1,0.0291422287390029,0,
Andy Reid,00-0023436,Alex Smith,2013,2017,5,7,-0.16507194955252688,5,0.17219030499700408,2,-0.4127107771260997
Brad Childress,00-0023436,Alex Smith,2016,2016,1,10,-0.0699810229524552,1,0.0806155123339658,3,-0.16692631964809382
Doug Pederson,00-0023436,Alex Smith,2013,2015,3,7,-0.16507194955252688,3,0.1518978057810456,4,-0.10504086165257893
Greg Roman,00-0023436,Alex Smith,2011,2012,2,5,-0.2814198864033612,2,0.12579789257455878,7,0.005075710104688705
Jay Gruden,00-0023436,Alex Smith,2018,2018,1,12,-0.024546010156889033,1,-0.2920637829912024,1,-0.533357771260997
Jim Harbaugh,00-0023436,Alex Smith,2011,2012,2,5,-0.2814198864033612,2,0.12579789257455878,7,0.005075710104688705
Jim Hostler,00-0023436,Alex Smith,2007,2007,1,2,-0.2633404468315401,1,-0.4718479543666405,11,-0.011040438918649708
Jim Tomsula,00-0023436,Alex Smith,2010,2010,1,4,-0.30773133333626984,1,-0.1761740986717267,9,0.03190286176465984
Jimmy Raye,00-0023436,Alex Smith,2009,2010,2,3,-0.33284294934324027,2,-0.2042852919935427,9,0.03190286176465984
Matt Cavanaugh,00-0023436,Alex Smith,2018,2018,1,12,-0.024546010156889033,1,-0.2920637829912024,1,-0.533357771260997
Matt Nagy,00-0023436,Alex Smith,2016,2017,2,10,-0.0699810229524552,2,0.20262905382094185,2,-0.4127107771260997
Mike Johnson,00-0023436,Alex Smith,2010,2010,1,4,-0.30773133333626984,1,-0.1761740986717267,9,0.03190286176465984
Mike McCarthy,00-0023436,Alex Smith,2005,2005,1,0,,1,-0.2885964427750773,13,-0.06395209487383001
Mike Nolan,00-0023436,Alex Smith,2005,2007,3,0,,3,-0.33284294934324027,11,-0.011040438918649708
Mike Singletary,00-0023436,Alex Smith,2009,2010,2,3,-0.33284294934324027,2,-0.2042852919935427,9,0.03190286176465984
Norv Turner,00-0023436,Alex Smith,2006,2006,1,1,-0.2885964427750773,1,-0.2380844508880029,12,-0.04944106520598227
Ron Rivera,00-0023436,Alex Smith,2020,2020,1,13,-0.04512430037491314,1,-0.533357771260997,0,
Scott Turner,00-0023436,Alex Smith,2020,2020,1,13,-0.04512430037491314,1,-0.533357771260997,0,
Adam Stenavich,00-0023459,Aaron Rodgers,2022,2022,1,13,0.2916011165216591,1,0.0848214285714286,2,-0.1432291666666666
Arthur Smith,00-0023459,Aaron Rodgers,2025,2025,1,15,0.249868785112422,1,-0.1588541666666666,0,
Edgar Bennett,00-0023459,Aaron Rodgers,2015,2017,3,7,0.33669919167877943,2,0.2317700097512123,7,0.10982046410939739
Jeff Jagodzinski,00-0023459,Aaron Rodgers,2006,2006,1,0,,0,,16,0.22432360062622894
Jeff Ulbrich,00-0023459,Aaron Rodgers,2024,2024,1,14,0.2768311388109283,1,-0.1276041666666666,1,-0.1588541666666666
Joe Philbin,00-0023459,Aaron Rodgers,2008,2018,5,0,,5,0.3029923662356788,6,0.09867617195949736
Matt LaFleur,00-0023459,Aaron Rodgers,2019,2022,4,10,0.29971205782626786,4,0.21962884127257937,2,-0.1432291666666666
Mike McCarthy,00-0023459,Aaron Rodgers,2006,2017,11,0,,9,0.31338159569487567,7,0.10982046410939739
Mike Tomlin,00-0023459,Aaron Rodgers,2025,2025,1,15,0.249868785112422,1,-0.1588541666666666,0,
Nathaniel Hackett,00-0023459,Aaron Rodgers,2019,2024,5,10,0.29971205782626786,4,0.16652244246305556,1,-0.1588541666666666
Robert Saleh,00-0023459,Aaron Rodgers,2023,2023,1,14,0.2768311388109283,0,,2,-0.1432291666666666
Robert Saleh (fired on October 8),00-0023459,Aaron Rodgers,2024,2024,1,14,0.2768311388109283,1,-0.1276041666666666,1,-0.1588541666666666
Tom Clements,00-0023459,Aaron Rodgers,2012,2014,3,4,0.3345689035423991,3,0.33953957586062006,9,0.13692036314091183
Tom Rossley,00-0023459,Aaron Rodgers,2005,2005,1,0,,0,,16,0.22432360062622894
Al Saunders,00-0023460,Jason Campbell,2011,2011,1,4,-0.08639207698474484,0,,1,-0.3453716690042075
Don Breaux,00-0023460,Jason Campbell,2006,2006,1,0,,0,,5,-0.13818799538863738
Hue Jackson,00-0023460,Jason Campbell,2010,2014,3,3,-0.11896473642241752,1,0.0113259013282732,0,
Joe Gibbs,00-0023460,Jason Campbell,2006,2006,1,0,,0,,5,-0.13818799538863738
Lovie Smith,00-0023460,Jason Campbell,2012,2012,1,4,-0.08639207698474484,0,,1,-0.3453716690042075
Marvin Lewis,00-0023460,Jason Campbell,2014,2014,1,5,-0.13818799538863738,0,,0,
Mike Tice,00-0023460,Jason Campbell,2012,2012,1,4,-0.08639207698474484,0,,1,-0.3453716690042075
Norv Turner,00-0023460,Jason Campbell,2013,2013,1,4,-0.08639207698474484,1,-0.3453716690042075,0,
Rob Chudzinski,00-0023460,Jason Campbell,2013,2013,1,4,-0.08639207698474484,1,-0.3453716690042075,0,
Sherman Smith,00-0023460,Jason Campbell,2008,2009,2,1,-0.0655979543666405,2,-0.14564812745030603,2,-0.16702288383796715
Tom Cable,00-0023460,Jason Campbell,2010,2010,1,3,-0.11896473642241752,1,0.0113259013282732,1,-0.3453716690042075
Maurice Carthon,00-0023502,Charlie Frye,2005,2005,1,0,,0,,1,-0.3943344508880029
Rob Chudzinski,00-0023502,Charlie Frye,2007,2007,1,1,-0.3943344508880029,0,,0,
Tom Cable,00-0023502,Charlie Frye,2009,2009,1,1,-0.3943344508880029,0,,0,
Greg Knapp,00-0023504,Andrew Walter,2007,2008,2,1,-0.4255844508880029,0,,0,
Lane Kiffin,00-0023504,Andrew Walter,2007,2008,2,1,-0.4255844508880029,0,,0,
Bill Callahan,00-0023541,Kyle Orton,2012,2013,2,4,-0.19682919908685403,0,,1,-0.3006094208211144
Doug Marrone,00-0023541,Kyle Orton,2014,2014,1,4,-0.19682919908685403,1,-0.3006094208211144,0,
Jason Garrett,00-0023541,Kyle Orton,2012,2013,2,4,-0.19682919908685403,0,,1,-0.3006094208211144
John Fox,00-0023541,Kyle Orton,2011,2011,1,4,-0.19682919908685403,0,,1,-0.3006094208211144
Josh McDaniels,00-0023541,Kyle Orton,2009,2009,1,2,-0.29874810618016534,1,-0.1073964853153587,2,-0.19151675974642057
Josh McDaniels {{small|(fired December 6)}},00-0023541,Kyle Orton,2010,2010,1,3,-0.23496423255856314,1,-0.0824240986717267,1,-0.3006094208211144
Lovie Smith,00-0023541,Kyle Orton,2005,2008,3,0,,2,-0.29874810618016534,3,-0.16347666826939994
Mike McCoy,00-0023541,Kyle Orton,2009,2011,3,2,-0.29874810618016534,2,-0.0949102919935427,1,-0.3006094208211144
Nathaniel Hackett,00-0023541,Kyle Orton,2014,2014,1,4,-0.19682919908685403,1,-0.3006094208211144,0,
Ron Turner,00-0023541,Kyle Orton,2005,2008,3,0,,2,-0.29874810618016534,3,-0.16347666826939994
Clyde Christensen,00-0023578,Dan Orlovsky,2011,2011,1,1,-0.4338997695852534,0,,0,
Dick Jauron,00-0023578,Dan Orlovsky,2005,2005,1,0,,0,,1,-0.4338997695852534
Greg Schiano,00-0023578,Dan Orlovsky,2012,2012,1,1,-0.4338997695852534,0,,0,
Jim Bob Cooter,00-0023578,Dan Orlovsky,2011,2015,2,1,-0.4338997695852534,0,,0,
Jim Caldwell,00-0023578,Dan Orlovsky,2011,2015,2,1,-0.4338997695852534,0,,0,
"Joe Lombardi (fired Oct 26, 2015)",00-0023578,Dan Orlovsky,2015,2015,1,1,-0.4338997695852534,0,,0,
Mike Sullivan,00-0023578,Dan Orlovsky,2012,2012,1,1,-0.4338997695852534,0,,0,
Steve Mariucci,00-0023578,Dan Orlovsky,2005,2005,1,0,,0,,1,-0.4338997695852534
Ted Tollner,00-0023578,Dan Orlovsky,2005,2005,1,0,,0,,1,-0.4338997695852534
Brian Daboll,00-0023645,Derek Anderson,2009,2018,2,2,-0.155998861975947,0,,0,
Eric Mangini,00-0023645,Derek Anderson,2009,2009,1,2,-0.155998861975947,0,,1,-0.4574240986717267
Jeff Davidson,00-0023645,Derek Anderson,2006,2006,1,0,,0,,3,-0.25647394087454023
Ken Whisenhunt,00-0023645,Derek Anderson,2010,2010,1,2,-0.155998861975947,1,-0.4574240986717267,0,
Maurice Carthon (Resigned after week 7),00-0023645,Derek Anderson,2006,2006,1,0,,0,,3,-0.25647394087454023
Mike Shula,00-0023645,Derek Anderson,2013,2017,5,3,-0.25647394087454023,0,,0,
Romeo Crennel,00-0023645,Derek Anderson,2006,2008,3,0,,2,-0.155998861975947,1,-0.4574240986717267
Ron Rivera,00-0023645,Derek Anderson,2011,2017,7,3,-0.25647394087454023,0,,0,
Sean McDermott,00-0023645,Derek Anderson,2018,2018,1,3,-0.25647394087454023,0,,0,
Bill Belichick,00-0023662,Matt Cassel,2005,2008,4,0,,1,0.3786002304147465,5,-0.2798100583339019
Bill Muir,00-0023662,Matt Cassel,2011,2011,1,3,0.073343215475887,1,-0.3817540322580645,2,-0.4293628377121796
Bill Musgrave,00-0023662,Matt Cassel,2013,2013,1,5,-0.1369249136846443,0,,1,-0.3358254928315412
Brian Daboll,00-0023662,Matt Cassel,2012,2012,1,4,-0.040431096457600874,1,-0.522900182592818,1,-0.3358254928315412
Charlie Weis,00-0023662,Matt Cassel,2010,2010,1,2,0.026226872549693886,1,0.1675759013282732,3,-0.4134932358941412
Jason Garrett,00-0023662,Matt Cassel,2015,2015,1,5,-0.1369249136846443,1,-0.3358254928315412,0,
Jim Bob Cooter,00-0023662,Matt Cassel,2018,2018,1,6,-0.1700750102091271,0,,0,
Josh McDaniels,00-0023662,Matt Cassel,2006,2008,3,0,,1,0.3786002304147465,5,-0.2798100583339019
Leslie Frazier,00-0023662,Matt Cassel,2013,2013,1,5,-0.1369249136846443,0,,1,-0.3358254928315412
Matt Patricia,00-0023662,Matt Cassel,2018,2018,1,6,-0.1700750102091271,0,,0,
Mike Mularkey,00-0023662,Matt Cassel,2016,2017,2,6,-0.1700750102091271,0,,0,
Mike Zimmer,00-0023662,Matt Cassel,2014,2014,1,5,-0.1369249136846443,0,,1,-0.3358254928315412
Norv Turner,00-0023662,Matt Cassel,2014,2014,1,5,-0.1369249136846443,0,,1,-0.3358254928315412
Romeo Crennel,00-0023662,Matt Cassel,2011,2011,1,3,0.073343215475887,1,-0.3817540322580645,2,-0.4293628377121796
Scott Linehan,00-0023662,Matt Cassel,2015,2015,1,5,-0.1369249136846443,1,-0.3358254928315412,0,
Terry Robiskie,00-0023662,Matt Cassel,2016,2017,2,6,-0.1700750102091271,0,,0,
Todd Haley,00-0023662,Matt Cassel,2009,2010,2,1,0.3786002304147465,2,-0.07928529199354276,3,-0.4134932358941412
"Todd Haley (fired Dec 12, 2011)",00-0023662,Matt Cassel,2011,2011,1,3,0.073343215475887,1,-0.3817540322580645,2,-0.4293628377121796
Alex Van Pelt,00-0023682,Ryan Fitzpatrick,2009,2009,1,1,-0.4651497695852534,1,-0.3573964853153587,8,-0.1529647095082025
Bill O'Brien,00-0023682,Ryan Fitzpatrick,2014,2014,1,6,-0.2289577062379048,1,-0.1756094208211144,3,-0.16563609090589637
Bob Bratkowski,00-0023682,Ryan Fitzpatrick,2008,2008,1,0,,1,-0.4651497695852534,9,-0.1756793512645532
Brian Flores,00-0023682,Ryan Fitzpatrick,2019,2020,2,9,-0.19009062652734648,1,-0.3354482922201138,0,
Chad O'Shea,00-0023682,Ryan Fitzpatrick,2019,2019,1,9,-0.19009062652734648,1,-0.3354482922201138,0,
Chan Gailey,00-0023682,Ryan Fitzpatrick,2010,2020,6,2,-0.4112731274503061,5,-0.14220765880403688,0,
Curtis Modkins,00-0023682,Ryan Fitzpatrick,2010,2012,3,2,-0.4112731274503061,3,-0.18319277117420305,5,-0.1348278725086022
Dick Jauron,00-0023682,Ryan Fitzpatrick,2009,2009,1,1,-0.4651497695852534,1,-0.3573964853153587,8,-0.1529647095082025
Dirk Koetter,00-0023682,Ryan Fitzpatrick,2017,2018,2,9,-0.19009062652734648,0,,1,-0.3354482922201138
Dowell Loggains,00-0023682,Ryan Fitzpatrick,2013,2013,1,5,-0.2744249136846443,1,-0.0016216690042075,4,-0.16812942338470088
Greg Olson,00-0023682,Ryan Fitzpatrick,2006,2006,1,0,,0,,10,-0.20462639309662323
Marvin Lewis,00-0023682,Ryan Fitzpatrick,2008,2008,1,0,,1,-0.4651497695852534,9,-0.1756793512645532
Mike Munchak,00-0023682,Ryan Fitzpatrick,2013,2013,1,5,-0.2744249136846443,1,-0.0016216690042075,4,-0.16812942338470088
Ron Rivera,00-0023682,Ryan Fitzpatrick,2021,2021,1,10,-0.20462639309662323,0,,0,
Scott Turner,00-0023682,Ryan Fitzpatrick,2021,2021,1,10,-0.20462639309662323,0,,0,
Todd Bowles,00-0023682,Ryan Fitzpatrick,2015,2016,2,7,-0.22133652260693473,2,-0.08072999024878764,1,-0.3354482922201138
Todd Monken,00-0023682,Ryan Fitzpatrick,2017,2018,2,9,-0.19009062652734648,0,,1,-0.3354482922201138
Andy Reid,00-0024218,Vince Young,2011,2011,1,4,-0.016994287140923076,0,,0,
Marty Mornhinweg,00-0024218,Vince Young,2011,2011,1,4,-0.016994287140923076,0,,0,
Mike Heimerdinger,00-0024218,Vince Young,2009,2010,2,2,-0.04459044683154005,2,0.0106018725496939,0,
Norm Chow,00-0024218,Vince Young,2006,2007,2,0,,2,-0.04459044683154005,2,0.0106018725496939
Dennis Allen,00-0024225,Matt Leinart,2012,2012,1,1,0.1489035572249226,0,,0,
Gary Kubiak,00-0024225,Matt Leinart,2011,2011,1,1,0.1489035572249226,0,,0,
Greg Knapp,00-0024225,Matt Leinart,2012,2012,1,1,0.1489035572249226,0,,0,
Ken Whisenhunt,00-0024225,Matt Leinart,2007,2009,2,1,0.1489035572249226,0,,0,
Rick Dennison,00-0024225,Matt Leinart,2011,2011,1,1,0.1489035572249226,0,,0,
Todd Haley,00-0024225,Matt Leinart,2007,2008,2,1,0.1489035572249226,0,,0,
Aaron Kromer,00-0024226,Jay Cutler,2013,2014,2,6,-0.09840113184750776,2,0.018989074201487238,2,-0.21937195424357425
Adam Gase,00-0024226,Jay Cutler,2015,2017,2,8,-0.06905358033525902,2,-0.21937195424357425,0,
Clyde Christensen,00-0024226,Jay Cutler,2017,2017,1,9,-0.06700422927813184,1,-0.3881344876660341,0,
Dowell Loggains,00-0024226,Jay Cutler,2016,2016,1,9,-0.06700422927813184,0,,1,-0.3881344876660341
John Fox,00-0024226,Jay Cutler,2015,2016,2,8,-0.06905358033525902,1,-0.0506094208211144,1,-0.3881344876660341
Lovie Smith,00-0024226,Jay Cutler,2009,2012,4,2,0.3012837973726783,4,-0.2982435964576008,4,-0.1001914400210435
Marc Trestman,00-0024226,Jay Cutler,2013,2014,2,6,-0.09840113184750776,2,0.018989074201487238,2,-0.21937195424357425
Mike Martz,00-0024226,Jay Cutler,2010,2011,2,3,0.11872260838670107,2,-0.36053529199354273,5,-0.1252539584684477
Mike Tice,00-0024226,Jay Cutler,2012,2012,1,5,-0.07298055176539645,1,-0.2255040322580644,4,-0.1001914400210435
Rick Dennison,00-0024226,Jay Cutler,2006,2008,3,0,,2,0.3012837973726783,8,-0.19921751823932216
Ron Turner,00-0024226,Jay Cutler,2009,2009,1,2,0.3012837973726783,1,-0.2463997695852534,7,-0.19247719661847484
Anthony Lynn,00-0024264,Kellen Clemens,2017,2017,1,1,-0.304150182592818,0,,0,
Eric Mangini,00-0024264,Kellen Clemens,2006,2008,3,0,,0,,1,-0.304150182592818
Frank Reich,00-0024264,Kellen Clemens,2014,2015,2,1,-0.304150182592818,0,,0,
Jeff Fisher,00-0024264,Kellen Clemens,2012,2012,1,0,,0,,1,-0.304150182592818
Josh McDaniels,00-0024264,Kellen Clemens,2011,2011,1,0,,0,,1,-0.304150182592818
Ken Whisenhunt,00-0024264,Kellen Clemens,2016,2017,2,1,-0.304150182592818,0,,0,
Mike McCoy,00-0024264,Kellen Clemens,2014,2016,3,1,-0.304150182592818,0,,0,
Rex Ryan,00-0024264,Kellen Clemens,2009,2010,2,0,,0,,1,-0.304150182592818
Steve Spagnuolo,00-0024264,Kellen Clemens,2011,2011,1,0,,0,,1,-0.304150182592818
Brad Childress,00-0024279,Tarvaris Jackson,2006,2010,5,0,,1,0.0744155491119971,1,-0.1761740986717267
Leslie Frazier,00-0024279,Tarvaris Jackson,2010,2010,1,1,0.0744155491119971,0,,1,-0.1761740986717267
Hue Jackson,00-0024408,Bruce Gradkowski,2010,2010,1,1,-0.2260964427750773,0,,0,
Jay Gruden,00-0024408,Bruce Gradkowski,2011,2012,2,1,-0.2260964427750773,0,,0,
Marvin Lewis,00-0024408,Bruce Gradkowski,2011,2012,2,1,-0.2260964427750773,0,,0,
Mike Tomlin,00-0024408,Bruce Gradkowski,2014,2014,1,1,-0.2260964427750773,0,,0,
Rob Chudzinski,00-0024408,Bruce Gradkowski,2008,2008,1,1,-0.2260964427750773,0,,0,
Romeo Crennel,00-0024408,Bruce Gradkowski,2008,2008,1,1,-0.2260964427750773,0,,0,
Todd Haley,00-0024408,Bruce Gradkowski,2014,2014,1,1,-0.2260964427750773,0,,0,
Tom Cable,00-0024408,Bruce Gradkowski,2009,2010,2,1,-0.2260964427750773,0,,0,
Greg Knapp,00-0025388,JaMarcus Russell,2007,2008,2,0,,1,-0.3005844508880029,1,-0.4405979543666405
Lane Kiffin,00-0025388,JaMarcus Russell,2007,2008,2,0,,1,-0.3005844508880029,1,-0.4405979543666405
Tom Cable,00-0025388,JaMarcus Russell,2009,2009,1,1,-0.3005844508880029,1,-0.4405979543666405,0,
Rob Chudzinski,00-0025409,Brady Quinn,2007,2008,2,0,,0,,1,-0.3780979543666405
Romeo Crennel,00-0025409,Brady Quinn,2007,2008,2,0,,0,,1,-0.3780979543666405
Andy Reid,00-0025423,Kevin Kolb,2007,2010,4,0,,0,,1,-0.2636464853153587
Marty Mornhinweg,00-0025423,Kevin Kolb,2007,2010,4,0,,0,,1,-0.2636464853153587
Jim Colletto,00-0025430,Drew Stanton,2008,2008,1,0,,0,,1,-0.147900182592818
Jim Schwartz,00-0025430,Drew Stanton,2009,2010,2,0,,0,,1,-0.147900182592818
Rod Marinelli,00-0025430,Drew Stanton,2008,2008,1,0,,0,,1,-0.147900182592818
Scott Linehan,00-0025430,Drew Stanton,2009,2010,2,0,,0,,1,-0.147900182592818
Alex Van Pelt,00-0025479,Trent Edwards,2009,2009,1,2,-0.1383404468315401,0,,0,
Andy Reid,00-0025479,Trent Edwards,2012,2012,1,2,-0.1383404468315401,0,,0,
Chan Gailey,00-0025479,Trent Edwards,2010,2010,1,2,-0.1383404468315401,0,,0,
Curtis Modkins,00-0025479,Trent Edwards,2010,2010,1,2,-0.1383404468315401,0,,0,
Marty Mornhinweg,00-0025479,Trent Edwards,2012,2012,1,2,-0.1383404468315401,0,,0,
Steve Fairchild,00-0025479,Trent Edwards,2007,2007,1,0,,1,-0.1323464427750773,1,-0.1443344508880029
Turk Schonert,00-0025479,Trent Edwards,2008,2008,1,1,-0.1323464427750773,1,-0.1443344508880029,0,
Curtis Modkins,00-0025604,Tyler Thigpen,2011,2012,2,1,-0.1755844508880029,0,,0,
Dan Henning,00-0025604,Tyler Thigpen,2009,2010,2,1,-0.1755844508880029,0,,0,
Tony Sparano,00-0025604,Tyler Thigpen,2009,2010,2,1,-0.1755844508880029,0,,0,
Adam Gase,00-0025708,Matt Moore,2016,2017,2,1,-0.0761464853153587,0,,0,
Andy Reid,00-0025708,Matt Moore,2019,2019,1,1,-0.0761464853153587,0,,0,
Bill Lazor,00-0025708,Matt Moore,2014,2014,1,1,-0.0761464853153587,0,,0,
Clyde Christensen,00-0025708,Matt Moore,2016,2017,2,1,-0.0761464853153587,0,,0,
Dan Campbell,00-0025708,Matt Moore,2015,2015,1,1,-0.0761464853153587,0,,0,
Eric Bieniemy,00-0025708,Matt Moore,2019,2019,1,1,-0.0761464853153587,0,,0,
Jeff Davidson,00-0025708,Matt Moore,2007,2010,3,0,,0,,1,-0.0761464853153587
Joe Philbin,00-0025708,Matt Moore,2012,2014,3,1,-0.0761464853153587,0,,0,
Joe Philbin {{small|(fired on October 5)}},00-0025708,Matt Moore,2015,2015,1,1,-0.0761464853153587,0,,0,
John Fox,00-0025708,Matt Moore,2007,2010,3,0,,0,,1,-0.0761464853153587
Mike Sherman,00-0025708,Matt Moore,2012,2013,2,1,-0.0761464853153587,0,,0,
Zac Taylor,00-0025708,Matt Moore,2015,2015,1,1,-0.0761464853153587,0,,0,
Arthur Smith,00-0026143,Matt Ryan,2021,2021,1,13,0.1819460083486214,1,-0.3233137829912024,1,-0.4916982922201138
Dan Quinn,00-0026143,Matt Ryan,2015,2020,6,7,0.2047852523056965,6,0.15530022373203375,2,-0.40750603760565807
Dave Ragone,00-0026143,Matt Ryan,2021,2021,1,13,0.1819460083486214,1,-0.3233137829912024,1,-0.4916982922201138
Dirk Koetter,00-0026143,Matt Ryan,2012,2020,5,4,0.2825178455962564,5,0.07298669827934674,2,-0.40750603760565807
Jeff Saturday,00-0026143,Matt Ryan,2022,2022,1,14,0.14585602325291971,1,-0.4916982922201138,0,
Kyle Shanahan,00-0026143,Matt Ryan,2015,2016,2,7,0.2047852523056965,2,0.19086407420148718,6,-0.04415648020368132
Mike Mularkey,00-0026143,Matt Ryan,2008,2011,4,0,,4,0.2825178455962564,11,0.03820133190324875
Mike Smith,00-0026143,Matt Ryan,2008,2014,7,0,,7,0.2047852523056965,8,0.014598658397610792
Parks Frazier,00-0026143,Matt Ryan,2022,2022,1,14,0.14585602325291971,1,-0.4916982922201138,0,
Raheem Morris,00-0026143,Matt Ryan,2020,2020,1,12,0.20130462610201336,1,-0.050357404692082,2,-0.40750603760565807
Steve Sarkisian,00-0026143,Matt Ryan,2017,2018,2,9,0.20169165717142776,2,0.2442825431736722,4,-0.1883759918923581
Adam Gase,00-0026158,Joe Flacco,2020,2020,1,12,-0.027862040564653287,0,,1,-0.43125
Alex Van Pelt,00-0026158,Joe Flacco,2023,2023,1,12,-0.027862040564653287,0,,1,-0.43125
Cam Cameron,00-0026158,Joe Flacco,2008,2012,5,0,,5,0.16703497941393336,8,-0.20009617298068832
Dan Pitcher,00-0026158,Joe Flacco,2025,2025,1,13,-0.0588918835981415,0,,0,
Dowell Loggains,00-0026158,Joe Flacco,2020,2020,1,12,-0.027862040564653287,0,,1,-0.43125
Gary Kubiak,00-0026158,Joe Flacco,2014,2014,1,6,0.0785834663996567,1,0.2432459677419355,6,-0.24672354215261919
Greg Roman,00-0026158,Joe Flacco,2018,2018,1,10,-0.017288450627826416,1,0.0079245071684588,2,-0.30031724383301706
Jim Bob Cooter,00-0026158,Joe Flacco,2024,2024,1,12,-0.027862040564653287,1,-0.43125,0,
Jim Caldwell,00-0026158,Joe Flacco,2012,2013,2,4,0.19658034559625642,2,-0.15741029199354273,7,-0.17672789788196855
John Harbaugh,00-0026158,Joe Flacco,2008,2018,11,0,,11,-0.01499636355543685,2,-0.30031724383301706
Kevin Stefanski,00-0026158,Joe Flacco,2023,2023,1,12,-0.027862040564653287,0,,1,-0.43125
Marc Trestman,00-0026158,Joe Flacco,2015,2016,2,7,0.10210668087712509,2,-0.3716359257985128,4,-0.18426735032967242
Marty Mornhinweg,00-0026158,Joe Flacco,2017,2018,2,9,-0.0031694539396833078,2,-0.0682174568263278,2,-0.30031724383301706
Mike LaFleur,00-0026158,Joe Flacco,2021,2022,2,12,-0.027862040564653287,0,,1,-0.43125
Rich Scangarello,00-0026158,Joe Flacco,2019,2019,1,11,-0.01499636355543685,1,-0.1693844876660341,1,-0.43125
Robert Saleh,00-0026158,Joe Flacco,2021,2022,2,12,-0.027862040564653287,0,,1,-0.43125
Shane Steichen,00-0026158,Joe Flacco,2024,2024,1,12,-0.027862040564653287,1,-0.43125,0,
Vic Fangio,00-0026158,Joe Flacco,2019,2019,1,11,-0.01499636355543685,1,-0.1693844876660341,1,-0.43125
Zac Taylor,00-0026158,Joe Flacco,2025,2025,1,13,-0.0588918835981415,0,,0,
Andy Reid,00-0026197,Chad Henne,2018,2022,4,3,-0.20161883464212335,0,,0,
Bob Bratkowski,00-0026197,Chad Henne,2012,2012,1,2,-0.0580912026273217,0,,1,-0.4886740986717267
Brian Daboll,00-0026197,Chad Henne,2011,2011,1,2,-0.0580912026273217,0,,1,-0.4886740986717267
Dan Henning,00-0026197,Chad Henne,2008,2010,3,0,,2,-0.0580912026273217,1,-0.4886740986717267
Doug Marrone,00-0026197,Chad Henne,2016,2017,2,3,-0.20161883464212335,0,,0,
Eric Bieniemy,00-0026197,Chad Henne,2018,2022,4,3,-0.20161883464212335,0,,0,
Greg Olson,00-0026197,Chad Henne,2016,2016,1,3,-0.20161883464212335,0,,0,
Gus Bradley,00-0026197,Chad Henne,2013,2016,3,2,-0.0580912026273217,1,-0.4886740986717267,0,
Jedd Fisch,00-0026197,Chad Henne,2013,2014,2,2,-0.0580912026273217,1,-0.4886740986717267,0,
Mike Mularkey,00-0026197,Chad Henne,2012,2012,1,2,-0.0580912026273217,0,,1,-0.4886740986717267
Nathaniel Hackett,00-0026197,Chad Henne,2016,2017,2,3,-0.20161883464212335,0,,0,
Todd Bowles,00-0026197,Chad Henne,2011,2011,1,2,-0.0580912026273217,0,,1,-0.4886740986717267
Tony Sparano,00-0026197,Chad Henne,2008,2010,3,0,,2,-0.0580912026273217,1,-0.4886740986717267
Darrell Bevell,00-0026498,Matthew Stafford,2019,2020,2,9,-0.05178333948780678,2,-0.1432299902487876,5,0.027754549767120912
Jim Bob Cooter,00-0026498,Matthew Stafford,2015,2018,4,5,-0.03933295014281134,4,-0.06734632616905108,7,-0.02109817595171009
Jim Caldwell,00-0026498,Matthew Stafford,2014,2017,4,4,-0.05199766301058247,4,-0.012799995631704177,8,-0.04431833156038563
Jim Schwartz,00-0026498,Matthew Stafford,2009,2013,5,0,,4,-0.05199766301058247,12,-0.033812219584158476
Joe Lombardi,00-0026498,Matthew Stafford,2014,2014,1,4,-0.05199766301058247,1,0.0113259013282732,11,-0.03791568512165226
"Joe Lombardi (fired Oct 26, 2015)",00-0026498,Matthew Stafford,2015,2015,1,5,-0.03933295014281134,1,-0.1317540322580644,10,-0.02853185040801105
Kevin O'Connell,00-0026498,Matthew Stafford,2021,2021,1,11,-0.06841000326253056,1,0.1996425953079179,4,-0.015217461618078326
Liam Coen,00-0026498,Matthew Stafford,2022,2022,1,12,-0.046072286714993194,1,-0.3858137829912024,3,0.10831464550629637
Matt Patricia,00-0026498,Matthew Stafford,2018,2019,2,8,-0.032398829321143324,2,-0.20884245682632774,6,0.010523043528261744
Mike LaFleur,00-0026498,Matthew Stafford,2023,2025,3,13,-0.07220624796700928,3,0.10831464550629637,0,
Scott Linehan,00-0026498,Matthew Stafford,2009,2013,5,0,,4,-0.05199766301058247,12,-0.033812219584158476
Sean McVay,00-0026498,Matthew Stafford,2021,2025,5,11,-0.06841000326253056,5,0.027754549767120912,0,
Antonio Pierce,00-0026625,Brian Hoyer,2023,2023,1,3,-0.18651659997799955,0,,0,
Bill O'Brien,00-0026625,Brian Hoyer,2011,2015,2,0,,1,-0.2567540322580645,1,-0.0328716690042075
Bo Hardegree,00-0026625,Brian Hoyer,2023,2023,1,3,-0.18651659997799955,0,,0,
Dowell Loggains,00-0026625,Brian Hoyer,2016,2016,1,2,-0.2633390654648956,0,,1,-0.0328716690042075
Frank Reich,00-0026625,Brian Hoyer,2019,2019,1,3,-0.18651659997799955,0,,0,
George Godsey,00-0026625,Brian Hoyer,2015,2015,1,1,-0.2699240986717267,1,-0.2567540322580645,1,-0.0328716690042075
John Fox,00-0026625,Brian Hoyer,2016,2016,1,2,-0.2633390654648956,0,,1,-0.0328716690042075
Josh McDaniels,00-0026625,Brian Hoyer,2018,2021,3,3,-0.18651659997799955,0,,0,
Josh McDaniels; fired on October 31,00-0026625,Brian Hoyer,2023,2023,1,3,-0.18651659997799955,0,,0,
Ken Whisenhunt,00-0026625,Brian Hoyer,2012,2012,1,0,,0,,3,-0.18651659997799955
Mick Lombardi; fired on October 31,00-0026625,Brian Hoyer,2023,2023,1,3,-0.18651659997799955,0,,0,
Mike Miller,00-0026625,Brian Hoyer,2012,2012,1,0,,0,,3,-0.18651659997799955
Mike Pettine,00-0026625,Brian Hoyer,2014,2014,1,0,,1,-0.2699240986717267,2,-0.144812850631136
Nick Sirianni,00-0026625,Brian Hoyer,2019,2019,1,3,-0.18651659997799955,0,,0,
Norv Turner,00-0026625,Brian Hoyer,2013,2013,1,0,,0,,3,-0.18651659997799955
Rob Chudzinski,00-0026625,Brian Hoyer,2013,2013,1,0,,0,,3,-0.18651659997799955
Brian Schottenheimer,00-0026898,Mark Sanchez,2009,2011,3,0,,3,-0.05159294934324027,2,-0.1644119341284901
Chip Kelly,00-0026898,Mark Sanchez,2014,2014,1,4,-0.13935715440374355,1,0.0738259013282732,0,
Chip Kelly {{small|(fired on December 29)}},00-0026898,Mark Sanchez,2015,2015,1,5,-0.0967205432573402,0,,0,
Jason Garrett,00-0026898,Mark Sanchez,2016,2016,1,5,-0.0967205432573402,0,,0,
Jay Gruden,00-0026898,Mark Sanchez,2018,2018,1,5,-0.0967205432573402,0,,0,
Matt Cavanaugh,00-0026898,Mark Sanchez,2018,2018,1,5,-0.0967205432573402,0,,0,
Pat Shurmur,00-0026898,Mark Sanchez,2014,2015,2,4,-0.13935715440374355,1,0.0738259013282732,0,
Rex Ryan,00-0026898,Mark Sanchez,2009,2012,4,0,,4,-0.13935715440374355,1,0.0738259013282732
Scott Linehan,00-0026898,Mark Sanchez,2016,2016,1,5,-0.0967205432573402,0,,0,
Tony Sparano,00-0026898,Mark Sanchez,2012,2012,1,3,-0.05159294934324027,1,-0.4026497695852534,1,0.0738259013282732
Chuck Pagano,00-0026993,Josh Freeman,2015,2015,1,4,-0.03779465440374355,0,,0,
Greg Olson,00-0026993,Josh Freeman,2009,2011,3,0,,3,-0.0620096160099069,1,0.0348502304147465
Greg Schiano,00-0026993,Josh Freeman,2012,2013,2,3,-0.0620096160099069,1,0.0348502304147465,0,
Mike Sullivan,00-0026993,Josh Freeman,2012,2013,2,3,-0.0620096160099069,1,0.0348502304147465,0,
Raheem Morris,00-0026993,Josh Freeman,2009,2011,3,0,,3,-0.0620096160099069,1,0.0348502304147465
Rob Chudzinski,00-0026993,Josh Freeman,2015,2015,1,4,-0.03779465440374355,0,,0,
Kevin Gilbride,00-0027134,Curtis Painter,2013,2013,1,1,-0.4093479543666405,0,,0,
Tom Coughlin,00-0027134,Curtis Painter,2013,2013,1,1,-0.4093479543666405,0,,0,
Tom Moore,00-0027134,Curtis Painter,2009,2009,1,0,,0,,1,-0.4093479543666405
Aaron Kromer,00-0027659,Jimmy Clausen,2014,2014,1,1,-0.2885964427750773,0,,0,
John Harbaugh,00-0027659,Jimmy Clausen,2015,2015,1,1,-0.2885964427750773,0,,0,
Marc Trestman,00-0027659,Jimmy Clausen,2014,2015,2,1,-0.2885964427750773,0,,0,
Bill Callahan,00-0027688,Colt McCoy,2019,2019,1,2,-0.1383404468315401,0,,0,
Brad Childress,00-0027688,Colt McCoy,2012,2012,1,2,-0.1383404468315401,0,,0,
Brian Daboll,00-0027688,Colt McCoy,2010,2010,1,0,,1,-0.0385964427750773,1,-0.2380844508880029
Eric Mangini,00-0027688,Colt McCoy,2010,2010,1,0,,1,-0.0385964427750773,1,-0.2380844508880029
Greg Roman,00-0027688,Colt McCoy,2013,2013,1,2,-0.1383404468315401,0,,0,
Jason Garrett,00-0027688,Colt McCoy,2020,2020,1,2,-0.1383404468315401,0,,0,
Jay Gruden,00-0027688,Colt McCoy,2014,2019,4,2,-0.1383404468315401,0,,0,
Jim Harbaugh,00-0027688,Colt McCoy,2013,2013,1,2,-0.1383404468315401,0,,0,
Joe Judge,00-0027688,Colt McCoy,2020,2020,1,2,-0.1383404468315401,0,,0,
Kevin O'Connell,00-0027688,Colt McCoy,2019,2019,1,2,-0.1383404468315401,0,,0,
Kliff Kingsbury,00-0027688,Colt McCoy,2021,2022,2,2,-0.1383404468315401,0,,0,
Matt Cavanaugh,00-0027688,Colt McCoy,2018,2018,1,2,-0.1383404468315401,0,,0,
Pat Shurmur,00-0027688,Colt McCoy,2011,2012,2,1,-0.0385964427750773,1,-0.2380844508880029,0,
Sean McVay,00-0027688,Colt McCoy,2014,2015,2,2,-0.1383404468315401,0,,0,
Brian Schottenheimer,00-0027854,Sam Bradford,2012,2013,2,2,-0.2789654468315401,1,-0.1280979543666405,2,-0.20083906546489555
Chip Kelly {{small|(fired on December 29)}},00-0027854,Sam Bradford,2015,2015,1,3,-0.22867628267657358,1,-0.1761740986717267,1,-0.2255040322580644
Jeff Fisher,00-0027854,Sam Bradford,2012,2012,1,2,-0.2789654468315401,1,-0.1280979543666405,2,-0.20083906546489555
Josh McDaniels,00-0027854,Sam Bradford,2011,2011,1,1,-0.1323464427750773,1,-0.4255844508880029,3,-0.17659202843214386
"Mike McCoy (fired Oct 19, 2018)",00-0027854,Sam Bradford,2018,2018,1,5,-0.2175413957919024,0,,0,
Mike Zimmer,00-0027854,Sam Bradford,2016,2017,2,4,-0.21555073667536187,1,-0.2255040322580644,0,
Norv Turner,00-0027854,Sam Bradford,2016,2016,1,4,-0.21555073667536187,1,-0.2255040322580644,0,
Steve Spagnuolo,00-0027854,Sam Bradford,2010,2011,2,0,,2,-0.2789654468315401,3,-0.17659202843214386
Steve Wilks,00-0027854,Sam Bradford,2018,2018,1,5,-0.2175413957919024,0,,0,
Josh McDaniels {{small|(fired December 6)}},00-0027876,Tim Tebow,2010,2010,1,0,,0,,1,-0.2068344508880029
Rex Ryan,00-0027876,Tim Tebow,2012,2012,1,1,-0.2068344508880029,0,,0,
Tony Sparano,00-0027876,Tim Tebow,2012,2012,1,1,-0.2068344508880029,0,,0,
Bill Belichick,00-0027939,Cam Newton,2020,2020,1,8,0.17241832294338222,1,-0.1756094208211144,0,
Jeff Nixon,00-0027939,Cam Newton,2021,2021,1,9,0.13374857363621595,0,,0,
Joe Brady (fired mid season),00-0027939,Cam Newton,2021,2021,1,9,0.13374857363621595,0,,0,
Josh McDaniels,00-0027939,Cam Newton,2020,2020,1,8,0.17241832294338222,1,-0.1756094208211144,0,
Matt Rhule,00-0027939,Cam Newton,2021,2021,1,9,0.13374857363621595,0,,0,
Mike Shula,00-0027939,Cam Newton,2013,2017,5,2,0.4241595531684599,5,0.07328553196059122,2,-0.0055048017069661975
Norv Turner,00-0027939,Cam Newton,2018,2019,2,7,0.17353525230569652,1,0.164599817407182,1,-0.1756094208211144
Rob Chudzinski,00-0027939,Cam Newton,2011,2012,2,0,,2,0.4241595531684599,7,0.05077400805557481
Ron Rivera,00-0027939,Cam Newton,2011,2019,9,0,,8,0.17241832294338222,1,-0.1756094208211144
Scott Turner,00-0027939,Cam Newton,2019,2019,1,8,0.17241832294338222,0,,1,-0.1756094208211144
Chris Palmer,00-0027946,Jake Locker,2011,2011,1,0,,0,,1,-0.3005844508880029
Jason Michael,00-0027946,Jake Locker,2014,2014,1,1,-0.3005844508880029,0,,0,
Ken Whisenhunt,00-0027946,Jake Locker,2014,2014,1,1,-0.3005844508880029,0,,0,
Andy Reid,00-0027948,Blaine Gabbert,2023,2023,1,3,-0.3571924596594796,0,,0,
Bob Bratkowski,00-0027948,Blaine Gabbert,2012,2012,1,1,-0.2573464427750773,1,-0.3630844508880029,1,-0.4511464853153587
Bruce Arians,00-0027948,Blaine Gabbert,2017,2021,3,3,-0.3571924596594796,0,,0,
Byron Leftwich,00-0027948,Blaine Gabbert,2020,2022,3,3,-0.3571924596594796,0,,0,
Chip Kelly,00-0027948,Blaine Gabbert,2016,2016,1,3,-0.3571924596594796,0,,0,
Curtis Modkins,00-0027948,Blaine Gabbert,2016,2016,1,3,-0.3571924596594796,0,,0,
Dirk Koetter,00-0027948,Blaine Gabbert,2011,2011,1,0,,1,-0.2573464427750773,2,-0.4071154681016808
Geep Chryst,00-0027948,Blaine Gabbert,2015,2015,1,2,-0.3102154468315401,1,-0.4511464853153587,0,
Greg Roman,00-0027948,Blaine Gabbert,2014,2014,1,2,-0.3102154468315401,0,,1,-0.4511464853153587
Gus Bradley,00-0027948,Blaine Gabbert,2013,2013,1,2,-0.3102154468315401,0,,1,-0.4511464853153587
Harold Goodwin,00-0027948,Blaine Gabbert,2017,2017,1,3,-0.3571924596594796,0,,0,
Jack Del Rio,00-0027948,Blaine Gabbert,2011,2011,1,0,,1,-0.2573464427750773,2,-0.4071154681016808
Jedd Fisch,00-0027948,Blaine Gabbert,2013,2013,1,2,-0.3102154468315401,0,,1,-0.4511464853153587
Jim Harbaugh,00-0027948,Blaine Gabbert,2014,2014,1,2,-0.3102154468315401,0,,1,-0.4511464853153587
Jim Tomsula,00-0027948,Blaine Gabbert,2015,2015,1,2,-0.3102154468315401,1,-0.4511464853153587,0,
Matt LaFleur,00-0027948,Blaine Gabbert,2018,2018,1,3,-0.3571924596594796,0,,0,
Matt Nagy,00-0027948,Blaine Gabbert,2023,2023,1,3,-0.3571924596594796,0,,0,
Mike Mularkey,00-0027948,Blaine Gabbert,2012,2012,1,1,-0.2573464427750773,1,-0.3630844508880029,1,-0.4511464853153587
Mike Vrabel,00-0027948,Blaine Gabbert,2018,2018,1,3,-0.3571924596594796,0,,0,
Todd Bowles,00-0027948,Blaine Gabbert,2022,2022,1,3,-0.3571924596594796,0,,0,
Mike Zimmer,00-0027950,Christian Ponder,2014,2014,1,3,0.03174038399009307,0,,0,
Norv Turner,00-0027950,Christian Ponder,2014,2014,1,3,0.03174038399009307,0,,0,
Bill Lazor,00-0027973,Andy Dalton,2017,2021,3,6,0.13066679973299003,2,-0.21795210742544124,2,-0.15259913532861824
Brad Idzik,00-0027973,Andy Dalton,2024,2025,2,11,-0.042478999449481664,1,-0.1983137829912024,0,
Brian Callahan,00-0027973,Andy Dalton,2019,2019,1,8,0.04351207294338221,1,-0.4391216690042075,3,-0.19151923049278363
Chris Tabor,00-0027973,Andy Dalton,2023,2023,1,11,-0.042478999449481664,0,,1,-0.1983137829912024
Dave Canales,00-0027973,Andy Dalton,2024,2025,2,11,-0.042478999449481664,1,-0.1983137829912024,0,
Dennis Allen,00-0027973,Andy Dalton,2022,2022,1,10,-0.03603845062782642,1,-0.1068844876660341,1,-0.1983137829912024
Frank Reich; fired on November 27,00-0027973,Andy Dalton,2023,2023,1,11,-0.042478999449481664,0,,1,-0.1983137829912024
Hue Jackson,00-0027973,Andy Dalton,2014,2015,2,3,0.11507371732342636,2,0.11997687254969394,7,-0.17867966771502397
Jay Gruden,00-0027973,Andy Dalton,2011,2013,3,0,,3,0.11507371732342636,9,-0.11231154765619775
Kellen Moore,00-0027973,Andy Dalton,2020,2020,1,9,-0.010113898384127759,1,-0.2693594208211144,2,-0.15259913532861824
Ken Zampese,00-0027973,Andy Dalton,2016,2016,1,5,0.1170349794139334,1,0.1988259013282732,6,-0.24159726255557348
"Ken Zampese (fired Sept 15, 2017)",00-0027973,Andy Dalton,2017,2017,1,6,0.13066679973299003,1,-0.3192540322580645,5,-0.22606590861507528
Marvin Lewis,00-0027973,Andy Dalton,2011,2017,7,0,,7,0.06639239516283939,5,-0.22606590861507528
Matt Nagy,00-0027973,Andy Dalton,2021,2021,1,10,-0.03603845062782642,0,,2,-0.15259913532861824
Mike McCarthy,00-0027973,Andy Dalton,2020,2020,1,9,-0.010113898384127759,1,-0.2693594208211144,2,-0.15259913532861824
Pete Carmichael,00-0027973,Andy Dalton,2022,2022,1,10,-0.03603845062782642,1,-0.1068844876660341,1,-0.1983137829912024
Thomas Brown,00-0027973,Andy Dalton,2023,2023,1,11,-0.042478999449481664,0,,1,-0.1983137829912024
Zac Taylor,00-0027973,Andy Dalton,2019,2019,1,8,0.04351207294338221,1,-0.4391216690042075,3,-0.19151923049278363
Chip Kelly,00-0027974,Colin Kaepernick,2016,2016,1,2,0.015876138024053042,1,-0.4574240986717267,0,
Curtis Modkins,00-0027974,Colin Kaepernick,2016,2016,1,2,0.015876138024053042,1,-0.4574240986717267,0,
Geep Chryst,00-0027974,Colin Kaepernick,2015,2015,1,2,0.015876138024053042,0,,1,-0.4574240986717267
Greg Roman,00-0027974,Colin Kaepernick,2011,2014,4,0,,2,0.015876138024053042,1,-0.4574240986717267
Jim Harbaugh,00-0027974,Colin Kaepernick,2011,2014,4,0,,2,0.015876138024053042,1,-0.4574240986717267
Jim Tomsula,00-0027974,Colin Kaepernick,2015,2015,1,2,0.015876138024053042,0,,1,-0.4574240986717267
Aaron Glenn,00-0028118,Tyrod Taylor,2025,2025,1,3,0.04905846125161665,1,-0.4291982922201138,0,
Anthony Lynn,00-0028118,Tyrod Taylor,2016,2020,3,1,0.1426035146846412,1,0.2613259013282732,1,-0.4291982922201138
Brian Daboll,00-0028118,Tyrod Taylor,2022,2023,2,3,0.04905846125161665,0,,1,-0.4291982922201138
Cam Cameron,00-0028118,Tyrod Taylor,2011,2012,2,0,,0,,4,-0.07050572711631596
David Culley,00-0028118,Tyrod Taylor,2021,2021,1,3,0.04905846125161665,0,,1,-0.4291982922201138
Freddie Kitchens,00-0028118,Tyrod Taylor,2018,2018,1,3,0.04905846125161665,0,,1,-0.4291982922201138
Gary Kubiak,00-0028118,Tyrod Taylor,2014,2014,1,0,,0,,4,-0.07050572711631596
Greg Roman,00-0028118,Tyrod Taylor,2015,2015,1,0,,1,0.1426035146846412,3,-0.14154214104996835
Hue Jackson,00-0028118,Tyrod Taylor,2018,2018,1,3,0.04905846125161665,0,,1,-0.4291982922201138
Jeff Ulbrich,00-0028118,Tyrod Taylor,2024,2024,1,3,0.04905846125161665,0,,1,-0.4291982922201138
Jim Caldwell,00-0028118,Tyrod Taylor,2012,2013,2,0,,0,,4,-0.07050572711631596
John Harbaugh,00-0028118,Tyrod Taylor,2011,2014,4,0,,0,,4,-0.07050572711631596
Mike Kafka,00-0028118,Tyrod Taylor,2022,2023,2,3,0.04905846125161665,0,,1,-0.4291982922201138
Nathaniel Hackett,00-0028118,Tyrod Taylor,2024,2024,1,3,0.04905846125161665,0,,1,-0.4291982922201138
Rex Ryan,00-0028118,Tyrod Taylor,2015,2015,1,0,,1,0.1426035146846412,3,-0.14154214104996835
Rick Dennison,00-0028118,Tyrod Taylor,2017,2017,1,2,0.20196470800645722,1,-0.2567540322580645,1,-0.4291982922201138
Robert Saleh (fired on October 8),00-0028118,Tyrod Taylor,2024,2024,1,3,0.04905846125161665,0,,1,-0.4291982922201138
Sean McDermott,00-0028118,Tyrod Taylor,2017,2017,1,2,0.20196470800645722,1,-0.2567540322580645,1,-0.4291982922201138
Shane Steichen,00-0028118,Tyrod Taylor,2019,2020,2,3,0.04905846125161665,0,,1,-0.4291982922201138
Tanner Engstrand,00-0028118,Tyrod Taylor,2025,2025,1,3,0.04905846125161665,1,-0.4291982922201138,0,
Tim Kelly,00-0028118,Tyrod Taylor,2021,2021,1,3,0.04905846125161665,0,,1,-0.4291982922201138
Todd Haley,00-0028118,Tyrod Taylor,2018,2018,1,3,0.04905846125161665,0,,1,-0.4291982922201138
Alex Van Pelt,00-0028986,Case Keenum,2020,2021,2,4,-0.250181199709492,0,,0,
Bill Callahan,00-0028986,Case Keenum,2019,2019,1,3,-0.1696915387483833,1,-0.491650182592818,0,
Bill Musgrave,00-0028986,Case Keenum,2018,2018,1,2,-0.14178529199354276,1,-0.2255040322580644,1,-0.491650182592818
Bill O'Brien,00-0028986,Case Keenum,2014,2014,1,0,,0,,4,-0.250181199709492
Bobby Slowik,00-0028986,Case Keenum,2023,2023,1,4,-0.250181199709492,0,,0,
DeMeco Ryans,00-0028986,Case Keenum,2023,2023,1,4,-0.250181199709492,0,,0,
Gary Kubiak,00-0028986,Case Keenum,2013,2013,1,0,,0,,4,-0.250181199709492
Jay Gruden,00-0028986,Case Keenum,2019,2019,1,3,-0.1696915387483833,1,-0.491650182592818,0,
Jeff Fisher (Fired Week 14),00-0028986,Case Keenum,2016,2016,1,0,,1,-0.5136464853153587,3,-0.16235943784086973
John Fassel,00-0028986,Case Keenum,2016,2016,1,0,,1,-0.5136464853153587,3,-0.16235943784086973
Ken Dorsey,00-0028986,Case Keenum,2022,2022,1,4,-0.250181199709492,0,,0,
Kevin O'Connell,00-0028986,Case Keenum,2019,2019,1,3,-0.1696915387483833,1,-0.491650182592818,0,
Kevin Stefanski,00-0028986,Case Keenum,2020,2021,2,4,-0.250181199709492,0,,0,
Mike Zimmer,00-0028986,Case Keenum,2017,2017,1,1,-0.5136464853153587,1,0.2300759013282732,2,-0.3585771074254412
Pat Shurmur,00-0028986,Case Keenum,2017,2017,1,1,-0.5136464853153587,1,0.2300759013282732,2,-0.3585771074254412
Rick Dennison,00-0028986,Case Keenum,2013,2013,1,0,,0,,4,-0.250181199709492
Rob Boras,00-0028986,Case Keenum,2015,2016,2,0,,1,-0.5136464853153587,3,-0.16235943784086973
Sean McDermott,00-0028986,Case Keenum,2022,2022,1,4,-0.250181199709492,0,,0,
Vance Joseph,00-0028986,Case Keenum,2018,2018,1,2,-0.14178529199354276,1,-0.2255040322580644,1,-0.491650182592818
Arthur Smith,00-0029263,Russell Wilson,2024,2024,1,12,0.16745045943534667,1,-0.175357404692082,0,
"Brian Daboll (fired November 10, 2–8 record)",00-0029263,Russell Wilson,2025,2025,1,13,0.14108062373323677,0,,0,
Brian Schottenheimer,00-0029263,Russell Wilson,2018,2020,3,6,0.30254179973299,3,0.18749137204830327,4,-0.13591920150269293
Darrell Bevell,00-0029263,Russell Wilson,2012,2017,6,0,,6,0.30254179973299,7,0.002685330019162578
Jerry Rosburg,00-0029263,Russell Wilson,2022,2022,1,10,0.24521154937217354,1,-0.3670754928315412,2,-0.12549594617905804
Joe Lombardi,00-0029263,Russell Wilson,2023,2023,1,11,0.18954909099001768,1,-0.0756344876660341,1,-0.175357404692082
Justin Outten,00-0029263,Russell Wilson,2022,2022,1,10,0.24521154937217354,1,-0.3670754928315412,2,-0.12549594617905804
Mike Kafka,00-0029263,Russell Wilson,2025,2025,1,13,0.14108062373323677,0,,0,
Mike Tomlin,00-0029263,Russell Wilson,2024,2024,1,12,0.16745045943534667,1,-0.175357404692082,0,
Sean Payton,00-0029263,Russell Wilson,2023,2023,1,11,0.18954909099001768,1,-0.0756344876660341,1,-0.175357404692082
Shane Waldron,00-0029263,Russell Wilson,2021,2021,1,9,0.2641916571714278,1,0.0743905791788855,3,-0.20602246172988573
Tim Kelly,00-0029263,Russell Wilson,2025,2025,1,13,0.14108062373323677,0,,0,
Bill Lazor,00-0029567,Nick Foles,2020,2021,2,2,-0.023492110236628144,0,,0,
Brad Childress,00-0029567,Nick Foles,2016,2016,1,2,-0.023492110236628144,0,,0,
Chip Kelly,00-0029567,Nick Foles,2013,2014,2,0,,1,0.4494155491119971,1,-0.4963997695852534
Doug Marrone,00-0029567,Nick Foles,2019,2019,1,2,-0.023492110236628144,0,,0,
Doug Pederson,00-0029567,Nick Foles,2017,2018,2,2,-0.023492110236628144,0,,0,
Frank Reich,00-0029567,Nick Foles,2017,2017,1,2,-0.023492110236628144,0,,0,
Jeff Saturday,00-0029567,Nick Foles,2022,2022,1,2,-0.023492110236628144,0,,0,
John DeFilippo,00-0029567,Nick Foles,2019,2019,1,2,-0.023492110236628144,0,,0,
Marty Mornhinweg,00-0029567,Nick Foles,2012,2012,1,0,,0,,2,-0.023492110236628144
Matt Nagy,00-0029567,Nick Foles,2016,2021,3,2,-0.023492110236628144,0,,0,
Mike Groh,00-0029567,Nick Foles,2018,2018,1,2,-0.023492110236628144,0,,0,
Parks Frazier,00-0029567,Nick Foles,2022,2022,1,2,-0.023492110236628144,0,,0,
Pat Shurmur,00-0029567,Nick Foles,2013,2014,2,0,,1,0.4494155491119971,1,-0.4963997695852534
Rob Boras,00-0029567,Nick Foles,2015,2015,1,1,0.4494155491119971,1,-0.4963997695852534,0,
Gary Kubiak,00-0029604,Kirk Cousins,2020,2020,1,5,0.03182508631535572,1,0.1546283309957924,4,-0.010919201502692951
Jay Gruden,00-0029604,Kirk Cousins,2014,2017,4,0,,3,0.12542654880922036,7,-0.015171812837980272
Kevin O'Connell,00-0029604,Kirk Cousins,2022,2023,2,7,0.03759204882163666,2,-0.01822999024878765,1,0.0433925953079179
Kevin Stefanski,00-0029604,Kirk Cousins,2018,2019,2,3,0.12542654880922036,2,-0.10857710742544124,5,0.02219030499700412
Klint Kubiak,00-0029604,Kirk Cousins,2021,2021,1,6,0.052292293762095175,1,-0.0506094208211144,3,0.002310871603447532
Kyle Shanahan,00-0029604,Kirk Cousins,2012,2013,2,0,,0,,10,0.02700769565617992
Matt Cavanaugh,00-0029604,Kirk Cousins,2017,2017,1,2,0.22935187254969389,1,-0.0824240986717267,7,-0.015171812837980272
Mike Shanahan,00-0029604,Kirk Cousins,2012,2013,2,0,,0,,10,0.02700769565617992
Mike Zimmer,00-0029604,Kirk Cousins,2018,2021,4,3,0.12542654880922036,4,-0.028283826169051122,3,0.002310871603447532
Raheem Morris,00-0029604,Kirk Cousins,2024,2025,2,9,0.025187151250431253,1,0.0433925953079179,0,
Sean McVay,00-0029604,Kirk Cousins,2014,2016,3,0,,2,0.22935187254969389,8,-0.023578348567198575
Wes Phillips,00-0029604,Kirk Cousins,2022,2023,2,7,0.03759204882163666,2,-0.01822999024878765,1,0.0433925953079179
Zac Robinson,00-0029604,Kirk Cousins,2024,2025,2,9,0.025187151250431253,1,0.0433925953079179,0,
Greg Roman,00-0029665,Robert Griffin III,2018,2020,3,3,0.09424038399009309,0,,0,
Hue Jackson,00-0029665,Robert Griffin III,2016,2016,1,3,0.09424038399009309,0,,0,
Jay Gruden,00-0029665,Robert Griffin III,2014,2014,1,2,0.2522845531684599,1,-0.2218479543666405,0,
John Harbaugh,00-0029665,Robert Griffin III,2018,2020,3,3,0.09424038399009309,0,,0,
Kyle Shanahan,00-0029665,Robert Griffin III,2012,2013,2,0,,2,0.2522845531684599,1,-0.2218479543666405
Marty Mornhinweg,00-0029665,Robert Griffin III,2018,2018,1,3,0.09424038399009309,0,,0,
Mike Shanahan,00-0029665,Robert Griffin III,2012,2013,2,0,,2,0.2522845531684599,1,-0.2218479543666405
Sean McVay,00-0029665,Robert Griffin III,2014,2014,1,2,0.2522845531684599,1,-0.2218479543666405,0,
Bruce Arians,00-0029668,Andrew Luck,2012,2012,1,0,,1,0.3051535572249226,4,0.18460426929298332
Chuck Pagano,00-0029668,Andrew Luck,2012,2016,5,0,,4,0.2235186666637301,1,0.1494959677419355
Frank Reich,00-0029668,Andrew Luck,2018,2018,1,4,0.2235186666637301,1,0.1494959677419355,0,
Nick Sirianni,00-0029668,Andrew Luck,2018,2018,1,4,0.2235186666637301,1,0.1494959677419355,0,
Pep Hamilton,00-0029668,Andrew Luck,2013,2014,2,1,0.3051535572249226,2,0.2387837973726783,2,0.13042474121328834
Rob Chudzinski,00-0029668,Andrew Luck,2015,2016,2,3,0.26090705065675973,1,0.1113535146846412,1,0.1494959677419355
Bill O'Brien,00-0029677,Brandon Weeden,2018,2018,1,1,-0.1010964427750773,0,,0,
Jason Garrett,00-0029677,Brandon Weeden,2014,2015,2,1,-0.1010964427750773,0,,0,
Norv Turner,00-0029677,Brandon Weeden,2013,2013,1,1,-0.1010964427750773,0,,0,
Rob Chudzinski,00-0029677,Brandon Weeden,2013,2013,1,1,-0.1010964427750773,0,,0,
Scott Linehan,00-0029677,Brandon Weeden,2015,2015,1,1,-0.1010964427750773,0,,0,
Dowell Loggains,00-0029682,Brock Osweiler,2018,2018,1,1,-0.4511464853153587,0,,0,
Gary Kubiak,00-0029682,Brock Osweiler,2015,2015,1,0,,0,,1,-0.4511464853153587
John Fox,00-0029682,Brock Osweiler,2012,2014,3,0,,0,,1,-0.4511464853153587
Mike McCoy,00-0029682,Brock Osweiler,2012,2012,1,0,,0,,1,-0.4511464853153587
"Mike McCoy (fired November 20, 2017)",00-0029682,Brock Osweiler,2017,2017,1,1,-0.4511464853153587,0,,0,
Rick Dennison,00-0029682,Brock Osweiler,2015,2015,1,0,,0,,1,-0.4511464853153587
Vance Joseph,00-0029682,Brock Osweiler,2017,2017,1,1,-0.4511464853153587,0,,0,
Adam Gase,00-0029701,Ryan Tannehill,2016,2018,2,4,-0.014357154403743529,2,-0.2289502587867116,4,0.10038580868757968
Arthur Smith,00-0029701,Ryan Tannehill,2019,2020,2,6,-0.08588818919806622,2,0.3314890742014872,2,-0.13071745682632785
Bill Lazor,00-0029701,Ryan Tannehill,2014,2014,1,2,-0.0602154468315401,1,0.1844020456333595,7,-0.025393864629765405
Clyde Christensen,00-0029701,Ryan Tannehill,2016,2016,1,4,-0.014357154403743529,1,-0.0448964853153587,5,-0.0022921595015491514
Dan Campbell,00-0029701,Ryan Tannehill,2015,2015,1,3,0.02132371732342643,1,-0.1213997695852534,6,-0.009392880470517418
Dowell Loggains,00-0029701,Ryan Tannehill,2018,2018,1,5,-0.020465020586066564,1,-0.4130040322580645,4,0.10038580868757968
Joe Philbin,00-0029701,Ryan Tannehill,2012,2014,3,0,,3,0.02132371732342643,7,-0.025393864629765405
Joe Philbin {{small|(fired on October 5)}},00-0029701,Ryan Tannehill,2015,2015,1,3,0.02132371732342643,1,-0.1213997695852534,6,-0.009392880470517418
Mike Sherman,00-0029701,Ryan Tannehill,2012,2013,2,0,,2,-0.0602154468315401,8,0.000830624153125202
Mike Vrabel,00-0029701,Ryan Tannehill,2019,2023,5,6,-0.08588818919806622,4,0.10038580868757968,0,
Tim Kelly,00-0029701,Ryan Tannehill,2023,2023,1,10,-0.011378590043807858,0,,0,
Todd Downing,00-0029701,Ryan Tannehill,2021,2022,2,8,0.018456126651822138,2,-0.13071745682632785,0,
Zac Taylor,00-0029701,Ryan Tannehill,2015,2015,1,3,0.02132371732342643,1,-0.1213997695852534,6,-0.009392880470517418
Dirk Koetter,00-0030520,Mike Glennon,2016,2016,1,1,-0.1323464427750773,0,,1,-0.397900182592818
Doug Marrone,00-0030520,Mike Glennon,2020,2020,1,1,-0.1323464427750773,1,-0.397900182592818,0,
Dowell Loggains,00-0030520,Mike Glennon,2017,2017,1,1,-0.1323464427750773,0,,1,-0.397900182592818
Freddie Kitchens,00-0030520,Mike Glennon,2021,2021,1,2,-0.2651233126839476,0,,0,
Greg Olson,00-0030520,Mike Glennon,2019,2019,1,1,-0.1323464427750773,0,,1,-0.397900182592818
Greg Schiano,00-0030520,Mike Glennon,2013,2013,1,0,,1,-0.1323464427750773,1,-0.397900182592818
Jason Garrett (fired after week 11),00-0030520,Mike Glennon,2021,2021,1,2,-0.2651233126839476,0,,0,
Jay Gruden,00-0030520,Mike Glennon,2020,2020,1,1,-0.1323464427750773,1,-0.397900182592818,0,
Jeff Tedford,00-0030520,Mike Glennon,2014,2014,1,1,-0.1323464427750773,0,,1,-0.397900182592818
Joe Judge,00-0030520,Mike Glennon,2021,2021,1,2,-0.2651233126839476,0,,0,
John Fox,00-0030520,Mike Glennon,2017,2017,1,1,-0.1323464427750773,0,,1,-0.397900182592818
Jon Gruden,00-0030520,Mike Glennon,2019,2019,1,1,-0.1323464427750773,0,,1,-0.397900182592818
Lovie Smith,00-0030520,Mike Glennon,2014,2014,1,1,-0.1323464427750773,0,,1,-0.397900182592818
"Mike McCoy (fired Oct 19, 2018)",00-0030520,Mike Glennon,2018,2018,1,1,-0.1323464427750773,0,,1,-0.397900182592818
Mike Sullivan,00-0030520,Mike Glennon,2013,2013,1,0,,1,-0.1323464427750773,1,-0.397900182592818
Steve Wilks,00-0030520,Mike Glennon,2018,2018,1,1,-0.1323464427750773,0,,1,-0.397900182592818
Todd Monken,00-0030520,Mike Glennon,2016,2016,1,1,-0.1323464427750773,0,,1,-0.397900182592818
Anthony Lynn,00-0030526,EJ Manuel,2016,2016,1,1,-0.0698464427750773,0,,0,
Greg Roman,00-0030526,EJ Manuel,2015,2015,1,1,-0.0698464427750773,0,,0,
Jack Del Rio,00-0030526,EJ Manuel,2017,2017,1,1,-0.0698464427750773,0,,0,
Rex Ryan,00-0030526,EJ Manuel,2015,2015,1,1,-0.0698464427750773,0,,0,
Todd Downing,00-0030526,EJ Manuel,2017,2017,1,1,-0.0698464427750773,0,,0,
Brian Daboll,00-0030533,Matt Barkley,2018,2020,3,1,-0.1526497695852534,0,,0,
Chip Kelly,00-0030533,Matt Barkley,2013,2014,2,0,,0,,1,-0.1526497695852534
Doug Pederson,00-0030533,Matt Barkley,2023,2023,1,1,-0.1526497695852534,0,,0,
Pat Shurmur,00-0030533,Matt Barkley,2013,2014,2,0,,0,,1,-0.1526497695852534
Press Taylor,00-0030533,Matt Barkley,2023,2023,1,1,-0.1526497695852534,0,,0,
Sean McDermott,00-0030533,Matt Barkley,2018,2020,3,1,-0.1526497695852534,0,,0,
Anthony Lynn,00-0030565,Geno Smith,2018,2018,1,2,-0.2320904468315401,0,,4,-0.08123170150269296
Ben McAdoo,00-0030565,Geno Smith,2017,2017,1,2,-0.2320904468315401,0,,4,-0.08123170150269296
Brian Schottenheimer,00-0030565,Geno Smith,2020,2020,1,2,-0.2320904468315401,0,,4,-0.08123170150269296
Chan Gailey,00-0030565,Geno Smith,2015,2016,2,2,-0.2320904468315401,0,,4,-0.08123170150269296
Greg Olson,00-0030565,Geno Smith,2025,2025,1,5,-0.04775005899635399,1,-0.550357404692082,0,
Ken Whisenhunt,00-0030565,Geno Smith,2018,2018,1,2,-0.2320904468315401,0,,4,-0.08123170150269296
Marty Mornhinweg,00-0030565,Geno Smith,2013,2014,2,0,,2,-0.2320904468315401,4,-0.08123170150269296
Mike Macdonald,00-0030565,Geno Smith,2024,2024,1,4,-0.056403951828933964,1,-0.0131344876660341,1,-0.550357404692082
Mike Sullivan,00-0030565,Geno Smith,2017,2017,1,2,-0.2320904468315401,0,,4,-0.08123170150269296
Pete Carroll,00-0030565,Geno Smith,2025,2025,1,5,-0.04775005899635399,1,-0.550357404692082,0,
Rex Ryan,00-0030565,Geno Smith,2013,2014,2,0,,2,-0.2320904468315401,4,-0.08123170150269296
Ryan Grubb,00-0030565,Geno Smith,2024,2024,1,4,-0.056403951828933964,1,-0.0131344876660341,1,-0.550357404692082
Shane Waldron,00-0030565,Geno Smith,2021,2023,3,2,-0.2320904468315401,2,0.11928254317367215,2,-0.28174594617905807
Steve Spagnuolo,00-0030565,Geno Smith,2017,2017,1,2,-0.2320904468315401,0,,4,-0.08123170150269296
Todd Bowles,00-0030565,Geno Smith,2015,2016,2,2,-0.2320904468315401,0,,4,-0.08123170150269296
George Godsey,00-0031064,Tom Savage,2016,2016,1,0,,0,,1,-0.1213997695852534
Ben Johnson,00-0031237,Teddy Bridgewater,2023,2023,1,4,0.009353722871509327,0,,0,
Dan Campbell,00-0031237,Teddy Bridgewater,2023,2023,1,4,0.009353722871509327,0,,0,
Frank Smith,00-0031237,Teddy Bridgewater,2022,2022,1,4,0.009353722871509327,0,,0,
Joe Brady,00-0031237,Teddy Bridgewater,2020,2020,1,2,0.11165955316845985,1,-0.1317540322580644,1,-0.054150182592818
Josh Grizzard,00-0031237,Teddy Bridgewater,2025,2025,1,4,0.009353722871509327,0,,0,
Matt Rhule,00-0031237,Teddy Bridgewater,2020,2020,1,2,0.11165955316845985,1,-0.1317540322580644,1,-0.054150182592818
Mike McDaniel,00-0031237,Teddy Bridgewater,2022,2022,1,4,0.009353722871509327,0,,0,
Mike Zimmer,00-0031237,Teddy Bridgewater,2014,2017,3,0,,2,0.11165955316845985,2,-0.0929521074254412
Norv Turner,00-0031237,Teddy Bridgewater,2014,2015,2,0,,2,0.11165955316845985,2,-0.0929521074254412
Pat Shurmur,00-0031237,Teddy Bridgewater,2017,2021,2,2,0.11165955316845985,1,-0.054150182592818,0,
Pete Carmichael,00-0031237,Teddy Bridgewater,2018,2019,2,2,0.11165955316845985,0,,2,-0.0929521074254412
Sean Payton,00-0031237,Teddy Bridgewater,2018,2019,2,2,0.11165955316845985,0,,2,-0.0929521074254412
Todd Bowles,00-0031237,Teddy Bridgewater,2025,2025,1,4,0.009353722871509327,0,,0,
Vic Fangio,00-0031237,Teddy Bridgewater,2021,2021,1,3,0.030521691359618436,1,-0.054150182592818,0,
"Ken Whisenhunt (fired November 3, 2015)",00-0031266,Zach Mettenberger,2015,2015,1,1,-0.2260964427750773,0,,0,
Mike Mularkey,00-0031266,Zach Mettenberger,2015,2015,1,1,-0.2260964427750773,0,,0,
Bill Musgrave,00-0031280,Derek Carr,2015,2016,2,1,-0.2885964427750773,2,0.0512837973726783,8,-0.07549139388501057
Darren Rizzi,00-0031280,Derek Carr,2024,2024,1,10,-0.04853845062782641,1,-0.3045754928315412,0,
Dennis Allen,00-0031280,Derek Carr,2014,2023,2,0,,2,-0.1071029317980959,1,-0.3045754928315412
Dennis Allen (fired on November 4),00-0031280,Derek Carr,2024,2024,1,10,-0.04853845062782641,1,-0.3045754928315412,0,
Greg Olson,00-0031280,Derek Carr,2014,2021,5,0,,5,-0.10786424832260906,3,-0.10851886088562106
Jack Del Rio,00-0031280,Derek Carr,2015,2017,3,1,-0.2885964427750773,3,0.024972608386701067,7,-0.08232591164211875
Jon Gruden,00-0031280,Derek Carr,2018,2020,3,4,-0.05341965440374352,3,-0.023858205415050005,4,-0.1261766913124203
Josh McDaniels,00-0031280,Derek Carr,2022,2022,1,8,-0.05805042705661777,1,-0.0953716690042075,2,-0.11509245682632784
Klint Kubiak,00-0031280,Derek Carr,2024,2024,1,10,-0.04853845062782641,1,-0.3045754928315412,0,
Mick Lombardi,00-0031280,Derek Carr,2022,2022,1,8,-0.05805042705661777,1,-0.0953716690042075,2,-0.11509245682632784
Pete Carmichael,00-0031280,Derek Carr,2023,2023,1,9,-0.06219723171746107,1,0.0743905791788855,1,-0.3045754928315412
Rich Bisaccia,00-0031280,Derek Carr,2021,2021,1,7,-0.04075046198001773,1,-0.179150182592818,3,-0.10851886088562106
Todd Downing,00-0031280,Derek Carr,2017,2017,1,3,-0.0620096160099069,1,-0.0276497695852534,7,-0.08232591164211875
Tony Sparano,00-0031280,Derek Carr,2014,2014,1,0,,1,-0.2885964427750773,10,-0.05013635563347281
Antonio Pierce,00-0031345,Jimmy Garoppolo,2023,2023,1,3,0.3185180165770825,0,,0,
Bill Belichick,00-0031345,Jimmy Garoppolo,2014,2016,3,0,,0,,3,0.3185180165770825
Bo Hardegree,00-0031345,Jimmy Garoppolo,2023,2023,1,3,0.3185180165770825,0,,0,
Josh McDaniels,00-0031345,Jimmy Garoppolo,2014,2016,3,0,,0,,3,0.3185180165770825
Josh McDaniels; fired on October 31,00-0031345,Jimmy Garoppolo,2023,2023,1,3,0.3185180165770825,0,,0,
Mick Lombardi; fired on October 31,00-0031345,Jimmy Garoppolo,2023,2023,1,3,0.3185180165770825,0,,0,
Mike LaFleur,00-0031345,Jimmy Garoppolo,2024,2025,2,3,0.3185180165770825,0,,0,
Mike McDaniel,00-0031345,Jimmy Garoppolo,2021,2021,1,1,0.3550759013282732,1,0.258349817407182,1,0.3421283309957924
Sean McVay,00-0031345,Jimmy Garoppolo,2024,2025,2,3,0.3185180165770825,0,,0,
Doug Marrone,00-0031407,Blake Bortles,2016,2018,3,2,-0.2164654468315401,3,-0.18146473642241756,0,
Greg Olson,00-0031407,Blake Bortles,2015,2016,2,1,-0.2573464427750773,2,-0.2299662026273217,2,-0.13002312745030611
Gus Bradley,00-0031407,Blake Bortles,2014,2016,3,0,,3,-0.23909294934324024,2,-0.13002312745030611
Nathaniel Hackett,00-0031407,Blake Bortles,2016,2018,3,2,-0.2164654468315401,3,-0.18146473642241756,0,
Scott Milanovich,00-0031407,Blake Bortles,2018,2018,1,4,-0.13154465440374358,1,-0.4511464853153587,0,
Sean McVay,00-0031407,Blake Bortles,2019,2019,1,5,-0.1954650205860666,0,,0,
"Brian Daboll (fired November 10, 2–8 record)",00-0031503,Jameis Winston,2025,2025,1,7,-0.04513407942993027,0,,0,
Bruce Arians,00-0031503,Jameis Winston,2019,2019,1,4,0.14189284559625642,1,-0.0761464853153587,2,-0.40368172653958945
Byron Leftwich,00-0031503,Jameis Winston,2019,2019,1,4,0.14189284559625642,1,-0.0761464853153587,2,-0.40368172653958945
Dennis Allen,00-0031503,Jameis Winston,2022,2023,2,6,0.02869514413526708,0,,1,-0.4881094208211144
Dirk Koetter,00-0031503,Jameis Winston,2015,2018,4,0,,4,0.14189284559625642,3,-0.2945033127981792
Ken Dorsey,00-0031503,Jameis Winston,2024,2024,1,6,0.02869514413526708,1,-0.4881094208211144,0,
Kevin Stefanski,00-0031503,Jameis Winston,2024,2024,1,6,0.02869514413526708,1,-0.4881094208211144,0,
Lovie Smith,00-0031503,Jameis Winston,2015,2015,1,0,,1,0.2739035572249226,6,-0.09830701887240574
Mike Kafka,00-0031503,Jameis Winston,2025,2025,1,7,-0.04513407942993027,0,,0,
Pete Carmichael,00-0031503,Jameis Winston,2020,2023,4,5,0.0982849794139334,1,-0.3192540322580645,1,-0.4881094208211144
Sean Payton,00-0031503,Jameis Winston,2020,2021,2,5,0.0982849794139334,1,-0.3192540322580645,1,-0.4881094208211144
Tim Kelly,00-0031503,Jameis Winston,2025,2025,1,7,-0.04513407942993027,0,,0,
Todd Monken,00-0031503,Jameis Winston,2016,2018,3,1,0.2739035572249226,3,0.0978892750533677,3,-0.2945033127981792
Kliff Kingsbury,00-0031589,Brett Hundley,2019,2019,1,1,0.0906520456333594,0,,0,
Arthur Smith,00-0031800,Taylor Heinicke,2023,2023,1,2,-0.2804521074254412,0,,0,
Bill O'Brien,00-0031800,Taylor Heinicke,2017,2017,1,0,,0,,2,-0.2804521074254412
Dave Ragone,00-0031800,Taylor Heinicke,2023,2023,1,2,-0.2804521074254412,0,,0,
Greg Roman,00-0031800,Taylor Heinicke,2024,2024,1,2,-0.2804521074254412,0,,0,
Jim Harbaugh,00-0031800,Taylor Heinicke,2024,2024,1,2,-0.2804521074254412,0,,0,
Norv Turner,00-0031800,Taylor Heinicke,2018,2018,1,0,,0,,2,-0.2804521074254412
Adam Gase,00-0032156,Trevor Siemian,2019,2019,1,2,-0.3237162026273217,0,,0,
Dowell Loggains,00-0032156,Trevor Siemian,2019,2019,1,2,-0.3237162026273217,0,,0,
Gary Kubiak,00-0032156,Trevor Siemian,2015,2016,2,0,,1,-0.2693344508880029,1,-0.3780979543666405
Luke Getsy,00-0032156,Trevor Siemian,2022,2022,1,2,-0.3237162026273217,0,,0,
Matt Eberflus,00-0032156,Trevor Siemian,2022,2022,1,2,-0.3237162026273217,0,,0,
"Mike McCoy (fired November 20, 2017)",00-0032156,Trevor Siemian,2017,2017,1,1,-0.2693344508880029,1,-0.3780979543666405,0,
Nathaniel Hackett,00-0032156,Trevor Siemian,2023,2023,1,2,-0.3237162026273217,0,,0,
Pete Carmichael,00-0032156,Trevor Siemian,2021,2021,1,2,-0.3237162026273217,0,,0,
Rick Dennison,00-0032156,Trevor Siemian,2015,2016,2,0,,1,-0.2693344508880029,1,-0.3780979543666405
Robert Saleh,00-0032156,Trevor Siemian,2023,2023,1,2,-0.3237162026273217,0,,0,
Sean Payton,00-0032156,Trevor Siemian,2021,2021,1,2,-0.3237162026273217,0,,0,
Vance Joseph,00-0032156,Trevor Siemian,2017,2017,1,1,-0.2693344508880029,1,-0.3780979543666405,0,
Arthur Smith,00-0032268,Marcus Mariota,2019,2022,2,4,-0.12373215440374352,1,-0.147900182592818,0,
Brian Johnson,00-0032268,Marcus Mariota,2023,2023,1,5,-0.12856576004155842,0,,0,
Dan Quinn,00-0032268,Marcus Mariota,2024,2025,2,5,-0.12856576004155842,0,,0,
Dave Ragone,00-0032268,Marcus Mariota,2022,2022,1,4,-0.12373215440374352,1,-0.147900182592818,0,
Greg Olson,00-0032268,Marcus Mariota,2020,2021,2,4,-0.12373215440374352,0,,1,-0.147900182592818
Jason Michael,00-0032268,Marcus Mariota,2015,2015,1,0,,1,-0.2573464427750773,4,-0.0963705893581787
Jon Gruden,00-0032268,Marcus Mariota,2020,2020,1,4,-0.12373215440374352,0,,1,-0.147900182592818
"Ken Whisenhunt (fired November 3, 2015)",00-0032268,Marcus Mariota,2015,2015,1,0,,1,-0.2573464427750773,4,-0.0963705893581787
Kliff Kingsbury,00-0032268,Marcus Mariota,2024,2025,2,5,-0.12856576004155842,0,,0,
Matt LaFleur,00-0032268,Marcus Mariota,2018,2018,1,3,-0.08284294934324023,1,-0.2463997695852534,1,-0.147900182592818
Mike Mularkey,00-0032268,Marcus Mariota,2015,2017,3,0,,3,-0.08284294934324023,2,-0.1971499760890357
Mike Vrabel,00-0032268,Marcus Mariota,2018,2019,2,3,-0.08284294934324023,1,-0.2463997695852534,1,-0.147900182592818
Nick Sirianni,00-0032268,Marcus Mariota,2023,2023,1,5,-0.12856576004155842,0,,0,
Rich Bisaccia,00-0032268,Marcus Mariota,2021,2021,1,4,-0.12373215440374352,0,,1,-0.147900182592818
Terry Robiskie,00-0032268,Marcus Mariota,2016,2017,2,1,-0.2573464427750773,2,0.004408797372678297,2,-0.1971499760890357
Andy Reid,00-0032950,Carson Wentz,2024,2024,1,6,0.031708466399656694,0,,0,
Doug Pederson,00-0032950,Carson Wentz,2016,2020,5,0,,5,0.017034979413933393,1,0.1050759013282732
Jordan Traylor,00-0032950,Carson Wentz,2025,2025,1,6,0.031708466399656694,0,,0,
Kevin O'Connell,00-0032950,Carson Wentz,2025,2025,1,6,0.031708466399656694,0,,0,
Marcus Brady,00-0032950,Carson Wentz,2021,2021,1,5,0.017034979413933393,1,0.1050759013282732,0,
Matt Nagy,00-0032950,Carson Wentz,2024,2024,1,6,0.031708466399656694,0,,0,
Mike Groh,00-0032950,Carson Wentz,2018,2019,2,2,0.22103455316845985,2,0.031501138024052994,2,-0.15741029199354276
Mike LaFleur,00-0032950,Carson Wentz,2023,2023,1,6,0.031708466399656694,0,,0,
Ron Rivera,00-0032950,Carson Wentz,2022,2022,1,6,0.031708466399656694,0,,0,
Scott Turner,00-0032950,Carson Wentz,2022,2022,1,6,0.031708466399656694,0,,0,
Sean McVay,00-0032950,Carson Wentz,2023,2023,1,6,0.031708466399656694,0,,0,
Wes Phillips,00-0032950,Carson Wentz,2025,2025,1,6,0.031708466399656694,0,,0,
Brian Schottenheimer,00-0033077,Dak Prescott,2023,2025,3,6,0.2672322085758724,3,0.11037290919395336,0,
Jason Garrett,00-0033077,Dak Prescott,2016,2019,4,0,,4,0.2903303455962564,5,0.15463811933041374
Kellen Moore,00-0033077,Dak Prescott,2019,2022,4,3,0.2504903839900931,3,0.28397403316165176,3,0.11037290919395336
Klayton Adams,00-0033077,Dak Prescott,2025,2025,1,8,0.1973589249822761,1,0.3556405791788856,0,
Mike McCarthy,00-0033077,Dak Prescott,2020,2024,5,4,0.2903303455962564,4,0.10438750436829579,1,0.3556405791788856
Scott Linehan,00-0033077,Dak Prescott,2016,2018,3,0,,3,0.2504903839900931,6,0.1971734711778026
Doug Marrone,00-0033104,Cody Kessler,2018,2018,1,1,-0.0385964427750773,0,,0,
Nathaniel Hackett,00-0033104,Cody Kessler,2018,2018,1,1,-0.0385964427750773,0,,0,
Scott Milanovich,00-0033104,Cody Kessler,2018,2018,1,1,-0.0385964427750773,0,,0,
Anthony Lynn,00-0033106,Jared Goff,2021,2021,1,4,0.1246928349611861,1,-0.2386740986717267,4,0.2685911738309488
Ben Johnson,00-0033106,Jared Goff,2022,2024,3,5,0.05201944823460354,3,0.2812413720483033,1,0.2306405791788855
Dan Campbell,00-0033106,Jared Goff,2021,2025,5,4,0.1246928349611861,5,0.16713811933041373,0,
Jedd Fisch,00-0033106,Jared Goff,2019,2019,1,2,0.4106587973726783,1,-0.0901497695852534,6,0.10054901855611832
Jeff Fisher (Fired Week 14),00-0033106,Jared Goff,2016,2016,1,0,,0,,9,0.1482735484996459
John Fassel,00-0033106,Jared Goff,2016,2016,1,0,,0,,9,0.1482735484996459
John Morton,00-0033106,Jared Goff,2025,2025,1,8,0.13797766966474095,1,0.2306405791788855,0,
Kevin O'Connell,00-0033106,Jared Goff,2020,2020,1,3,0.24372260838670104,1,-0.2323964853153587,5,0.16713811933041373
Matt LaFleur,00-0033106,Jared Goff,2017,2017,1,0,,1,0.3869155491119971,8,0.11844329842310203
Rob Boras,00-0033106,Jared Goff,2016,2016,1,0,,0,,9,0.1482735484996459
Sean McVay,00-0033106,Jared Goff,2017,2020,4,0,,4,0.1246928349611861,5,0.16713811933041373
Alex Van Pelt,00-0033119,Jacoby Brissett,2022,2024,2,2,-0.1172421102366282,1,0.0557459677419355,1,-0.2381094208211144
Bill Belichick,00-0033119,Jacoby Brissett,2016,2016,1,0,,0,,4,-0.10421191838810882
Brian Flores,00-0033119,Jacoby Brissett,2021,2021,1,2,-0.1172421102366282,0,,2,-0.09118172653958945
Chuck Pagano,00-0033119,Jacoby Brissett,2017,2017,1,0,,1,-0.2380844508880029,3,-0.059587740888144135
Drew Petzing,00-0033119,Jacoby Brissett,2025,2025,1,3,-0.05957941757710697,1,-0.2381094208211144,0,
Eric Bieniemy,00-0033119,Jacoby Brissett,2023,2023,1,3,-0.05957941757710697,0,,1,-0.2381094208211144
Eric Studesville,00-0033119,Jacoby Brissett,2021,2021,1,2,-0.1172421102366282,0,,2,-0.09118172653958945
Frank Reich,00-0033119,Jacoby Brissett,2018,2020,3,1,-0.2380844508880029,1,0.0036002304147465,2,-0.09118172653958945
George Godsey,00-0033119,Jacoby Brissett,2021,2021,1,2,-0.1172421102366282,0,,2,-0.09118172653958945
Jerod Mayo,00-0033119,Jacoby Brissett,2024,2024,1,3,-0.05957941757710697,0,,1,-0.2381094208211144
Jonathan Gannon,00-0033119,Jacoby Brissett,2025,2025,1,3,-0.05957941757710697,1,-0.2381094208211144,0,
Josh McDaniels,00-0033119,Jacoby Brissett,2016,2016,1,0,,0,,4,-0.10421191838810882
Kevin Stefanski,00-0033119,Jacoby Brissett,2022,2022,1,2,-0.1172421102366282,1,0.0557459677419355,1,-0.2381094208211144
Nick Sirianni,00-0033119,Jacoby Brissett,2018,2020,3,1,-0.2380844508880029,1,0.0036002304147465,2,-0.09118172653958945
Rob Chudzinski,00-0033119,Jacoby Brissett,2017,2017,1,0,,1,-0.2380844508880029,3,-0.059587740888144135
Ron Rivera,00-0033119,Jacoby Brissett,2023,2023,1,3,-0.05957941757710697,0,,1,-0.2381094208211144
Alex Van Pelt,00-0033275,PJ Walker,2023,2023,1,1,-0.1761740986717267,0,,0,
Jeff Nixon,00-0033275,PJ Walker,2021,2021,1,0,,0,,1,-0.1761740986717267
Joe Brady,00-0033275,PJ Walker,2020,2020,1,0,,0,,1,-0.1761740986717267
Joe Brady (fired mid season),00-0033275,PJ Walker,2021,2021,1,0,,0,,1,-0.1761740986717267
Kevin Stefanski,00-0033275,PJ Walker,2023,2023,1,1,-0.1761740986717267,0,,0,
Matt Rhule,00-0033275,PJ Walker,2020,2021,2,0,,0,,1,-0.1761740986717267
Alex Van Pelt,00-0033319,Nick Mullens,2021,2021,1,2,-0.11724211023662814,0,,0,
Grant Udinski,00-0033319,Nick Mullens,2024,2025,2,2,-0.11724211023662814,0,,0,
Kevin O'Connell,00-0033319,Nick Mullens,2022,2024,3,2,-0.11724211023662814,0,,0,
Kevin Stefanski,00-0033319,Nick Mullens,2021,2021,1,2,-0.11724211023662814,0,,0,
Liam Coen,00-0033319,Nick Mullens,2025,2025,1,2,-0.11724211023662814,0,,0,
Wes Phillips,00-0033319,Nick Mullens,2022,2024,3,2,-0.11724211023662814,0,,0,
Alex Van Pelt,00-0033537,Deshaun Watson,2022,2023,2,3,0.17080594172003435,1,-0.4130040322580645,0,
Bill O'Brien,00-0033537,Deshaun Watson,2017,2020,4,0,,3,0.17080594172003435,1,-0.4130040322580645
Ken Dorsey,00-0033537,Deshaun Watson,2024,2024,1,4,0.02485344822550964,0,,0,
Kevin Stefanski,00-0033537,Deshaun Watson,2022,2024,3,3,0.17080594172003435,1,-0.4130040322580645,0,
Romeo Crennel,00-0033537,Deshaun Watson,2020,2020,1,2,0.1762837973726783,1,0.1598502304147465,1,-0.4130040322580645
Tim Kelly,00-0033537,Deshaun Watson,2019,2020,2,1,0.0744155491119971,2,0.219001138024053,1,-0.4130040322580645
Bill Lazor,00-0033869,Mitchell Trubisky,2020,2020,1,3,-0.10367628267657357,1,-0.2463997695852534,0,
Brian Daboll,00-0033869,Mitchell Trubisky,2021,2021,1,4,-0.13935715440374352,0,,0,
Dowell Loggains,00-0033869,Mitchell Trubisky,2017,2017,1,0,,1,-0.1635964427750773,3,-0.13127739161329893
Eddie Faulkner,00-0033869,Mitchell Trubisky,2023,2023,1,4,-0.13935715440374352,0,,0,
Joe Brady,00-0033869,Mitchell Trubisky,2024,2025,2,4,-0.13935715440374352,0,,0,
John Fox,00-0033869,Mitchell Trubisky,2017,2017,1,0,,1,-0.1635964427750773,3,-0.13127739161329893
Mark Helfrich,00-0033869,Mitchell Trubisky,2018,2019,2,1,-0.1635964427750773,2,-0.0737162026273217,1,-0.2463997695852534
Matt Canada,00-0033869,Mitchell Trubisky,2022,2022,1,4,-0.13935715440374352,0,,0,
Matt Canada; fired after Week 11,00-0033869,Mitchell Trubisky,2023,2023,1,4,-0.13935715440374352,0,,0,
Matt Nagy,00-0033869,Mitchell Trubisky,2018,2020,3,1,-0.1635964427750773,3,-0.13127739161329893,0,
Mike Tomlin,00-0033869,Mitchell Trubisky,2022,2023,2,4,-0.13935715440374352,0,,0,
Sean McDermott,00-0033869,Mitchell Trubisky,2021,2025,3,4,-0.13935715440374352,0,,0,
Eric Bieniemy,00-0033873,Patrick Mahomes,2018,2022,5,0,,5,0.4645194482346035,3,0.13540803871496998
Joe Philbin,00-0033899,DeShone Kizer,2018,2018,1,1,-0.2885964427750773,0,,0,
Josh McDaniels,00-0033949,Joshua Dobbs,2025,2025,1,1,-0.2255040322580644,0,,0,
Kyle Shanahan,00-0033949,Joshua Dobbs,2024,2024,1,1,-0.2255040322580644,0,,0,
Mike Tomlin,00-0033949,Joshua Dobbs,2018,2020,2,0,,0,,1,-0.2255040322580644
Randy Fichtner,00-0033949,Joshua Dobbs,2018,2020,2,0,,0,,1,-0.2255040322580644
Todd Downing,00-0033949,Joshua Dobbs,2022,2022,1,0,,0,,1,-0.2255040322580644
Arthur Smith,00-0034343,Josh Rosen,2021,2021,1,1,-0.2885964427750773,0,,0,
Brian Flores,00-0034343,Josh Rosen,2019,2019,1,1,-0.2885964427750773,0,,0,
Chad O'Shea,00-0034343,Josh Rosen,2019,2019,1,1,-0.2885964427750773,0,,0,
Dave Ragone,00-0034343,Josh Rosen,2021,2021,1,1,-0.2885964427750773,0,,0,
Arthur Smith,00-0034577,Kyle Allen,2024,2024,1,1,-0.3005844508880029,0,,0,
Dan Campbell,00-0034577,Kyle Allen,2025,2025,1,1,-0.3005844508880029,0,,0,
Joe Brady,00-0034577,Kyle Allen,2023,2023,1,1,-0.3005844508880029,0,,0,
John Morton,00-0034577,Kyle Allen,2025,2025,1,1,-0.3005844508880029,0,,0,
Ken Dorsey; fired after Week 10,00-0034577,Kyle Allen,2023,2023,1,1,-0.3005844508880029,0,,0,
Lovie Smith,00-0034577,Kyle Allen,2022,2022,1,1,-0.3005844508880029,0,,0,
Mike Tomlin,00-0034577,Kyle Allen,2024,2024,1,1,-0.3005844508880029,0,,0,
Pep Hamilton,00-0034577,Kyle Allen,2022,2022,1,1,-0.3005844508880029,0,,0,
Sean McDermott,00-0034577,Kyle Allen,2023,2023,1,1,-0.3005844508880029,0,,0,
Arthur Smith,00-0034771,Mason Rudolph,2025,2025,1,2,-0.4349192415730337,0,,0,
Brian Callahan,00-0034771,Mason Rudolph,2024,2024,1,1,-0.3943344508880029,1,-0.4755040322580645,0,
Eddie Faulkner,00-0034771,Mason Rudolph,2023,2023,1,1,-0.3943344508880029,0,,1,-0.4755040322580645
Matt Canada,00-0034771,Mason Rudolph,2021,2021,1,1,-0.3943344508880029,0,,1,-0.4755040322580645
Matt Canada; fired after Week 11,00-0034771,Mason Rudolph,2023,2023,1,1,-0.3943344508880029,0,,1,-0.4755040322580645
Nick Holz,00-0034771,Mason Rudolph,2024,2024,1,1,-0.3943344508880029,1,-0.4755040322580645,0,
Randy Fichtner,00-0034771,Mason Rudolph,2019,2020,2,0,,1,-0.3943344508880029,1,-0.4755040322580645
Greg Roman,00-0034796,Lamar Jackson,2018,2022,5,0,,4,0.1950053349611861,3,0.24389056215913027
Marty Mornhinweg,00-0034796,Lamar Jackson,2018,2018,1,0,,0,,7,0.21595614661744786
Todd Monken,00-0034796,Lamar Jackson,2023,2025,3,4,0.1950053349611861,3,0.24389056215913027,0,
Alex Van Pelt,00-0034855,Baker Mayfield,2020,2021,2,2,0.002284553168459852,2,0.10962613802405305,3,0.08764056215913024
Ben McAdoo,00-0034855,Baker Mayfield,2022,2022,1,4,0.05595534559625645,0,,3,0.08764056215913024
Dave Canales,00-0034855,Baker Mayfield,2023,2023,1,4,0.05595534559625645,1,0.1363259013282732,2,0.06329789257455876
Freddie Kitchens,00-0034855,Baker Mayfield,2018,2019,2,0,,2,0.002284553168459852,5,0.09643479250509937
Hue Jackson,00-0034855,Baker Mayfield,2018,2018,1,0,,1,0.0864035572249226,6,0.06672325193958233
Josh Grizzard,00-0034855,Baker Mayfield,2025,2025,1,6,0.11098220857587242,1,-0.179150182592818,0,
Kevin Stefanski,00-0034855,Baker Mayfield,2020,2021,2,2,0.002284553168459852,2,0.10962613802405305,3,0.08764056215913024
Liam Coen,00-0034855,Baker Mayfield,2024,2024,1,5,0.0720294567426598,1,0.3057459677419355,1,-0.179150182592818
Steve Wilks,00-0034855,Baker Mayfield,2022,2022,1,4,0.05595534559625645,0,,3,0.08764056215913024
Todd Bowles,00-0034855,Baker Mayfield,2023,2025,3,4,0.05595534559625645,3,0.08764056215913024,0,
Todd Haley,00-0034855,Baker Mayfield,2018,2018,1,0,,1,0.0864035572249226,6,0.06672325193958233
Todd Monken,00-0034855,Baker Mayfield,2019,2019,1,1,0.0864035572249226,1,-0.0818344508880029,5,0.09643479250509937
Brian Daboll,00-0034857,Josh Allen,2018,2021,4,0,,4,0.11845534559625648,4,0.39825630029050796
Joe Brady,00-0034857,Josh Allen,2023,2025,3,5,0.17953497941393343,3,0.3897238954924636,0,
Ken Dorsey,00-0034857,Josh Allen,2022,2022,1,4,0.11845534559625648,1,0.4238535146846413,3,0.3897238954924636
Ken Dorsey; fired after Week 10,00-0034857,Josh Allen,2023,2023,1,5,0.17953497941393343,1,0.4175759013282732,2,0.37579789257455876
Adam Gase,00-0034869,Sam Darnold,2019,2020,2,1,-0.1948464427750773,2,-0.4487162026273217,3,-0.11285132814537867
Ben McAdoo,00-0034869,Sam Darnold,2022,2022,1,4,-0.3815446544037435,0,,2,0.0476728925745587
Dowell Loggains,00-0034869,Sam Darnold,2019,2020,2,1,-0.1948464427750773,2,-0.4487162026273217,3,-0.11285132814537867
Grant Udinski,00-0034869,Sam Darnold,2024,2024,1,4,-0.3815446544037435,1,0.0244959677419355,1,0.0708498174071819
Jeff Nixon,00-0034869,Sam Darnold,2021,2021,1,3,-0.36409294934324027,1,-0.4338997695852534,2,0.0476728925745587
Jeremy Bates,00-0034869,Sam Darnold,2018,2018,1,0,,1,-0.1948464427750773,5,-0.24719727793815588
Joe Brady (fired mid season),00-0034869,Sam Darnold,2021,2021,1,3,-0.36409294934324027,1,-0.4338997695852534,2,0.0476728925745587
Kevin O'Connell,00-0034869,Sam Darnold,2024,2024,1,4,-0.3815446544037435,1,0.0244959677419355,1,0.0708498174071819
Klint Kubiak,00-0034869,Sam Darnold,2025,2025,1,5,-0.30033652997460775,1,0.0708498174071819,0,
Kyle Shanahan,00-0034869,Sam Darnold,2023,2023,1,4,-0.3815446544037435,0,,2,0.0476728925745587
Matt Rhule,00-0034869,Sam Darnold,2021,2021,1,3,-0.36409294934324027,1,-0.4338997695852534,2,0.0476728925745587
Mike Macdonald,00-0034869,Sam Darnold,2025,2025,1,5,-0.30033652997460775,1,0.0708498174071819,0,
Steve Wilks,00-0034869,Sam Darnold,2022,2022,1,4,-0.3815446544037435,0,,2,0.0476728925745587
Todd Bowles,00-0034869,Sam Darnold,2018,2018,1,0,,1,-0.1948464427750773,5,-0.24719727793815588
Wes Phillips,00-0034869,Sam Darnold,2024,2024,1,4,-0.3815446544037435,1,0.0244959677419355,1,0.0708498174071819
Drew Petzing,00-0035228,Kyler Murray,2023,2025,3,4,0.08720534559625646,1,0.1988259013282732,0,
Jonathan Gannon,00-0035228,Kyler Murray,2023,2025,3,4,0.08720534559625646,1,0.1988259013282732,0,
Kliff Kingsbury,00-0035228,Kyler Murray,2019,2022,4,0,,4,0.08720534559625646,1,0.1988259013282732
Andy Reid,00-0035289,Gardner Minshew,2025,2025,1,3,-0.1698890089207209,0,,0,
Antonio Pierce,00-0035289,Gardner Minshew,2024,2024,1,2,-0.026121464045218,1,-0.4574240986717267,0,
Doug Marrone,00-0035289,Gardner Minshew,2019,2020,2,0,,1,-0.0385964427750773,2,-0.2355352919935427
Jay Gruden,00-0035289,Gardner Minshew,2020,2020,1,1,-0.0385964427750773,0,,2,-0.2355352919935427
Jim Bob Cooter,00-0035289,Gardner Minshew,2023,2023,1,1,-0.0385964427750773,1,-0.0136464853153587,1,-0.4574240986717267
John DeFilippo,00-0035289,Gardner Minshew,2019,2019,1,0,,1,-0.0385964427750773,2,-0.2355352919935427
Luke Getsy (fired on November 5),00-0035289,Gardner Minshew,2024,2024,1,2,-0.026121464045218,1,-0.4574240986717267,0,
Matt Nagy,00-0035289,Gardner Minshew,2025,2025,1,3,-0.1698890089207209,0,,0,
Nick Sirianni,00-0035289,Gardner Minshew,2021,2022,2,1,-0.0385964427750773,0,,2,-0.2355352919935427
Scott Turner,00-0035289,Gardner Minshew,2024,2024,1,2,-0.026121464045218,1,-0.4574240986717267,0,
Shane Steichen,00-0035289,Gardner Minshew,2021,2023,3,1,-0.0385964427750773,1,-0.0136464853153587,1,-0.4574240986717267
Brian Daboll,00-0035704,Drew Lock,2024,2024,1,1,-0.3943344508880029,0,,0,
Klint Kubiak,00-0035704,Drew Lock,2025,2025,1,1,-0.3943344508880029,0,,0,
Mike Kafka,00-0035704,Drew Lock,2024,2024,1,1,-0.3943344508880029,0,,0,
Mike Macdonald,00-0035704,Drew Lock,2025,2025,1,1,-0.3943344508880029,0,,0,
Rich Scangarello,00-0035704,Drew Lock,2019,2019,1,0,,0,,1,-0.3943344508880029
Shane Waldron,00-0035704,Drew Lock,2023,2023,1,1,-0.3943344508880029,0,,0,
Brian Daboll,00-0035710,Daniel Jones,2022,2024,3,3,-0.30159294934324027,3,-0.20790678452411296,1,0.2432459677419355
Freddie Kitchens,00-0035710,Daniel Jones,2021,2021,1,2,-0.2164654468315401,1,-0.4718479543666405,4,-0.09511859645760085
Jason Garrett,00-0035710,Daniel Jones,2020,2020,1,1,-0.0698464427750773,1,-0.3630844508880029,5,-0.17046446803940876
Jason Garrett (fired after week 11),00-0035710,Daniel Jones,2021,2021,1,2,-0.2164654468315401,1,-0.4718479543666405,4,-0.09511859645760085
Jim Bob Cooter,00-0035710,Daniel Jones,2025,2025,1,6,-0.2547498669336766,1,0.2432459677419355,0,
Joe Judge,00-0035710,Daniel Jones,2020,2021,2,1,-0.0698464427750773,2,-0.4174662026273217,4,-0.09511859645760085
Mike Kafka,00-0035710,Daniel Jones,2022,2024,3,3,-0.30159294934324027,3,-0.20790678452411296,1,0.2432459677419355
Mike Shula,00-0035710,Daniel Jones,2019,2019,1,0,,1,-0.0698464427750773,6,-0.20256779851417447
Pat Shurmur,00-0035710,Daniel Jones,2019,2019,1,0,,1,-0.0698464427750773,6,-0.20256779851417447
Shane Steichen,00-0035710,Daniel Jones,2025,2025,1,6,-0.2547498669336766,1,0.2432459677419355,0,
Brian Flores,00-0036212,Tua Tagovailoa,2020,2021,2,0,,2,0.017909553168459852,4,0.05423292301525513
Chan Gailey,00-0036212,Tua Tagovailoa,2020,2020,1,0,,1,0.1489035572249226,5,0.020769448234603527
Eric Studesville,00-0036212,Tua Tagovailoa,2021,2021,1,1,0.1489035572249226,1,-0.1130844508880029,4,0.05423292301525513
Frank Smith,00-0036212,Tua Tagovailoa,2022,2025,4,2,0.017909553168459852,4,0.05423292301525513,0,
George Godsey,00-0036212,Tua Tagovailoa,2021,2021,1,1,0.1489035572249226,1,-0.1130844508880029,4,0.05423292301525513
Mike McDaniel,00-0036212,Tua Tagovailoa,2022,2025,4,2,0.017909553168459852,4,0.05423292301525513,0,
Nathaniel Hackett,00-0036264,Jordan Love,2021,2021,1,0,,0,,3,0.323343215475887
Anthony Lynn,00-0036355,Justin Herbert,2020,2020,1,0,,1,0.2426535572249226,5,0.027019448234603522
Brandon Staley,00-0036355,Justin Herbert,2021,2022,2,1,0.2426535572249226,2,0.23878379737267824,3,-0.11415678452411297
Brandon Staley; fired on December 15,00-0036355,Justin Herbert,2023,2023,1,3,0.2400737173234264,1,-0.2463997695852534,2,-0.04803529199354275
Giff Smith,00-0036355,Justin Herbert,2023,2023,1,3,0.2400737173234264,1,-0.2463997695852534,2,-0.04803529199354275
Greg Roman,00-0036355,Justin Herbert,2024,2025,2,4,0.11845534559625644,2,-0.04803529199354275,0,
Jim Harbaugh,00-0036355,Justin Herbert,2024,2025,2,4,0.11845534559625644,2,-0.04803529199354275,0,
Joe Lombardi,00-0036355,Justin Herbert,2021,2022,2,1,0.2426535572249226,2,0.23878379737267824,3,-0.11415678452411297
Kellen Moore,00-0036355,Justin Herbert,2023,2023,1,3,0.2400737173234264,1,-0.2463997695852534,2,-0.04803529199354275
Shane Steichen,00-0036355,Justin Herbert,2020,2020,1,0,,1,0.2426535572249226,5,0.027019448234603522
Brian Johnson,00-0036389,Jalen Hurts,2023,2023,1,2,0.3325337973726783,1,0.2848502304147465,2,0.1394647080064573
Doug Pederson,00-0036389,Jalen Hurts,2020,2020,1,0,,0,,5,0.24576944823460356
Kellen Moore,00-0036389,Jalen Hurts,2024,2024,1,3,0.3166392750533677,1,0.2988535146846413,1,-0.0199240986717267
Kevin Patullo,00-0036389,Jalen Hurts,2025,2025,1,4,0.3121928349611861,1,-0.0199240986717267,0,
Shane Steichen,00-0036389,Jalen Hurts,2021,2022,2,0,,2,0.3325337973726783,3,0.18792654880922036
Brian Callahan,00-0036442,Joe Burrow,2020,2023,4,0,,4,0.14189284559625645,2,0.09258970800645729
Dan Pitcher,00-0036442,Joe Burrow,2024,2025,2,4,0.14189284559625645,2,0.09258970800645729,0,
Bobby Slowik,00-0036898,Davis Mills,2023,2024,2,2,-0.3414654468315401,0,,0,
David Culley,00-0036898,Davis Mills,2021,2021,1,0,,1,-0.2573464427750773,1,-0.4255844508880029
DeMeco Ryans,00-0036898,Davis Mills,2023,2025,3,2,-0.3414654468315401,0,,0,
Lovie Smith,00-0036898,Davis Mills,2022,2022,1,1,-0.2573464427750773,1,-0.4255844508880029,0,
Nick Caley,00-0036898,Davis Mills,2025,2025,1,2,-0.3414654468315401,0,,0,
Pep Hamilton,00-0036898,Davis Mills,2022,2022,1,1,-0.2573464427750773,1,-0.4255844508880029,0,
Tim Kelly,00-0036898,Davis Mills,2021,2021,1,0,,1,-0.2573464427750773,1,-0.4255844508880029
Aaron Glenn,00-0036945,Justin Fields,2025,2025,1,3,-0.1557596160099069,0,,0,
Arthur Smith,00-0036945,Justin Fields,2024,2024,1,3,-0.1557596160099069,0,,0,
Bill Lazor,00-0036945,Justin Fields,2021,2021,1,0,,1,-0.1948464427750773,2,-0.1362162026273217
Luke Getsy,00-0036945,Justin Fields,2022,2023,2,1,-0.1948464427750773,2,-0.1362162026273217,0,
Matt Eberflus,00-0036945,Justin Fields,2022,2023,2,1,-0.1948464427750773,2,-0.1362162026273217,0,
Matt Nagy,00-0036945,Justin Fields,2021,2021,1,0,,1,-0.1948464427750773,2,-0.1362162026273217
Mike Tomlin,00-0036945,Justin Fields,2024,2024,1,3,-0.1557596160099069,0,,0,
Tanner Engstrand,00-0036945,Justin Fields,2025,2025,1,3,-0.1557596160099069,0,,0,
Darrell Bevell,00-0036971,Trevor Lawrence,2021,2021,1,0,,1,-0.1635964427750773,4,0.0543803349611861
Doug Pederson,00-0036971,Trevor Lawrence,2022,2024,3,1,-0.1635964427750773,3,0.05622260838670107,1,0.0488535146846412
Grant Udinski,00-0036971,Trevor Lawrence,2025,2025,1,4,0.0012678455962564783,1,0.0488535146846412,0,
Liam Coen,00-0036971,Trevor Lawrence,2025,2025,1,4,0.0012678455962564783,1,0.0488535146846412,0,
Press Taylor,00-0036971,Trevor Lawrence,2022,2024,3,1,-0.1635964427750773,3,0.05622260838670107,1,0.0488535146846412
Urban Meyer (fired mid season),00-0036971,Trevor Lawrence,2021,2021,1,0,,1,-0.1635964427750773,4,0.0543803349611861
Bill O'Brien,00-0036972,Mac Jones,2023,2023,1,2,0.11165955316845985,1,-0.4405979543666405,0,
Doug Pederson,00-0036972,Mac Jones,2024,2024,1,3,-0.0724262826765736,0,,0,
Josh McDaniels,00-0036972,Mac Jones,2021,2021,1,0,,1,0.3989035572249226,2,-0.3080912026273217
Klay Kubiak,00-0036972,Mac Jones,2025,2025,1,3,-0.0724262826765736,0,,0,
Kyle Shanahan,00-0036972,Mac Jones,2025,2025,1,3,-0.0724262826765736,0,,0,
Press Taylor,00-0036972,Mac Jones,2024,2024,1,3,-0.0724262826765736,0,,0,
Frank Smith,00-0037013,Zach Wilson,2025,2025,1,3,-0.3120096160099069,0,,0,
Mike LaFleur,00-0037013,Zach Wilson,2021,2022,2,0,,2,-0.2320904468315401,1,-0.4718479543666405
Mike McDaniel,00-0037013,Zach Wilson,2025,2025,1,3,-0.3120096160099069,0,,0,
Nathaniel Hackett,00-0037013,Zach Wilson,2023,2023,1,2,-0.2320904468315401,1,-0.4718479543666405,0,
Mike Macdonald,00-0037077,Sam Howell,2024,2024,1,1,-0.2068344508880029,0,,0,
Ryan Grubb,00-0037077,Sam Howell,2024,2024,1,1,-0.2068344508880029,0,,0,
Scott Turner,00-0037077,Sam Howell,2022,2022,1,0,,0,,1,-0.2068344508880029
Klay Kubiak,00-0037834,Brock Purdy,2025,2025,1,2,0.3637837973726783,1,0.3161002304147465,0,
Eddie Faulkner,00-0038102,Kenny Pickett,2023,2023,1,1,0.3364035572249226,1,-0.1443344508880029,0,
Greg Olson,00-0038102,Kenny Pickett,2025,2025,1,2,0.09603455316845985,0,,0,
Kellen Moore,00-0038102,Kenny Pickett,2024,2024,1,2,0.09603455316845985,0,,0,
Matt Canada,00-0038102,Kenny Pickett,2022,2022,1,0,,1,0.3364035572249226,1,-0.1443344508880029
Matt Canada; fired after Week 11,00-0038102,Kenny Pickett,2023,2023,1,1,0.3364035572249226,1,-0.1443344508880029,0,
Nick Sirianni,00-0038102,Kenny Pickett,2024,2024,1,2,0.09603455316845985,0,,0,
Pete Carroll,00-0038102,Kenny Pickett,2025,2025,1,2,0.09603455316845985,0,,0,
Antonio Pierce,00-0038122,Desmond Ridder,2024,2024,1,1,-0.2693344508880029,0,,0,
Luke Getsy (fired on November 5),00-0038122,Desmond Ridder,2024,2024,1,1,-0.2693344508880029,0,,0,
Scott Turner,00-0038122,Desmond Ridder,2024,2024,1,1,-0.2693344508880029,0,,0,
Greg Olson,00-0038579,Aidan O'Connell,2025,2025,1,1,-0.1010964427750773,0,,0,
Luke Getsy (fired on November 5),00-0038579,Aidan O'Connell,2024,2024,1,1,-0.1010964427750773,0,,0,
Pete Carroll,00-0038579,Aidan O'Connell,2025,2025,1,1,-0.1010964427750773,0,,0,
Scott Turner,00-0038579,Aidan O'Connell,2024,2024,1,1,-0.1010964427750773,0,,0,
Brad Idzik,00-0039150,Bryce Young,2024,2025,2,1,-0.1948464427750773,1,-0.2843479543666405,0,
Chris Tabor,00-0039150,Bryce Young,2023,2023,1,0,,1,-0.1948464427750773,1,-0.2843479543666405
Dave Canales,00-0039150,Bryce Young,2024,2025,2,1,-0.1948464427750773,1,-0.2843479543666405,0,
Frank Reich; fired on November 27,00-0039150,Bryce Young,2023,2023,1,0,,1,-0.1948464427750773,1,-0.2843479543666405
Thomas Brown,00-0039150,Bryce Young,2023,2023,1,0,,1,-0.1948464427750773,1,-0.2843479543666405
Brian Callahan,00-0039152,Will Levis,2024,2024,1,1,0.2426535572249226,0,,0,
Nick Holz,00-0039152,Will Levis,2024,2024,1,1,0.2426535572249226,0,,0,
Bobby Slowik,00-0039163,C.J. Stroud,2023,2024,2,0,,2,0.03353455316845985,1,-0.1593479543666405
Nick Caley,00-0039163,C.J. Stroud,2025,2025,1,2,0.03353455316845985,1,-0.1593479543666405,0,
Alex Van Pelt,00-0039851,Drake Maye,2024,2024,1,0,,1,-0.1323464427750773,1,0.5431655491119971
Jerod Mayo,00-0039851,Drake Maye,2024,2024,1,0,,1,-0.1323464427750773,1,0.5431655491119971
Josh McDaniels,00-0039851,Drake Maye,2025,2025,1,1,-0.1323464427750773,1,0.5431655491119971,0,
Mike Vrabel,00-0039851,Drake Maye,2025,2025,1,1,-0.1323464427750773,1,0.5431655491119971,0,
Ben Johnson,00-0039918,Caleb Williams,2025,2025,1,1,-0.1010964427750773,1,0.3244155491119971,0,
Chris Beatty,00-0039918,Caleb Williams,2024,2024,1,0,,1,-0.1010964427750773,1,0.3244155491119971
Declan Doyle,00-0039918,Caleb Williams,2025,2025,1,1,-0.1010964427750773,1,0.3244155491119971,0,
Matt Eberflus (fired on November 29),00-0039918,Caleb Williams,2024,2024,1,0,,1,-0.1010964427750773,1,0.3244155491119971
Shane Waldron (fired on November 10),00-0039918,Caleb Williams,2024,2024,1,0,,1,-0.1010964427750773,1,0.3244155491119971
Thomas Brown,00-0039918,Caleb Williams,2024,2024,1,0,,1,-0.1010964427750773,1,0.3244155491119971
