season,team,games,total_points,ppg,plays,total_epa,mean_epa,total_yards,games_est,yards_per_game,epa_per_play,epa_rank,epa_per_play_pctile,ppg_rank,ppg_pctile,ypg_rank,yards_per_game_pctile
2000,ARI,16,210.0,13.125,973,-126.77205249617856,-0.1302898792355381,4528.0,16,283.0,-0.1302898792355381,25,0.22580645161290322,29,0.0967741935483871,24,0.25806451612903225
2000,ATL,16,252.0,15.75,981,-189.15964562674287,-0.1928232881006553,3998.0,16,249.875,-0.1928232881006553,30,0.06451612903225806,27,0.16129032258064516,30,0.06451612903225806
2000,BAL,16,333.0,20.8125,1105,-60.32244333612793,-0.0545904464580343,5018.0,16,313.625,-0.0545904464580343,19,0.41935483870967744,14,0.5806451612903226,16,0.5161290322580645
2000,BUF,16,315.0,19.6875,1071,-64.18468329118407,-0.0599296762756153,5246.0,15,327.875,-0.0599296762756153,21,0.3548387096774194,20,0.3870967741935484,15,0.5483870967741935
2000,CAR,16,310.0,19.375,1041,-58.84628437851957,-0.0565286113146201,4663.0,16,291.4375,-0.0565286113146201,20,0.3870967741935484,21,0.3548387096774194,20,0.3870967741935484
2000,CHI,16,216.0,13.5,1021,-148.31372770411986,-0.145263200493751,4541.0,16,283.8125,-0.145263200493751,27,0.16129032258064516,28,0.12903225806451613,23,0.2903225806451613
2000,CIN,16,185.0,11.5625,1045,-163.55120438335155,-0.1565083295534464,4247.0,16,265.4375,-0.1565083295534464,28,0.12903225806451613,30,0.06451612903225806,27,0.16129032258064516
2000,CLE,16,161.0,10.0625,892,-193.9650052569609,-0.2174495574629606,3530.0,16,220.625,-0.2174495574629606,31,0.03225806451612903,31,0.03225806451612903,31,0.03225806451612903
2000,DAL,16,294.0,18.375,1003,-73.51167500021062,-0.0732917996014064,4479.0,16,279.9375,-0.0732917996014064,23,0.2903225806451613,23,0.2903225806451613,25,0.22580645161290322
2000,DEN,16,485.0,30.3125,1171,100.00068862989691,0.0853976845686566,6571.0,16,410.6875,0.0853976845686566,6,0.8387096774193549,2,0.967741935483871,2,0.967741935483871
2000,DET,16,307.0,19.1875,1044,-145.4896721197194,-0.1393579234863212,4430.0,16,276.875,-0.1393579234863212,26,0.1935483870967742,22,0.3225806451612903,26,0.1935483870967742
2000,GB,16,353.0,22.0625,1089,-9.191329471635498,-0.0084401556213365,5325.0,16,332.8125,-0.0084401556213365,12,0.6451612903225806,11,0.6774193548387096,13,0.6129032258064516
2000,IND,16,429.0,26.8125,1077,132.51387313510517,0.1230398079248887,6145.0,16,384.0625,0.1230398079248887,2,0.967741935483871,4,0.9032258064516129,3,0.9354838709677419
2000,JAX,16,367.0,22.9375,1113,11.253630251488364,0.0101110783930713,5692.0,16,355.75,0.0101110783930713,9,0.7419354838709677,8,0.7741935483870968,7,0.8064516129032258
2000,KC,16,355.0,22.1875,970,20.442792796620484,0.0210750441202273,5265.0,15,329.0625,0.0210750441202273,7,0.8064516129032258,9,0.7419354838709677,14,0.5806451612903226
2000,LA,16,540.0,33.75,1059,171.3795979986155,0.1618315372980316,7083.0,16,442.6875,0.1618315372980316,1,1.0,1,1.0,1,1.0
2000,LAC,16,269.0,16.8125,969,-164.04600569453686,-0.1692941235237738,4113.0,15,257.0625,-0.1692941235237738,29,0.0967741935483871,26,0.1935483870967742,29,0.0967741935483871
2000,LV,16,479.0,29.9375,1068,101.07637550031907,0.0946408010302613,5779.0,16,361.1875,0.0946408010302613,4,0.9032258064516129,3,0.9354838709677419,6,0.8387096774193549
2000,MIA,16,323.0,20.1875,915,-30.3918011358388,-0.0332150832085669,4207.0,15,262.9375,-0.0332150832085669,16,0.5161290322580645,16,0.5161290322580645,28,0.12903225806451613
2000,MIN,16,397.0,24.8125,999,104.0887051343298,0.1041928980323621,5965.0,16,372.8125,0.1041928980323621,3,0.9354838709677419,5,0.8709677419354839,5,0.8709677419354839
2000,NE,16,276.0,17.25,1088,-86.3694354221382,-0.0793836722629946,4573.0,16,285.8125,-0.0793836722629946,24,0.25806451612903225,25,0.22580645161290322,22,0.3225806451612903
2000,NO,16,354.0,22.125,1082,7.34653727335576,0.0067897756685358,5404.0,16,337.75,0.0067897756685358,10,0.7096774193548387,10,0.7096774193548387,8,0.7741935483870968
2000,NYG,16,328.0,20.5,1096,15.004723700829077,0.0136904413328732,5376.0,16,336.0,0.0136904413328732,8,0.7741935483870968,15,0.5483870967741935,11,0.6774193548387096
2000,NYJ,16,321.0,20.0625,1122,-81.1073049906344,-0.0722881506155386,5403.0,16,337.6875,-0.0722881506155386,22,0.3225806451612903,17,0.46774193548387094,9,0.7419354838709677
2000,PHI,16,351.0,21.9375,1062,-2.8914744917271724,-0.0027226690129257,5015.0,16,313.4375,-0.0027226690129257,11,0.6774193548387096,12,0.6451612903225806,17,0.4838709677419355
2000,PIT,16,321.0,20.0625,1064,-50.52682133090984,-0.04748761403281,4768.0,16,298.0,-0.04748761403281,17,0.4838709677419355,17,0.46774193548387094,18,0.45161290322580644
2000,SEA,16,320.0,20.0,996,-53.08448132772253,-0.0532976720157856,4680.0,16,292.5,-0.0532976720157856,18,0.45161290322580644,19,0.41935483870967744,19,0.41935483870967744
2000,SF,16,388.0,24.25,1069,93.49197241174872,0.0874574110493439,6046.0,16,377.875,0.0874574110493439,5,0.8709677419354839,6,0.8225806451612904,4,0.9032258064516129
2000,TB,16,388.0,24.25,994,-14.97095340083243,-0.0150613213288052,4658.0,16,291.125,-0.0150613213288052,13,0.6129032258064516,6,0.8225806451612904,21,0.3548387096774194
2000,TEN,16,346.0,21.625,1073,-34.84850345401687,-0.0324776360242468,5350.0,16,334.375,-0.0324776360242468,15,0.5483870967741935,13,0.6129032258064516,12,0.6451612903225806
2000,WAS,16,281.0,17.5625,1086,-31.5780393694952,-0.0290773843181355,5396.0,16,337.25,-0.0290773843181355,14,0.5806451612903226,24,0.25806451612903225,10,0.7096774193548387
2001,ARI,16,295.0,18.4375,989,-26.3205977510716,-0.0266133445410228,4906.0,16,306.625,-0.0266133445410228,14,0.5806451612903226,20,0.3870967741935484,18,0.45161290322580644
2001,ATL,16,291.0,18.1875,1032,-62.53473097645684,-0.0605956695508302,5073.0,16,317.0625,-0.0605956695508302,20,0.3870967741935484,23,0.2903225806451613,15,0.5483870967741935
2001,BAL,16,303.0,18.9375,1124,-102.53268493697604,-0.0912212499439288,5126.0,16,320.375,-0.0912212499439288,25,0.22580645161290322,18,0.45161290322580644,14,0.5806451612903226
2001,BUF,16,265.0,16.5625,1058,-70.42027906422395,-0.0665598100796067,5139.0,16,321.1875,-0.0665598100796067,22,0.3225806451612903,27,0.16129032258064516,13,0.6129032258064516
2001,CAR,16,253.0,15.8125,1015,-200.93779765827472,-0.1979682735549504,4256.0,16,266.0,-0.1979682735549504,30,0.06451612903225806,29,0.0967741935483871,30,0.06451612903225806
2001,CHI,16,338.0,21.125,1061,-66.58088165294022,-0.0627529516050331,4698.0,16,293.625,-0.0627529516050331,21,0.3548387096774194,11,0.6774193548387096,27,0.16129032258064516
2001,CIN,16,226.0,14.125,1115,-99.63531870696823,-0.0893590302304647,4802.0,16,300.125,-0.0893590302304647,24,0.25806451612903225,31,0.03225806451612903,23,0.2903225806451613
2001,CLE,16,285.0,17.8125,974,-108.5390971746636,-0.1114364447378476,4154.0,16,259.625,-0.1114364447378476,28,0.12903225806451613,25,0.22580645161290322,31,0.03225806451612903
2001,DAL,16,246.0,15.375,981,-123.7320634264572,-0.1261285050218727,4402.0,16,275.125,-0.1261285050218727,29,0.0967741935483871,30,0.06451612903225806,29,0.0967741935483871
2001,DEN,16,340.0,21.25,1085,-45.8376066643988,-0.0422466420870035,4823.0,16,301.4375,-0.0422466420870035,17,0.4838709677419355,10,0.7096774193548387,21,0.3387096774193548
2001,DET,16,270.0,16.875,1083,-111.25940945634078,-0.1027326033761226,4999.0,16,312.4375,-0.1027326033761226,27,0.16129032258064516,26,0.1935483870967742,16,0.5161290322580645
2001,GB,16,390.0,24.375,981,52.54878777065024,0.0535665522636597,5467.0,16,341.6875,0.0535665522636597,5,0.8709677419354839,5,0.8709677419354839,6,0.8387096774193549
2001,IND,16,413.0,25.8125,1059,6.1067939990692,0.005766566571359,5962.0,16,372.625,0.005766566571359,7,0.8064516129032258,2,0.967741935483871,2,0.967741935483871
2001,JAX,16,294.0,18.375,1001,-281.8510127024819,-0.2815694432592227,4842.0,16,302.625,-0.2815694432592227,31,0.03225806451612903,21,0.3387096774193548,20,0.3870967741935484
2001,KC,16,320.0,20.0,1058,13.943609581642042,0.0131792151055217,5679.0,16,354.9375,0.0131792151055217,6,0.8387096774193549,16,0.5161290322580645,5,0.8709677419354839
2001,LA,16,503.0,31.4375,1035,137.87058764432456,0.1332082972408932,6695.0,16,418.4375,0.1332082972408932,1,1.0,1,1.0,1,1.0
2001,LAC,16,332.0,20.75,1048,-16.293260141919,-0.0155470039522127,5200.0,16,325.0,-0.0155470039522127,9,0.7419354838709677,14,0.5806451612903226,11,0.6774193548387096
2001,LV,16,399.0,24.9375,1062,74.68925980985264,0.0703288698774507,5364.0,16,335.25,0.0703288698774507,3,0.9354838709677419,4,0.9032258064516129,7,0.8064516129032258
2001,MIA,16,344.0,21.5,982,-21.592756585115552,-0.0219885504940076,4823.0,16,301.4375,-0.0219885504940076,12,0.6451612903225806,8,0.7741935483870968,21,0.3387096774193548
2001,MIN,16,290.0,18.125,1018,-50.28797335425156,-0.0493987950434691,5191.0,16,324.4375,-0.0493987950434691,19,0.41935483870967744,24,0.25806451612903225,12,0.6451612903225806
2001,NE,16,371.0,23.1875,1035,-18.946903379502984,-0.0183061868400995,4883.0,16,305.1875,-0.0183061868400995,11,0.6774193548387096,6,0.8387096774193549,19,0.41935483870967744
2001,NO,16,333.0,20.8125,1063,-73.94738213533473,-0.0695647997510204,5228.0,16,326.75,-0.0695647997510204,23,0.2903225806451613,13,0.6129032258064516,10,0.7096774193548387
2001,NYG,16,294.0,18.375,1065,-49.31834454964682,-0.0463083047414524,5339.0,16,333.6875,-0.0463083047414524,18,0.45161290322580644,21,0.3387096774193548,9,0.7419354838709677
2001,NYJ,16,308.0,19.25,957,-31.27040854084764,-0.0326754530207394,4785.0,16,299.0625,-0.0326754530207394,15,0.5483870967741935,17,0.4838709677419355,24,0.25806451612903225
2001,PHI,16,343.0,21.4375,1003,-35.74620080989129,-0.0356392829610082,4924.0,16,307.75,-0.0356392829610082,16,0.5161290322580645,9,0.7419354838709677,17,0.4838709677419355
2001,PIT,16,352.0,22.0,1103,64.64729125562496,0.0586104181827968,5888.0,16,368.0,0.0586104181827968,4,0.9032258064516129,7,0.8064516129032258,3,0.9354838709677419
2001,SEA,16,301.0,18.8125,1016,-17.404326504213447,-0.0171302426222573,4774.0,16,298.375,-0.0171302426222573,10,0.7096774193548387,19,0.41935483870967744,25,0.22580645161290322
2001,SF,16,409.0,25.5625,1069,102.31070134509464,0.095706923615617,5692.0,16,355.75,0.095706923615617,2,0.967741935483871,3,0.9354838709677419,4,0.9032258064516129
2001,TB,16,324.0,20.25,1078,-24.961282473649003,-0.0231551785469842,4706.0,16,294.125,-0.0231551785469842,13,0.6129032258064516,15,0.5483870967741935,26,0.1935483870967742
2001,TEN,16,336.0,21.0,1069,-9.999088738302172,-0.0093536845072985,5358.0,16,334.875,-0.0093536845072985,8,0.7741935483870968,12,0.6451612903225806,8,0.7741935483870968
2001,WAS,16,256.0,16.0,993,-100.84589905701267,-0.1015567966334468,4439.0,16,277.4375,-0.1015567966334468,26,0.1935483870967742,28,0.12903225806451613,28,0.12903225806451613
2002,ARI,16,262.0,16.375,1042,-95.87362036413109,-0.0920092325951353,4566.0,16,285.375,-0.0920092325951353,26,0.21875,29,0.125,27,0.1875
2002,ATL,16,402.0,25.125,1072,38.867330811502825,0.036256838443566,5549.0,16,346.8125,0.036256838443566,8,0.78125,5,0.875,14,0.59375
2002,BAL,16,316.0,19.75,967,-54.732857234260514,-0.0566006796631442,4655.0,16,290.9375,-0.0566006796631442,23,0.3125,23,0.296875,26,0.21875
2002,BUF,16,379.0,23.6875,1103,20.915021127709583,0.0189619411855934,5595.0,16,349.6875,0.0189619411855934,10,0.71875,11,0.6875,11,0.6875
2002,CAR,16,258.0,16.125,986,-173.274028024712,-0.1757343083414929,4298.0,16,268.625,-0.1757343083414929,29,0.125,30,0.09375,31,0.0625
2002,CHI,16,281.0,17.5625,1004,-131.15448462643954,-0.1306319567992425,4398.0,16,274.875,-0.1306319567992425,27,0.1875,27,0.1875,29,0.125
2002,CIN,16,279.0,17.4375,1081,-70.01142484848461,-0.0647654253917526,5215.0,16,325.9375,-0.0647654253917526,24,0.28125,28,0.15625,19,0.4375
2002,CLE,16,344.0,21.5,1046,7.139342917638225,0.0068253756382774,5038.0,16,314.875,0.0068253756382774,18,0.46875,19,0.4375,23,0.3125
2002,DAL,16,217.0,13.5625,976,-184.8881038483825,-0.1894345326315394,4365.0,16,272.8125,-0.1894345326315394,30,0.09375,31,0.0625,30,0.09375
2002,DEN,16,392.0,24.5,1117,70.78974214814203,0.0633748810636902,6101.0,16,381.3125,0.0633748810636902,4,0.90625,7,0.8125,3,0.9375
2002,DET,16,306.0,19.125,1002,-148.87018574212073,-0.1485730396627951,4477.0,16,279.8125,-0.1485730396627951,28,0.15625,26,0.21875,28,0.15625
2002,GB,16,398.0,24.875,1090,10.297408023211784,0.0094471633240475,5567.0,16,347.9375,0.0094471633240475,15,0.5625,6,0.84375,12,0.65625
2002,HOU,16,213.0,13.3125,987,-220.95738316311704,-0.2238676627792472,3577.0,16,223.5625,-0.2238676627792472,31,0.0625,32,0.03125,32,0.03125
2002,IND,16,349.0,21.8125,1071,17.395316417251973,0.0162421255063043,5630.0,16,351.875,0.0162421255063043,11,0.6875,17,0.5,9,0.75
2002,JAX,16,328.0,20.5,987,-261.7486650175161,-0.2651962158232179,4860.0,16,303.75,-0.2651962158232179,32,0.03125,21,0.375,25,0.25
2002,KC,16,467.0,29.1875,1005,160.29693697253686,0.1594994397736685,6002.0,16,375.125,0.1594994397736685,1,1.0,1,1.0,4,0.90625
2002,LA,16,316.0,19.75,1051,-68.49553881548793,-0.0651717781308163,5561.0,16,347.5625,-0.0651717781308163,25,0.25,23,0.296875,13,0.625
2002,LAC,16,333.0,20.8125,1061,14.554575148386192,0.0137177899607786,5332.0,16,333.25,0.0137177899607786,13,0.625,20,0.40625,16,0.53125
2002,LV,16,450.0,28.125,1096,156.66460329437055,0.142942156290484,6244.0,16,390.25,0.142942156290484,2,0.96875,2,0.96875,1,1.0
2002,MIA,16,378.0,23.625,1033,16.044986218292046,0.0155324164746292,5404.0,16,337.75,0.0155324164746292,12,0.65625,12,0.65625,15,0.5625
2002,MIN,16,390.0,24.375,1126,67.40215829429262,0.0598598208652687,6167.0,16,385.4375,0.0598598208652687,5,0.875,8,0.765625,2,0.96875
2002,NE,16,381.0,23.8125,1071,-0.8507026068207728,-0.0007943068224283,5105.0,16,319.0625,-0.0007943068224283,19,0.4375,10,0.71875,21,0.375
2002,NO,16,432.0,27.0,1042,-8.176154289120156,-0.0078465972064492,5225.0,16,326.5625,-0.0078465972064492,20,0.40625,3,0.9375,18,0.46875
2002,NYG,16,320.0,20.0,1124,7.89297325449083,0.0070222181979455,5825.0,16,364.0625,0.0070222181979455,17,0.5,22,0.34375,6,0.84375
2002,NYJ,16,359.0,22.4375,942,53.7821908555154,0.0570936208657276,5051.0,16,315.6875,0.0570936208657276,6,0.84375,15,0.5625,22,0.34375
2002,PHI,16,415.0,25.9375,1099,8.060958776846595,0.0073348123538185,5619.0,16,351.1875,0.0073348123538185,16,0.53125,4,0.90625,10,0.71875
2002,PIT,16,390.0,24.375,1136,13.192331001874606,0.0116129674312276,5971.0,16,373.1875,0.0116129674312276,14,0.59375,8,0.765625,5,0.875
2002,SEA,16,355.0,22.1875,1086,37.82542110810394,0.034830037852766,5822.0,16,363.875,0.034830037852766,9,0.75,16,0.53125,7,0.8125
2002,SF,16,367.0,22.9375,1098,108.38524357010697,0.0987115150911721,5719.0,16,357.4375,0.0987115150911721,3,0.9375,13,0.609375,8,0.78125
2002,TB,16,346.0,21.625,1056,-44.294975433222135,-0.0419459994632785,5010.0,16,313.125,-0.0419459994632785,21,0.375,18,0.46875,24,0.28125
2002,TEN,16,367.0,22.9375,1059,43.45161767346681,0.0410308004470885,5292.0,16,330.75,0.0410308004470885,7,0.8125,13,0.609375,17,0.5
2002,WAS,16,307.0,19.1875,1078,-59.83729908573497,-0.0555076985953014,5158.0,16,322.375,-0.0555076985953014,22,0.34375,25,0.25,20,0.40625
2003,ARI,16,225.0,14.0625,1021,-158.9546906944084,-0.1556852994068642,4505.0,16,281.5625,-0.1556852994068642,32,0.03125,32,0.03125,27,0.1875
2003,ATL,16,299.0,18.6875,959,-111.81701421318472,-0.1165975122139569,4371.0,16,273.1875,-0.1165975122139569,28,0.15625,20,0.40625,29,0.125
2003,BAL,16,391.0,24.4375,1040,-93.7141703301022,-0.0901097791635598,4934.0,16,308.375,-0.0901097791635598,22,0.34375,8,0.78125,21,0.375
2003,BUF,16,243.0,15.1875,1020,-120.79294540579124,-0.1184244562801875,4356.0,16,272.25,-0.1184244562801875,29,0.125,30,0.078125,30,0.09375
2003,CAR,16,325.0,20.3125,1043,-75.45959889706216,-0.0723486087220155,5153.0,16,322.0625,-0.0723486087220155,19,0.4375,15,0.5625,16,0.53125
2003,CHI,16,283.0,17.6875,1024,-100.14983131820657,-0.0978025696466861,4391.0,16,274.4375,-0.0978025696466861,24,0.28125,23,0.296875,28,0.15625
2003,CIN,16,346.0,21.625,1060,52.00605705173056,0.0490623179733307,5355.0,16,334.6875,0.0490623179733307,6,0.84375,13,0.625,13,0.625
2003,CLE,16,254.0,15.875,1006,-103.45934477376258,-0.102842291027597,4510.0,16,281.875,-0.102842291027597,26,0.21875,29,0.125,26,0.21875
2003,DAL,16,289.0,18.0625,1082,-91.47488746622346,-0.0845424098578775,5169.0,16,323.0625,-0.0845424098578775,21,0.375,21,0.375,15,0.5625
2003,DEN,16,381.0,23.8125,1083,49.60374499983515,0.0458021652814729,5615.0,16,350.9375,0.0458021652814729,7,0.8125,10,0.71875,7,0.8125
2003,DET,16,270.0,16.875,1007,-154.73534124952698,-0.1536597231872164,4275.0,16,267.1875,-0.1536597231872164,31,0.0625,26,0.203125,32,0.03125
2003,GB,16,442.0,27.625,1034,68.6876922831865,0.0664291027883815,5804.0,16,362.75,0.0664291027883815,5,0.875,4,0.90625,4,0.90625
2003,HOU,16,255.0,15.9375,928,-93.28045614549482,-0.1005177329154039,4315.0,16,269.6875,-0.1005177329154039,25,0.25,28,0.15625,31,0.0625
2003,IND,16,447.0,27.9375,1072,106.8236240783528,0.0996489030581649,5885.0,16,367.8125,0.0996489030581649,2,0.96875,2,0.953125,3,0.9375
2003,JAX,16,276.0,17.25,1063,-34.78107450361746,-0.032719731423911,5362.0,16,335.125,-0.032719731423911,15,0.5625,25,0.25,12,0.65625
2003,KC,16,484.0,30.25,1024,123.75424394609291,0.1208537538536063,5913.0,16,369.5625,0.1208537538536063,1,1.0,1,1.0,2,0.96875
2003,LA,16,447.0,27.9375,1071,6.633338496508985,0.006193593367422,5470.0,16,341.875,0.006193593367422,11,0.6875,2,0.953125,10,0.71875
2003,LAC,16,313.0,19.5625,1007,-27.028893079396045,-0.026841006037136,5176.0,16,323.5,-0.026841006037136,14,0.59375,16,0.53125,14,0.59375
2003,LV,16,270.0,16.875,1013,-108.65681800736174,-0.1072624067200017,4576.0,16,286.0,-0.1072624067200017,27,0.1875,26,0.203125,25,0.25
2003,MIA,16,311.0,19.4375,1001,-93.680540039983,-0.0935869530868961,4617.0,16,288.5625,-0.0935869530868961,23,0.3125,17,0.5,24,0.28125
2003,MIN,16,416.0,26.0,1079,86.77861644273942,0.0804250384084702,6303.0,16,393.9375,0.0804250384084702,3,0.9375,6,0.84375,1,1.0
2003,NE,16,348.0,21.75,1063,-45.33166991754871,-0.0426450328481173,5057.0,16,316.0625,-0.0426450328481173,16,0.53125,12,0.65625,17,0.5
2003,NO,16,340.0,21.25,1048,-9.66387851996743,-0.0092212581297399,5449.0,16,340.5625,-0.0092212581297399,12,0.65625,14,0.59375,11,0.6875
2003,NYG,16,243.0,15.1875,1093,-132.6777763596242,-0.1213886334488785,4952.0,16,309.5,-0.1213886334488785,30,0.09375,30,0.078125,20,0.40625
2003,NYJ,16,283.0,17.6875,958,-15.372402674916536,-0.016046349347512,4956.0,16,309.75,-0.016046349347512,13,0.625,23,0.296875,19,0.4375
2003,PHI,16,374.0,23.375,981,44.91934167150575,0.0457893391146847,5039.0,16,314.9375,0.0457893391146847,8,0.78125,11,0.6875,18,0.46875
2003,PIT,16,300.0,18.75,1057,-87.94170759547934,-0.0831993449342283,4801.0,16,300.0625,-0.0831993449342283,20,0.40625,19,0.4375,22,0.34375
2003,SEA,16,404.0,25.25,1050,73.10771083654683,0.0696263912729017,5640.0,16,352.5,0.0696263912729017,4,0.90625,7,0.8125,6,0.84375
2003,SF,16,384.0,24.0,1053,27.51794272840304,0.0261328990773058,5700.0,16,356.25,0.0261328990773058,10,0.71875,9,0.75,5,0.875
2003,TB,16,301.0,18.8125,1078,-46.27806118700447,-0.0429295558321006,5474.0,16,342.125,-0.0429295558321006,17,0.5,18,0.46875,9,0.75
2003,TEN,16,435.0,27.1875,1032,43.35660631410993,0.0420122154206491,5548.0,16,346.75,0.0420122154206491,9,0.75,5,0.875,8,0.78125
2003,WAS,16,287.0,17.9375,1024,-61.505916772721854,-0.0600643718483611,4668.0,16,291.75,-0.0600643718483611,18,0.46875,22,0.34375,23,0.3125
2004,ARI,16,284.0,17.75,1097,-106.52624948088612,-0.097106881933351,4566.0,16,285.375,-0.097106881933351,26,0.21875,26,0.21875,27,0.1875
2004,ATL,16,340.0,21.25,998,-32.628407943523385,-0.0326937955345925,5108.0,16,319.25,-0.0326937955345925,20,0.40625,16,0.53125,20,0.40625
2004,BAL,16,317.0,19.8125,998,-112.33626457717048,-0.1125613873518742,4395.0,16,274.6875,-0.1125613873518742,27,0.1875,20,0.40625,31,0.0625
2004,BUF,16,395.0,24.6875,1002,-73.84230459761807,-0.0736949147680819,4699.0,16,293.6875,-0.0736949147680819,25,0.25,7,0.8125,25,0.25
2004,CAR,16,355.0,22.1875,1033,27.97977216231498,0.0270859362655517,5237.0,16,327.3125,0.0270859362655517,12,0.65625,13,0.625,13,0.625
2004,CHI,16,231.0,14.4375,1008,-243.80844730637483,-0.2418734596293401,3822.0,16,238.875,-0.2418734596293401,32,0.03125,32,0.03125,32,0.03125
2004,CIN,16,374.0,23.375,1023,-61.04997034383805,-0.059677390365433,5152.0,16,322.0,-0.059677390365433,22,0.34375,10,0.71875,18,0.46875
2004,CLE,16,276.0,17.25,958,-139.51691846038676,-0.1456335265766041,4474.0,16,279.625,-0.1456335265766041,29,0.125,27,0.1875,28,0.15625
2004,DAL,16,293.0,18.3125,1039,-51.54094250625939,-0.0496062969261399,5200.0,16,325.0,-0.0496062969261399,21,0.375,25,0.25,16,0.53125
2004,DEN,16,381.0,23.8125,1104,65.13868563485727,0.0590024326402692,6345.0,16,396.5625,0.0590024326402692,8,0.78125,9,0.75,5,0.875
2004,DET,16,296.0,18.5,973,-69.58753017011485,-0.0715185304934376,4705.0,16,294.0625,-0.0715185304934376,23,0.3125,24,0.28125,24,0.28125
2004,GB,16,424.0,26.5,1077,120.548681299917,0.111930066202337,6365.0,16,397.8125,0.111930066202337,5,0.875,5,0.875,3,0.9375
2004,HOU,16,309.0,19.3125,1031,-23.79651831975736,-0.0230810070996676,5138.0,16,321.125,-0.0230810070996676,15,0.5625,21,0.375,19,0.4375
2004,IND,16,522.0,32.625,999,239.71388579053752,0.2399538396301677,6497.0,16,406.0625,0.2399538396301677,1,1.0,1,1.0,2,0.96875
2004,JAX,16,261.0,16.3125,1051,-33.547938521052124,-0.0319200176223141,5020.0,16,313.75,-0.0319200176223141,19,0.4375,29,0.125,21,0.375
2004,KC,16,483.0,30.1875,1127,195.9864878632297,0.1739010540046403,6704.0,16,419.0,0.1739010540046403,2,0.96875,2,0.96875,1,1.0
2004,LA,16,319.0,19.9375,1058,9.687826282787784,0.0091567356170016,5884.0,16,367.75,0.0091567356170016,13,0.625,19,0.4375,6,0.84375
2004,LAC,16,446.0,27.875,1017,156.39636270315387,0.1537820675547235,5565.0,16,347.8125,0.1537820675547235,4,0.90625,3,0.9375,10,0.71875
2004,LV,16,320.0,20.0,988,-31.20783388750941,-0.0315868764043617,5161.0,16,322.5625,-0.0315868764043617,18,0.46875,18,0.46875,17,0.5
2004,MIA,16,275.0,17.1875,1057,-182.58461369035032,-0.1727385181554875,4415.0,16,275.9375,-0.1727385181554875,31,0.0625,28,0.15625,29,0.125
2004,MIN,16,405.0,25.3125,1021,167.35814172577798,0.1639159076648168,6356.0,16,397.25,0.1639159076648168,3,0.9375,6,0.84375,4,0.90625
2004,NE,16,437.0,27.3125,1052,105.33231658108588,0.1001257762177622,5748.0,16,359.25,0.1001257762177622,6,0.84375,4,0.90625,7,0.8125
2004,NO,16,348.0,21.75,1027,-29.21077964433942,-0.0284428234122097,5229.0,16,326.8125,-0.0284428234122097,16,0.53125,14,0.59375,14,0.59375
2004,NYG,16,303.0,18.9375,990,-28.99721964454317,-0.0292901208530739,4726.0,16,295.375,-0.0292901208530739,17,0.5,22,0.34375,23,0.3125
2004,NYJ,16,333.0,20.8125,1019,36.87476137832499,0.0361872044929587,5450.0,16,340.625,0.0361872044929587,10,0.71875,17,0.5,12,0.65625
2004,PHI,16,386.0,24.125,979,68.6411742569296,0.0701135589958422,5638.0,16,352.375,0.0701135589958422,7,0.8125,8,0.78125,9,0.75
2004,PIT,16,372.0,23.25,1018,44.08755498174273,0.0433080107875665,5219.0,16,326.1875,0.0433080107875665,9,0.75,11,0.6875,15,0.5625
2004,SEA,16,371.0,23.1875,1052,38.016999604049,0.0361378323232404,5655.0,16,353.4375,0.0361378323232404,11,0.6875,12,0.65625,8,0.78125
2004,SF,16,259.0,16.1875,1063,-163.84184421191028,-0.1541315561730106,4592.0,16,287.0,-0.1541315561730106,30,0.09375,30,0.09375,26,0.21875
2004,TB,16,301.0,18.8125,981,-71.97885323190539,-0.0733729390743174,4977.0,16,311.0625,-0.0733729390743174,24,0.28125,23,0.3125,22,0.34375
2004,TEN,16,344.0,21.5,1085,-13.43145082445075,-0.0123792173497241,5494.0,16,343.375,-0.0123792173497241,14,0.59375,15,0.5625,11,0.6875
2004,WAS,16,240.0,15.0,1051,-125.52914069415344,-0.1194378122684618,4404.0,16,275.25,-0.1194378122684618,28,0.15625,31,0.0625,30,0.09375
2005,ARI,16,311.0,19.4375,1117,-81.30955957260358,-0.0727928017659835,5586.0,16,349.125,-0.0727928017659835,20,0.40625,17,0.5,8,0.78125
2005,ATL,16,351.0,21.9375,1043,-17.037601525739962,-0.0163351884235282,5253.0,16,328.3125,-0.0163351884235282,14,0.59375,14,0.59375,12,0.65625
2005,BAL,16,265.0,16.5625,1100,-119.64221312189773,-0.1087656482926342,4702.0,16,293.875,-0.1087656482926342,27,0.1875,25,0.25,24,0.28125
2005,BUF,16,271.0,16.9375,975,-80.00636067919102,-0.0820578058248113,4120.0,16,257.5,-0.0820578058248113,22,0.34375,24,0.28125,28,0.15625
2005,CAR,16,391.0,24.4375,996,10.088981540227492,0.010129499538381,4972.0,16,310.75,0.010129499538381,12,0.65625,8,0.78125,21,0.375
2005,CHI,16,260.0,16.25,959,-132.19437841479646,-0.1378460671687137,4113.0,16,257.0625,-0.1378460671687137,31,0.0625,26,0.203125,29,0.125
2005,CIN,16,421.0,26.3125,1048,107.58632999998451,0.1026587118320462,5748.0,16,359.25,0.1026587118320462,3,0.9375,4,0.90625,6,0.84375
2005,CLE,16,232.0,14.5,960,-127.01700650277152,-0.1323093817737203,4562.0,16,285.125,-0.1323093817737203,30,0.09375,32,0.03125,26,0.21875
2005,DAL,16,325.0,20.3125,1120,-25.21897955934675,-0.022516946035131,5211.0,16,325.6875,-0.022516946035131,15,0.5625,15,0.5625,13,0.625
2005,DEN,16,395.0,24.6875,1053,94.06378171014396,0.0893293273600607,5788.0,16,361.75,0.0893293273600607,5,0.875,7,0.8125,5,0.875
2005,DET,16,254.0,15.875,994,-100.98180043481338,-0.1015913485259692,4324.0,16,270.25,-0.1015913485259692,25,0.25,28,0.15625,27,0.1875
2005,GB,16,298.0,18.625,1101,-63.55495163962433,-0.05772475171628,5135.0,16,320.9375,-0.05772475171628,18,0.46875,22,0.34375,17,0.5
2005,HOU,16,260.0,16.25,974,-96.10921918702468,-0.0986747630256927,4060.0,16,253.75,-0.0986747630256927,24,0.28125,26,0.203125,30,0.09375
2005,IND,16,439.0,27.4375,1015,189.7727599420396,0.186968236396098,5828.0,16,364.25,0.186968236396098,1,1.0,2,0.96875,3,0.9375
2005,JAX,16,361.0,22.5625,1044,28.163674124159343,0.026976699352643,5173.0,16,323.3125,0.026976699352643,10,0.71875,12,0.65625,15,0.5625
2005,KC,16,403.0,25.1875,1090,106.39316865357578,0.0976084116087851,6210.0,16,388.125,0.0976084116087851,4,0.90625,6,0.84375,1,1.0
2005,LA,16,363.0,22.6875,1060,-10.039888934510753,-0.0094715933344441,5576.0,16,348.5,-0.0094715933344441,13,0.625,11,0.6875,9,0.75
2005,LAC,16,418.0,26.125,1065,94.78015411861624,0.0889954498766349,5570.0,16,348.125,0.0889954498766349,6,0.84375,5,0.875,10,0.71875
2005,LV,16,290.0,18.125,1049,-28.067661625335063,-0.0267565887753432,4971.0,16,310.6875,-0.0267565887753432,16,0.53125,23,0.3125,22,0.34375
2005,MIA,16,318.0,19.875,1056,-43.22695246600842,-0.0409346140776594,5210.0,16,325.625,-0.0409346140776594,17,0.5,16,0.53125,14,0.59375
2005,MIN,16,306.0,19.125,1004,-73.70893542709328,-0.0734152743297741,4626.0,16,289.125,-0.0734152743297741,21,0.375,19,0.4375,25,0.25
2005,NE,16,379.0,23.6875,1067,78.95082055468876,0.0739932713727167,5640.0,16,352.5,0.0739932713727167,7,0.8125,10,0.71875,7,0.8125
2005,NO,16,235.0,14.6875,1067,-103.2089741621736,-0.0967281857190005,5036.0,16,314.75,-0.0967281857190005,23,0.3125,31,0.0625,20,0.40625
2005,NYG,16,422.0,26.375,1106,46.91340108168761,0.0424171800015258,5809.0,16,363.0625,0.0424171800015258,9,0.75,3,0.9375,4,0.90625
2005,NYJ,16,240.0,15.0,955,-118.7234370600382,-0.1243177351414012,3963.0,16,247.6875,-0.1243177351414012,29,0.125,29,0.125,31,0.0625
2005,PHI,16,310.0,19.375,1063,-110.58512661108315,-0.1040311633218091,5122.0,16,320.125,-0.1040311633218091,26,0.21875,18,0.46875,19,0.4375
2005,PIT,16,389.0,24.3125,990,56.149504810830045,0.0567166715260909,5169.0,16,323.0625,0.0567166715260909,8,0.78125,9,0.75,16,0.53125
2005,SEA,16,452.0,28.25,1048,163.19025182961144,0.1557158891503925,5935.0,16,370.9375,0.1557158891503925,2,0.96875,1,1.0,2,0.96875
2005,SF,16,239.0,14.9375,904,-184.07830428903583,-0.203626442797606,3595.0,16,224.6875,-0.203626442797606,32,0.03125,30,0.09375,32,0.03125
2005,TB,16,300.0,18.75,1006,-65.2426040447609,-0.0648534831458855,4733.0,16,295.8125,-0.0648534831458855,19,0.4375,20,0.40625,23,0.3125
2005,TEN,16,299.0,18.6875,1046,-119.34402273289548,-0.1140956240276247,5130.0,16,320.625,-0.1140956240276247,28,0.15625,21,0.375,18,0.46875
2005,WAS,16,359.0,22.4375,1066,14.547953223685742,0.0136472356694988,5308.0,16,331.75,0.0136472356694988,11,0.6875,13,0.625,11,0.6875
2006,ARI,16,314.0,19.625,1019,-47.173176197666606,-0.0462935978387307,5012.0,16,313.25,-0.0462935978387307,18,0.46875,19,0.4375,18,0.46875
2006,ATL,16,292.0,18.25,1030,-52.95711115242276,-0.0514146710217696,5317.0,16,332.3125,-0.0514146710217696,19,0.4375,25,0.25,12,0.65625
2006,BAL,16,353.0,22.0625,1014,-15.00548772557026,-0.01479831136644,5102.0,16,318.875,-0.01479831136644,13,0.625,12,0.640625,17,0.5
2006,BUF,16,300.0,18.75,924,-81.72563442326492,-0.0884476563022347,4273.0,16,267.0625,-0.0884476563022347,25,0.25,23,0.3125,30,0.09375
2006,CAR,16,270.0,16.875,1006,-71.18927289239546,-0.0707646847836933,4938.0,16,308.625,-0.0707646847836933,22,0.34375,27,0.1875,24,0.28125
2006,CHI,16,427.0,26.6875,1061,-49.06717601239174,-0.046246160237881,5226.0,16,326.625,-0.046246160237881,17,0.5,2,0.953125,15,0.5625
2006,CIN,16,373.0,23.3125,1006,44.81184968021195,0.0445445821870894,5475.0,16,342.1875,0.0445445821870894,7,0.8125,8,0.78125,8,0.78125
2006,CLE,16,238.0,14.875,963,-189.911994965479,-0.1972087175134776,4240.0,16,265.0,-0.1972087175134776,31,0.0625,30,0.09375,31,0.0625
2006,DAL,16,425.0,26.5625,1053,77.28751639439042,0.0733974514666575,5792.0,16,362.0,0.0733974514666575,4,0.90625,4,0.90625,5,0.875
2006,DEN,16,319.0,19.9375,986,-44.47204045788261,-0.0451034893081973,4966.0,16,310.375,-0.0451034893081973,16,0.53125,17,0.5,21,0.375
2006,DET,16,305.0,19.0625,1001,-112.53868662678067,-0.1124262603664142,4956.0,16,309.75,-0.1124262603664142,28,0.15625,21,0.375,22,0.34375
2006,GB,16,301.0,18.8125,1104,-74.10412704371129,-0.0671233034816225,5455.0,16,340.9375,-0.0671233034816225,21,0.375,22,0.34375,9,0.75
2006,HOU,16,267.0,16.6875,975,-59.09835791727138,-0.0606137004279706,4478.0,16,279.875,-0.0606137004279706,20,0.40625,28,0.15625,28,0.15625
2006,IND,16,427.0,26.6875,1024,156.85942537491235,0.1531830325926878,6080.0,16,380.0,0.1531830325926878,1,1.0,2,0.953125,3,0.9375
2006,JAX,16,371.0,23.1875,1005,10.179479609008425,0.0101288354318491,5441.0,16,340.0625,0.0101288354318491,9,0.75,9,0.75,10,0.71875
2006,KC,16,331.0,20.6875,1016,-8.011429889187113,-0.0078852656389636,5157.0,16,322.3125,-0.0078852656389636,12,0.65625,15,0.5625,16,0.53125
2006,LA,16,367.0,22.9375,1084,43.268336135126745,0.0399154392390468,5780.0,16,361.25,0.0399154392390468,8,0.78125,10,0.71875,6,0.84375
2006,LAC,16,492.0,30.75,1030,135.97527391101391,0.1320148290398193,5847.0,16,365.4375,0.1320148290398193,2,0.96875,1,1.0,4,0.90625
2006,LV,16,168.0,10.5,986,-253.7350780643478,-0.2573378073674927,3941.0,16,246.3125,-0.2573378073674927,32,0.03125,32,0.03125,32,0.03125
2006,MIA,16,260.0,16.25,1050,-107.44500761731724,-0.1023285786831592,4973.0,16,310.8125,-0.1023285786831592,27,0.1875,29,0.125,20,0.40625
2006,MIN,16,282.0,17.625,1057,-163.0361924564827,-0.1542442691168237,4952.0,16,309.5,-0.1542442691168237,29,0.125,26,0.21875,23,0.3125
2006,NE,16,385.0,24.0625,1062,68.98303523377649,0.0649557770562867,5405.0,16,337.8125,0.0649557770562867,5,0.875,7,0.8125,11,0.6875
2006,NO,16,413.0,25.8125,1082,80.33699076589744,0.0742486051440826,6299.0,16,393.6875,0.0742486051440826,3,0.9375,5,0.875,1,1.0
2006,NYG,16,355.0,22.1875,1033,-19.705011246653267,-0.0190755191158308,5229.0,16,326.8125,-0.0190755191158308,14,0.59375,11,0.6875,14,0.59375
2006,NYJ,16,316.0,19.75,1037,-19.88084605596068,-0.019171500536124,4902.0,16,306.375,-0.019171500536124,15,0.5625,18,0.46875,25,0.25
2006,PHI,16,398.0,24.875,1001,55.71820630420845,0.055662543760448,6081.0,16,380.0625,0.055662543760448,6,0.84375,6,0.84375,2,0.96875
2006,PIT,16,353.0,22.0625,1042,4.005703994737232,0.0038442456763313,5738.0,16,358.625,0.0038442456763313,10,0.71875,12,0.640625,7,0.8125
2006,SEA,16,335.0,20.9375,1072,-79.2644072914301,-0.0739406784434982,4985.0,16,311.5625,-0.0739406784434982,23,0.3125,14,0.59375,19,0.4375
2006,SF,16,298.0,18.625,931,-85.0096134705068,-0.0913100037277194,4885.0,16,305.3125,-0.0913100037277194,26,0.21875,24,0.28125,26,0.21875
2006,TB,16,211.0,13.1875,992,-184.53975651333172,-0.1860279803561812,4327.0,16,270.4375,-0.1860279803561812,30,0.09375,31,0.0625,29,0.125
2006,TEN,16,324.0,20.25,973,-79.8250391914528,-0.0820401224989237,4823.0,16,301.4375,-0.0820401224989237,24,0.28125,16,0.53125,27,0.1875
2006,WAS,16,307.0,19.1875,1009,-4.404755021188466,-0.0043654658287298,5256.0,16,328.5,-0.0043654658287298,11,0.6875,20,0.40625,13,0.625
2007,ARI,16,404.0,25.25,1042,-38.93802602012892,-0.0373685470442695,5514.0,16,344.625,-0.0373685470442695,17,0.5,7,0.8125,12,0.65625
2007,ATL,16,259.0,16.1875,1014,-151.18542332399537,-0.14909805061538,4830.0,16,301.875,-0.14909805061538,31,0.0625,29,0.125,23,0.3125
2007,BAL,16,275.0,17.1875,1060,-115.85404407529984,-0.1092962679955658,4836.0,16,302.25,-0.1092962679955658,26,0.21875,24,0.28125,22,0.34375
2007,BUF,16,252.0,15.75,935,-115.9504095083802,-0.124011133164043,4441.0,16,277.5625,-0.124011133164043,27,0.1875,30,0.09375,30,0.09375
2007,CAR,16,267.0,16.6875,1012,-89.50115983722984,-0.0884398812620848,4542.0,16,283.875,-0.0884398812620848,24,0.28125,26,0.203125,29,0.125
2007,CHI,16,334.0,20.875,1046,-132.8116521405919,-0.1269709867500878,4705.0,16,294.0625,-0.1269709867500878,28,0.15625,18,0.4375,27,0.1875
2007,CIN,16,380.0,23.75,1027,23.626286658439657,0.0230051476713141,5584.0,16,349.0,0.0230051476713141,8,0.78125,11,0.6875,10,0.71875
2007,CLE,16,402.0,25.125,1021,-12.00010367474972,-0.0117532846961309,5637.0,16,352.3125,-0.0117532846961309,14,0.59375,8,0.78125,8,0.78125
2007,DAL,16,455.0,28.4375,997,107.52084059122248,0.1078443737123595,5858.0,16,366.125,0.1078443737123595,4,0.90625,2,0.96875,3,0.9375
2007,DEN,16,320.0,20.0,996,-2.236066393168873,-0.0022450465794868,5551.0,16,346.9375,-0.0022450465794868,11,0.6875,21,0.375,11,0.6875
2007,DET,16,346.0,21.625,992,-65.65471612300185,-0.0661841896401228,5173.0,16,323.3125,-0.0661841896401228,21,0.375,16,0.53125,19,0.4375
2007,GB,16,435.0,27.1875,1001,74.84342475484058,0.0747686560987418,5953.0,16,372.0625,0.0747686560987418,5,0.875,4,0.90625,2,0.96875
2007,HOU,16,379.0,23.6875,976,-11.057083714000196,-0.0113289792151641,5355.0,16,334.6875,-0.0113289792151641,13,0.625,12,0.640625,14,0.59375
2007,IND,16,450.0,28.125,1031,144.2728818366439,0.1399348999385488,5764.0,16,360.25,0.1399348999385488,2,0.96875,3,0.9375,5,0.875
2007,JAX,16,411.0,25.6875,1033,112.41582732038653,0.1088246150245755,5743.0,16,358.9375,0.1088246150245755,3,0.9375,6,0.84375,6,0.84375
2007,KC,16,226.0,14.125,1035,-137.47351820441523,-0.1328246552699664,4436.0,16,277.25,-0.1328246552699664,29,0.125,31,0.0625,31,0.0625
2007,LA,16,263.0,16.4375,1048,-155.70649707517893,-0.1485749017892928,4774.0,16,298.375,-0.1485749017892928,30,0.09375,28,0.15625,24,0.28125
2007,LAC,16,412.0,25.75,996,-22.65435060230763,-0.0227453319300277,5050.0,16,315.625,-0.0227453319300277,15,0.5625,5,0.875,20,0.40625
2007,LV,16,283.0,17.6875,1050,-108.33447361989664,-0.1031756891618063,4724.0,16,295.25,-0.1031756891618063,25,0.25,23,0.3125,25,0.25
2007,MIA,16,267.0,16.6875,1012,-77.16147773339642,-0.0762465194994035,4615.0,16,288.4375,-0.0762465194994035,23,0.3125,26,0.203125,28,0.15625
2007,MIN,16,365.0,22.8125,974,-28.73701807307589,-0.0295041253317001,5393.0,16,337.0625,-0.0295041253317001,16,0.53125,15,0.5625,13,0.625
2007,NE,16,589.0,36.8125,1079,277.3832913089898,0.2570744127052732,6603.0,16,412.6875,0.2570744127052732,1,1.0,1,1.0,1,1.0
2007,NO,16,379.0,23.6875,1089,15.112273835485311,0.0138772027874061,5808.0,16,363.0,0.0138772027874061,9,0.75,12,0.640625,4,0.90625
2007,NYG,16,373.0,23.3125,1063,-41.53773290364313,-0.0390759481689963,5320.0,16,332.5,-0.0390759481689963,18,0.46875,14,0.59375,16,0.53125
2007,NYJ,16,268.0,16.75,1032,-76.97842875999771,-0.0745915007364318,4723.0,16,295.1875,-0.0745915007364318,22,0.34375,25,0.25,26,0.21875
2007,PHI,16,336.0,21.0,1059,40.78511146945439,0.0385128531345178,5741.0,16,358.8125,0.0385128531345178,7,0.8125,17,0.5,7,0.8125
2007,PIT,16,393.0,24.5625,1003,57.616473950968526,0.0574441415263893,5252.0,16,328.25,0.0574441415263893,6,0.84375,9,0.734375,17,0.5
2007,SEA,16,393.0,24.5625,1061,6.1421200354322725,0.0057889915508315,5606.0,16,350.375,0.0057889915508315,10,0.71875,9,0.734375,9,0.75
2007,SF,16,219.0,13.6875,933,-237.6370769631004,-0.2547021189315116,3811.0,16,238.1875,-0.2547021189315116,32,0.03125,32,0.03125,32,0.03125
2007,TB,16,334.0,20.875,981,-6.210379425665858,-0.0063306620037368,5243.0,16,327.6875,-0.0063306620037368,12,0.65625,18,0.4375,18,0.46875
2007,TEN,16,301.0,18.8125,1042,-68.83867115879255,-0.0660639838376128,5004.0,16,312.75,-0.0660639838376128,20,0.40625,22,0.34375,21,0.375
2007,WAS,16,334.0,20.875,1067,-43.048456367615245,-0.0403453199321604,5349.0,16,334.3125,-0.0403453199321604,19,0.4375,18,0.4375,15,0.5625
2008,ARI,16,427.0,26.6875,1020,50.0340202168684,0.0490529609969298,5870.0,16,366.875,0.0490529609969298,11,0.6875,3,0.921875,5,0.875
2008,ATL,16,391.0,24.4375,1025,68.47160667353003,0.0668015674863707,5799.0,16,362.4375,0.0668015674863707,8,0.78125,10,0.71875,6,0.84375
2008,BAL,16,385.0,24.0625,1073,-18.12732395601196,-0.0168940577409244,5221.0,16,326.3125,-0.0168940577409244,17,0.5,11,0.6875,18,0.46875
2008,BUF,16,336.0,21.0,972,-47.53903516142157,-0.0489084723882938,4899.0,16,306.1875,-0.0489084723882938,23,0.3125,23,0.3125,25,0.25
2008,CAR,16,414.0,25.875,944,62.889853143429626,0.0666206071434635,5611.0,16,350.6875,0.0666206071434635,9,0.75,7,0.8125,10,0.71875
2008,CHI,16,375.0,23.4375,1005,-93.96814328618466,-0.0935006400857558,4747.0,16,296.6875,-0.0935006400857558,27,0.1875,14,0.578125,26,0.21875
2008,CIN,16,204.0,12.75,996,-172.5306566343388,-0.1732235508376895,3936.0,16,246.0,-0.1732235508376895,31,0.0625,32,0.03125,32,0.03125
2008,CLE,16,232.0,14.5,953,-145.0099698376327,-0.1521615633133606,3994.0,16,249.625,-0.1521615633133606,29,0.125,30,0.078125,31,0.0625
2008,DAL,16,362.0,22.625,999,-19.18656230832916,-0.0192057680764055,5527.0,16,345.4375,-0.0192057680764055,18,0.46875,18,0.46875,13,0.625
2008,DEN,16,370.0,23.125,1044,107.71512686376605,0.1031754088733391,6352.0,16,397.0,0.1031754088733391,5,0.875,16,0.53125,2,0.96875
2008,DET,16,268.0,16.75,952,-152.78479545057232,-0.160488230515307,4288.0,16,268.0,-0.160488230515307,30,0.09375,27,0.1875,30,0.09375
2008,GB,16,419.0,26.1875,1036,54.61218157931283,0.0527144609838926,5629.0,16,351.8125,0.0527144609838926,10,0.71875,5,0.875,8,0.78125
2008,HOU,16,366.0,22.875,1031,37.96704274771104,0.0368254536835218,6127.0,16,382.9375,0.0368254536835218,12,0.65625,17,0.5,3,0.9375
2008,IND,16,377.0,23.5625,984,114.08093552448916,0.1159359100858629,5386.0,16,336.625,0.1159359100858629,3,0.9375,13,0.625,15,0.5625
2008,JAX,16,302.0,18.875,1037,-6.072591587677472,-0.0058559224567767,5100.0,16,318.75,-0.0058559224567767,16,0.53125,24,0.28125,20,0.40625
2008,KC,16,291.0,18.1875,980,-51.275617226666704,-0.0523220583945578,4949.0,16,309.3125,-0.0523220583945578,24,0.28125,26,0.21875,24,0.28125
2008,LA,16,232.0,14.5,1013,-188.01291592330008,-0.1856001144356368,4603.0,16,287.6875,-0.1856001144356368,32,0.03125,30,0.078125,27,0.1875
2008,LAC,16,439.0,27.4375,956,122.12234717863544,0.1277430409818362,5588.0,16,349.25,0.1277430409818362,1,1.0,2,0.96875,11,0.6875
2008,LV,16,263.0,16.4375,942,-140.97102878021283,-0.1496507736520306,4355.0,16,272.1875,-0.1496507736520306,28,0.15625,29,0.125,29,0.125
2008,MIA,16,345.0,21.5625,964,80.70097611704705,0.0837147055156089,5534.0,16,345.875,0.0837147055156089,7,0.8125,21,0.375,12,0.65625
2008,MIN,16,379.0,23.6875,1041,-41.38758875442137,-0.0397575300234595,5298.0,16,331.125,-0.0397575300234595,22,0.34375,12,0.65625,17,0.5
2008,NE,16,410.0,25.625,1095,114.01324413136616,0.1041216841382339,5878.0,16,367.375,0.1041216841382339,4,0.90625,8,0.78125,4,0.90625
2008,NO,16,463.0,28.9375,1064,124.0326007344904,0.1165719931715135,6580.0,16,411.25,0.1165719931715135,2,0.96875,1,1.0,1,1.0
2008,NYG,16,427.0,26.6875,1054,97.41071391287038,0.0924200321753988,5718.0,16,357.375,0.0924200321753988,6,0.84375,3,0.921875,7,0.8125
2008,NYJ,16,405.0,25.3125,1013,36.528375443649125,0.036059600635389,5317.0,16,332.3125,0.036059600635389,13,0.625,9,0.75,16,0.53125
2008,PHI,16,416.0,26.0,1058,4.733669584011662,0.0044741678487822,5621.0,16,351.3125,0.0044741678487822,14,0.59375,6,0.84375,9,0.75
2008,PIT,16,347.0,21.6875,1031,-33.08415240977851,-0.0320893815807745,5005.0,16,312.8125,-0.0320893815807745,19,0.4375,20,0.40625,22,0.34375
2008,SEA,16,294.0,18.375,948,-55.52992728617775,-0.0585758726647444,4388.0,16,274.25,-0.0585758726647444,26,0.21875,25,0.25,28,0.15625
2008,SF,16,339.0,21.1875,990,-55.12107537602017,-0.0556778539151718,4991.0,16,311.9375,-0.0556778539151718,25,0.25,22,0.34375,23,0.3125
2008,TB,16,361.0,22.5625,1068,-35.30423364145128,-0.0330563985406847,5468.0,16,341.75,-0.0330563985406847,20,0.40625,19,0.4375,14,0.59375
2008,TEN,16,375.0,23.4375,988,-1.868015962916144,-0.001890704415907,5041.0,16,315.0625,-0.001890704415907,15,0.5625,14,0.578125,21,0.375
2008,WAS,16,265.0,16.5625,1052,-35.35169516963029,-0.0336042729749337,5135.0,16,320.9375,-0.0336042729749337,21,0.375,28,0.15625,19,0.4375
2009,ARI,16,375.0,23.4375,1000,-25.56357725246549,-0.0255635772524654,5527.0,16,345.4375,-0.0255635772524654,18,0.46875,11,0.6875,14,0.59375
2009,ATL,16,363.0,22.6875,1069,42.548477417769625,0.0398021304188677,5462.0,16,341.375,0.0398021304188677,13,0.625,13,0.625,16,0.53125
2009,BAL,16,391.0,24.4375,1044,60.4751242798664,0.0579263642527455,5627.0,16,351.6875,0.0579263642527455,9,0.75,9,0.75,13,0.625
2009,BUF,16,258.0,16.125,940,-118.5386022457178,-0.1261048960060827,4390.0,16,274.375,-0.1261048960060827,27,0.1875,28,0.15625,30,0.09375
2009,CAR,16,315.0,19.6875,1033,-58.14293831187436,-0.0562855162748057,5315.0,16,332.1875,-0.0562855162748057,21,0.375,21,0.375,19,0.4375
2009,CHI,16,327.0,20.4375,993,-86.17622311434283,-0.086783709077888,4978.0,16,311.125,-0.086783709077888,24,0.28125,19,0.4375,23,0.3125
2009,CIN,16,305.0,19.0625,1044,-19.263750353496164,-0.0184518681546898,4961.0,16,310.0625,-0.0184518681546898,17,0.5,22,0.34375,24,0.28125
2009,CLE,16,245.0,15.3125,989,-165.42905726677196,-0.1672690164476966,4170.0,16,260.625,-0.1672690164476966,29,0.125,29,0.125,32,0.03125
2009,DAL,16,361.0,22.5625,1046,93.5010581390596,0.089389156920707,6408.0,16,400.5,0.089389156920707,6,0.84375,14,0.59375,2,0.96875
2009,DEN,16,326.0,20.375,1063,-29.904234368013704,-0.0281319232060335,5472.0,16,342.0,-0.0281319232060335,19,0.4375,20,0.40625,15,0.5625
2009,DET,16,262.0,16.375,1061,-179.64190564517585,-0.1693137659238226,4790.0,16,299.375,-0.1693137659238226,30,0.09375,27,0.1875,26,0.21875
2009,GB,16,461.0,28.8125,1071,133.08663721384312,0.1242639002930374,6091.0,16,380.6875,0.1242639002930374,3,0.9375,3,0.9375,6,0.84375
2009,HOU,16,388.0,24.25,1040,44.397028052372,0.0426894500503576,6149.0,16,384.3125,0.0426894500503576,11,0.6875,10,0.71875,4,0.90625
2009,IND,16,416.0,26.0,1004,125.69764652186238,0.1251968590855203,5826.0,16,364.125,0.1251968590855203,2,0.96875,7,0.8125,9,0.75
2009,JAX,16,290.0,18.125,1025,8.590321533258575,0.008380801495862,5407.0,16,337.9375,0.008380801495862,15,0.5625,24,0.28125,18,0.46875
2009,KC,16,294.0,18.375,1062,-130.40713664933048,-0.1227939139824204,4837.0,16,302.3125,-0.1227939139824204,26,0.21875,23,0.3125,25,0.25
2009,LA,16,175.0,10.9375,1031,-214.4615783641488,-0.2080131700913179,4474.0,16,279.625,-0.2080131700913179,32,0.03125,32,0.03125,29,0.125
2009,LAC,16,454.0,28.375,993,142.64369856783895,0.143649243270734,5773.0,16,360.8125,0.143649243270734,1,1.0,4,0.90625,10,0.71875
2009,LV,16,197.0,12.3125,973,-187.26207266627688,-0.1924584508389279,4266.0,16,266.625,-0.1924584508389279,31,0.0625,31,0.0625,31,0.0625
2009,MIA,16,360.0,22.5,1113,3.203186976333575,0.0028779757199762,5411.0,16,338.1875,0.0028779757199762,16,0.53125,15,0.5625,17,0.5
2009,MIN,16,470.0,29.375,1072,90.11239498748895,0.0840600699510158,6094.0,16,380.875,0.0840600699510158,7,0.8125,2,0.96875,5,0.875
2009,NE,16,427.0,26.6875,1112,130.43170342974952,0.1172946973289114,6380.0,16,398.75,0.1172946973289114,4,0.90625,6,0.84375,3,0.9375
2009,NO,16,510.0,31.875,1052,123.1560544655617,0.1170684928379864,6476.0,16,404.75,0.1170684928379864,5,0.875,1,1.0,1,1.0
2009,NYG,16,402.0,25.125,1049,64.05062200822509,0.0610587435731411,5867.0,16,366.6875,0.0610587435731411,8,0.78125,8,0.78125,8,0.78125
2009,NYJ,16,348.0,21.75,1043,-62.48235620212403,-0.0599063817853538,5160.0,16,322.5,-0.0599063817853538,22,0.34375,17,0.5,20,0.40625
2009,PHI,16,429.0,26.8125,992,47.20596917901068,0.0475866624788414,5750.0,16,359.375,0.0475866624788414,10,0.71875,5,0.875,11,0.6875
2009,PIT,16,368.0,23.0,1045,44.53564835351217,0.0426178453143657,5955.0,16,372.1875,0.0426178453143657,12,0.65625,12,0.65625,7,0.8125
2009,SEA,16,280.0,17.5,1075,-116.26856731221449,-0.1081568068020599,5076.0,16,317.25,-0.1081568068020599,25,0.25,25,0.25,21,0.375
2009,SF,16,330.0,20.625,958,-64.331951484289,-0.0671523501923684,4664.0,16,291.5,-0.0671523501923684,23,0.3125,18,0.46875,27,0.1875
2009,TB,16,244.0,15.25,991,-154.11498630182805,-0.1555146178625913,4611.0,16,288.1875,-0.1555146178625913,28,0.15625,30,0.09375,28,0.15625
2009,TEN,16,354.0,22.125,1007,10.10503811987716,0.0100347945579713,5636.0,16,352.25,0.0100347945579713,14,0.59375,16,0.53125,12,0.65625
2009,WAS,16,266.0,16.625,989,-47.19527182466697,-0.0477201939582072,5020.0,16,313.75,-0.0477201939582072,20,0.40625,26,0.21875,22,0.34375
2010,ARI,16,289.0,18.0625,958,-210.229971149132,-0.2194467339761294,4301.0,16,268.8125,-0.2194467339761294,31,0.0625,26,0.203125,31,0.0625
2010,ATL,16,414.0,25.875,1138,76.72085227691288,0.0674172691361273,5482.0,16,342.625,0.0674172691361273,7,0.8125,5,0.875,15,0.5625
2010,BAL,16,357.0,22.3125,1038,28.943459863868924,0.0278838727012224,5170.0,16,323.125,0.0278838727012224,12,0.65625,16,0.53125,22,0.34375
2010,BUF,16,283.0,17.6875,978,-104.88266433912749,-0.1072419880768174,4872.0,16,304.5,-0.1072419880768174,28,0.15625,28,0.15625,25,0.25
2010,CAR,16,196.0,12.25,986,-245.3341752006292,-0.2488176219073318,4137.0,16,258.5625,-0.2488176219073318,32,0.03125,32,0.03125,32,0.03125
2010,CHI,16,334.0,20.875,962,-93.17619946184034,-0.0968567561973392,4618.0,16,288.625,-0.0968567561973392,26,0.21875,21,0.375,30,0.09375
2010,CIN,16,322.0,20.125,1078,-45.0623883798165,-0.0418018445081785,5270.0,16,329.375,-0.0418018445081785,20,0.40625,22,0.34375,20,0.40625
2010,CLE,16,271.0,16.9375,944,-73.64965446312097,-0.0780187017617806,4650.0,16,290.625,-0.0780187017617806,24,0.28125,31,0.0625,29,0.125
2010,DAL,16,394.0,24.625,1064,-0.0949894023116426,-8.927575405229573e-05,5836.0,16,364.75,-8.927575405229573e-05,14,0.59375,7,0.796875,8,0.78125
2010,DEN,16,344.0,21.5,1051,-18.62073868633325,-0.0177171633552171,5581.0,16,348.8125,-0.0177171633552171,19,0.4375,19,0.4375,13,0.625
2010,DET,16,362.0,22.625,1098,-48.16336951413315,-0.0438646352587733,5431.0,16,339.4375,-0.0438646352587733,21,0.375,15,0.5625,17,0.5
2010,GB,16,388.0,24.25,1020,77.21603206745878,0.0757019922229988,5744.0,16,359.0,0.0757019922229988,6,0.84375,10,0.71875,9,0.75
2010,HOU,16,390.0,24.375,1055,113.81183363510878,0.1078785152939419,6195.0,16,387.1875,0.1078785152939419,2,0.96875,9,0.75,3,0.9375
2010,IND,16,435.0,27.1875,1106,104.83271730604268,0.0947854586853912,6107.0,16,381.6875,0.0947854586853912,4,0.90625,4,0.90625,4,0.890625
2010,JAX,16,353.0,22.0625,1052,20.431252565685213,0.0194213427430467,5461.0,16,341.3125,0.0194213427430467,13,0.625,18,0.46875,16,0.53125
2010,KC,16,366.0,22.875,1090,35.167291156357216,0.0322635698682176,5604.0,16,350.25,0.0322635698682176,11,0.6875,14,0.59375,12,0.65625
2010,LA,16,289.0,18.0625,1080,-105.49321189127905,-0.0976788998993324,4818.0,16,301.125,-0.0976788998993324,27,0.1875,26,0.203125,27,0.1875
2010,LAC,16,441.0,27.5625,1064,103.57799063934684,0.0973477355632959,6343.0,16,396.4375,0.0973477355632959,3,0.9375,2,0.96875,1,1.0
2010,LV,16,410.0,25.625,1077,-10.406279214608505,-0.0096622833933226,5691.0,16,355.6875,-0.0096622833933226,16,0.53125,6,0.84375,10,0.71875
2010,MIA,16,273.0,17.0625,1061,-76.13566715335574,-0.0717584044800713,5188.0,16,324.25,-0.0717584044800713,23,0.3125,30,0.09375,21,0.375
2010,MIN,16,281.0,17.5625,1023,-114.04267702982168,-0.1114786676733349,5049.0,16,315.5625,-0.1114786676733349,29,0.125,29,0.125,23,0.3125
2010,NE,16,518.0,32.375,1006,190.82628459992048,0.1896881556659249,5841.0,16,365.0625,0.1896881556659249,1,1.0,1,1.0,7,0.8125
2010,NO,16,384.0,24.0,1088,42.570766571188464,0.0391275428044011,5972.0,16,373.25,0.0391275428044011,9,0.75,11,0.6875,6,0.84375
2010,NYG,16,394.0,24.625,1058,-5.471716823801383,-0.0051717550319483,6107.0,16,381.6875,-0.0051717550319483,15,0.5625,7,0.796875,4,0.890625
2010,NYJ,16,367.0,22.9375,1110,-19.614056870141265,-0.0176703215046317,5628.0,16,351.75,-0.0176703215046317,18,0.46875,13,0.625,11,0.6875
2010,PHI,16,439.0,27.4375,1060,82.50354250364364,0.0778335306638147,6245.0,16,390.3125,0.0778335306638147,5,0.875,3,0.9375,2,0.96875
2010,PIT,16,375.0,23.4375,1013,37.39395223775792,0.0369140693363849,5537.0,16,346.0625,0.0369140693363849,10,0.71875,12,0.65625,14,0.59375
2010,SEA,16,310.0,19.375,983,-112.70524645261492,-0.1146543707554577,4721.0,16,295.0625,-0.1146543707554577,30,0.09375,23,0.3125,28,0.15625
2010,SF,16,305.0,19.0625,971,-52.75759918362312,-0.0543332638348332,5019.0,16,313.6875,-0.0543332638348332,22,0.34375,24,0.28125,24,0.28125
2010,TB,16,341.0,21.3125,980,44.31255802887674,0.0452168959478334,5373.0,16,335.8125,0.0452168959478334,8,0.78125,20,0.40625,19,0.4375
2010,TEN,16,356.0,22.25,941,-16.18389844747304,-0.0171986168410978,4846.0,16,302.875,-0.0171986168410978,17,0.5,17,0.5,26,0.21875
2010,WAS,16,302.0,18.875,1035,-81.27908280400727,-0.0785305147864804,5386.0,16,336.625,-0.0785305147864804,25,0.25,25,0.25,18,0.46875
2011,ARI,16,312.0,19.5,1017,-79.97598523569003,-0.0786391201924189,5202.0,16,325.125,-0.0786391201924189,24,0.28125,24,0.28125,19,0.4375
2011,ATL,16,402.0,25.125,1100,49.58879745666356,0.0450807249606032,6055.0,16,378.4375,0.0450807249606032,10,0.71875,7,0.8125,9,0.75
2011,BAL,16,378.0,23.625,1060,44.33693991846144,0.0418273018098692,5442.0,16,340.125,0.0418273018098692,11,0.6875,12,0.65625,15,0.5625
2011,BUF,16,372.0,23.25,1029,-0.4871175774121488,-0.0004733892880584,5610.0,16,350.625,-0.0004733892880584,15,0.5625,14,0.59375,14,0.59375
2011,CAR,16,406.0,25.375,1032,105.95209541845487,0.1026667591264097,6250.0,16,390.625,0.1026667591264097,4,0.90625,5,0.859375,7,0.8125
2011,CHI,16,353.0,22.0625,999,-108.78945679689704,-0.108898355152049,5033.0,16,314.5625,-0.108898355152049,29,0.125,17,0.5,24,0.28125
2011,CIN,16,344.0,21.5,1059,-32.400997151994446,-0.0305958424475868,5126.0,16,320.375,-0.0305958424475868,17,0.5,18,0.46875,20,0.40625
2011,CLE,16,218.0,13.625,1050,-96.73871893073536,-0.092132113267367,4580.0,16,286.25,-0.092132113267367,26,0.21875,30,0.09375,30,0.09375
2011,DAL,16,369.0,23.0625,1032,48.29661107232639,0.0467990417367503,6020.0,16,376.25,0.0467990417367503,9,0.75,15,0.5625,10,0.71875
2011,DEN,16,309.0,19.3125,1058,-93.43907723362234,-0.0883167081603235,5079.0,16,317.4375,-0.0883167081603235,25,0.25,25,0.25,23,0.3125
2011,DET,16,474.0,29.625,1115,41.2045439102943,0.0369547479016092,6426.0,16,401.625,0.0369547479016092,12,0.65625,4,0.90625,3,0.9375
2011,GB,16,560.0,35.0,986,226.01583669441385,0.2292249865054907,6290.0,16,393.125,0.2292249865054907,1,1.0,1,1.0,6,0.84375
2011,HOU,16,381.0,23.8125,1064,24.882718417587533,0.0233860135503642,5970.0,16,373.125,0.0233860135503642,13,0.625,10,0.71875,12,0.640625
2011,IND,16,243.0,15.1875,969,-126.14633542784304,-0.1301819767057203,4596.0,16,287.25,-0.1301819767057203,30,0.09375,28,0.140625,29,0.125
2011,JAX,16,243.0,15.1875,1027,-178.08792481961652,-0.1734059637970949,4164.0,16,260.25,-0.1734059637970949,31,0.0625,28,0.140625,32,0.03125
2011,KC,16,212.0,13.25,1043,-98.58177598941272,-0.0945175225210093,4984.0,16,311.5,-0.0945175225210093,27,0.1875,31,0.0625,27,0.1875
2011,LA,16,193.0,12.0625,1047,-188.4568419594453,-0.1799969837243985,4529.0,16,283.0625,-0.1799969837243985,32,0.03125,32,0.03125,31,0.0625
2011,LAC,16,406.0,25.375,1079,95.2381346221624,0.088265185006638,6300.0,16,393.75,0.088265185006638,5,0.875,5,0.859375,5,0.875
2011,LV,16,359.0,22.4375,1052,18.15278858529342,0.0172555024575032,6015.0,16,375.9375,0.0172555024575032,14,0.59375,16,0.53125,11,0.6875
2011,MIA,16,329.0,20.5625,1012,-34.191758227282875,-0.0337863223589751,5088.0,16,318.0,-0.0337863223589751,18,0.46875,20,0.40625,22,0.34375
2011,MIN,16,340.0,21.25,1032,-55.73278022452013,-0.0540046320005039,5268.0,16,329.25,-0.0540046320005039,20,0.40625,19,0.4375,18,0.46875
2011,NE,16,513.0,32.0625,1119,217.56754526105027,0.1944303353539323,6792.0,16,424.5,0.1944303353539323,3,0.9375,3,0.9375,2,0.96875
2011,NO,16,547.0,34.1875,1150,228.33145439727565,0.1985490907802397,7557.0,16,472.3125,0.1985490907802397,2,0.96875,2,0.96875,1,1.0
2011,NYG,16,394.0,24.625,1055,56.23346620001274,0.0533018636966945,6181.0,16,386.3125,0.0533018636966945,8,0.78125,9,0.75,8,0.78125
2011,NYJ,16,377.0,23.5625,1075,-77.99790781416793,-0.072556193315505,4996.0,16,312.25,-0.072556193315505,23,0.3125,13,0.625,26,0.21875
2011,PHI,16,396.0,24.75,1053,56.282367964221606,0.0534495422262313,6399.0,16,399.9375,0.0534495422262313,7,0.8125,8,0.78125,4,0.90625
2011,PIT,16,325.0,20.3125,1044,56.99636725617652,0.0545942215097476,5970.0,16,373.125,0.0545942215097476,6,0.84375,21,0.359375,12,0.640625
2011,SEA,16,321.0,20.0625,1032,-72.10409025318941,-0.0698683045089044,4871.0,16,304.4375,-0.0698683045089044,22,0.34375,23,0.3125,28,0.15625
2011,SF,16,380.0,23.75,1005,-8.1778033349978,-0.0081371177462664,5001.0,16,312.5625,-0.0081371177462664,16,0.53125,11,0.6875,25,0.25
2011,TB,16,287.0,17.9375,1002,-109.02793515372156,-0.1088103145246722,5116.0,16,319.75,-0.1088103145246722,28,0.15625,27,0.1875,21,0.375
2011,TEN,16,325.0,20.3125,1006,-46.17646808825943,-0.0459010617179517,5321.0,16,332.5625,-0.0459010617179517,19,0.4375,21,0.359375,17,0.5
2011,WAS,16,288.0,18.0,1065,-61.55123525515798,-0.057794587094045,5379.0,16,336.1875,-0.057794587094045,21,0.375,26,0.21875,16,0.53125
2012,ARI,16,250.0,15.625,1050,-271.70155567628296,-0.2587633863583647,4212.0,16,263.25,-0.2587633863583647,32,0.03125,31,0.0625,32,0.03125
2012,ATL,16,419.0,26.1875,1048,92.90665532626154,0.0886513886700968,5920.0,16,370.0,0.0886513886700968,8,0.78125,7,0.8125,8,0.78125
2012,BAL,16,398.0,24.875,1079,28.299668857998466,0.0262276819814628,5652.0,16,353.25,0.0262276819814628,14,0.59375,10,0.71875,16,0.53125
2012,BUF,16,344.0,21.5,1001,-7.518983378039767,-0.0075114719061336,5494.0,16,343.375,-0.0075114719061336,20,0.40625,21,0.375,19,0.4375
2012,CAR,16,357.0,22.3125,1018,82.96715959524835,0.0815001567733284,5783.0,16,361.4375,0.0815001567733284,10,0.71875,18,0.453125,12,0.65625
2012,CHI,16,375.0,23.4375,1029,-41.90808794202754,-0.0407270048027478,4989.0,16,311.8125,-0.0407270048027478,22,0.34375,16,0.53125,28,0.15625
2012,CIN,16,391.0,24.4375,1038,-2.0143382308226063,-0.0019405955980949,5340.0,16,333.75,-0.0019405955980949,17,0.5,12,0.65625,21,0.375
2012,CLE,16,302.0,18.875,1023,-70.25970550311877,-0.0686800640304191,5035.0,16,314.6875,-0.0686800640304191,26,0.21875,24,0.28125,25,0.25
2012,DAL,16,376.0,23.5,1084,49.15312413143588,0.0453442104533541,6022.0,16,376.375,0.0453442104533541,12,0.65625,15,0.5625,6,0.84375
2012,DEN,16,481.0,30.0625,1116,125.6434081364346,0.1125836990469844,6401.0,16,400.0625,0.1125836990469844,3,0.9375,2,0.96875,4,0.90625
2012,DET,16,372.0,23.25,1190,-3.9162727982997474,-0.0032909855447897,6546.0,16,409.125,-0.0032909855447897,18,0.46875,17,0.5,3,0.9375
2012,GB,16,433.0,27.0625,1086,109.26341698732654,0.1006108812037997,5773.0,16,360.8125,0.1006108812037997,6,0.84375,5,0.875,13,0.625
2012,HOU,16,416.0,26.0,1108,76.29827364299759,0.0688612578005393,5974.0,16,373.375,0.0688612578005393,11,0.6875,8,0.78125,7,0.8125
2012,IND,16,357.0,22.3125,1142,39.58054860522454,0.0346589742602666,5816.0,16,363.5,0.0346589742602666,13,0.625,18,0.453125,10,0.71875
2012,JAX,16,255.0,15.9375,1054,-121.4078127978262,-0.1151876781763057,4799.0,16,299.9375,-0.1151876781763057,30,0.09375,30,0.09375,29,0.125
2012,KC,16,211.0,13.1875,1040,-137.64357087763764,-0.1323495873823439,5113.0,16,319.5625,-0.1323495873823439,31,0.0625,32,0.03125,24,0.28125
2012,LA,16,299.0,18.6875,1029,-37.13079458698001,-0.0360843484810301,5286.0,16,330.375,-0.0360843484810301,21,0.375,25,0.25,23,0.3125
2012,LAC,16,350.0,21.875,1017,-44.12276675760268,-0.04338521805074,4765.0,16,297.8125,-0.04338521805074,23,0.3125,20,0.40625,31,0.0625
2012,LV,16,290.0,18.125,1075,-64.8458753760132,-0.0603217445358262,5511.0,16,344.4375,-0.0603217445358262,25,0.25,26,0.21875,18,0.46875
2012,MIA,16,288.0,18.0,1016,-47.55220379000335,-0.0468033501870111,5005.0,16,312.8125,-0.0468033501870111,24,0.28125,27,0.1875,27,0.1875
2012,MIN,16,379.0,23.6875,1020,12.88993163953379,0.0126371878818958,5408.0,16,338.0,0.0126371878818958,16,0.53125,14,0.59375,20,0.40625
2012,NE,16,557.0,34.8125,1229,215.06862279205225,0.1749948110594404,6855.0,16,428.4375,0.1749948110594404,1,1.0,1,1.0,1,1.0
2012,NO,16,461.0,28.8125,1091,102.92818233216624,0.0943429718901615,6589.0,16,411.8125,0.0943429718901615,7,0.8125,3,0.9375,2,0.96875
2012,NYG,16,429.0,26.8125,1007,87.95833831145869,0.0873469099418656,5703.0,16,356.4375,0.0873469099418656,9,0.75,6,0.84375,14,0.59375
2012,NYJ,16,281.0,17.5625,1071,-109.14565440719436,-0.1019100414633,4792.0,16,299.5,-0.1019100414633,29,0.125,28,0.15625,30,0.09375
2012,PHI,16,280.0,17.5,1116,-84.12400917725283,-0.075379936538757,5672.0,16,354.5,-0.075379936538757,27,0.1875,29,0.125,15,0.5625
2012,PIT,16,336.0,21.0,1054,-7.351757154546704,-0.0069751016646553,5337.0,16,333.5625,-0.0069751016646553,19,0.4375,22,0.34375,22,0.34375
2012,SEA,16,412.0,25.75,1006,109.55530368004575,0.1089018923260892,5627.0,16,351.6875,0.1089018923260892,4,0.90625,9,0.75,17,0.5
2012,SF,16,397.0,24.8125,991,104.36947187380623,0.1053173278242242,5808.0,16,363.0,0.1053173278242242,5,0.875,11,0.6875,11,0.6875
2012,TB,16,389.0,24.3125,1039,16.661217236858022,0.0160358202472165,5846.0,16,365.375,0.0160358202472165,15,0.5625,13,0.625,9,0.75
2012,TEN,16,330.0,20.625,989,-91.3400310302774,-0.0923559464411298,5020.0,16,313.75,-0.0923559464411298,28,0.15625,23,0.3125,26,0.21875
2012,WAS,16,436.0,27.25,1021,140.32669318829488,0.137440443867086,6144.0,16,384.0,0.137440443867086,2,0.96875,4,0.90625,5,0.875
2013,ARI,16,379.0,23.6875,1063,-22.951044595525023,-0.0215908227615475,5564.0,16,347.75,-0.0215908227615475,20,0.40625,16,0.515625,11,0.6875
2013,ATL,16,353.0,22.0625,1071,8.428875600532155,0.0078700985999366,5508.0,16,344.25,0.0078700985999366,16,0.53125,20,0.40625,14,0.59375
2013,BAL,16,320.0,20.0,1127,-105.17466270333566,-0.0933226820792685,4931.0,16,308.1875,-0.0933226820792685,28,0.15625,25,0.25,29,0.125
2013,BUF,16,339.0,21.1875,1143,-84.69357861975095,-0.0740976190898958,5445.0,16,340.3125,-0.0740976190898958,25,0.25,22,0.34375,18,0.46875
2013,CAR,16,366.0,22.875,1011,50.50420904910061,0.04995470726914,5086.0,16,317.875,0.04995470726914,10,0.71875,18,0.46875,26,0.21875
2013,CHI,16,445.0,27.8125,1044,84.27957906621141,0.0807275661553749,6128.0,16,383.0,0.0807275661553749,5,0.875,2,0.96875,8,0.78125
2013,CIN,16,430.0,26.875,1112,33.05076515068453,0.0297219111067306,5906.0,16,369.125,0.0297219111067306,13,0.625,6,0.828125,10,0.71875
2013,CLE,16,308.0,19.25,1103,-82.2333692983075,-0.0745542786022733,5436.0,16,339.75,-0.0745542786022733,26,0.21875,27,0.1875,19,0.4375
2013,DAL,16,439.0,27.4375,987,59.05821243944956,0.0598360814989357,5469.0,16,341.8125,0.0598360814989357,8,0.78125,5,0.875,16,0.53125
2013,DEN,16,606.0,37.875,1183,241.5023759228532,0.204144020222192,7341.0,16,458.8125,0.204144020222192,1,1.0,1,1.0,1,1.0
2013,DET,16,395.0,24.6875,1122,-5.363508654979654,-0.0047803107441886,6293.0,16,393.3125,-0.0047803107441886,18,0.46875,13,0.625,6,0.84375
2013,GB,16,417.0,26.0625,1106,75.83515034234802,0.0685670437091754,6419.0,16,401.1875,0.0685670437091754,6,0.84375,8,0.765625,3,0.9375
2013,HOU,16,276.0,17.25,1118,-121.3336639979562,-0.1085274275473669,5559.0,16,347.4375,-0.1085274275473669,30,0.09375,31,0.0625,12,0.65625
2013,IND,16,391.0,24.4375,1055,51.78983888096939,0.0490898946739046,5491.0,16,343.1875,0.0490898946739046,11,0.6875,14,0.578125,15,0.5625
2013,JAX,16,247.0,15.4375,1059,-166.80451069998452,-0.1575113415486161,4704.0,16,294.0,-0.1575113415486161,32,0.03125,32,0.03125,31,0.0625
2013,KC,16,430.0,26.875,1056,23.9132022636112,0.0226450779011469,5412.0,16,338.25,0.0226450779011469,14,0.59375,6,0.828125,21,0.375
2013,LA,16,348.0,21.75,992,-61.28091891080511,-0.0617751198697632,4897.0,16,306.0625,-0.0617751198697632,24,0.28125,21,0.375,30,0.09375
2013,LAC,16,396.0,24.75,1106,156.41355124899036,0.141422740731456,6299.0,16,393.6875,0.141422740731456,2,0.96875,12,0.65625,5,0.875
2013,LV,16,322.0,20.125,1030,-58.44822937730787,-0.0567458537643765,5348.0,16,334.25,-0.0567458537643765,22,0.34375,24,0.28125,23,0.3125
2013,MIA,16,317.0,19.8125,1016,-41.543827633334814,-0.040889594127298,5014.0,16,313.375,-0.040889594127298,21,0.375,26,0.21875,27,0.1875
2013,MIN,16,391.0,24.4375,1033,-18.6282215636178,-0.0180331283287684,5516.0,16,344.75,-0.0180331283287684,19,0.4375,14,0.578125,13,0.625
2013,NE,16,444.0,27.75,1176,73.31365754092295,0.0623415455279957,6175.0,16,385.9375,0.0623415455279957,7,0.8125,3,0.9375,7,0.8125
2013,NO,16,414.0,25.875,1103,125.31604396461827,0.1136138204574961,6414.0,16,400.875,0.1136138204574961,3,0.9375,10,0.71875,4,0.90625
2013,NYG,16,294.0,18.375,1019,-143.4218079837446,-0.140747603516923,4932.0,16,308.25,-0.140747603516923,31,0.0625,28,0.15625,28,0.15625
2013,NYJ,16,290.0,18.125,1043,-109.16340584334316,-0.1046629010962062,5096.0,16,318.5,-0.1046629010962062,29,0.125,29,0.125,25,0.25
2013,PHI,16,442.0,27.625,1084,106.17184849818796,0.0979445096846752,6702.0,16,418.875,0.0979445096846752,4,0.90625,4,0.90625,2,0.96875
2013,PIT,16,379.0,23.6875,1037,-1.379516794954987,-0.0013302958485583,5414.0,16,338.375,-0.0013302958485583,17,0.5,16,0.515625,20,0.40625
2013,SEA,16,417.0,26.0625,994,57.6466448800586,0.0579946125553909,5446.0,16,340.375,0.0579946125553909,9,0.75,8,0.765625,17,0.5
2013,SF,16,406.0,25.375,975,33.18628021651193,0.0340372104784737,5195.0,16,324.6875,0.0340372104784737,12,0.65625,11,0.6875,24,0.28125
2013,TB,16,288.0,18.0,1031,-91.44588605961084,-0.0886963007367709,4465.0,16,279.0625,-0.0886963007367709,27,0.1875,30,0.09375,32,0.03125
2013,TEN,16,362.0,22.625,1063,21.58757285645944,0.020308158848974,5402.0,16,337.625,0.020308158848974,15,0.5625,19,0.4375,22,0.34375
2013,WAS,16,334.0,20.875,1140,-66.3259212515831,-0.0581806326768272,5922.0,16,370.125,-0.0581806326768272,23,0.3125,23,0.3125,9,0.75
2014,ARI,16,310.0,19.375,1042,-25.58077590364505,-0.0245496889670298,5138.0,16,321.125,-0.0245496889670298,19,0.4375,24,0.28125,24,0.28125
2014,ATL,16,381.0,23.8125,1072,7.445049427734922,0.0069450087945288,6057.0,16,378.5625,0.0069450087945288,13,0.625,12,0.65625,8,0.78125
2014,BAL,16,409.0,25.5625,1052,70.32676814307082,0.0668505400599532,5858.0,16,366.125,0.0668505400599532,7,0.8125,8,0.78125,12,0.65625
2014,BUF,16,343.0,21.4375,1047,-77.74833894803004,-0.0742582033887584,5116.0,16,319.75,-0.0742582033887584,26,0.21875,18,0.46875,25,0.25
2014,CAR,16,339.0,21.1875,1093,-7.364096681066703,-0.006737508399878,5557.0,16,347.3125,-0.006737508399878,15,0.5625,19,0.4375,16,0.53125
2014,CHI,16,319.0,19.9375,1048,-52.14341838719015,-0.0497551702167844,5256.0,16,328.5,-0.0497551702167844,23,0.3125,23,0.3125,20,0.40625
2014,CIN,16,365.0,22.8125,1053,-18.57055250498028,-0.0176358523314152,5585.0,16,349.0625,-0.0176358523314152,18,0.46875,15,0.5625,15,0.5625
2014,CLE,16,299.0,18.6875,1047,-74.31504717042107,-0.0709790326365053,5199.0,16,324.9375,-0.0709790326365053,25,0.25,27,0.1875,23,0.3125
2014,DAL,16,467.0,29.1875,1045,122.68967127946844,0.1174063839994913,6153.0,16,384.5625,0.1174063839994913,3,0.9375,5,0.875,7,0.8125
2014,DEN,16,482.0,30.125,1109,94.40232663260774,0.0851238292449123,6470.0,16,404.375,0.0851238292449123,6,0.84375,2,0.96875,4,0.90625
2014,DET,16,321.0,20.0625,1074,-7.467572824785229,-0.0069530473228912,5472.0,16,342.0,-0.0069530473228912,16,0.53125,22,0.34375,18,0.46875
2014,GB,16,486.0,30.375,1030,145.99691928411443,0.1417445818292373,6204.0,16,387.75,0.1417445818292373,1,1.0,1,1.0,6,0.84375
2014,HOU,16,372.0,23.25,1092,-34.35505769654309,-0.0314606755462848,5534.0,16,345.875,-0.0314606755462848,22,0.34375,14,0.59375,17,0.5
2014,IND,16,458.0,28.625,1135,30.02828384618713,0.0264566377499446,6524.0,16,407.75,0.0264566377499446,9,0.75,6,0.84375,3,0.9375
2014,JAX,16,249.0,15.5625,1033,-167.0752594192927,-0.161737908440748,4639.0,16,289.9375,-0.161737908440748,31,0.0625,32,0.03125,31,0.0625
2014,KC,16,353.0,22.0625,1000,23.64439918667833,0.0236443991866783,5105.0,16,319.0625,0.0236443991866783,10,0.71875,16,0.53125,26,0.21875
2014,LA,16,324.0,20.25,993,-115.74284449021756,-0.1165587557806823,5047.0,16,315.4375,-0.1165587557806823,29,0.125,21,0.375,28,0.15625
2014,LAC,16,348.0,21.75,1064,17.804821446010635,0.0167338547424912,5468.0,16,341.75,0.0167338547424912,12,0.65625,17,0.5,19,0.4375
2014,LV,16,253.0,15.8125,1023,-174.3091218312166,-0.1703901484176115,4520.0,16,282.5,-0.1703901484176115,32,0.03125,31,0.0625,32,0.03125
2014,MIA,16,388.0,24.25,1080,21.22188717450906,0.0196498955319528,5616.0,16,351.0,0.0196498955319528,11,0.6875,11,0.6875,14,0.59375
2014,MIN,16,325.0,20.3125,1010,-29.7645768496602,-0.0294698780689704,5071.0,16,316.9375,-0.0294698780689704,21,0.375,20,0.40625,27,0.1875
2014,NE,16,468.0,29.25,1115,99.57094582661452,0.0893012967054838,5873.0,16,367.0625,0.0893012967054838,5,0.875,4,0.90625,11,0.6875
2014,NO,16,401.0,25.0625,1125,74.68370362708659,0.066385514335188,6591.0,16,411.9375,0.066385514335188,8,0.78125,9,0.75,2,0.96875
2014,NYG,16,380.0,23.75,1119,-16.036770183766865,-0.0143313406467979,5885.0,16,367.8125,-0.0143313406467979,17,0.5,13,0.625,10,0.71875
2014,NYJ,16,283.0,17.6875,1080,-83.3115328807159,-0.077140308222885,5232.0,16,327.0,-0.077140308222885,27,0.1875,28,0.15625,22,0.34375
2014,PHI,16,474.0,29.625,1159,-6.093609358869659,-0.0052576439679634,6360.0,16,397.5,-0.0052576439679634,14,0.59375,3,0.9375,5,0.875
2014,PIT,16,436.0,27.25,1087,131.70347567030262,0.1211623511226335,6601.0,16,412.5625,0.1211623511226335,2,0.96875,7,0.8125,1,1.0
2014,SEA,16,394.0,24.625,1041,93.1572678576338,0.0894882496230872,6032.0,16,377.0,0.0894882496230872,4,0.90625,10,0.71875,9,0.75
2014,SF,16,306.0,19.125,1046,-30.090865719361208,-0.0287675580491024,5255.0,16,328.4375,-0.0287675580491024,20,0.40625,25,0.25,21,0.375
2014,TB,16,277.0,17.3125,987,-109.49976680931718,-0.1109420129780315,4672.0,16,292.0,-0.1109420129780315,28,0.15625,29,0.125,30,0.09375
2014,TEN,16,254.0,15.875,951,-116.89765586354328,-0.1229207737786995,4872.0,16,304.5,-0.1229207737786995,30,0.09375,30,0.09375,29,0.125
2014,WAS,16,301.0,18.8125,1049,-55.60575251905249,-0.0530083436787916,5744.0,16,359.0,-0.0530083436787916,24,0.28125,26,0.21875,13,0.625
2015,ARI,16,489.0,30.5625,1065,141.79330979156245,0.1331392580202464,6562.0,16,410.125,0.1331392580202464,1,1.0,2,0.96875,1,1.0
2015,ATL,16,339.0,21.1875,1126,-0.7814391487858341,-0.0006939956916392,6002.0,16,375.125,-0.0006939956916392,16,0.53125,21,0.359375,7,0.8125
2015,BAL,16,328.0,20.5,1125,-92.06871922492034,-0.0818388615332625,5754.0,16,359.625,-0.0818388615332625,28,0.15625,25,0.25,14,0.59375
2015,BUF,16,379.0,23.6875,1058,25.576248788418187,0.0241741481932118,5799.0,16,362.4375,0.0241741481932118,11,0.6875,12,0.65625,13,0.625
2015,CAR,16,500.0,31.25,1080,80.0890687187218,0.0741565451099276,5888.0,16,368.0,0.0741565451099276,7,0.8125,1,1.0,11,0.6875
2015,CHI,16,335.0,20.9375,1066,-22.483220959965745,-0.0210912016509997,5524.0,16,345.25,-0.0210912016509997,18,0.46875,23,0.3125,21,0.375
2015,CIN,16,419.0,26.1875,1037,79.48067941845657,0.0766448210399774,5748.0,16,359.25,0.0766448210399774,6,0.84375,7,0.8125,15,0.5625
2015,CLE,16,278.0,17.375,1097,-80.17222293972881,-0.073083156736307,5321.0,16,332.5625,-0.073083156736307,27,0.1875,30,0.09375,25,0.234375
2015,DAL,16,275.0,17.1875,1012,-72.36086239264621,-0.0715028284512314,5371.0,16,335.6875,-0.0715028284512314,26,0.21875,31,0.0625,23,0.3125
2015,DEN,16,355.0,22.1875,1091,-76.59878805097706,-0.0702097049046535,5697.0,16,356.0625,-0.0702097049046535,25,0.25,19,0.4375,16,0.53125
2015,DET,16,358.0,22.375,1066,-22.665360636246245,-0.0212620643867225,5563.0,16,347.6875,-0.0212620643867225,19,0.4375,18,0.46875,20,0.40625
2015,GB,16,368.0,23.0,1130,4.952155781041025,0.004382438744284,5373.0,16,335.8125,0.004382438744284,15,0.5625,15,0.5625,22,0.34375
2015,HOU,16,339.0,21.1875,1160,-62.2511543437781,-0.0536647882273949,5592.0,16,349.5,-0.0536647882273949,23,0.3125,21,0.359375,18,0.46875
2015,IND,16,333.0,20.8125,1079,-88.76874588329301,-0.0822694586499471,5165.0,16,322.8125,-0.0822694586499471,29,0.125,24,0.28125,28,0.15625
2015,JAX,16,376.0,23.5,1050,-56.56318840269204,-0.053869703240659,5589.0,16,349.3125,-0.053869703240659,24,0.28125,14,0.59375,19,0.4375
2015,KC,16,405.0,25.3125,986,32.18595429416809,0.0326429556735984,5317.0,16,332.3125,0.0326429556735984,8,0.78125,9,0.75,27,0.1875
2015,LA,16,280.0,17.5,946,-137.60822488945718,-0.1454632398408638,4777.0,16,298.5625,-0.1454632398408638,32,0.03125,29,0.125,32,0.03125
2015,LAC,16,320.0,20.0,1160,-19.71795516196057,-0.0169982372085867,5962.0,16,372.625,-0.0169982372085867,17,0.5,26,0.21875,9,0.75
2015,LV,16,359.0,22.4375,1038,-43.072161166561216,-0.0414953383107526,5350.0,16,334.375,-0.0414953383107526,21,0.375,17,0.5,24,0.28125
2015,MIA,16,310.0,19.375,1020,-31.31416539249709,-0.0307001621495069,5321.0,16,332.5625,-0.0307001621495069,20,0.40625,27,0.1875,25,0.234375
2015,MIN,16,365.0,22.8125,1008,22.93818751962109,0.0227561384123225,5159.0,16,322.4375,0.0227561384123225,13,0.625,16,0.53125,29,0.125
2015,NE,16,465.0,29.0625,1091,97.11552239905124,0.0890151442704411,6012.0,16,375.75,0.0890151442704411,3,0.9375,3,0.9375,6,0.84375
2015,NO,16,408.0,25.5,1138,88.90615703442926,0.0781249183079343,6479.0,16,404.9375,0.0781249183079343,5,0.875,8,0.78125,2,0.96875
2015,NYG,16,420.0,26.25,1101,27.888121912109728,0.0253298110010079,5963.0,16,372.6875,0.0253298110010079,9,0.75,6,0.84375,8,0.78125
2015,NYJ,16,387.0,24.1875,1094,27.123435286394063,0.0247929024555704,5936.0,16,371.0,0.0247929024555704,10,0.71875,11,0.6875,10,0.71875
2015,PHI,16,377.0,23.5625,1143,-50.43929816928728,-0.0441288697894027,5842.0,16,365.125,-0.0441288697894027,22,0.34375,13,0.625,12,0.65625
2015,PIT,16,423.0,26.4375,1053,86.76530287747211,0.082398198364171,6363.0,16,397.6875,0.082398198364171,4,0.90625,4,0.890625,3,0.9375
2015,SEA,16,423.0,26.4375,1053,107.6023236434118,0.1021864422064689,6084.0,16,380.25,0.1021864422064689,2,0.96875,4,0.890625,4,0.90625
2015,SF,16,238.0,14.875,996,-90.44989606154957,-0.0908131486561742,4872.0,16,304.5,-0.0908131486561742,30,0.09375,32,0.03125,31,0.0625
2015,TB,16,342.0,21.375,1075,7.378729033470707,0.0068639339846239,6034.0,16,377.125,0.0068639339846239,14,0.59375,20,0.40625,5,0.875
2015,TEN,16,299.0,18.6875,1021,-103.5880973940051,-0.1014574901018659,5001.0,16,312.5625,-0.1014574901018659,31,0.0625,28,0.15625,30,0.09375
2015,WAS,16,388.0,24.25,1051,23.97858186370372,0.0228150160453888,5677.0,16,354.8125,0.0228150160453888,12,0.65625,10,0.71875,17,0.5
2016,ARI,16,418.0,26.125,1142,-7.271457799434716,-0.006367301050293,5877.0,16,367.3125,-0.006367301050293,19,0.4375,6,0.84375,9,0.75
2016,ATL,16,540.0,33.75,1028,196.9891068794868,0.1916236448244034,6670.0,16,416.875,0.1916236448244034,1,1.0,1,1.0,2,0.96875
2016,BAL,16,343.0,21.4375,1118,-63.85918857598019,-0.0571191311055279,5584.0,16,349.0,-0.0571191311055279,25,0.25,21,0.375,17,0.5
2016,BUF,16,399.0,24.9375,1057,62.69688403859241,0.0593158789390656,5681.0,16,355.0625,0.0593158789390656,8,0.78125,10,0.703125,16,0.53125
2016,CAR,16,369.0,23.0625,1099,-51.71650468525601,-0.0470577840630173,5510.0,16,344.375,-0.0470577840630173,23,0.3125,15,0.5625,20,0.40625
2016,CHI,16,279.0,17.4375,1003,-42.25460591812623,-0.0421282212543631,5711.0,16,356.9375,-0.0421282212543631,21,0.375,28,0.140625,15,0.5625
2016,CIN,16,325.0,20.3125,1076,55.52795348623796,0.0516059047269869,5719.0,16,357.4375,0.0516059047269869,10,0.71875,24,0.28125,13,0.625
2016,CLE,16,264.0,16.5,1025,-50.65074463355573,-0.0494153606181031,4982.0,16,311.375,-0.0494153606181031,24,0.28125,31,0.0625,30,0.09375
2016,DAL,16,421.0,26.3125,1041,128.80544804631333,0.1237324188725392,6050.0,16,378.125,0.1237324188725392,4,0.90625,5,0.875,5,0.875
2016,DEN,16,333.0,20.8125,1061,-61.90081717451703,-0.0583419577516654,5189.0,16,324.3125,-0.0583419577516654,27,0.1875,22,0.34375,27,0.1875
2016,DET,16,346.0,21.625,1025,55.227114607181264,0.0538801118118841,5432.0,16,339.5,0.0538801118118841,9,0.75,20,0.40625,21,0.375
2016,GB,16,432.0,27.0,1066,135.39754248741102,0.1270145801945694,5923.0,16,370.1875,0.1270145801945694,3,0.9375,4,0.90625,8,0.78125
2016,HOU,16,279.0,17.4375,1105,-86.79241582342719,-0.0785451726908843,5053.0,16,315.8125,-0.0785451726908843,30,0.09375,28,0.140625,29,0.125
2016,IND,16,411.0,25.6875,1074,49.59715199965339,0.0461798435750962,5852.0,16,365.75,0.0461798435750962,12,0.65625,8,0.78125,10,0.71875
2016,JAX,16,318.0,19.875,1108,-64.40024342502211,-0.0581229633799838,5370.0,16,335.625,-0.0581229633799838,26,0.21875,25,0.25,23,0.3125
2016,KC,16,389.0,24.3125,1002,14.408579226289344,0.0143798195871151,5512.0,16,344.5,0.0143798195871151,15,0.5625,13,0.625,19,0.4375
2016,LA,16,224.0,14.0,996,-202.62516939309785,-0.2034389250934717,4213.0,16,263.3125,-0.2034389250934717,32,0.03125,32,0.03125,32,0.03125
2016,LAC,16,410.0,25.625,1060,9.396475398205178,0.008864599432269,5714.0,16,357.125,0.008864599432269,16,0.53125,9,0.75,14,0.59375
2016,LV,16,416.0,26.0,1097,50.85604781570037,0.046359204936828,6014.0,16,375.875,0.046359204936828,11,0.6875,7,0.8125,6,0.84375
2016,MIA,16,363.0,22.6875,941,-3.3964363834942857,-0.003609390418166,5331.0,16,333.1875,-0.003609390418166,17,0.5,17,0.5,24,0.28125
2016,MIN,16,327.0,20.4375,1037,-44.73164197413156,-0.0431356238901943,5060.0,16,316.25,-0.0431356238901943,22,0.34375,23,0.3125,28,0.15625
2016,NE,16,441.0,27.5625,1098,140.4306293856855,0.1278967480743948,6202.0,16,387.625,0.1278967480743948,2,0.96875,3,0.9375,4,0.90625
2016,NO,16,469.0,29.3125,1133,112.26136068838989,0.0990832839262046,6832.0,16,427.0,0.0990832839262046,6,0.84375,2,0.96875,1,1.0
2016,NYG,16,310.0,19.375,1044,-78.1648378138413,-0.0748705343044457,5311.0,16,331.9375,-0.0748705343044457,29,0.125,26,0.21875,25,0.25
2016,NYJ,16,275.0,17.1875,1037,-70.92127410113255,-0.0683908139837343,5274.0,16,329.625,-0.0683908139837343,28,0.15625,30,0.09375,26,0.21875
2016,PHI,16,367.0,22.9375,1120,-16.514261347183805,-0.0147448762028426,5420.0,16,338.75,-0.0147448762028426,20,0.40625,16,0.53125,22,0.34375
2016,PIT,16,399.0,24.9375,1065,87.0189752117198,0.0817079579452768,5984.0,16,374.0,0.0817079579452768,7,0.8125,10,0.703125,7,0.8125
2016,SEA,16,354.0,22.125,1043,23.351363357439592,0.0223886513494147,5737.0,16,358.5625,0.0223886513494147,14,0.59375,18,0.453125,12,0.65625
2016,SF,16,309.0,19.3125,1027,-88.79236108336566,-0.0864579952126247,4944.0,16,309.0,-0.0864579952126247,31,0.0625,27,0.1875,31,0.0625
2016,TB,16,354.0,22.125,1119,-4.045737873520025,-0.0036154940782127,5570.0,16,348.125,-0.0036154940782127,18,0.46875,18,0.453125,18,0.46875
2016,TEN,16,381.0,23.8125,1049,33.87246012913462,0.0322902384453142,5742.0,16,358.875,0.0322902384453142,13,0.625,14,0.59375,11,0.6875
2016,WAS,16,396.0,24.75,1045,119.53143901026334,0.1143841521629314,6467.0,16,404.1875,0.1143841521629314,5,0.875,12,0.65625,3,0.9375
2017,ARI,16,295.0,18.4375,1105,-142.19231393673903,-0.1286808270920715,5042.0,16,315.125,-0.1286808270920715,31,0.0625,25,0.25,21,0.375
2017,ATL,16,353.0,22.0625,1013,46.63630470681383,0.0460378131360452,5847.0,16,365.4375,0.0460378131360452,8,0.78125,15,0.5625,8,0.78125
2017,BAL,16,395.0,24.6875,1068,-56.65322830342812,-0.0530460939170675,4905.0,16,306.5625,-0.0530460939170675,21,0.375,9,0.75,26,0.21875
2017,BUF,16,302.0,18.875,1034,-74.33264435060605,-0.0718884374764081,4838.0,16,302.375,-0.0718884374764081,23,0.3125,22,0.34375,29,0.125
2017,CAR,16,363.0,22.6875,1048,-19.99290191667869,-0.0190771964853804,5206.0,16,325.375,-0.0190771964853804,13,0.625,12,0.65625,17,0.5
2017,CHI,16,264.0,16.5,983,-109.7679738022254,-0.1116663009178284,4608.0,16,288.0,-0.1116663009178284,28,0.15625,29,0.125,30,0.09375
2017,CIN,16,290.0,18.125,943,-82.81870736636127,-0.0878247161891423,4506.0,16,281.625,-0.0878247161891423,25,0.25,26,0.21875,32,0.03125
2017,CLE,16,234.0,14.625,1064,-154.02589126803807,-0.1447611760037951,4947.0,16,309.1875,-0.1447611760037951,32,0.03125,32,0.03125,24,0.28125
2017,DAL,16,354.0,22.125,1057,5.206699083768667,0.0049259215551264,5319.0,16,332.4375,0.0049259215551264,11,0.6875,14,0.59375,14,0.59375
2017,DEN,16,289.0,18.0625,1116,-132.35679183174835,-0.1185992758348999,5201.0,16,325.0625,-0.1185992758348999,29,0.125,27,0.1875,18,0.46875
2017,DET,16,410.0,25.625,1034,-48.15357683370034,-0.0465701903614123,5417.0,16,338.5625,-0.0465701903614123,18,0.46875,7,0.8125,13,0.625
2017,GB,16,320.0,20.0,1039,-24.54521517715006,-0.0236238837123677,4901.0,16,306.3125,-0.0236238837123677,14,0.59375,21,0.375,27,0.171875
2017,HOU,16,338.0,21.125,1089,-57.756781458468765,-0.0530365302648932,5127.0,16,320.4375,-0.0530365302648932,20,0.40625,17,0.5,20,0.40625
2017,IND,16,263.0,16.4375,1017,-109.8002660580536,-0.1079648633805836,4564.0,16,285.25,-0.1079648633805836,26,0.21875,30,0.09375,31,0.0625
2017,JAX,16,417.0,26.0625,1113,21.908013809045883,0.0196837500530511,5877.0,16,367.3125,0.0196837500530511,10,0.71875,5,0.875,7,0.8125
2017,KC,16,415.0,25.9375,1018,81.03912228473008,0.0796062104958055,6019.0,16,376.1875,0.0796062104958055,4,0.90625,6,0.84375,5,0.875
2017,LA,16,478.0,29.875,1015,54.607819097763965,0.0538008069928709,5807.0,16,362.9375,0.0538008069928709,6,0.84375,1,1.0,10,0.71875
2017,LAC,16,355.0,22.1875,1044,87.59501414801134,0.0839032702567158,6046.0,16,377.875,0.0839032702567158,3,0.9375,13,0.625,4,0.90625
2017,LV,16,301.0,18.8125,999,-43.58133286970547,-0.043624957827533,5199.0,16,324.9375,-0.043624957827533,17,0.5,23,0.3125,19,0.4375
2017,MIA,16,281.0,17.5625,1029,-127.87299935133515,-0.1242691927612586,4932.0,16,308.25,-0.1242691927612586,30,0.09375,28,0.15625,25,0.25
2017,MIN,16,382.0,23.875,1093,30.74344095957173,0.028127576358254,5740.0,16,358.75,0.028127576358254,9,0.75,10,0.71875,11,0.6875
2017,NE,16,458.0,28.625,1125,155.46208088840734,0.1381885163452509,6325.0,16,395.3125,0.1381885163452509,1,1.0,2,0.96875,1,1.0
2017,NO,16,448.0,28.0,1015,94.1623438206007,0.0927707820892617,6283.0,16,392.6875,0.0927707820892617,2,0.96875,4,0.90625,2,0.96875
2017,NYG,16,246.0,15.375,1078,-116.61578691020856,-0.1081779099352584,5040.0,16,315.0,-0.1081779099352584,27,0.1875,31,0.0625,22,0.34375
2017,NYJ,16,298.0,18.625,1017,-74.86828786260887,-0.0736168022247874,4901.0,16,306.3125,-0.0736168022247874,24,0.28125,24,0.28125,27,0.171875
2017,PHI,16,457.0,28.5625,1112,59.57742578742839,0.0535768217512845,5882.0,16,367.625,0.0535768217512845,7,0.8125,3,0.9375,6,0.84375
2017,PIT,16,406.0,25.375,1082,82.22670434645957,0.0759951056806465,6088.0,16,380.5,0.0759951056806465,5,0.875,8,0.78125,3,0.9375
2017,SEA,16,366.0,22.875,1050,-25.00296021108399,-0.0238123430581752,5307.0,16,331.6875,-0.0238123430581752,15,0.5625,11,0.6875,15,0.5625
2017,SF,16,331.0,20.6875,1086,-45.51021318093365,-0.0419062736472685,5597.0,16,349.8125,-0.0419062736472685,16,0.53125,20,0.40625,12,0.65625
2017,TB,16,335.0,20.9375,1080,1.21638703318626,0.0011262842899872,5827.0,16,364.1875,0.0011262842899872,12,0.65625,18,0.46875,9,0.75
2017,TEN,16,334.0,20.875,1008,-70.0739316406305,-0.0695177893260223,5037.0,16,314.8125,-0.0695177893260223,22,0.34375,19,0.4375,23,0.3125
2017,WAS,16,342.0,21.375,1004,-51.43779739254107,-0.0512328659288257,5209.0,16,325.5625,-0.0512328659288257,19,0.4375,16,0.53125,16,0.53125
2018,ARI,16,225.0,14.0625,934,-222.5247132624956,-0.2382491576686248,3877.0,16,242.3125,-0.2382491576686248,32,0.03125,32,0.03125,32,0.03125
2018,ATL,16,414.0,25.875,1052,85.1867839847726,0.0809760304037762,6237.0,16,389.8125,0.0809760304037762,8,0.78125,10,0.71875,6,0.84375
2018,BAL,16,389.0,24.3125,1168,39.37389107534879,0.0337105231809493,6024.0,16,376.5,0.0337105231809493,15,0.5625,13,0.625,9,0.75
2018,BUF,16,269.0,16.8125,1053,-147.57578206282574,-0.1401479411802713,4759.0,16,297.4375,-0.1401479411802713,31,0.0625,30,0.09375,30,0.09375
2018,CAR,16,376.0,23.5,1041,68.21577501912708,0.0655290826312459,5992.0,16,374.5,0.0655290826312459,9,0.75,14,0.578125,10,0.71875
2018,CHI,16,421.0,26.3125,1058,44.46511383448933,0.0420275178019747,5528.0,16,345.5,0.0420275178019747,13,0.625,9,0.75,21,0.375
2018,CIN,16,368.0,23.0,991,10.524866968001652,0.0106204510272468,4980.0,16,311.25,0.0106204510272468,18,0.46875,17,0.5,26,0.21875
2018,CLE,16,359.0,22.4375,1073,-11.454387436429624,-0.01067510478698,5920.0,16,370.0,-0.01067510478698,20,0.40625,20,0.40625,12,0.65625
2018,DAL,16,339.0,21.1875,1062,11.200601585702175,0.0105467058245783,5521.0,16,345.0625,0.0105467058245783,19,0.4375,22,0.34375,22,0.34375
2018,DEN,16,329.0,20.5625,1063,-26.8772043258332,-0.0252842938154592,5611.0,16,350.6875,-0.0252842938154592,22,0.34375,24,0.28125,19,0.4375
2018,DET,16,324.0,20.25,1068,-28.570924733108505,-0.0267518021845585,5246.0,16,327.875,-0.0267518021845585,23,0.3125,25,0.25,24,0.28125
2018,GB,16,376.0,23.5,1067,59.630440034961445,0.0558860731349216,5917.0,16,369.8125,0.0558860731349216,11,0.6875,14,0.578125,13,0.625
2018,HOU,16,402.0,25.125,1077,33.30013999758331,0.0309193500441813,5812.0,16,363.25,0.0309193500441813,16,0.53125,11,0.6875,15,0.5625
2018,IND,16,433.0,27.0625,1110,68.60825040312098,0.0618092345974062,6210.0,16,388.125,0.0618092345974062,10,0.71875,5,0.875,7,0.8125
2018,JAX,16,245.0,15.3125,1035,-136.43618869480275,-0.1318224045360413,4838.0,16,302.375,-0.1318224045360413,30,0.09375,31,0.0625,27,0.1875
2018,KC,16,565.0,35.3125,1032,243.71500829160672,0.2361579537709367,6824.0,16,426.5,0.2361579537709367,1,1.0,1,1.0,1,1.0
2018,LA,16,527.0,32.9375,1081,163.61644617031885,0.1513565644498787,6775.0,16,423.4375,0.1513565644498787,3,0.9375,2,0.96875,2,0.96875
2018,LAC,16,428.0,26.75,981,127.50461098150949,0.1299741192472064,5988.0,16,374.25,0.1299741192472064,4,0.90625,6,0.8125,11,0.6875
2018,LV,16,290.0,18.125,1023,-58.21148251580208,-0.0569027199567957,5393.0,16,337.0625,-0.0569027199567957,25,0.25,28,0.15625,23,0.3125
2018,MIA,16,319.0,19.9375,908,-99.41289052499904,-0.1094855622522015,4651.0,16,290.6875,-0.1094855622522015,28,0.15625,26,0.21875,31,0.0625
2018,MIN,16,360.0,22.5,1039,-76.04892876556482,-0.073194349148763,5544.0,16,346.5,-0.073194349148763,27,0.1875,19,0.4375,20,0.40625
2018,NE,16,436.0,27.25,1098,97.88722294770908,0.089150476272959,6313.0,16,394.5625,0.089150476272959,7,0.8125,4,0.90625,5,0.875
2018,NO,16,504.0,31.5,1028,159.6590151465392,0.1553103260180342,6100.0,16,381.25,0.1553103260180342,2,0.96875,3,0.9375,8,0.78125
2018,NYG,16,369.0,23.0625,1023,17.74239459619369,0.0173434942289283,5711.0,16,356.9375,0.0173434942289283,17,0.5,16,0.53125,17,0.5
2018,NYJ,16,333.0,20.8125,989,-129.35368388014058,-0.1307924002832564,4797.0,16,299.8125,-0.1307924002832564,29,0.125,23,0.3125,29,0.125
2018,PHI,16,367.0,22.9375,1077,43.58285209623156,0.040466900739305,5866.0,16,366.625,0.040466900739305,14,0.59375,18,0.46875,14,0.59375
2018,PIT,16,428.0,26.75,1100,115.3458473925014,0.1048598612659103,6478.0,16,404.875,0.1048598612659103,5,0.875,6,0.8125,4,0.90625
2018,SEA,16,428.0,26.75,1046,98.27478938666452,0.0939529535245358,5674.0,16,354.625,0.0939529535245358,6,0.84375,6,0.8125,18,0.46875
2018,SF,16,342.0,21.375,1042,-21.931600000313125,-0.0210476007680548,5788.0,16,361.75,-0.0210476007680548,21,0.375,21,0.375,16,0.53125
2018,TB,16,396.0,24.75,1107,46.88767076683872,0.0423556194822391,6659.0,16,416.1875,0.0423556194822391,12,0.65625,12,0.65625,3,0.9375
2018,TEN,16,310.0,19.375,977,-28.86387466871236,-0.0295433722300024,5007.0,16,312.9375,-0.0295433722300024,24,0.28125,27,0.1875,25,0.25
2018,WAS,16,281.0,17.5625,1010,-72.43769163606463,-0.0717204867683808,4807.0,16,300.4375,-0.0717204867683808,26,0.21875,29,0.125,28,0.15625
2019,ARI,16,361.0,22.5625,1035,17.87726527870544,0.0172727200760439,5490.0,16,343.125,0.0172727200760439,12,0.65625,16,0.515625,19,0.4375
2019,ATL,16,381.0,23.8125,1149,11.895085253174214,0.0103525546154692,6091.0,16,380.6875,0.0103525546154692,14,0.59375,13,0.625,5,0.875
2019,BAL,16,531.0,33.1875,1080,217.4927419041207,0.2013821684297413,6551.0,16,409.4375,0.2013821684297413,1,1.0,1,1.0,2,0.96875
2019,BUF,16,314.0,19.625,1049,-20.353096091097548,-0.0194023794958031,5302.0,16,331.375,-0.0194023794958031,20,0.40625,23,0.3125,24,0.28125
2019,CAR,16,340.0,21.25,1108,-91.45811986515967,-0.082543429481191,5476.0,16,342.25,-0.082543429481191,28,0.15625,20,0.40625,21,0.375
2019,CHI,16,280.0,17.5,1060,-82.99110981447431,-0.0782934998249757,4757.0,16,297.3125,-0.0782934998249757,27,0.1875,29,0.125,29,0.125
2019,CIN,16,279.0,17.4375,1083,-103.6537010874192,-0.0957097886310426,5185.0,16,324.0625,-0.0957097886310426,29,0.125,30,0.09375,26,0.21875
2019,CLE,16,335.0,20.9375,1031,-28.98290547478245,-0.0281114505090033,5463.0,16,341.4375,-0.0281114505090033,21,0.375,22,0.34375,22,0.34375
2019,DAL,16,434.0,27.125,1110,123.89929710660029,0.1116209883843245,6918.0,16,432.375,0.1116209883843245,3,0.9375,6,0.84375,1,1.0
2019,DEN,16,282.0,17.625,1001,-54.28134015172546,-0.0542271130386867,4791.0,16,299.4375,-0.0542271130386867,23,0.3125,28,0.15625,28,0.15625
2019,DET,16,341.0,21.3125,1067,-43.3281580840818,-0.0406074583730851,5558.0,16,347.375,-0.0406074583730851,22,0.34375,18,0.453125,18,0.46875
2019,GB,16,376.0,23.5,1054,64.84401513253478,0.0615218359891221,5560.0,16,347.5,0.0615218359891221,7,0.8125,15,0.5625,17,0.5
2019,HOU,16,378.0,23.625,1054,61.34768150355008,0.0582046314075427,5805.0,16,362.8125,0.0582046314075427,8,0.78125,14,0.59375,13,0.625
2019,IND,16,361.0,22.5625,1058,10.341052688814983,0.0097741518797873,5256.0,16,328.5,0.0097741518797873,16,0.53125,16,0.515625,25,0.25
2019,JAX,16,300.0,18.75,1077,-59.657317195813015,-0.0553921236729925,5488.0,16,343.0,-0.0553921236729925,24,0.28125,26,0.21875,20,0.40625
2019,KC,16,451.0,28.1875,1035,139.1055703157352,0.1344015172132707,6085.0,16,380.3125,0.1344015172132707,2,0.96875,5,0.875,6,0.84375
2019,LA,16,394.0,24.625,1098,-0.2375813602636398,-0.0002163764665424,6013.0,16,375.8125,-0.0002163764665424,19,0.4375,11,0.6875,7,0.8125
2019,LAC,16,337.0,21.0625,1045,38.52647659828927,0.0368674417208509,5888.0,16,368.0,0.0368674417208509,10,0.71875,21,0.375,10,0.71875
2019,LV,16,313.0,19.5625,1012,36.95563110140886,0.0365174220369652,5826.0,16,364.125,0.0365174220369652,11,0.6875,24,0.28125,11,0.6875
2019,MIA,16,306.0,19.125,1068,-83.09974299587992,-0.077808748123483,4978.0,16,311.125,-0.077808748123483,26,0.21875,25,0.25,27,0.1875
2019,MIN,16,407.0,25.4375,1006,55.54157672202092,0.0552103148330227,5671.0,16,354.4375,0.0552103148330227,9,0.75,8,0.78125,16,0.53125
2019,NE,16,420.0,26.25,1132,11.236445723102534,0.0099261888013273,5682.0,16,355.125,0.0099261888013273,15,0.5625,7,0.8125,15,0.5625
2019,NO,16,458.0,28.625,1041,84.0721740594823,0.0807609741205401,6002.0,16,375.125,0.0807609741205401,4,0.90625,3,0.921875,9,0.75
2019,NYG,16,341.0,21.3125,1062,-67.92196795279067,-0.0639566553227784,5425.0,16,339.0625,-0.0639566553227784,25,0.25,18,0.453125,23,0.3125
2019,NYJ,16,276.0,17.25,1001,-152.3027893118416,-0.1521506386731684,4389.0,16,274.3125,-0.1521506386731684,32,0.03125,31,0.0625,32,0.03125
2019,PHI,16,385.0,24.0625,1153,5.560775854760151,0.0048228758497486,5791.0,16,361.9375,0.0048228758497486,17,0.5,12,0.65625,14,0.59375
2019,PIT,16,289.0,18.0625,982,-134.72454224856878,-0.1371940348763429,4445.0,16,277.8125,-0.1371940348763429,31,0.0625,27,0.1875,30,0.09375
2019,SEA,16,405.0,25.3125,1090,18.61341204985656,0.0170765248163821,6008.0,16,375.5,0.0170765248163821,13,0.625,9,0.75,8,0.78125
2019,SF,16,479.0,29.9375,1041,78.55210779723424,0.075458316808102,6120.0,16,382.5,0.075458316808102,5,0.875,2,0.96875,4,0.90625
2019,TB,16,458.0,28.625,1118,4.534492152118284,0.0040558963793544,6389.0,16,399.3125,0.0040558963793544,18,0.46875,3,0.921875,3,0.9375
2019,TEN,16,402.0,25.125,970,61.37238253467126,0.0632704974584239,5824.0,16,364.0,0.0632704974584239,6,0.84375,10,0.71875,12,0.65625
2019,WAS,16,266.0,16.625,928,-123.85089349814946,-0.1334600145454196,4402.0,16,275.125,-0.1334600145454196,30,0.09375,32,0.03125,31,0.0625
2020,ARI,16,410.0,25.625,1113,53.17107752917921,0.0477727560909067,6173.0,16,385.8125,0.0477727560909067,14,0.59375,13,0.625,6,0.84375
2020,ATL,16,396.0,24.75,1111,45.55956269099717,0.0410077071926167,5909.0,16,369.3125,0.0410077071926167,16,0.53125,16,0.53125,18,0.46875
2020,BAL,16,468.0,29.25,1011,111.87016891127718,0.1106529860645669,5827.0,16,364.1875,0.1106529860645669,6,0.84375,7,0.8125,19,0.4375
2020,BUF,16,501.0,31.3125,1061,178.214733232795,0.167968645836753,6369.0,16,398.0625,0.167968645836753,4,0.90625,2,0.96875,2,0.96875
2020,CAR,16,350.0,21.875,1023,19.65048905471973,0.0192086892030495,5605.0,16,350.3125,0.0192086892030495,19,0.4375,24,0.28125,21,0.375
2020,CHI,16,372.0,23.25,1059,-15.968972106160209,-0.0150792937735223,5317.0,16,332.3125,-0.0150792937735223,24,0.28125,22,0.328125,26,0.21875
2020,CIN,16,311.0,19.4375,1068,-44.20846588895778,-0.0413936946525821,5124.0,16,320.25,-0.0413936946525821,26,0.21875,29,0.125,29,0.125
2020,CLE,16,408.0,25.5,1044,97.18831043690656,0.0930922513763472,5932.0,16,370.75,0.0930922513763472,9,0.75,14,0.59375,16,0.53125
2020,DAL,16,395.0,24.6875,1142,-30.13769216657348,-0.0263902733507648,5962.0,16,372.625,-0.0263902733507648,25,0.25,17,0.5,14,0.59375
2020,DEN,16,323.0,20.1875,1063,-75.73080889852865,-0.0712425295376563,5390.0,16,336.875,-0.0712425295376563,31,0.0625,28,0.15625,23,0.3125
2020,DET,16,377.0,23.5625,1035,15.092525961590685,0.0145821506875272,5614.0,16,350.875,0.0145821506875272,20,0.40625,20,0.40625,20,0.40625
2020,GB,16,509.0,31.8125,1014,225.0066577793584,0.2219000569816157,6245.0,16,390.3125,0.2219000569816157,1,1.0,1,1.0,5,0.875
2020,HOU,16,384.0,24.0,968,87.93572714061689,0.0908426933270835,6016.0,16,376.0,0.0908426933270835,11,0.6875,18,0.453125,13,0.625
2020,IND,16,451.0,28.1875,1065,89.4502912097718,0.0839908837650439,6073.0,16,379.5625,0.0839908837650439,12,0.65625,9,0.75,10,0.71875
2020,JAX,16,306.0,19.125,1033,-53.3704320791336,-0.0516654715190063,5228.0,16,326.75,-0.0516654715190063,27,0.1875,30,0.09375,28,0.15625
2020,KC,16,473.0,29.5625,1085,195.02142503631373,0.1797432488813951,6679.0,16,417.4375,0.1797432488813951,3,0.9375,6,0.84375,1,1.0
2020,LA,16,372.0,23.25,1100,-13.603080104405509,-0.0123664364585504,6051.0,16,378.1875,-0.0123664364585504,23,0.3125,22,0.328125,11,0.6875
2020,LAC,16,384.0,24.0,1160,48.99684667034189,0.0422386609227085,6126.0,16,382.875,0.0422386609227085,15,0.5625,18,0.453125,9,0.75
2020,LV,16,434.0,27.125,1071,71.33953708194308,0.066610212027958,6145.0,16,384.0625,0.066610212027958,13,0.625,10,0.71875,8,0.78125
2020,MIA,16,404.0,25.25,1053,29.15832073441519,0.0276907129481625,5448.0,16,340.5,0.0276907129481625,18,0.46875,15,0.5625,22,0.34375
2020,MIN,16,430.0,26.875,1074,99.009690352674,0.0921877936244636,6316.0,16,394.75,0.0921877936244636,10,0.71875,11,0.6875,4,0.90625
2020,NE,16,326.0,20.375,997,2.96278198859628,0.0029716970798357,5250.0,16,328.125,0.0029716970798357,22,0.34375,27,0.1875,27,0.1875
2020,NO,16,482.0,30.125,1055,100.1353550640576,0.094915028496737,6044.0,16,377.75,0.094915028496737,8,0.78125,5,0.875,12,0.65625
2020,NYG,16,280.0,17.5,994,-55.78215217404041,-0.0561188653662378,4817.0,16,301.0625,-0.0561188653662378,30,0.09375,31,0.0625,31,0.0625
2020,NYJ,16,243.0,15.1875,979,-113.44916517662966,-0.1158827019168842,4488.0,16,280.5,-0.1158827019168842,32,0.03125,32,0.03125,32,0.03125
2020,PHI,16,334.0,20.875,1123,-62.231752085754174,-0.0554156296400304,5374.0,16,335.875,-0.0554156296400304,29,0.125,26,0.21875,25,0.25
2020,PIT,16,416.0,26.0,1077,36.32038379916423,0.0337236618376641,5381.0,16,336.3125,0.0337236618376641,17,0.5,12,0.65625,24,0.28125
2020,SEA,16,459.0,28.6875,1047,109.77279643294824,0.1048450777774099,5931.0,16,370.6875,0.1048450777774099,7,0.8125,8,0.78125,17,0.5
2020,SF,16,376.0,23.5,1086,8.698548865289512,0.0080097135039498,5933.0,16,370.8125,0.0080097135039498,21,0.375,21,0.375,15,0.5625
2020,TB,16,492.0,30.75,1045,153.16069429237808,0.1465652576960555,6159.0,16,384.9375,0.1465652576960555,5,0.875,3,0.9375,7,0.8125
2020,TEN,16,491.0,30.6875,1062,201.04480264224853,0.1893077237685956,6366.0,16,397.875,0.1893077237685956,2,0.96875,4,0.90625,3,0.9375
2020,WAS,16,335.0,20.9375,1074,-59.39215772793569,-0.055299960640536,5102.0,16,318.875,-0.055299960640536,28,0.15625,25,0.25,30,0.09375
2021,ARI,17,449.0,26.41176470588235,1157,88.05347971394025,0.0761049954312361,6372.0,17,374.8235294117647,0.0761049954312361,9,0.75,11,0.6875,8,0.78125
2021,ATL,17,313.0,18.41176470588235,1038,-79.83472025204104,-0.0769120618998468,5176.0,17,304.47058823529414,-0.0769120618998468,27,0.1875,26,0.21875,29,0.125
2021,BAL,17,387.0,22.764705882352946,1225,7.816575214364222,0.0063808777260116,6452.0,17,379.52941176470586,0.0063808777260116,19,0.4375,17,0.5,6,0.84375
2021,BUF,17,483.0,28.41176470588235,1175,107.24001427387984,0.0912680972543658,6523.0,17,383.7058823529412,0.0912680972543658,4,0.90625,3,0.9375,5,0.875
2021,CAR,17,304.0,17.88235294117647,1139,-147.60461924532396,-0.1295914128580544,5100.0,17,300.0,-0.1295914128580544,30,0.09375,29,0.125,30,0.09375
2021,CHI,17,311.0,18.294117647058822,1109,-94.16993262188282,-0.084914276485016,5244.0,17,308.47058823529414,-0.084914276485016,29,0.125,27,0.1875,24,0.28125
2021,CIN,17,460.0,27.058823529411764,1084,65.26441256332312,0.0602070226598921,6158.0,17,362.2352941176471,0.0602070226598921,12,0.65625,7,0.796875,13,0.625
2021,CLE,17,349.0,20.529411764705884,1093,16.91795158486422,0.0154784552469023,5809.0,17,341.7058823529412,0.0154784552469023,17,0.5,20,0.40625,18,0.46875
2021,DAL,17,530.0,31.176470588235293,1206,102.4170264417727,0.0849229074973239,6954.0,17,409.05882352941177,0.0849229074973239,7,0.8125,1,1.0,1,1.0
2021,DEN,17,335.0,19.705882352941178,1073,21.522631265894777,0.0200583702384853,5626.0,17,330.94117647058823,0.0200583702384853,16,0.53125,23,0.296875,19,0.4375
2021,DET,17,325.0,19.11764705882353,1100,-62.86199084327784,-0.0571472644029798,5495.0,17,323.2352941176471,-0.0571472644029798,24,0.28125,25,0.25,22,0.34375
2021,GB,17,450.0,26.47058823529412,1093,147.90081163665468,0.1353163875907179,6237.0,17,366.88235294117646,0.1353163875907179,3,0.9375,10,0.71875,10,0.71875
2021,HOU,17,280.0,16.470588235294116,1060,-139.92768501501723,-0.1320072500141672,4735.0,17,278.52941176470586,-0.1320072500141672,31,0.0625,30,0.09375,32,0.03125
2021,IND,17,451.0,26.529411764705884,1098,64.42745765711952,0.0586771016913656,5919.0,17,348.1764705882353,0.0586771016913656,13,0.625,9,0.75,16,0.53125
2021,JAX,17,253.0,14.882352941176473,1074,-85.75975267940395,-0.0798507939286815,5204.0,17,306.11764705882354,-0.0798507939286815,28,0.15625,32,0.03125,27,0.1875
2021,KC,17,480.0,28.23529411764705,1175,165.1042033898832,0.1405142156509644,6770.0,17,398.2352941176471,0.1405142156509644,2,0.96875,4,0.90625,3,0.9375
2021,LA,17,460.0,27.058823529411764,1075,89.13085702946904,0.0829124251436921,6348.0,17,373.4117647058824,0.0829124251436921,8,0.78125,7,0.796875,9,0.75
2021,LAC,17,474.0,27.88235294117647,1180,105.95212068624544,0.0897899327849537,6663.0,17,391.9411764705882,0.0897899327849537,5,0.875,5,0.875,4,0.90625
2021,LV,17,374.0,22.0,1128,-3.9225318081123377,-0.0034774218157024,6194.0,17,364.3529411764706,-0.0034774218157024,20,0.40625,18,0.46875,11,0.6875
2021,MIA,17,341.0,20.058823529411764,1140,-51.30797516996866,-0.0450069957631304,5234.0,17,307.88235294117646,-0.0450069957631304,22,0.34375,22,0.34375,25,0.25
2021,MIN,17,425.0,25.0,1127,15.846233013499113,0.0140605439338945,6185.0,17,363.8235294117647,0.0140605439338945,18,0.46875,14,0.59375,12,0.65625
2021,NE,17,462.0,27.176470588235293,1084,77.942734246166,0.0719028913710018,6042.0,17,355.4117647058824,0.0719028913710018,10,0.71875,6,0.84375,15,0.5625
2021,NO,17,364.0,21.41176470588235,1075,-71.90534301945407,-0.0668886911808875,5192.0,17,305.4117647058824,-0.0668886911808875,25,0.25,19,0.4375,28,0.15625
2021,NYG,17,258.0,15.176470588235292,1089,-149.822364033144,-0.1375779284050909,4901.0,17,288.29411764705884,-0.1375779284050909,32,0.03125,31,0.0625,31,0.0625
2021,NYJ,17,310.0,18.23529411764705,1078,-77.51515048604034,-0.0719064475751765,5225.0,17,307.3529411764706,-0.0719064475751765,26,0.21875,28,0.15625,26,0.21875
2021,PHI,17,444.0,26.11764705882353,1106,71.81943193158907,0.0649361952365181,6141.0,17,361.2352941176471,0.0649361952365181,11,0.6875,12,0.65625,14,0.59375
2021,PIT,17,343.0,20.176470588235293,1155,-59.83448208177892,-0.0518047463911505,5378.0,17,316.3529411764706,-0.0518047463911505,23,0.3125,21,0.375,23,0.3125
2021,SEA,17,395.0,23.23529411764705,982,41.61723452527415,0.0423800758913178,5515.0,17,324.4117647058824,0.0423800758913178,14,0.59375,16,0.53125,20,0.390625
2021,SF,17,427.0,25.11764705882353,1075,92.71616418712571,0.0862475945926751,6406.0,17,376.8235294117647,0.0862475945926751,6,0.84375,13,0.625,7,0.8125
2021,TB,17,511.0,30.058823529411764,1161,164.48874992918513,0.1416785098442593,6919.0,17,407.0,0.1416785098442593,1,1.0,2,0.96875,2,0.96875
2021,TEN,17,419.0,24.647058823529413,1169,31.30796582392136,0.026781835606434,5841.0,17,343.5882352941176,0.026781835606434,15,0.5625,15,0.5625,17,0.5
2021,WAS,17,335.0,19.705882352941178,1115,-42.94562411263799,-0.0385162548095407,5515.0,17,324.4117647058824,-0.0385162548095407,21,0.375,23,0.296875,20,0.390625
2022,ARI,17,340.0,20.0,1193,-94.28089169970916,-0.0790284088010973,5516.0,17,324.47058823529414,-0.0790284088010973,28,0.15625,21,0.375,22,0.34375
2022,ATL,17,365.0,21.47058823529412,1037,4.769375505508709,0.0045992049233449,5433.0,17,319.5882352941176,0.0045992049233449,19,0.4375,15,0.546875,24,0.28125
2022,BAL,17,350.0,20.58823529411765,1070,6.30671496746197,0.0058941261378149,5785.0,17,340.29411764705884,0.0058941261378149,16,0.53125,19,0.4375,16,0.53125
2022,BUF,16,455.0,28.4375,1059,118.1916293719458,0.1116068266024039,6394.0,16,399.625,0.1116068266024039,2,0.96875,2,0.96875,2,0.96875
2022,CAR,17,347.0,20.41176470588235,1010,-37.675215317168536,-0.0373021933833351,5214.0,17,306.7058823529412,-0.0373021933833351,22,0.34375,20,0.40625,29,0.125
2022,CHI,17,326.0,19.176470588235293,1020,-41.86315066789767,-0.0410423045763702,5245.0,17,308.52941176470586,-0.0410423045763702,23,0.3125,23,0.3125,28,0.15625
2022,CIN,16,418.0,26.125,1081,87.88632457101166,0.0813009477992707,5798.0,16,362.375,0.0813009477992707,5,0.875,7,0.8125,8,0.78125
2022,CLE,17,361.0,21.23529411764705,1153,14.299243900078478,0.0124017726800333,5945.0,17,349.7058823529412,0.0124017726800333,13,0.625,18,0.46875,14,0.59375
2022,DAL,17,467.0,27.47058823529412,1148,33.751760740397465,0.0294004884498235,6048.0,17,355.7647058823529,0.0294004884498235,10,0.71875,4,0.90625,11,0.6875
2022,DEN,17,287.0,16.88235294117647,1126,-86.86046525197638,-0.0771407329058404,5538.0,17,325.7647058823529,-0.0771407329058404,27,0.1875,32,0.03125,21,0.375
2022,DET,17,453.0,26.647058823529413,1129,85.74930946358087,0.0759515584265552,6482.0,17,381.2941176470589,0.0759515584265552,6,0.84375,5,0.875,4,0.90625
2022,GB,17,370.0,21.764705882352946,1077,19.65691605659918,0.0182515469420605,5766.0,17,339.1764705882353,0.0182515469420605,11,0.6875,14,0.59375,17,0.5
2022,HOU,17,289.0,17.0,1053,-178.0705675316668,-0.1691078514070909,4831.0,17,284.1764705882353,-0.1691078514070909,32,0.03125,30,0.078125,31,0.0625
2022,IND,17,289.0,17.0,1140,-178.04310190769613,-0.1561781595681545,5309.0,17,312.29411764705884,-0.1561781595681545,31,0.0625,30,0.078125,27,0.1875
2022,JAX,17,404.0,23.764705882352946,1108,51.03998983743068,0.0460649727774645,6096.0,17,358.5882352941176,0.0460649727774645,8,0.78125,10,0.71875,10,0.71875
2022,KC,17,496.0,29.176470588235293,1136,203.15176018660617,0.1788307748121533,7051.0,17,414.7647058823529,0.1788307748121533,1,1.0,1,1.0,1,1.0
2022,LA,17,307.0,18.058823529411764,1012,-83.83522640661228,-0.0828411328128579,4784.0,17,281.4117647058824,-0.0828411328128579,29,0.125,27,0.1875,32,0.03125
2022,LAC,17,391.0,23.0,1173,10.559244774728043,0.0090019137039454,6130.0,17,360.5882352941176,0.0090019137039454,15,0.5625,13,0.625,9,0.75
2022,LV,17,395.0,23.23529411764705,1097,5.84957174987338,0.0053323352323367,5997.0,17,352.7647058823529,0.0053323352323367,18,0.46875,12,0.65625,12,0.65625
2022,MIA,17,397.0,23.352941176470587,1041,54.027854663141184,0.0518999564487427,6204.0,17,364.9411764705882,0.0518999564487427,7,0.8125,11,0.6875,6,0.84375
2022,MIN,17,424.0,24.94117647058824,1157,6.546762758887121,0.0056583947786405,6164.0,17,362.5882352941176,0.0056583947786405,17,0.5,8,0.78125,7,0.8125
2022,NE,17,364.0,21.41176470588235,1026,-50.26514458189383,-0.0489913689882006,5390.0,17,317.05882352941177,-0.0489913689882006,24,0.28125,17,0.5,26,0.21875
2022,NO,17,330.0,19.41176470588235,1036,-35.99174838001464,-0.0347410698648789,5691.0,17,334.7647058823529,-0.0347410698648789,21,0.375,22,0.34375,19,0.4375
2022,NYG,17,365.0,21.47058823529412,1119,37.2785958308721,0.0333142053895193,5697.0,17,335.11764705882354,0.0333142053895193,9,0.75,15,0.546875,18,0.46875
2022,NYJ,17,296.0,17.41176470588235,1103,-94.49855110782262,-0.0856741170515164,5419.0,17,318.7647058823529,-0.0856741170515164,30,0.09375,29,0.125,25,0.25
2022,PHI,17,477.0,28.058823529411764,1154,115.06730080727333,0.0997116991397515,6641.0,17,390.6470588235294,0.0997116991397515,3,0.9375,3,0.9375,3,0.9375
2022,PIT,17,308.0,18.11764705882353,1150,16.877169204413633,0.0146757993081857,5502.0,17,323.6470588235294,0.0146757993081857,12,0.65625,26,0.21875,23,0.3125
2022,SEA,17,407.0,23.94117647058824,1079,12.235346683045815,0.0113395242660294,5988.0,17,352.2352941176471,0.0113395242660294,14,0.59375,9,0.75,13,0.625
2022,SF,17,450.0,26.47058823529412,1082,90.81841374801186,0.0839356873826357,6234.0,17,366.7058823529412,0.0839356873826357,4,0.90625,6,0.84375,5,0.875
2022,TB,17,313.0,18.41176470588235,1198,-38.32570365383517,-0.0319914053871746,5911.0,17,347.7058823529412,-0.0319914053871746,20,0.40625,25,0.25,15,0.5625
2022,TEN,17,298.0,17.529411764705884,1020,-65.99234952156418,-0.0646983818838864,5060.0,17,297.6470588235294,-0.0646983818838864,25,0.25,28,0.15625,30,0.09375
2022,WAS,17,321.0,18.88235294117647,1177,-79.4418699217871,-0.0674952165860553,5630.0,17,331.1764705882353,-0.0674952165860553,26,0.21875,24,0.28125,20,0.40625
2023,ARI,17,330.0,19.41176470588235,1124,-65.21505557298701,-0.0580205120756112,5526.0,17,325.05882352941177,-0.0580205120756112,22,0.34375,24,0.28125,19,0.4375
2023,ATL,17,321.0,18.88235294117647,1115,-99.1209360805168,-0.0888977005206428,5696.0,17,335.05882352941177,-0.0888977005206428,27,0.1875,26,0.21875,17,0.5
2023,BAL,17,483.0,28.41176470588235,1111,78.40499962955803,0.0705715568222844,6313.0,17,371.3529411764706,0.0705715568222844,6,0.84375,4,0.90625,6,0.84375
2023,BUF,17,451.0,26.529411764705884,1139,111.78573712879836,0.0981437551613681,6394.0,17,376.11764705882354,0.0981437551613681,3,0.9375,6,0.84375,4,0.90625
2023,CAR,17,236.0,13.882352941176473,1145,-179.45438336886843,-0.1567287190994484,4520.0,17,265.88235294117646,-0.1567287190994484,29,0.125,31,0.046875,32,0.03125
2023,CHI,17,360.0,21.176470588235293,1121,-59.680151932630174,-0.0532383157293757,5516.0,17,324.47058823529414,-0.0532383157293757,21,0.375,18,0.46875,20,0.40625
2023,CIN,17,366.0,21.529411764705884,1070,2.367952941534288,0.002213040132275,5440.0,17,320.0,0.002213040132275,13,0.625,16,0.53125,22,0.34375
2023,CLE,17,396.0,23.294117647058822,1225,-150.95511176313306,-0.123228662663782,5733.0,17,337.2352941176471,-0.123228662663782,28,0.15625,10,0.703125,16,0.53125
2023,DAL,17,509.0,29.94117647058824,1162,143.733704212258,0.1236950982893786,6345.0,17,373.2352941176471,0.1236950982893786,2,0.96875,1,1.0,5,0.875
2023,DEN,17,357.0,21.0,1052,-46.298247553270855,-0.0440097410202194,5101.0,17,300.05882352941177,-0.0440097410202194,20,0.40625,19,0.4375,26,0.21875
2023,DET,17,461.0,27.11764705882353,1156,67.37921859425991,0.0582865212753113,6738.0,17,396.3529411764706,0.0582865212753113,8,0.78125,5,0.875,3,0.9375
2023,GB,17,383.0,22.529411764705884,1080,79.77691084950774,0.0738675100458405,5891.0,17,346.52941176470586,0.0738675100458405,5,0.875,12,0.65625,11,0.6875
2023,HOU,17,377.0,22.176470588235293,1126,-28.48839359380803,-0.0253005271703446,5828.0,17,342.8235294117647,-0.0253005271703446,18,0.46875,13,0.609375,12,0.65625
2023,IND,17,396.0,23.294117647058822,1136,-26.91248903562128,-0.0236905713341736,5748.0,17,338.11764705882354,-0.0236905713341736,16,0.53125,10,0.703125,15,0.5625
2023,JAX,17,377.0,22.176470588235293,1148,-36.69671595182222,-0.0319657804458381,5797.0,17,341.0,-0.0319657804458381,19,0.4375,13,0.609375,13,0.625
2023,KC,17,371.0,21.823529411764707,1106,22.49615020805156,0.0203400996456162,5999.0,17,352.88235294117646,0.0203400996456162,11,0.6875,15,0.5625,9,0.75
2023,LA,17,404.0,23.764705882352946,1138,49.86916419335115,0.0438217611540871,6127.0,17,360.4117647058824,0.0438217611540871,9,0.75,8,0.78125,7,0.8125
2023,LAC,17,346.0,20.352941176470587,1143,-78.92076311634044,-0.0690470368471919,5614.0,17,330.2352941176471,-0.0690470368471919,24,0.28125,21,0.375,18,0.46875
2023,LV,17,332.0,19.529411764705884,1029,-88.07996427990321,-0.085597632925076,4943.0,17,290.7647058823529,-0.085597632925076,26,0.21875,23,0.3125,27,0.1875
2023,MIA,17,496.0,29.176470588235293,1079,100.5829427461036,0.0932186679759996,6841.0,17,402.4117647058824,0.0932186679759996,4,0.90625,2,0.96875,1,1.0
2023,MIN,17,344.0,20.23529411764705,1113,-26.735847212615973,-0.0240214260670404,5924.0,17,348.47058823529414,-0.0240214260670404,17,0.5,22,0.34375,10,0.71875
2023,NE,17,236.0,13.882352941176473,1044,-198.8872141660609,-0.1905049944119357,4703.0,17,276.6470588235294,-0.1905049944119357,31,0.0625,31,0.046875,30,0.09375
2023,NO,17,402.0,23.647058823529413,1135,-12.420174980700455,-0.010942885445551,5767.0,17,339.2352941176471,-0.010942885445551,14,0.59375,9,0.75,14,0.59375
2023,NYG,17,266.0,15.647058823529411,1092,-181.1604006754528,-0.1658978028163487,4769.0,17,280.52941176470586,-0.1658978028163487,30,0.09375,30,0.09375,29,0.125
2023,NYJ,17,268.0,15.764705882352942,1094,-248.6644332593771,-0.227298385063416,4577.0,17,269.2352941176471,-0.227298385063416,32,0.03125,29,0.125,31,0.0625
2023,PHI,17,433.0,25.47058823529412,1138,69.36203628250132,0.06095082274385,6036.0,17,355.05882352941177,0.06095082274385,7,0.8125,7,0.8125,8,0.78125
2023,PIT,17,304.0,17.88235294117647,1045,-67.42993629099091,-0.0645262548239147,5202.0,17,306.0,-0.0645262548239147,23,0.3125,28,0.15625,25,0.25
2023,SEA,17,364.0,21.41176470588235,1032,33.52634593512136,0.032486769316978,5505.0,17,323.8235294117647,0.032486769316978,10,0.71875,17,0.5,21,0.375
2023,SF,17,491.0,28.88235294117647,1039,186.05224381141747,0.1790685695971294,6797.0,17,399.8235294117647,0.1790685695971294,1,1.0,3,0.9375,2,0.96875
2023,TB,17,348.0,20.47058823529412,1080,9.218035781863652,0.0085352183165404,5346.0,17,314.47058823529414,0.0085352183165404,12,0.65625,20,0.40625,23,0.3125
2023,TEN,17,305.0,17.941176470588236,1033,-22.89120100480609,-0.0221599235283698,4930.0,17,290.0,-0.0221599235283698,15,0.5625,27,0.1875,28,0.15625
2023,WAS,17,329.0,19.352941176470587,1104,-89.98542301579326,-0.0815085353403924,5327.0,17,313.3529411764706,-0.0815085353403924,25,0.25,25,0.25,24,0.28125
2024,ARI,17,400.0,23.529411764705884,1087,73.80916495385047,0.0679017156889148,6107.0,17,359.2352941176471,0.0679017156889148,10,0.71875,12,0.65625,11,0.6875
2024,ATL,17,389.0,22.88235294117647,1127,46.14525975667375,0.0409452171753981,6314.0,17,371.4117647058824,0.0409452171753981,13,0.625,13,0.609375,6,0.84375
2024,BAL,17,518.0,30.47058823529412,1091,215.26249781298856,0.1973075140357365,7215.0,17,424.4117647058824,0.1973075140357365,1,1.0,3,0.9375,1,1.0
2024,BUF,17,525.0,30.88235294117647,1065,199.0210826060681,0.186874255968139,6126.0,17,360.3529411764706,0.186874255968139,2,0.96875,2,0.96875,10,0.71875
2024,CAR,17,341.0,20.058823529411764,1026,-41.937524239364365,-0.0408747799603941,5078.0,17,298.7058823529412,-0.0408747799603941,23,0.3125,23,0.3125,29,0.125
2024,CHI,17,310.0,18.23529411764705,1119,-83.4817597278135,-0.0746038960927734,4839.0,17,284.6470588235294,-0.0746038960927734,26,0.21875,28,0.15625,32,0.03125
2024,CIN,17,472.0,27.764705882352946,1121,119.29218183994853,0.1064158624798827,6229.0,17,366.4117647058824,0.1064158624798827,7,0.8125,6,0.84375,9,0.75
2024,CLE,17,258.0,15.176470588235292,1176,-206.38794056292696,-0.1754999494582712,5129.0,17,301.7058823529412,-0.1754999494582712,32,0.03125,32,0.03125,28,0.15625
2024,DAL,17,350.0,20.58823529411765,1158,-103.96427607644276,-0.0897791675962372,5580.0,17,328.2352941176471,-0.0897791675962372,28,0.15625,21,0.375,17,0.5
2024,DEN,17,425.0,25.0,1083,10.46747300119752,0.0096652566954732,5539.0,17,325.8235294117647,0.0096652566954732,16,0.53125,10,0.71875,20,0.40625
2024,DET,17,564.0,33.1764705882353,1125,174.61295400612082,0.1552115146721074,6983.0,17,410.7647058823529,0.1552115146721074,3,0.9375,1,1.0,2,0.96875
2024,GB,17,460.0,27.058823529411764,1071,86.10578662871902,0.080397559877422,6320.0,17,371.7647058823529,0.080397559877422,8,0.78125,8,0.78125,5,0.875
2024,HOU,17,372.0,21.88235294117647,1093,-43.19298144320727,-0.039517823827271,5446.0,17,320.3529411764706,-0.039517823827271,21,0.375,19,0.4375,22,0.34375
2024,IND,17,377.0,22.176470588235293,1075,-50.807558726960174,-0.0472628453274048,5706.0,17,335.6470588235294,-0.0472628453274048,24,0.28125,17,0.5,13,0.625
2024,JAX,17,320.0,18.823529411764707,1025,-22.06422974434165,-0.0215260777993577,5222.0,17,307.1764705882353,-0.0215260777993577,19,0.4375,26,0.21875,25,0.25
2024,KC,17,385.0,22.647058823529413,1124,77.36479937094049,0.0688298926787726,5602.0,17,329.52941176470586,0.0688298926787726,9,0.75,15,0.5625,16,0.53125
2024,LA,17,367.0,21.58823529411765,1074,36.40288544442756,0.0338946791847556,5651.0,17,332.4117647058824,0.0338946791847556,15,0.5625,20,0.40625,15,0.5625
2024,LAC,17,402.0,23.647058823529413,1044,46.913309669638586,0.044936120373217,5552.0,17,326.5882352941176,0.044936120373217,12,0.65625,11,0.6875,18,0.46875
2024,LV,17,309.0,18.176470588235293,1108,-145.69404525800397,-0.1314928206299674,5175.0,17,304.4117647058824,-0.1314928206299674,31,0.0625,29,0.125,27,0.1875
2024,MIA,17,345.0,20.294117647058822,1128,-45.33438176858648,-0.0401900547593851,5542.0,17,326.0,-0.0401900547593851,22,0.34375,22,0.34375,19,0.4375
2024,MIN,17,432.0,25.41176470588235,1090,40.30250948189439,0.0369747793411875,5921.0,17,348.29411764705884,0.0369747793411875,14,0.59375,9,0.75,12,0.65625
2024,NE,17,289.0,17.0,1082,-85.38193856265045,-0.0789112186346122,4974.0,17,292.5882352941176,-0.0789112186346122,27,0.1875,30,0.09375,31,0.0625
2024,NO,17,338.0,19.88235294117647,1080,-63.45676618751671,-0.0587562649884413,5453.0,17,320.7647058823529,-0.0587562649884413,25,0.25,24,0.265625,21,0.375
2024,NYG,17,273.0,16.058823529411764,1103,-101.20420815290636,-0.0917535885339132,5029.0,17,295.8235294117647,-0.0917535885339132,29,0.125,31,0.0625,30,0.09375
2024,NYJ,17,338.0,19.88235294117647,1063,0.8389296375373925,0.0007892094426504,5289.0,17,311.11764705882354,0.0007892094426504,17,0.5,24,0.265625,24,0.28125
2024,PHI,17,463.0,27.23529411764705,1129,124.85914020564016,0.1105926839731091,6272.0,17,368.9411764705882,0.1105926839731091,6,0.84375,7,0.8125,8,0.78125
2024,PIT,17,380.0,22.352941176470587,1110,-31.64786138616793,-0.0285115868343855,5444.0,17,320.2352941176471,-0.0285115868343855,20,0.40625,16,0.53125,23,0.3125
2024,SEA,17,375.0,22.058823529411764,1083,-16.80339807017083,-0.0155156030195483,5661.0,17,333.0,-0.0155156030195483,18,0.46875,18,0.46875,14,0.59375
2024,SF,17,389.0,22.88235294117647,1065,65.21712866670777,0.0612367405321199,6405.0,17,376.7647058823529,0.0612367405321199,11,0.6875,13,0.609375,4,0.90625
2024,TB,17,502.0,29.529411764705884,1128,148.94413346501827,0.132042671511541,6807.0,17,400.4117647058824,0.132042671511541,5,0.875,4,0.90625,3,0.9375
2024,TEN,17,311.0,18.294117647058822,1088,-110.35042163072518,-0.1014250198811812,5181.0,17,304.7647058823529,-0.1014250198811812,30,0.09375,27,0.1875,26,0.21875
2024,WAS,17,485.0,28.529411764705884,1142,159.20915253917536,0.1394125678977017,6306.0,17,370.9411764705882,0.1394125678977017,4,0.90625,5,0.875,7,0.8125
2025,ARI,17,355.0,20.88235294117647,1132,-17.29670713284671,-0.0152797766191225,5543.0,17,326.05882352941177,-0.0152797766191225,24,0.28125,23,0.3125,19,0.4375
2025,ATL,17,353.0,20.764705882352946,1079,-8.209229010316584,-0.0076081825860209,5682.0,17,334.2352941176471,-0.0076081825860209,21,0.375,24,0.28125,13,0.609375
2025,BAL,17,424.0,24.94117647058824,994,36.73948969267538,0.0369612572360919,5668.0,17,333.4117647058824,0.0369612572360919,15,0.5625,11,0.6875,16,0.53125
2025,BUF,17,481.0,28.294117647058822,1106,154.72229182102916,0.1398935730750715,6428.0,17,378.11764705882354,0.1398935730750715,3,0.9375,4,0.890625,4,0.90625
2025,CAR,17,311.0,18.294117647058822,1040,-28.28176342919943,-0.0271940032973071,5048.0,17,296.94117647058823,-0.0271940032973071,26,0.21875,27,0.1875,27,0.1875
2025,CHI,17,441.0,25.94117647058824,1140,86.23690814835032,0.0756464106564476,6295.0,17,370.2941176470589,0.0756464106564476,8,0.78125,9,0.75,6,0.84375
2025,CIN,17,414.0,24.352941176470587,1097,12.377972918939324,0.0112834757693157,5618.0,17,330.47058823529414,0.0112834757693157,19,0.4375,12,0.65625,17,0.5
2025,CLE,17,279.0,16.41176470588235,1078,-190.91393573046847,-0.1771001259095254,4462.0,17,262.47058823529414,-0.1771001259095254,31,0.0625,31,0.0625,30,0.09375
2025,DAL,17,471.0,27.705882352941178,1167,129.57142770395478,0.1110295010316664,6681.0,17,393.0,0.1110295010316664,5,0.875,7,0.8125,2,0.96875
2025,DEN,17,401.0,23.58823529411765,1122,41.92428175250369,0.0373656700111441,5851.0,17,344.1764705882353,0.0373656700111441,13,0.625,14,0.59375,10,0.71875
2025,DET,17,481.0,28.294117647058822,1088,78.43687584261686,0.072092716767111,6357.0,17,373.9411764705882,0.072092716767111,9,0.75,4,0.890625,5,0.875
2025,GB,17,391.0,23.0,1030,127.84077955030922,0.1241172616993293,5675.0,17,333.8235294117647,0.1241172616993293,4,0.90625,16,0.53125,15,0.5625
2025,HOU,17,404.0,23.764705882352946,1144,-13.190304226071175,-0.0115299862116006,5569.0,17,327.5882352941176,-0.0115299862116006,22,0.34375,13,0.625,18,0.46875
2025,IND,17,466.0,27.41176470588235,1060,85.0917212721531,0.0802752087473142,5896.0,17,346.8235294117647,0.0802752087473142,7,0.8125,8,0.78125,9,0.75
2025,JAX,17,474.0,27.88235294117647,1125,41.66829272171015,0.0370384824192979,5755.0,17,338.52941176470586,0.0370384824192979,14,0.59375,6,0.84375,11,0.6875
2025,KC,17,362.0,21.294117647058822,1097,47.17683813428675,0.0430053219091036,5468.0,17,321.6470588235294,0.0430053219091036,11,0.6875,21,0.375,20,0.40625
2025,LA,17,518.0,30.47058823529412,1105,164.76155415640974,0.1491054788745789,6740.0,17,396.4705882352941,0.1491054788745789,2,0.96875,1,1.0,1,1.0
2025,LAC,17,368.0,21.647058823529413,1126,-16.95714656128667,-0.0150596328252989,5691.0,17,334.7647058823529,-0.0150596328252989,23,0.3125,20,0.40625,12,0.65625
2025,LV,17,241.0,14.176470588235292,985,-189.42597628749763,-0.1923106358248707,4176.0,17,245.64705882352945,-0.1923106358248707,32,0.03125,32,0.03125,32,0.03125
2025,MIA,17,347.0,20.41176470588235,972,-21.428675441717804,-0.0220459623885985,5121.0,17,301.2352941176471,-0.0220459623885985,25,0.25,25,0.25,26,0.21875
2025,MIN,17,344.0,20.23529411764705,986,-92.37013148949616,-0.093681674938637,4694.0,17,276.11764705882354,-0.093681674938637,28,0.15625,26,0.21875,28,0.15625
2025,NE,17,490.0,28.823529411764707,1063,166.95842388159124,0.1570634279224753,6489.0,17,381.7058823529412,0.1570634279224753,1,1.0,2,0.96875,3,0.9375
2025,NO,17,306.0,18.0,1111,-87.3070937369195,-0.0785842427875063,5345.0,17,314.4117647058824,-0.0785842427875063,27,0.1875,28,0.15625,23,0.3125
2025,NYG,17,381.0,22.41176470588235,1141,50.57162870482147,0.0443221986895893,5682.0,17,334.2352941176471,0.0443221986895893,10,0.71875,17,0.5,13,0.609375
2025,NYJ,17,300.0,17.647058823529413,1040,-129.02096929050492,-0.1240586243177932,4482.0,17,263.6470588235294,-0.1240586243177932,29,0.125,29,0.125,29,0.125
2025,PHI,17,379.0,22.294117647058822,1036,34.54801494914194,0.033347504777164,5312.0,17,312.47058823529414,0.033347504777164,17,0.5,19,0.4375,24,0.28125
2025,PIT,17,397.0,23.352941176470587,1017,28.15012031828944,0.0276795676679345,5206.0,17,306.2352941176471,0.0276795676679345,18,0.46875,15,0.5625,25,0.25
2025,SEA,17,483.0,28.41176470588235,1042,41.03846316777713,0.0393843216581354,5997.0,17,352.7647058823529,0.0393843216581354,12,0.65625,3,0.9375,7,0.796875
2025,SF,17,437.0,25.705882352941178,1100,98.86363756579,0.0898760341507181,5997.0,17,352.7647058823529,0.0898760341507181,6,0.84375,10,0.71875,7,0.796875
2025,TB,17,380.0,22.352941176470587,1124,2.772039706149159,0.0024662274965739,5462.0,17,321.29411764705884,0.0024662274965739,20,0.40625,18,0.46875,21,0.375
2025,TEN,17,284.0,16.705882352941178,1046,-155.25444129284168,-0.1484268081193515,4423.0,17,260.1764705882353,-0.1484268081193515,30,0.09375,30,0.09375,31,0.0625
2025,WAS,17,356.0,20.94117647058824,1036,35.10598853499057,0.0338860893194889,5437.0,17,319.8235294117647,0.0338860893194889,16,0.53125,22,0.34375,22,0.34375
