year,team,name,position,pick,grade,grade_rank,actual_rank,reach_score,w_av,games,probowls,allpro,seasons_started,peer_avg_av,av_vs_peers
2006,NO,Reggie Bush,RB,2,97.5,1,1,0,61.0,134,0,0,8,45.4,15.600000000000001
2006,TEN,Vince Young,QB,3,79.4,23,2,21,33.0,60,2,0,4,46.6875,-13.6875
2006,GB,A.J. Hawk,LB,5,94.9,2,3,-1,55.0,159,1,0,10,42.76470588235294,12.235294117647058
2006,SF,Vernon Davis,TE,6,92.8,3,4,-1,51.0,198,2,0,11,42.44444444444444,8.555555555555557
2006,DET,Ernie Sims,LB,9,90.9,5,5,0,29.0,109,0,0,4,43.666666666666664,-14.666666666666664
2006,ARI,Matt Leinart,QB,10,81.09,15,6,9,12.0,33,0,0,1,44.611111111111114,-32.611111111111114
2006,DEN,Jay Cutler,QB,11,80.01,21,7,14,86.0,153,1,0,10,40.5,45.5
2006,MIN,Chad Greenway,LB,17,81.99,10,8,2,66.0,156,2,0,10,35.45454545454545,30.545454545454547
2006,DAL,Bobby Carpenter,LB,18,85.83,6,9,-3,11.0,93,0,0,0,37.95454545454545,-26.954545454545453
2006,NE,Laurence Maroney,RB,21,81.03,16,10,6,26.0,49,0,0,0,37.833333333333336,-11.833333333333336
2006,PIT,Santonio Holmes,WR,25,83.94,9,11,-2,47.0,112,0,0,6,36.958333333333336,10.041666666666664
2006,CAR,DeAngelo Williams,RB,27,92.51,4,12,-8,61.0,142,1,0,6,36.375,24.625
2006,JAX,Marcedes Lewis,TE,28,81.58,13,13,0,35.0,290,1,0,15,38.92,-3.9200000000000017
2006,IND,Joseph Addai,RB,30,77.24,29,14,15,50.0,78,1,0,4,37.76923076923077,12.230769230769234
2006,HOU,DeMeco Ryans,LB,33,81.0,17,15,2,58.0,140,2,0,8,36.888888888888886,21.111111111111114
2006,CLE,D'Qwell Jackson,LB,34,73.97,37,16,21,61.0,141,1,0,9,36.77777777777778,24.22222222222222
2006,WAS,Rocky McIntosh,LB,35,77.46,27,17,10,38.0,124,0,0,5,35.44444444444444,2.555555555555557
2006,NE,Chad Jackson,WR,36,81.74,11,18,-7,2.0,18,0,0,0,36.92307692307692,-34.92307692307692
2006,LV,Thomas Howard,LB,38,85.61,7,19,-12,33.0,95,0,0,5,34.96,-1.9600000000000009
2006,NYG,Sinorice Moss,WR,44,75.78,32,20,12,4.0,37,0,0,0,30.583333333333332,-26.583333333333332
2006,TEN,LenDale White,RB,45,81.16,14,21,-7,14.0,58,0,0,1,29.16,-15.16
2006,LA,Joe Klopfenstein,TE,46,77.69,26,22,4,3.0,49,0,0,3,28.46153846153846,-25.46153846153846
2006,NYJ,Kellen Clemens,QB,49,72.92,43,23,20,10.0,64,0,0,2,26.93103448275862,-16.93103448275862
2006,GB,Greg Jennings,WR,52,81.71,12,24,-12,66.0,143,2,0,8,22.75862068965517,43.241379310344826
2006,DAL,Anthony Fasano,TE,53,78.48,25,25,0,22.0,180,0,0,8,23.533333333333335,-1.533333333333335
2006,JAX,Maurice Jones-Drew,RB,60,79.52,22,26,-4,74.0,126,3,1,4,18.833333333333332,55.16666666666667
2006,DEN,Tony Scheffler,TE,61,84.13,8,27,-19,24.0,107,0,0,2,19.333333333333332,4.666666666666668
2006,MIN,Tarvaris Jackson,QB,64,70.0,59,28,31,22.0,59,0,0,2,17.3125,4.6875
2006,GB,Abdul Hodge,LB,67,70.16,55,29,26,2.0,35,0,0,0,16.0,-14.0
2006,ARI,Leonard Pope,TE,72,73.4,40,30,10,6.0,103,0,0,4,14.533333333333333,-8.533333333333333
2006,DET,Brian Calhoun,RB,74,80.1,20,31,-11,1.0,11,0,0,0,14.7,-13.7
2006,NYJ,Anthony Schlegel,LB,76,65.61,74,32,42,2.0,17,0,0,0,14.666666666666666,-12.666666666666666
2006,LA,Jon Alston,LB,77,79.09,24,33,-9,5.0,39,0,0,0,15.4,-10.4
2006,CLE,Travis Wilson,WR,78,70.86,49,34,15,0.0,4,0,0,0,15.4,-15.4
2006,ATL,Jerious Norwood,RB,79,75.57,33,35,-2,20.0,66,0,0,0,14.933333333333334,5.066666666666666
2006,JAX,Clint Ingram,LB,80,73.56,39,36,3,21.0,56,0,0,3,14.9,6.1
2006,LAC,Charlie Whitehurst,QB,81,70.66,51,37,14,7.0,25,0,0,0,15.366666666666667,-8.366666666666667
2006,MIA,Derek Hagan,WR,82,80.58,18,38,-20,12.0,99,0,0,0,15.379310344827585,-3.3793103448275854
2006,SF,Brandon Williams,WR,84,69.07,62,39,23,0.0,23,0,0,0,16.9,-16.9
2006,KC,Brodie Croyle,QB,85,61.09,88,40,48,2.0,18,0,0,0,15.633333333333333,-13.633333333333333
2006,NE,David Thomas,TE,86,76.64,30,41,-11,9.0,80,0,0,3,15.172413793103448,-6.172413793103448
2006,CAR,James Anderson,LB,88,77.46,28,42,-14,31.0,123,0,0,4,16.322580645161292,14.677419354838708
2006,TB,Maurice Stovall,WR,90,74.55,36,43,-7,5.0,81,0,0,0,17.161290322580644,-12.161290322580644
2006,LA,Dominique Byrd,TE,93,69.72,60,44,16,0.0,17,0,0,0,14.935483870967742,-14.935483870967742
2006,IND,Freddy Keiaho,LB,94,72.77,44,45,-1,15.0,55,0,0,2,14.133333333333333,0.8666666666666671
2006,PIT,Willie Reid,WR,95,70.82,50,46,4,1.0,7,0,0,0,14.6,-13.6
2006,NYG,Gerris Wilkinson,LB,96,75.44,34,47,-13,6.0,58,0,0,0,14.433333333333334,-8.433333333333334
2006,HOU,Owen Daniels,TE,98,73.82,38,48,-10,41.0,131,2,0,9,12.96551724137931,28.03448275862069
2006,NYJ,Brad Smith,QB,103,70.15,56,49,7,17.0,125,0,0,1,13.724137931034482,3.275862068965518
2006,GB,Cory Rodgers,WR,104,65.15,76,50,26,,,0,0,0,14.310344827586206,-14.310344827586206
2006,PHI,Jason Avant,WR,109,67.77,65,51,14,29.0,148,0,0,3,13.962962962962964,15.037037037037036
2006,CLE,Leon Williams,LB,110,70.07,58,52,6,9.0,61,0,0,0,15.0,-6.0
2006,BAL,Demetrius Williams,WR,111,74.94,35,53,-18,9.0,46,0,0,0,15.576923076923077,-6.576923076923077
2006,TEN,Stephen Tulloch,LB,116,70.62,53,54,-1,49.0,159,0,0,7,12.72,36.28
2006,NYJ,Leon Washington,RB,117,63.77,79,55,24,30.0,126,2,1,1,14.041666666666666,15.958333333333334
2006,DEN,Brandon Marshall,WR,119,73.26,41,56,-15,83.0,179,6,1,10,12.166666666666666,70.83333333333333
2006,CHI,Jamar Williams,LB,120,72.14,45,57,-12,5.0,54,0,0,0,15.416666666666666,-10.416666666666666
2006,DAL,Skyler Green,WR,125,61.77,86,58,28,0.0,11,0,0,0,14.541666666666666,-14.541666666666666
2006,BAL,P.J. Daniels,RB,132,66.44,69,59,10,,,0,0,0,14.3,-14.3
2006,TEN,Terna Nande,LB,137,71.9,46,60,-14,0.0,1,0,0,0,14.095238095238095,-14.095238095238095
2006,ARI,Brandon Johnson,LB,142,68.83,63,61,2,13.0,87,0,0,1,11.26086956521739,1.7391304347826093
2006,LA,Marques Hagans,WR,144,61.93,85,62,23,1.0,6,0,0,0,13.272727272727273,-12.272727272727273
2006,CLE,Jerome Harrison,RB,145,80.33,19,63,-44,12.0,63,0,0,0,12.772727272727273,-0.7727272727272734
2006,GB,Ingle Martin,QB,148,62.64,84,64,20,0.0,1,0,0,0,13.565217391304348,-13.565217391304348
2006,NYJ,Jason Pociask,TE,150,66.15,71,65,6,0.0,4,0,0,0,11.095238095238095,-11.095238095238095
2006,LAC,Tim Dobbins,LB,151,67.26,66,66,0,19.0,110,0,0,1,10.19047619047619,8.80952380952381
2006,CAR,Jeff King,TE,155,66.54,68,67,1,10.0,108,0,0,6,6.75,3.25
2006,CIN,A.J. Nicholson,LB,157,59.09,90,68,22,0.0,2,0,0,0,7.25,-7.25
2006,PIT,Omar Jacobs,QB,164,70.95,47,69,-22,,,0,0,0,7.045454545454546,-7.045454545454546
2006,BAL,Quinn Sypniewski,TE,166,66.67,67,70,-3,2.0,31,0,0,1,7.285714285714286,-5.285714285714286
2006,PIT,Charles Davis,TE,167,63.24,81,71,10,,,0,0,0,7.380952380952381,-7.380952380952381
2006,PHI,Omar Gaither,LB,168,61.64,87,72,15,25.0,92,0,0,2,6.190476190476191,18.80952380952381
2006,HOU,Wali Lundy,RB,170,64.92,77,73,4,5.0,14,0,0,1,7.142857142857143,-2.1428571428571432
2006,NO,Mike Hass,WR,171,70.64,52,74,-22,0.0,2,0,0,0,7.380952380952381,-7.380952380952381
2006,TEN,Jonathan Orr,WR,172,70.1,57,75,-18,,,0,0,0,7.380952380952381,-7.380952380952381
2006,SF,Delanie Walker,WR,175,69.24,61,76,-15,39.0,183,3,0,7,5.15,33.85
2006,BUF,Keith Ellison,LB,178,62.96,83,77,6,19.0,58,0,0,3,6.111111111111111,12.88888888888889
2006,ATL,Adam Jennings,WR,184,65.51,75,78,-3,0.0,46,0,0,0,7.333333333333333,-7.333333333333333
2006,KC,Jeff Webb,WR,190,75.81,31,79,-48,2.0,31,0,0,0,6.666666666666667,-4.666666666666667
2006,CIN,Reggie McNeal,QB,193,70.87,48,80,-32,0.0,7,0,0,0,6.375,-6.375
2006,TB,Bruce Gradkowski,QB,194,73.23,42,81,-39,8.0,37,0,0,1,5.875,2.125
2006,TB,T.J. Williams,TE,202,64.9,78,82,-4,,,0,0,0,6.538461538461538,-6.538461538461538
2006,ARI,Todd Watkins,WR,218,70.29,54,83,-29,1.0,21,0,0,0,2.8181818181818183,-1.8181818181818183
2006,LA,Tim McGarigle,LB,221,66.03,72,84,-12,1.0,12,0,0,0,8.461538461538462,-7.461538461538462
2006,ATL,D.J. Shockley,QB,223,63.11,82,85,-3,,,0,0,0,9.083333333333334,-9.083333333333334
2006,MIA,Devin Aromashodu,WR,233,68.07,64,86,-22,10.0,61,0,0,0,9.1,0.9000000000000004
2006,PIT,Cedric Humes,RB,240,56.08,91,87,4,,,0,0,0,11.222222222222221,-11.222222222222221
2006,TB,Tim Massaquoi,TE,244,66.44,70,88,-18,0.0,11,0,0,0,11.222222222222221,-11.222222222222221
2006,SEA,Ben Obomanu,WR,249,60.17,89,89,0,10.0,69,0,0,0,10.11111111111111,-0.11111111111111072
2006,WAS,Kevin Simon,LB,250,52.56,92,90,2,,,0,0,0,11.222222222222221,-11.222222222222221
2006,HOU,David Anderson,WR,251,63.4,80,91,-11,7.0,67,0,0,0,11.625,-4.625
2006,NO,Marques Colston,WR,252,65.68,73,92,-19,72.0,146,0,0,7,3.5,68.5
2007,LV,JaMarcus Russell,QB,1,76.19,26,1,25,6.0,31,0,0,2,52.76923076923077,-46.76923076923077
2007,DET,Calvin Johnson,WR,2,95.84,1,2,-1,78.0,135,6,3,9,48.0,30.0
2007,MIN,Adrian Peterson,RB,7,85.93,4,3,1,101.0,184,7,4,12,43.0625,57.9375
2007,MIA,Ted Ginn Jr.,WR,9,82.08,9,4,5,52.0,193,0,0,7,43.64705882352941,8.352941176470587
2007,SF,Patrick Willis,LB,11,89.92,2,5,-3,93.0,112,7,5,7,39.5,53.5
2007,BUF,Marshawn Lynch,RB,12,78.82,17,6,11,74.0,149,5,1,8,40.1578947368421,33.8421052631579
2007,PIT,Lawrence Timmons,LB,15,82.73,8,7,1,72.0,172,1,0,9,40.19047619047619,31.80952380952381
2007,CLE,Brady Quinn,QB,22,79.85,14,8,6,2.0,24,0,0,1,37.88461538461539,-35.88461538461539
2007,KC,Dwayne Bowe,WR,23,77.97,19,9,10,50.0,125,1,0,8,36.03846153846154,13.96153846153846
2007,CAR,Jon Beason,LB,25,75.18,32,10,22,55.0,93,3,1,5,35.84615384615385,19.153846153846153
2007,NO,Robert Meachem,WR,27,83.15,6,11,-5,26.0,103,0,0,1,36.96153846153846,-10.96153846153846
2007,LAC,Craig Davis,WR,30,73.71,36,12,24,7.0,25,0,0,0,37.69230769230769,-30.692307692307693
2007,CHI,Greg Olsen,TE,31,84.39,5,13,-8,60.0,199,3,0,11,34.925925925925924,25.074074074074076
2007,IND,Anthony Gonzalez,WR,32,76.26,25,14,11,16.0,40,0,0,1,36.55555555555556,-20.555555555555557
2007,BUF,Paul Posluszny,LB,34,80.61,13,15,-2,58.0,145,1,0,9,36.11538461538461,21.884615384615387
2007,PHI,Kevin Kolb,QB,36,76.66,22,16,6,12.0,34,0,0,1,35.57692307692308,-23.57692307692308
2007,LV,Zach Miller,TE,38,75.15,33,17,16,28.0,110,1,0,7,33.74074074074074,-5.7407407407407405
2007,MIA,John Beck,QB,40,74.91,34,18,16,4.0,9,0,0,0,31.037037037037038,-27.037037037037038
2007,DET,Drew Stanton,QB,43,74.64,35,19,16,10.0,38,0,0,1,28.551724137931036,-18.551724137931036
2007,MIN,Sidney Rice,WR,44,79.06,16,20,-4,33.0,81,1,0,3,24.862068965517242,8.137931034482758
2007,CAR,Dwayne Jarrett,WR,45,82.94,7,21,-14,4.0,32,0,0,0,23.379310344827587,-19.379310344827587
2007,NYJ,David Harris,LB,47,77.9,20,22,-2,75.0,164,0,0,11,21.580645161290324,53.41935483870968
2007,JAX,Justin Durant,LB,48,82.02,10,23,-13,36.0,128,0,0,6,20.516129032258064,15.483870967741936
2007,CIN,Kenny Irons,RB,49,80.86,11,24,-13,,,0,0,0,21.677419354838708,-21.677419354838708
2007,TEN,Chris Henry,RB,50,75.91,28,25,3,1.0,11,0,0,0,21.64516129032258,-20.64516129032258
2007,NYG,Steve Smith,WR,51,79.65,15,26,-11,23.0,64,1,0,1,20.93548387096774,2.06451612903226
2007,LA,Brian Leonard,RB,52,75.32,29,27,2,11.0,88,0,0,0,21.322580645161292,-10.322580645161292
2007,GB,Brandon Jackson,RB,63,76.57,23,28,-5,16.0,54,0,0,1,18.433333333333334,-2.4333333333333336
2007,TB,Quincy Black,LB,68,80.7,12,29,-17,18.0,81,0,0,3,15.1,2.9000000000000004
2007,ARI,Buster Davis,LB,69,69.44,52,30,22,2.0,7,0,0,0,15.758620689655173,-13.758620689655173
2007,MIA,Lorenzo Booker,RB,71,73.08,39,31,8,4.0,36,0,0,0,15.25,-11.25
2007,HOU,Jacoby Jones,WR,73,72.49,40,32,8,30.0,128,1,1,2,14.703703703703704,15.296296296296296
2007,BAL,Yamon Figurs,WR,74,71.75,43,33,10,2.0,34,0,0,0,15.74074074074074,-13.74074074074074
2007,ATL,Laurent Robinson,WR,75,75.97,27,34,-7,16.0,59,0,0,1,14.785714285714286,1.2142857142857135
2007,SF,Jason Hill,WR,76,78.62,18,35,-17,9.0,54,0,0,1,15.222222222222221,-6.222222222222221
2007,PIT,Matt Spaeth,TE,77,70.88,49,36,13,2.0,123,0,0,6,15.25925925925926,-13.25925925925926
2007,GB,James Jones,WR,78,71.03,48,37,11,46.0,136,0,0,4,14.0,32.0
2007,JAX,Mike Sims-Walker,WR,79,73.7,37,38,-1,16.0,44,0,0,2,14.62962962962963,1.3703703703703702
2007,TEN,Paul Williams,WR,80,69.48,51,39,12,0.0,5,0,0,0,12.923076923076923,-12.923076923076923
2007,PHI,Stewart Bradley,LB,87,71.66,44,40,4,19.0,76,0,0,2,11.181818181818182,7.818181818181818
2007,BUF,Trent Edwards,QB,92,65.5,65,41,24,16.0,38,0,0,2,11.318181818181818,4.681818181818182
2007,CHI,Garrett Wolfe,RB,93,86.84,3,42,-39,2.0,50,0,0,0,11.954545454545455,-9.954545454545455
2007,CHI,Michael Okwo,LB,94,71.15,47,43,4,,,0,0,0,12.045454545454545,-12.045454545454545
2007,LAC,Anthony Waters,LB,96,70.63,50,44,6,2.0,20,0,0,0,11.227272727272727,-9.227272727272727
2007,LV,Johnnie Lee Higgins,WR,99,73.32,38,45,-7,9.0,60,0,0,0,11.217391304347826,-2.217391304347826
2007,LV,Michael Bush,RB,100,71.52,45,46,-1,25.0,89,0,0,2,10.521739130434783,14.478260869565217
2007,NO,Antonio Pittman,RB,107,77.39,21,47,-26,3.0,23,0,0,0,10.75,-7.75
2007,ATL,Stephen Nicholas,LB,109,64.84,69,48,21,27.0,101,0,0,4,9.222222222222221,17.77777777777778
2007,BUF,Dwayne Wright,RB,111,62.11,75,49,26,1.0,15,0,0,0,9.444444444444445,-8.444444444444445
2007,CAR,Ryne Robinson,WR,118,68.23,57,50,7,0.0,16,0,0,0,9.0,-9.0
2007,TEN,Chris Davis,WR,128,65.54,64,51,13,0.0,17,0,0,0,8.555555555555555,-8.555555555555555
2007,LAC,Scott Chandler,TE,129,69.1,54,52,2,18.0,90,0,0,2,7.882352941176471,10.117647058823529
2007,ATL,Martrez Milner,TE,133,62.14,74,53,21,0.0,8,0,0,0,7.75,-7.75
2007,BAL,Antwan Barnes,LB,134,75.25,30,54,-24,7.0,88,0,0,0,7.3125,-0.3125
2007,ARI,Steve Breaston,WR,142,69.12,53,55,-2,26.0,86,0,0,3,5.4375,20.5625
2007,WAS,Dallas Sartz,LB,143,68.19,58,56,2,,,0,0,0,7.0625,-7.0625
2007,MIN,Aundrae Allison,WR,146,75.2,31,57,-26,3.0,26,0,0,0,6.8125,-3.8125
2007,KC,Kolby Smith,RB,148,65.28,67,58,9,4.0,27,0,0,0,6.882352941176471,-2.882352941176471
2007,CIN,Jeff Rowe,QB,151,59.71,79,59,20,,,0,0,0,7.5625,-7.5625
2007,NYG,Kevin Boss,TE,153,67.73,59,60,-1,17.0,74,0,0,4,6.5,10.5
2007,CAR,Dante Rosario,TE,155,66.94,62,61,1,9.0,122,0,0,1,6.588235294117647,2.4117647058823533
2007,GB,David Clowney,WR,157,66.58,63,62,1,3.0,28,0,0,0,6.555555555555555,-3.5555555555555554
2007,CAR,Tim Shaw,LB,164,69.0,55,63,-8,6.0,80,0,0,0,6.764705882352941,-0.7647058823529411
2007,LAC,Legedu Naanee,WR,172,71.42,46,64,-18,13.0,73,0,0,2,6.375,6.625
2007,BAL,Troy Smith,QB,174,76.27,24,65,-41,6.0,20,0,0,0,6.411764705882353,-0.41176470588235325
2007,MIN,Rufus Alexander,LB,176,60.69,77,66,11,0.0,1,0,0,0,5.6875,-5.6875
2007,WAS,H.B. Blades,LB,179,65.01,68,67,1,9.0,64,0,0,0,4.9375,4.0625
2007,SF,Thomas Clayton,RB,186,57.12,83,68,15,,,0,0,0,5.071428571428571,-5.071428571428571
2007,TEN,Joel Filani,WR,188,67.72,60,69,-9,,,0,0,0,4.933333333333334,-4.933333333333334
2007,GB,Desmond Bishop,LB,192,71.94,41,70,-29,18.0,75,0,0,2,3.7857142857142856,14.214285714285715
2007,SEA,Courtney Taylor,WR,197,67.47,61,71,-10,1.0,18,0,0,0,4.466666666666667,-3.466666666666667
2007,WAS,Jordan Palmer,QB,205,62.97,73,72,1,0.0,5,0,0,0,3.6666666666666665,-3.6666666666666665
2007,BAL,Prescott Burgess,LB,207,57.71,81,73,8,2.0,40,0,0,0,3.411764705882353,-1.4117647058823528
2007,SEA,Jordan Kent,WR,210,63.22,72,74,-2,0.0,14,0,0,0,4.235294117647059,-4.235294117647059
2007,ARI,Ben Patrick,TE,215,63.69,70,75,-5,4.0,42,0,0,2,3.7058823529411766,0.2941176470588234
2007,MIA,Kelvin Smith,LB,219,56.19,85,76,9,0.0,7,0,0,0,6.411764705882353,-6.411764705882353
2007,NO,Marvin Mitchell,LB,220,60.04,78,77,1,12.0,98,0,0,1,5.705882352941177,6.294117647058823
2007,PIT,Dallas Baker,WR,227,68.65,56,78,-22,0.0,8,0,0,0,5.75,-5.75
2007,GB,DeShawn Wynn,RB,228,61.41,76,79,-3,3.0,23,0,0,0,5.5625,-2.5625
2007,KC,Michael Allan,TE,231,65.5,66,80,-14,,,0,0,0,6.066666666666666,-6.066666666666666
2007,MIN,Chandler Williams,WR,233,55.92,86,81,5,,,0,0,0,6.066666666666666,-6.066666666666666
2007,CLE,Syndric Steptoe,WR,234,52.16,87,82,5,1.0,16,0,0,0,6.0,-5.0
2007,NYJ,Chansi Stuckey,WR,235,56.54,84,83,1,10.0,55,0,0,0,5.4,4.6
2007,LAC,Brandon Siler,LB,240,63.26,71,84,-13,12.0,74,0,0,1,5.923076923076923,6.076923076923077
2007,TB,Kenneth Darby,RB,246,57.54,82,85,-3,4.0,41,0,0,0,7.083333333333333,-3.083333333333333
2007,NYG,Ahmad Bradshaw,RB,250,71.76,42,86,-44,42.0,103,0,0,3,3.909090909090909,38.09090909090909
2007,LV,Jonathan Holland,WR,254,59.61,80,87,-7,1.0,17,0,0,0,8.0,-7.0
2008,LA,Chris Long,DE,2,94.59,1,1,0,48.0,162,0,0,6,37.11764705882353,10.882352941176471
2008,ATL,Matt Ryan,QB,3,77.8,30,2,28,146.0,234,4,1,15,31.352941176470587,114.64705882352942
2008,LV,Darren McFadden,RB,4,88.45,4,3,1,39.0,103,0,0,4,39.611111111111114,-0.6111111111111143
2008,KC,Glenn Dorsey,DT,5,87.75,7,4,3,37.0,104,0,0,7,40.21052631578947,-3.2105263157894726
2008,NYJ,Vernon Gholston,DE,6,88.27,5,5,0,6.0,45,0,0,0,40.55,-34.55
2008,NO,Sedrick Ellis,DT,7,81.38,22,6,16,26.0,70,0,0,5,39.55,-13.549999999999997
2008,JAX,Derrick Harvey,DE,8,83.21,15,7,8,14.0,52,0,0,1,40.15,-26.15
2008,CIN,Keith Rivers,LB,9,86.15,9,8,1,24.0,74,0,0,4,37.80952380952381,-13.80952380952381
2008,CAR,Jonathan Stewart,RB,13,83.0,18,9,9,48.0,134,1,0,5,38.65217391304348,9.347826086956523
2008,BAL,Joe Flacco,QB,18,74.0,49,10,39,97.0,209,1,0,12,38.107142857142854,58.892857142857146
2008,DAL,Felix Jones,RB,22,83.67,13,11,2,27.0,80,0,0,1,37.1875,-10.1875
2008,PIT,Rashard Mendenhall,RB,23,83.79,12,12,0,29.0,72,0,0,4,37.90909090909091,-8.909090909090907
2008,TEN,Chris Johnson,RB,24,90.82,3,13,-10,70.0,130,3,1,7,35.588235294117645,34.411764705882355
2008,SEA,Lawrence Jackson,DE,28,80.14,25,14,11,15.0,69,0,0,2,35.0,-20.0
2008,NYJ,Dustin Keller,TE,30,92.11,2,15,-13,22.0,72,0,0,3,34.81578947368421,-12.815789473684212
2008,MIA,Phillip Merling,DE,32,75.66,41,16,25,6.0,53,0,0,0,34.82051282051282,-28.820512820512818
2008,LA,Donnie Avery,WR,33,75.88,39,17,22,21.0,77,0,0,4,34.43589743589744,-13.435897435897438
2008,WAS,Devin Thomas,WR,34,79.46,26,18,8,4.0,55,0,0,1,34.87179487179487,-30.87179487179487
2008,GB,Jordy Nelson,WR,36,83.01,17,19,-2,73.0,151,1,0,7,29.64864864864865,43.351351351351354
2008,ATL,Curtis Lofton,LB,37,76.12,36,20,16,49.0,128,0,0,8,30.055555555555557,18.944444444444443
2008,SEA,John Carlson,TE,38,71.65,61,21,40,16.0,90,0,0,4,30.47222222222222,-14.472222222222221
2008,BUF,James Hardy,WR,41,86.42,8,22,-14,1.0,16,0,0,0,32.4,-31.4
2008,DEN,Eddie Royal,WR,42,73.6,51,23,28,35.0,116,0,0,6,31.647058823529413,3.352941176470587
2008,CHI,Matt Forte,RB,44,82.16,20,24,-4,84.0,146,2,0,9,28.72222222222222,55.27777777777778
2008,CIN,Jerome Simpson,WR,46,78.55,29,25,4,18.0,63,0,0,3,29.97222222222222,-11.972222222222221
2008,PHI,Trevor Laws,DT,47,88.07,6,26,-20,7.0,56,0,0,0,30.27777777777778,-23.27777777777778
2008,WAS,Fred Davis,TE,48,82.91,19,27,-8,14.0,72,0,0,3,30.083333333333332,-16.083333333333332
2008,PHI,DeSean Jackson,WR,49,83.59,14,28,-14,75.0,183,3,0,11,27.89189189189189,47.10810810810811
2008,ARI,Calais Campbell,DE,50,73.52,53,29,24,113.0,278,6,1,17,26.864864864864863,86.13513513513513
2008,WAS,Malcolm Kelly,WR,51,80.35,24,30,-6,3.0,21,0,0,1,27.97222222222222,-24.97222222222222
2008,JAX,Quentin Groves,DE,52,75.96,38,31,7,17.0,100,0,0,2,27.675675675675677,-10.675675675675677
2008,PIT,Limas Sweed,WR,53,73.12,58,32,26,1.0,20,0,0,0,27.5,-26.5
2008,TEN,Jason Jones,DE,54,77.14,33,33,0,32.0,109,0,0,4,26.68421052631579,5.315789473684209
2008,BAL,Ray Rice,RB,55,84.19,11,34,-23,63.0,92,3,0,5,25.36842105263158,37.631578947368425
2008,GB,Brian Brohm,QB,56,74.92,44,35,9,0.0,3,0,0,0,26.972972972972972,-26.972972972972972
2008,MIA,Chad Henne,QB,57,66.31,86,36,50,26.0,78,0,0,3,24.945945945945947,1.0540540540540526
2008,TB,Dexter Jackson,WR,58,77.78,32,37,-5,0.0,7,0,0,0,25.13157894736842,-25.13157894736842
2008,GB,Pat Lee,DB,60,74.65,47,38,9,4.0,47,0,0,1,25.076923076923077,-21.076923076923077
2008,DAL,Martellus Bennett,TE,61,81.55,21,39,-18,35.0,144,1,0,8,24.526315789473685,10.473684210526315
2008,DET,Kevin Smith,RB,64,76.11,37,40,-3,19.0,54,0,0,2,24.307692307692307,-5.307692307692307
2008,CHI,Earl Bennett,WR,70,75.23,42,41,1,19.0,78,0,0,1,22.444444444444443,-3.444444444444443
2008,BUF,Chris Ellis,DE,72,69.14,71,42,29,2.0,15,0,0,0,23.114285714285714,-21.114285714285714
2008,KC,Jamaal Charles,RB,73,84.64,10,43,-33,66.0,119,4,2,4,20.72222222222222,45.27777777777778
2008,SF,Reggie Smith,DB,75,75.2,43,44,-1,5.0,45,0,0,1,22.02857142857143,-17.02857142857143
2008,KC,Brad Cottam,TE,76,79.03,27,45,-18,2.0,24,0,0,1,22.114285714285714,-20.114285714285714
2008,CIN,Pat Sims,DT,77,71.88,60,46,14,27.0,130,0,0,3,19.558823529411764,7.4411764705882355
2008,ARI,Early Doucet,WR,81,69.25,70,47,23,10.0,54,0,0,0,20.09375,-10.09375
2008,ATL,Harry Douglas,WR,84,71.06,66,48,18,31.0,118,0,0,2,14.0,17.0
2008,TEN,Craig Stevens,TE,85,80.62,23,49,-26,5.0,109,0,0,5,14.766666666666667,-9.766666666666667
2008,DET,Andre Fluellen,DT,87,59.89,107,50,57,8.0,81,0,0,0,14.172413793103448,-6.172413793103448
2008,HOU,Steve Slaton,RB,89,78.92,28,51,-23,21.0,45,0,0,2,13.071428571428571,7.928571428571429
2008,CHI,Marcus Harrison,DT,90,76.61,35,52,-17,6.0,37,0,0,1,13.142857142857142,-7.142857142857142
2008,GB,Jermichael Finley,TE,91,66.65,84,53,31,27.0,70,0,0,3,12.851851851851851,14.148148148148149
2008,NE,Kevin O'Connell,QB,94,73.93,50,54,-4,0.0,2,0,0,0,12.666666666666666,-12.666666666666666
2008,NYG,Mario Manningham,WR,95,71.43,64,55,9,22.0,67,0,0,4,12.178571428571429,9.821428571428571
2008,CIN,Andre Caldwell,WR,97,75.79,40,56,-16,12.0,105,0,0,0,11.964285714285714,0.035714285714286476
2008,GB,Jeremy Thompson,DE,102,73.39,55,57,-2,1.0,15,0,0,0,12.0,-11.0
2008,KC,Will Franklin,WR,105,73.54,52,58,-6,1.0,13,0,0,0,11.310344827586206,-10.310344827586206
2008,BAL,Marcus Smith,WR,106,68.92,73,59,14,0.0,21,0,0,0,9.392857142857142,-9.392857142857142
2008,CLE,Martin Rucker,TE,111,74.66,46,60,-14,0.0,12,0,0,0,9.185185185185185,-9.185185185185185
2008,TB,Dre Moore,DT,115,83.12,16,61,-45,1.0,7,0,0,0,8.814814814814815,-7.814814814814815
2008,ARI,Kenny Iwebema,DE,116,64.35,96,62,34,2.0,31,0,0,0,8.464285714285714,-6.4642857142857135
2008,HOU,Xavier Adibi,LB,118,68.17,76,63,13,4.0,44,0,0,0,7.653846153846154,-3.653846153846154
2008,SEA,Red Bryant,DT,121,72.67,59,64,-5,31.0,86,0,0,4,7.222222222222222,23.77777777777778
2008,DAL,Tashard Choice,RB,122,71.52,63,65,-2,13.0,88,0,0,0,7.384615384615385,5.615384615384615
2008,LV,Arman Shields,WR,125,73.28,57,66,-9,,,0,0,0,6.96,-6.96
2008,TEN,Lavelle Hawkins,WR,126,64.48,95,67,28,7.0,56,0,0,0,6.615384615384615,0.384615384615385
2008,IND,Jacob Tamme,TE,127,74.6,48,68,-20,21.0,130,0,0,2,6.32,14.68
2008,LA,Keenan Burton,WR,128,73.38,56,69,-13,3.0,22,0,0,1,6.52,-3.5199999999999996
2008,BUF,Derek Fine,TE,132,69.91,68,70,-2,2.0,18,0,0,1,6.08,-4.08
2008,DET,Kenny Moore,WR,136,65.93,88,71,17,1.0,14,0,0,0,6.1923076923076925,-5.1923076923076925
2008,MIN,John David Booty,QB,137,57.6,113,72,41,,,0,0,0,6.230769230769231,-6.230769230769231
2008,DEN,Ryan Torain,RB,139,67.91,77,73,4,5.0,22,0,0,1,6.24,-1.2400000000000002
2008,CAR,Gary Barnidge,TE,141,77.79,31,74,-43,14.0,124,1,0,4,5.653846153846154,8.346153846153847
2008,NO,DeMario Pressley,DT,144,66.13,87,75,12,1.0,8,0,0,0,6.7407407407407405,-5.7407407407407405
2008,DEN,Carlton Powell,DT,148,60.79,105,76,29,0.0,3,0,0,0,6.7407407407407405,-6.7407407407407405
2008,HOU,Frank Okam,DT,151,67.35,78,77,1,3.0,25,0,0,0,7.333333333333333,-4.333333333333333
2008,MIN,Letroy Guion,DT,152,60.4,106,78,28,28.0,112,0,0,4,6.407407407407407,21.59259259259259
2008,PIT,Dennis Dixon,QB,156,70.29,67,79,-12,2.0,4,0,0,0,7.206896551724138,-5.206896551724138
2008,CHI,Kellen Davis,TE,158,74.68,45,80,-35,5.0,125,0,0,4,8.724137931034482,-3.724137931034482
2008,TB,Josh Johnson,QB,160,66.63,85,81,4,9.0,50,0,0,0,7.892857142857143,1.1071428571428568
2008,NYJ,Erik Ainge,QB,162,59.06,110,82,28,,,0,0,0,8.107142857142858,-8.107142857142858
2008,NYG,Jonathan Goff,LB,165,76.97,34,83,-49,9.0,37,0,0,1,7.785714285714286,1.2142857142857144
2008,LAC,Marcus Thomas,RB,166,67.22,79,84,-5,0.0,3,0,0,0,7.827586206896552,-7.827586206896552
2008,NYJ,Marcus Henry,WR,171,66.89,82,85,-3,,,0,0,0,7.931034482758621,-7.931034482758621
2008,ATL,Thomas Brown,RB,172,69.55,69,86,-17,,,0,0,0,7.862068965517241,-7.862068965517241
2008,SF,Josh Morgan,WR,174,58.88,111,87,24,21.0,93,0,0,5,8.517241379310345,12.482758620689655
2008,MIA,Jalen Parmele,RB,176,71.25,65,88,-23,1.0,36,0,0,0,9.206896551724139,-8.206896551724139
2008,BUF,Xavier Omon,RB,179,67.18,80,89,-9,0.0,7,0,0,0,9.482758620689655,-9.482758620689655
2008,CAR,Nick Hayden,DT,181,66.89,83,90,-7,25.0,76,0,0,4,8.620689655172415,16.379310344827587
2008,KC,Kevin Robinson,WR,182,54.38,115,91,24,0.0,8,0,0,0,9.482758620689655,-9.482758620689655
2008,ARI,Chris Harrington,DE,185,62.05,101,92,9,0.0,6,0,0,0,8.714285714285714,-8.714285714285714
2008,WAS,Colt Brennan,QB,186,73.51,54,93,-39,,,0,0,0,8.714285714285714,-8.714285714285714
2008,MIN,John Sullivan,C,187,64.68,94,94,0,54.0,153,0,0,8,6.785714285714286,47.214285714285715
2008,PIT,Mike Humpal,LB,188,68.88,74,95,-21,,,0,0,0,8.714285714285714,-8.714285714285714
2008,CLE,Ahtyba Rubin,DT,190,65.27,89,96,-7,47.0,144,0,0,7,7.222222222222222,39.77777777777778
2008,CLE,Paul Hubbard,WR,191,64.94,93,97,-4,0.0,1,0,0,0,8.777777777777779,-8.777777777777779
2008,MIN,Jaymar Johnson,WR,193,60.87,104,98,6,0.0,7,0,0,0,8.76923076923077,-8.76923076923077
2008,IND,Tom Santi,TE,196,61.2,103,99,4,2.0,9,0,0,0,9.5,-7.5
2008,NYG,Andre Woodson,QB,198,65.12,90,100,-10,,,0,0,0,9.6,-9.6
2008,IND,Steve Justice,C,201,65.05,92,101,-9,1.0,8,0,0,0,10.84,-9.84
2008,IND,Mike Hart,RB,202,67.03,81,102,-21,3.0,21,0,0,0,10.76,-7.76
2008,MIA,Lex Hilliard,RB,204,63.34,98,103,-5,3.0,62,0,0,1,11.208333333333334,-8.208333333333334
2008,IND,Pierre Garcon,WR,205,68.23,75,104,-29,54.0,148,0,0,10,9.125,44.875
2008,GB,Matt Flynn,QB,209,63.09,99,105,-6,8.0,51,0,0,0,10.125,-2.125
2008,JAX,Chauncey Washington,RB,213,63.68,97,106,-9,0.0,11,0,0,0,10.91304347826087,-10.91304347826087
2008,BAL,Justin Harper,WR,215,59.3,109,107,2,0.0,2,0,0,0,10.272727272727273,-10.272727272727273
2008,HOU,Alex Brink,QB,223,59.77,108,108,0,,,0,0,0,6.944444444444445,-6.944444444444445
2008,DEN,Peyton Hillis,FB,227,56.06,114,109,5,21.0,81,0,0,3,6.5,14.5
2008,SEA,Justin Forsett,RB,233,68.99,72,110,-38,32.0,122,1,0,2,6.5,25.5
2008,NO,Adrian Arrington,WR,237,65.1,91,111,-20,1.0,5,0,0,0,10.454545454545455,-9.454545454545455
2008,TB,Cory Boyd,RB,238,71.55,62,112,-50,0.0,1,0,0,0,6.2,-6.2
2008,BAL,Allen Patrick,RB,240,58.53,112,113,-1,,,0,0,0,6.2,-6.2
2008,CIN,Mario Urrutia,WR,246,61.39,102,114,-12,,,0,0,0,6.75,-6.75
2008,CHI,Marcus Monk,WR,248,62.98,100,115,-15,,,0,0,0,7.714285714285714,-7.714285714285714
2009,DET,Matthew Stafford,QB,1,80.63,16,1,15,133.0,239,3,1,16,35.44444444444444,97.55555555555556
2009,KC,Tyson Jackson,DE,3,76.42,24,2,22,34.0,122,0,0,7,40.94444444444444,-6.944444444444443
2009,NYJ,Mark Sanchez,QB,5,75.42,25,3,22,32.0,79,0,0,4,39.05263157894737,-7.05263157894737
2009,LV,Darrius Heyward-Bey,WR,7,80.27,17,4,13,23.0,144,0,0,5,39.526315789473685,-16.526315789473685
2009,GB,B.J. Raji,DT,9,83.15,6,5,1,33.0,91,1,0,5,37.35,-4.350000000000001
2009,SF,Michael Crabtree,WR,10,87.02,2,6,-4,53.0,143,0,0,10,36.35,16.65
2009,BUF,Aaron Maybin,DE,11,79.26,18,7,11,5.0,48,0,0,0,37.19047619047619,-32.19047619047619
2009,DEN,Knowshon Moreno,RB,12,83.79,5,8,-3,33.0,63,0,0,3,34.27272727272727,-1.2727272727272734
2009,TB,Josh Freeman,QB,17,74.54,30,9,21,37.0,62,0,0,4,34.82608695652174,2.173913043478258
2009,DEN,Robert Ayers,DE,18,71.62,44,10,34,27.0,120,0,0,5,34.25,-7.25
2009,PHI,Jeremy Maclin,WR,19,83.01,7,11,-4,50.0,114,0,0,8,33.291666666666664,16.708333333333336
2009,DET,Brandon Pettigrew,TE,20,78.6,19,12,7,22.0,93,0,0,7,34.458333333333336,-12.458333333333336
2009,CLE,Alex Mack,C,21,84.57,4,13,-9,86.0,196,7,0,12,33.84,52.16
2009,MIN,Percy Harvin,WR,22,84.62,3,14,-11,43.0,75,1,0,4,35.56,7.439999999999998
2009,ATL,Peria Jerry,DT,24,81.85,9,15,-6,13.0,64,0,0,2,36.07692307692308,-23.07692307692308
2009,IND,Donald Brown,RB,27,83.01,8,16,-8,25.0,89,0,0,1,35.370370370370374,-10.370370370370374
2009,BUF,Eric Wood,C,28,87.86,1,17,-16,47.0,120,1,0,9,34.55555555555556,12.444444444444443
2009,NYG,Hakeem Nicks,WR,29,81.12,13,18,-5,40.0,92,0,0,4,34.81481481481482,5.185185185185183
2009,TEN,Kenny Britt,WR,30,80.83,15,19,-4,35.0,116,0,0,5,34.714285714285715,0.2857142857142847
2009,CLE,Brian Robiskie,WR,36,74.36,31,20,11,3.0,38,0,0,1,30.482758620689655,-27.482758620689655
2009,NE,Ron Brace,DT,40,66.44,69,21,48,6.0,39,0,0,1,31.3,-25.3
2009,CAR,Everette Brown,DE,43,77.89,21,22,-1,6.0,44,0,0,0,29.482758620689655,-23.482758620689655
2009,MIA,Pat White,QB,44,76.64,23,23,0,1.0,13,0,0,0,30.535714285714285,-29.535714285714285
2009,HOU,Connor Barwin,DE,46,80.88,14,24,-10,51.0,142,1,0,7,28.59259259259259,22.40740740740741
2009,CLE,Mohamed Massaquoi,WR,50,71.8,42,25,17,11.0,54,0,0,3,28.857142857142858,-17.857142857142858
2009,PHI,LeSean McCoy,RB,53,81.4,10,26,-16,83.0,170,6,2,10,25.535714285714285,57.464285714285715
2009,IND,Fili Moala,DT,56,69.67,54,27,27,19.0,64,0,0,3,24.11111111111111,-5.111111111111111
2009,BAL,Paul Kruger,DE,57,72.18,40,28,12,29.0,114,0,0,4,25.037037037037038,3.962962962962962
2009,TEN,Sen'Derrick Marks,DT,62,75.21,27,29,-2,27.0,103,0,0,4,21.96153846153846,5.03846153846154
2009,DEN,Richard Quinn,TE,64,72.66,37,30,7,0.0,30,0,0,0,22.52,-22.52
2009,NYJ,Shonn Greene,RB,65,71.24,45,31,14,23.0,85,0,0,2,21.6,1.3999999999999986
2009,LA,Bradley Fletcher,DB,66,69.56,55,32,23,24.0,73,0,0,3,20.73076923076923,3.26923076923077
2009,CIN,Michael Johnson,DE,70,77.66,22,33,-11,54.0,155,0,0,8,18.214285714285715,35.785714285714285
2009,LV,Matt Shaughnessy,DE,71,64.81,79,34,45,22.0,75,0,0,3,18.862068965517242,3.137931034482758
2009,JAX,Terrance Knighton,DT,72,75.01,28,35,-7,37.0,108,0,0,6,18.344827586206897,18.655172413793103
2009,SF,Glen Coffee,RB,74,65.89,75,36,39,2.0,14,0,0,0,20.035714285714285,-18.035714285714285
2009,TB,Roy Miller,DT,81,72.94,35,37,-2,33.0,119,0,0,5,19.0,14.0
2009,DET,Derrick Williams,WR,82,65.96,74,38,36,0.0,18,0,0,0,20.178571428571427,-20.178571428571427
2009,NE,Brandon Tate,WR,83,67.81,60,39,21,16.0,127,0,0,1,19.964285714285715,-3.9642857142857153
2009,PIT,Mike Wallace,WR,84,74.77,29,40,-11,57.0,144,1,0,8,18.5,38.5
2009,NYG,Ramses Barden,WR,85,69.8,51,41,10,5.0,29,0,0,0,19.93103448275862,-14.93103448275862
2009,MIA,Patrick Turner,WR,87,73.99,32,42,-10,1.0,24,0,0,0,17.821428571428573,-16.821428571428573
2009,TEN,Jared Cook,TE,89,81.23,11,43,-32,48.0,194,2,0,5,14.96551724137931,33.03448275862069
2009,SEA,Deon Butler,WR,91,72.14,41,44,-3,4.0,35,0,0,1,15.482758620689655,-11.482758620689655
2009,CAR,Corvey Irvin,DT,93,63.52,84,45,39,1.0,24,0,0,0,15.35483870967742,-14.35483870967742
2009,CIN,Chase Coffman,TE,98,81.13,12,46,-34,0.0,39,0,0,0,15.066666666666666,-15.066666666666666
2009,CHI,Juaquin Iglesias,WR,99,71.75,43,47,-4,0.0,1,0,0,0,14.758620689655173,-14.758620689655173
2009,NYG,Travis Beckum,TE,100,78.05,20,48,-28,2.0,48,0,0,0,14.689655172413794,-12.689655172413794
2009,DAL,Stephen McGee,QB,101,59.45,97,49,48,2.0,3,0,0,0,14.689655172413794,-12.689655172413794
2009,LA,Darell Scott,DT,103,69.96,50,50,0,5.0,33,0,0,0,12.724137931034482,-7.724137931034482
2009,JAX,Mike Thomas,WR,107,73.04,34,51,-17,21.0,61,0,0,2,10.814814814814815,10.185185185185185
2009,MIA,Brian Hartline,WR,108,62.89,87,52,35,32.0,104,0,0,5,10.75,21.25
2009,CAR,Mike Goodson,RB,111,70.47,49,53,-4,7.0,42,0,0,0,11.241379310344827,-4.241379310344827
2009,DET,Sammie Lee Hill,DT,115,67.47,64,54,10,21.0,97,0,0,3,10.107142857142858,10.892857142857142
2009,TB,Kyle Moore,DE,117,62.64,88,55,33,8.0,31,0,0,1,8.25925925925926,-0.2592592592592595
2009,DAL,Brandon Williams,DE,120,69.22,57,56,1,0.0,6,0,0,0,8.653846153846153,-8.653846153846153
2009,BUF,Shawn Nelson,TE,121,75.42,26,57,-31,1.0,17,0,0,1,8.296296296296296,-7.296296296296296
2009,HOU,Anthony Hill,TE,122,61.62,91,58,33,0.0,12,0,0,0,6.555555555555555,-6.555555555555555
2009,LV,Louis Murphy,WR,124,67.66,61,59,2,19.0,95,0,0,1,5.923076923076923,13.076923076923077
2009,ATL,Lawrence Sidbury,DE,125,72.56,38,60,-22,5.0,50,0,0,0,6.461538461538462,-1.4615384615384617
2009,IND,Austin Collie,WR,127,72.41,39,61,-22,18.0,49,0,0,0,6.16,11.84
2009,NYG,Andre Brown,RB,129,65.79,76,62,14,7.0,22,0,0,1,6.346153846153846,0.6538461538461542
2009,LAC,Gartrell Johnson,RB,134,62.54,89,63,26,0.0,19,0,0,0,7.636363636363637,-7.636363636363637
2009,IND,Terrance Taylor,DT,136,66.09,72,64,8,,,0,0,0,7.761904761904762,-7.761904761904762
2009,CHI,Johnny Knox,WR,140,70.73,48,65,-17,20.0,45,1,0,2,5.809523809523809,14.19047619047619
2009,DEN,Kenny McKinley,WR,141,68.08,59,66,-7,0.0,8,0,0,0,5.476190476190476,-5.476190476190476
2009,JAX,Jarett Dillard,WR,144,72.8,36,67,-31,4.0,21,0,0,0,4.7272727272727275,-0.7272727272727275
2009,BAL,Davon Drew,TE,149,63.37,85,68,17,,,0,0,0,4.142857142857143,-4.142857142857143
2009,NYG,Rhett Bomar,QB,151,60.04,95,69,26,,,0,0,0,4.142857142857143,-4.142857142857143
2009,PHI,Cornelius Ingram,TE,153,69.74,52,70,-18,,,0,0,0,4.2727272727272725,-4.2727272727272725
2009,CHI,Marcus Freeman,LB,154,70.81,47,71,-24,,,0,0,0,4.428571428571429,-4.428571428571429
2009,LA,Brooks Foster,WR,160,69.4,56,72,-16,,,0,0,0,3.0,-3.0
2009,SF,Nate Davis,QB,171,65.12,78,73,5,,,0,0,0,3.3684210526315788,-3.3684210526315788
2009,TEN,Javon Ringer,RB,173,73.25,33,74,-41,5.0,37,0,0,0,2.1,2.9
2009,DEN,Tom Brandstater,QB,174,58.69,98,75,23,0.0,1,0,0,0,2.35,-2.35
2009,KC,Quinten Lawrence,WR,175,66.33,70,76,-6,0.0,6,0,0,0,2.380952380952381,-2.380952380952381
2009,GB,Jarius Wynn,DE,182,56.3,102,77,25,8.0,69,0,0,0,3.0434782608695654,4.956521739130435
2009,SF,Bear Pascoe,TE,184,60.94,93,78,15,3.0,85,0,0,2,3.409090909090909,-0.40909090909090917
2009,BAL,Cedric Peerman,RB,185,66.29,71,79,-8,4.0,92,1,0,0,3.3636363636363638,0.6363636363636362
2009,PHI,Brandon Gibson,WR,194,63.22,86,80,6,17.0,76,0,0,3,4.476190476190476,12.523809523809524
2009,CLE,James Davis,RB,195,63.93,83,81,2,1.0,9,0,0,0,5.238095238095238,-4.238095238095238
2009,LV,Stryker Sulak,DE,199,61.38,92,82,10,,,0,0,0,5.045454545454546,-5.045454545454546
2009,NYG,DeAndre Wright,DB,200,64.72,81,83,-2,,,0,0,0,5.045454545454546,-5.045454545454546
2009,IND,Curtis Painter,QB,201,67.3,66,84,-18,2.0,14,0,0,1,4.956521739130435,-2.9565217391304346
2009,ARI,Will Davis,DE,204,58.57,99,85,14,3.0,21,0,0,0,4.913043478260869,-1.9130434782608692
2009,PIT,Ra'Shon Harris,DT,205,61.81,90,86,4,0.0,2,0,0,0,5.043478260869565,-5.043478260869565
2009,TEN,Dominique Edison,WR,206,66.52,68,87,-19,0.0,5,0,0,0,5.045454545454546,-5.045454545454546
2009,NE,Myron Pryor,DT,207,69.73,53,88,-35,3.0,24,0,0,0,5.142857142857143,-2.1428571428571432
2009,DAL,John Phillips,TE,208,67.66,62,89,-27,2.0,120,0,0,1,5.45,-3.45
2009,CIN,Bernard Scott,RB,209,70.9,46,90,-44,9.0,49,0,0,0,5.0,4.0
2009,ATL,Vance Walker,DT,210,64.76,80,91,-11,21.0,104,0,0,1,4.428571428571429,16.57142857142857
2009,KC,Javarris Williams,RB,212,64.5,82,92,-10,0.0,4,0,0,0,5.956521739130435,-5.956521739130435
2009,LAC,Demetrius Byrd,WR,224,60.27,94,93,1,,,0,0,0,6.875,-6.875
2009,PIT,A.Q. Shipley,C,226,65.99,73,94,-21,33.0,110,0,0,4,5.5,27.5
2009,DAL,Manuel Johnson,WR,229,59.6,96,95,1,0.0,2,0,0,0,6.681818181818182,-6.681818181818182
2009,TB,Sammie Stroughter,WR,233,56.09,103,96,7,5.0,33,0,0,0,7.1,-2.0999999999999996
2009,NE,Darryl Richard,DT,234,56.8,101,97,4,,,0,0,0,7.631578947368421,-7.631578947368421
2009,PIT,David Johnson,TE,241,65.16,77,98,-21,3.0,98,0,0,1,9.571428571428571,-6.571428571428571
2009,WAS,Marko Mitchell,WR,243,67.33,65,99,-34,0.0,10,0,0,0,8.916666666666666,-8.916666666666666
2009,SF,Ricky Jean-Francois,DT,244,55.03,104,100,4,23.0,137,0,0,4,7.0,16.0
2009,SEA,Cameron Morrah,TE,248,67.58,63,101,-38,2.0,27,0,0,0,9.545454545454545,-7.545454545454545
2009,JAX,Rashad Jennings,RB,250,58.57,100,102,-2,31.0,93,0,0,5,6.909090909090909,24.09090909090909
2009,JAX,Tiquan Underwood,WR,253,66.97,67,103,-36,9.0,45,0,0,1,8.909090909090908,0.09090909090909172
2009,DET,Dan Gronkowski,TE,255,68.8,58,104,-46,1.0,21,0,0,0,9.636363636363637,-8.636363636363637
2010,LA,Sam Bradford,QB,1,84.93,10,1,9,44.0,83,0,0,5,46.6875,-2.6875
2010,DET,Ndamukong Suh,DT,2,95.38,1,2,-1,100.0,199,5,3,12,43.1875,56.8125
2010,TB,Gerald McCoy,DT,3,83.74,13,3,10,69.0,140,6,1,10,42.705882352941174,26.294117647058826
2010,LV,Rolando McClain,LB,8,89.59,4,4,0,25.0,65,0,0,5,43.22222222222222,-18.22222222222222
2010,BUF,C.J. Spiller,RB,9,84.26,11,5,6,34.0,90,1,0,3,40.578947368421055,-6.578947368421055
2010,LAC,Ryan Mathews,RB,12,84.0,12,6,6,44.0,86,1,0,5,41.95,2.049999999999997
2010,PHI,Brandon Graham,DE,13,90.57,2,7,-5,59.0,215,1,0,6,41.2,17.799999999999997
2010,NYG,Jason Pierre-Paul,DE,15,78.03,29,8,21,74.0,185,3,1,11,41.5,32.5
2010,TEN,Derrick Morgan,DE,16,81.93,17,9,8,40.0,118,0,0,8,41.30434782608695,-1.3043478260869534
2010,ATL,Sean Weatherspoon,LB,19,90.16,3,10,-7,22.0,67,0,0,2,41.0,-19.0
2010,CIN,Jermaine Gresham,TE,21,86.05,6,11,-5,28.0,132,2,0,9,40.0,-12.0
2010,DEN,Demaryius Thomas,WR,22,77.46,31,12,19,69.0,143,5,0,8,39.46153846153846,29.53846153846154
2010,DAL,Dez Bryant,WR,24,89.09,5,13,-8,61.0,119,3,1,7,40.25925925925926,20.74074074074074
2010,DEN,Tim Tebow,QB,25,81.76,18,14,4,12.0,35,0,0,1,41.07142857142857,-29.07142857142857
2010,ARI,Dan Williams,DT,26,78.73,28,15,13,29.0,102,0,0,6,39.55172413793103,-10.551724137931032
2010,DET,Jahvid Best,RB,30,85.31,9,16,-7,13.0,22,0,0,2,39.0625,-26.0625
2010,IND,Jerry Hughes,DE,31,85.99,7,17,-10,68.0,225,0,0,9,36.75757575757576,31.242424242424242
2010,TB,Brian Price,DT,35,73.03,50,18,32,4.0,20,0,0,1,36.54838709677419,-32.54838709677419
2010,TB,Arrelious Benn,WR,39,71.4,60,19,41,8.0,61,0,0,2,34.70967741935484,-26.70967741935484
2010,BUF,Torell Troup,DT,41,73.57,46,20,26,2.0,21,0,0,0,34.32258064516129,-32.32258064516129
2010,NE,Rob Gronkowski,TE,42,85.4,8,21,-13,78.0,143,5,4,11,30.806451612903224,47.193548387096776
2010,NYG,Linval Joseph,DT,46,79.83,24,22,2,70.0,203,2,0,11,29.451612903225808,40.54838709677419
2010,ARI,Daryl Washington,LB,47,74.41,42,23,19,34.0,59,1,0,4,30.5625,3.4375
2010,CAR,Jimmy Clausen,QB,48,73.64,45,24,21,3.0,21,0,0,1,30.161290322580644,-27.161290322580644
2010,MIN,Toby Gerhart,RB,51,83.47,14,25,-11,16.0,82,0,0,0,31.0,-15.0
2010,PIT,Jason Worilds,DE,52,76.46,36,26,10,22.0,73,0,0,2,30.363636363636363,-8.363636363636363
2010,CIN,Carlos Dunlap,DE,54,76.03,37,27,10,67.0,197,2,0,7,28.176470588235293,38.82352941176471
2010,DAL,Sean Lee,LB,55,80.88,22,28,-6,53.0,118,2,1,7,27.88235294117647,25.11764705882353
2010,BAL,Terrence Cody,DT,57,62.54,110,29,81,14.0,57,0,0,1,27.941176470588236,-13.941176470588236
2010,HOU,Ben Tate,RB,58,80.12,23,30,-7,14.0,51,0,0,0,27.61764705882353,-13.617647058823529
2010,CLE,Montario Hardesty,RB,59,82.15,16,31,-15,4.0,23,0,0,0,29.147058823529413,-25.147058823529413
2010,SEA,Golden Tate,WR,60,82.16,15,32,-17,58.0,160,1,0,7,27.558823529411764,30.441176470588236
2010,NE,Brandon Spikes,LB,62,81.17,21,33,-12,25.0,78,0,0,5,28.0,-3.0
2010,IND,Pat Angerer,LB,63,76.82,35,34,1,18.0,54,0,0,3,29.571428571428573,-11.571428571428573
2010,BAL,Ed Dickson,TE,70,70.29,67,35,32,16.0,134,0,0,7,28.13157894736842,-12.131578947368421
2010,BUF,Alex Carrington,DE,72,72.89,51,36,15,7.0,59,0,0,1,28.94736842105263,-21.94736842105263
2010,JAX,D'Anthony Smith,DT,74,74.81,39,37,2,1.0,12,0,0,0,29.83783783783784,-28.83783783783784
2010,TEN,Damian Williams,WR,77,72.5,53,38,15,10.0,57,0,0,1,26.76923076923077,-16.76923076923077
2010,CAR,Brandon LaFell,WR,78,71.72,57,39,18,43.0,125,0,0,5,25.923076923076923,17.076923076923077
2010,LAC,Donald Butler,LB,79,81.61,19,40,-21,29.0,85,0,0,5,25.13157894736842,3.8684210526315788
2010,HOU,Earl Mitchell,DT,81,79.19,26,41,-15,29.0,130,0,0,4,24.894736842105264,4.105263157894736
2010,PIT,Emmanuel Sanders,WR,82,79.56,25,42,-17,63.0,172,2,0,9,23.794871794871796,39.205128205128204
2010,ATL,Corey Peters,DT,83,74.53,41,43,-2,49.0,164,0,0,9,23.55,25.45
2010,CIN,Jordan Shipley,WR,84,71.3,62,44,18,7.0,24,0,0,0,24.2,-17.2
2010,CLE,Colt McCoy,QB,85,76.97,34,45,-11,17.0,56,0,0,2,24.0,-7.0
2010,PHI,Daniel Te'o-Nesheim,DE,86,81.46,20,46,-26,12.0,39,0,0,2,23.7,-11.7
2010,DEN,Eric Decker,WR,87,73.46,47,47,0,45.0,111,0,0,5,21.225,23.775
2010,ARI,Andre Roberts,WR,88,72.22,55,48,7,24.0,182,3,1,2,22.65,1.3500000000000014
2010,NE,Taylor Price,WR,90,73.41,48,49,-1,1.0,6,0,0,0,22.390243902439025,-21.390243902439025
2010,SF,NaVorro Bowman,LB,91,71.35,61,50,11,71.0,99,3,4,5,21.170731707317074,49.829268292682926
2010,KC,Tony Moeaki,TE,93,71.66,59,51,8,10.0,49,0,0,2,21.365853658536587,-11.365853658536587
2010,NO,Jimmy Graham,TE,95,77.0,33,52,-19,61.0,197,5,1,10,19.51219512195122,41.48780487804878
2010,TEN,Rennie Curran,LB,97,70.94,64,53,11,1.0,9,0,0,0,21.05,-20.05
2010,LA,Mardy Gilyard,WR,99,66.97,84,54,30,1.0,19,0,0,0,20.428571428571427,-19.428571428571427
2010,MIN,Everson Griffen,DE,100,71.67,58,55,3,67.0,170,4,0,6,18.53488372093023,48.46511627906977
2010,TB,Mike Williams,WR,101,70.21,68,56,12,25.0,63,0,0,3,19.511627906976745,5.488372093023255
2010,HOU,Darryl Sharpton,LB,102,66.19,88,57,31,10.0,47,0,0,1,19.431818181818183,-9.431818181818183
2010,WAS,Perry Riley,LB,103,69.15,70,58,12,30.0,90,0,0,6,19.046511627906977,10.953488372093023
2010,BUF,Marcus Easley,WR,107,70.58,66,59,7,1.0,42,0,0,0,20.48780487804878,-19.48780487804878
2010,LV,Jacoby Ford,WR,108,73.08,49,60,-11,12.0,38,0,0,1,20.21951219512195,-8.21951219512195
2010,CHI,Corey Wootton,DE,109,68.81,73,61,12,14.0,60,0,0,1,19.69047619047619,-5.69047619047619
2010,NYJ,Joe McKnight,RB,112,70.77,65,62,3,7.0,41,0,0,0,18.825,-11.825
2010,NE,Aaron Hernandez,TE,113,77.26,32,63,-31,21.0,38,0,0,2,18.475,2.5249999999999986
2010,BAL,Dennis Pitta,TE,114,79.17,27,64,-37,16.0,66,0,0,1,18.275,-2.2749999999999986
2010,NYG,Phillip Dillard,LB,115,67.48,81,65,16,0.0,7,0,0,0,17.53846153846154,-17.53846153846154
2010,PIT,Thaddeus Gibson,DE,116,65.47,94,66,28,0.0,4,0,0,0,16.710526315789473,-16.710526315789473
2010,HOU,Garrett Graham,TE,118,68.84,71,67,4,7.0,60,0,0,2,16.324324324324323,-9.324324324324323
2010,MIA,A.J. Edds,LB,119,69.7,69,68,1,1.0,17,0,0,0,16.61111111111111,-15.61111111111111
2010,CIN,Geno Atkins,DT,120,77.91,30,69,-39,89.0,161,8,2,9,13.285714285714286,75.71428571428571
2010,PHI,Keenan Clayton,LB,121,72.81,52,70,-18,3.0,36,0,0,0,15.257142857142858,-12.257142857142858
2010,PHI,Mike Kafka,QB,122,66.07,89,71,18,0.0,4,0,0,0,15.166666666666666,-15.166666666666666
2010,NO,Al Woods,DT,123,65.32,96,72,24,34.0,161,0,0,6,14.305555555555555,19.694444444444443
2010,CAR,Eric Norwood,LB,124,71.25,63,73,-10,2.0,28,0,0,0,13.277777777777779,-11.277777777777779
2010,PHI,Clay Harbor,TE,125,67.9,78,74,4,7.0,98,0,0,2,13.13888888888889,-6.138888888888889
2010,SEA,E.J. Wilson,DE,127,68.81,74,75,-1,0.0,2,0,0,0,13.527777777777779,-13.527777777777779
2010,ARI,O'Brien Schofield,DE,130,62.52,111,76,35,15.0,84,0,0,2,11.714285714285714,3.2857142857142865
2010,CIN,Roddrick Muckelroy,LB,131,66.47,87,77,10,1.0,19,0,0,0,12.114285714285714,-11.114285714285714
2010,LA,Michael Hoomanawanui,TE,132,62.95,107,78,29,5.0,87,0,0,3,12.323529411764707,-7.3235294117647065
2010,PHI,Ricky Sapp,DE,134,67.6,80,79,1,1.0,17,0,0,0,9.911764705882353,-8.911764705882353
2010,CHI,Joshua Moore,DB,141,72.05,56,80,-24,0.0,3,0,0,0,9.125,-9.125
2010,KC,Cameron Sheffield,DE,142,65.74,91,81,10,1.0,17,0,0,0,8.935483870967742,-7.935483870967742
2010,LAC,Cam Thomas,DT,146,67.94,77,82,-5,16.0,103,0,0,2,8.612903225806452,7.387096774193548
2010,LA,Hall Davis,DE,149,62.83,108,83,25,0.0,3,0,0,0,9.206896551724139,-9.206896551724139
2010,JAX,Austen Lane,DE,153,67.83,79,84,-5,7.0,30,0,0,2,5.793103448275862,1.206896551724138
2010,GB,Andrew Quarless,TE,154,68.11,76,85,-9,9.0,60,0,0,2,5.724137931034483,3.275862068965517
2010,ARI,John Skelton,QB,155,65.93,90,86,4,4.0,20,0,0,1,6.107142857142857,-2.1071428571428568
2010,BAL,David Reed,WR,156,63.73,105,87,18,2.0,36,0,0,0,5.25,-3.25
2010,PHI,Riley Cooper,WR,159,66.65,85,88,-3,17.0,88,0,0,3,4.571428571428571,12.428571428571429
2010,IND,Brody Eldridge,TE,162,62.75,109,89,20,0.0,27,0,0,2,6.107142857142857,-6.107142857142857
2010,ATL,Kerry Meier,WR,165,66.65,86,90,-4,0.0,12,0,0,0,9.307692307692308,-9.307692307692308
2010,PIT,Stevenson Sylvester,LB,166,64.92,97,91,6,6.0,50,0,0,0,8.851851851851851,-2.851851851851851
2010,MIN,Nate Triplett,LB,167,65.43,95,92,3,0.0,8,0,0,0,9.384615384615385,-9.384615384615385
2010,SF,Anthony Dixon,RB,173,64.27,103,93,10,7.0,96,0,0,0,8.464285714285714,-1.4642857142857135
2010,CAR,Greg Hardy,DE,175,64.58,100,94,6,33.0,75,1,0,4,8.0,25.0
2010,CLE,Carlton Mitchell,WR,177,67.48,82,95,-13,0.0,16,0,0,0,8.892857142857142,-8.892857142857142
2010,CHI,Dan LeFevour,QB,181,75.75,38,96,-58,,,0,0,0,9.107142857142858,-9.107142857142858
2010,SF,Nate Byham,TE,182,59.68,117,97,20,0.0,29,0,0,0,9.444444444444445,-9.444444444444445
2010,NYG,Adrian Tracy,DE,184,59.38,120,98,22,1.0,16,0,0,0,9.407407407407407,-8.407407407407407
2010,SEA,Anthony McCoy,TE,185,68.62,75,99,-24,4.0,41,0,0,1,9.357142857142858,-5.357142857142858
2010,CLE,Clifton Geathers,DE,186,62.37,113,100,13,3.0,37,0,0,0,9.481481481481481,-6.481481481481481
2010,PIT,Jonathan Dwyer,RB,188,68.84,72,101,-29,8.0,38,0,0,1,9.653846153846153,-1.6538461538461533
2010,LV,Travis Goethel,LB,190,59.56,118,102,16,1.0,16,0,0,0,10.24,-9.24
2010,CIN,Dezmon Briscoe,WR,191,67.02,83,103,-20,4.0,25,0,0,0,10.12,-6.119999999999999
2010,GB,James Starks,RB,193,72.48,54,104,-50,26.0,76,0,0,0,8.916666666666666,17.083333333333336
2010,PIT,Antonio Brown,WR,195,64.31,102,105,-3,92.0,146,7,4,7,6.875,85.125
2010,CAR,David Gettis,WR,198,64.66,99,106,-7,3.0,17,0,0,1,11.125,-8.125
2010,PHI,Charles Scott,RB,200,59.36,121,107,14,,,0,0,0,11.478260869565217,-11.478260869565217
2010,CAR,Tony Pike,QB,204,59.56,119,108,11,0.0,1,0,0,0,10.68,-10.68
2010,SF,Kyle Williams,WR,206,65.68,92,109,-17,6.0,39,0,0,0,10.583333333333334,-4.583333333333334
2010,BUF,Levi Brown,QB,209,58.05,124,110,14,0.0,1,0,0,0,9.88,-9.88
2010,DET,Willie Young,DE,213,64.22,104,111,-7,22.0,98,0,0,2,8.653846153846153,13.346153846153847
2010,TB,Dekoda Watson,LB,217,74.64,40,112,-72,11.0,108,0,0,0,10.166666666666666,0.8333333333333339
2010,PHI,Jamar Chaney,LB,220,73.78,44,113,-69,13.0,54,0,0,1,10.217391304347826,2.782608695652174
2010,LA,George Selvie,DE,226,62.43,112,114,-2,17.0,80,0,0,2,9.75,7.25
2010,GB,C.J. Wilson,DE,230,74.13,43,115,-72,13.0,84,0,0,2,5.631578947368421,7.368421052631579
2010,DEN,Jammie Kirlew,DE,232,62.18,114,116,-2,0.0,1,0,0,0,6.5,-6.5
2010,ARI,Jim Dray,TE,233,64.54,101,117,-16,3.0,94,0,0,2,6.705882352941177,-3.7058823529411766
2010,LAC,Dedrick Epps,TE,235,64.72,98,118,-20,0.0,6,0,0,0,6.882352941176471,-6.882352941176471
2010,NO,Sean Canfield,QB,239,51.75,125,119,6,,,0,0,0,7.4,-7.4
2010,IND,Kavell Conner,LB,240,63.32,106,120,-14,20.0,78,0,0,3,6.066666666666666,13.933333333333334
2010,PIT,Doug Worthington,DT,242,58.48,123,121,2,0.0,8,0,0,0,7.928571428571429,-7.928571428571429
2010,PHI,Jeff Owens,DT,243,58.59,122,122,0,0.0,1,0,0,0,7.928571428571429,-7.928571428571429
2010,NE,Brandon Deaderick,DE,247,61.89,115,123,-8,9.0,60,0,0,0,6.153846153846154,2.846153846153846
2010,NE,Zac Robinson,QB,250,65.64,93,124,-31,,,0,0,0,6.5,-6.5
2010,LA,Josh Hull,LB,254,60.34,116,125,-9,3.0,39,0,0,0,5.636363636363637,-2.6363636363636367
2011,CAR,Cam Newton,QB,1,90.04,7,1,6,115.0,148,3,1,9,59.705882352941174,55.294117647058826
2011,DEN,Von Miller,LB,2,95.0,1,2,-1,105.0,203,8,3,10,57.888888888888886,47.111111111111114
2011,CIN,A.J. Green,WR,4,86.91,8,3,5,77.0,158,7,0,10,60.35,16.65
2011,ARI,Patrick Peterson,DB,5,94.88,2,4,-2,103.0,201,8,3,13,59.05,43.95
2011,ATL,Julio Jones,WR,6,93.92,3,5,-2,101.0,166,7,2,9,56.38095238095238,44.61904761904762
2011,SF,Aldon Smith,DE,7,78.95,24,6,18,34.0,75,1,1,4,58.13636363636363,-24.136363636363633
2011,TEN,Jake Locker,QB,8,80.77,17,7,10,15.0,30,0,0,1,57.30434782608695,-42.30434782608695
2011,JAX,Blaine Gabbert,QB,10,81.85,12,8,4,17.0,69,0,0,2,57.21739130434783,-40.21739130434783
2011,HOU,J.J. Watt,DE,11,91.38,4,9,-5,110.0,151,5,5,10,52.458333333333336,57.541666666666664
2011,MIN,Christian Ponder,QB,12,76.56,35,10,25,22.0,38,0,0,3,54.2,-32.2
2011,DET,Nick Fairley,DT,13,86.7,9,11,-2,23.0,77,0,0,4,54.16,-31.159999999999997
2011,LA,Robert Quinn,DE,14,79.05,23,12,11,69.0,169,3,1,9,52.32,16.68
2011,WAS,Ryan Kerrigan,DE,16,91.31,5,13,-8,63.0,172,4,0,9,51.15384615384615,11.846153846153847
2011,LAC,Corey Liuget,DT,18,80.9,16,14,2,42.0,124,0,0,7,51.25925925925926,-9.25925925925926
2011,NO,Cameron Jordan,DE,24,78.78,26,15,11,109.0,243,8,1,15,45.53333333333333,63.46666666666667
2011,NO,Mark Ingram,RB,28,81.09,13,16,-3,66.0,156,3,0,5,43.11764705882353,22.88235294117647
2011,NYJ,Muhammad Wilkerson,DT,30,90.49,6,17,-11,58.0,108,1,0,7,41.25,16.75
2011,NE,Ras-I Dowling,DB,33,72.73,59,18,41,1.0,12,0,0,0,43.4054054054054,-42.4054054054054
2011,BUF,Aaron Williams,DB,34,76.42,36,19,17,17.0,59,0,0,4,40.97222222222222,-23.97222222222222
2011,CIN,Andy Dalton,QB,35,75.63,42,20,22,92.0,179,3,0,11,36.22222222222222,55.77777777777778
2011,SF,Colin Kaepernick,QB,36,80.52,18,21,-3,45.0,69,0,0,4,37.189189189189186,7.810810810810814
2011,ARI,Ryan Williams,RB,38,78.95,25,22,3,1.0,5,0,0,0,35.75675675675676,-34.75675675675676
2011,TEN,Akeem Ayers,LB,39,73.04,56,23,33,28.0,97,0,0,4,33.91891891891892,-5.918918918918919
2011,DAL,Bruce Carter,LB,40,76.12,39,24,15,20.0,101,0,0,3,34.138888888888886,-14.138888888888886
2011,MIN,Kyle Rudolph,TE,43,72.33,63,25,38,36.0,165,2,0,10,33.611111111111114,2.3888888888888857
2011,DET,Titus Young,WR,44,76.19,38,26,12,8.0,26,0,0,2,32.22857142857143,-24.228571428571428
2011,LA,Lance Kendricks,TE,47,74.24,49,27,22,16.0,137,0,0,6,30.176470588235293,-14.176470588235293
2011,LAC,Marcus Gilchrist,DB,50,73.34,51,28,23,33.0,128,0,0,6,26.944444444444443,6.055555555555557
2011,CHI,Stephen Paea,DT,53,80.99,14,29,-15,19.0,83,0,0,3,26.594594594594593,-7.594594594594593
2011,PHI,Jaiquawn Jarrett,DB,54,73.25,55,30,25,5.0,47,0,0,0,26.972972972972972,-21.972972972972972
2011,NE,Shane Vereen,RB,56,76.58,34,31,3,25.0,79,0,0,1,25.842105263157894,-0.8421052631578938
2011,DET,Mikel Leshoure,RB,57,80.95,15,32,-17,5.0,17,0,0,1,24.05263157894737,-19.05263157894737
2011,BAL,Torrey Smith,WR,58,81.86,11,33,-22,37.0,119,0,0,7,22.641025641025642,14.358974358974358
2011,CLE,Greg Little,WR,59,75.76,41,34,7,12.0,54,0,0,3,23.125,-11.125
2011,HOU,Brandon Harris,DB,60,75.81,40,35,5,3.0,42,0,0,0,23.35,-20.35
2011,LAC,Jonas Mouton,LB,61,72.1,65,36,29,0.0,3,0,0,0,22.475,-22.475
2011,MIA,Daniel Thomas,RB,62,77.46,32,37,-5,11.0,52,0,0,0,22.2,-11.2
2011,GB,Randall Cobb,WR,64,72.06,67,38,29,64.0,166,1,0,5,19.121951219512194,44.8780487804878
2011,DEN,Nate Irving,LB,67,80.37,20,39,-19,9.0,62,0,0,1,21.585365853658537,-12.585365853658537
2011,BUF,Kelvin Sheppard,LB,68,75.0,46,40,6,25.0,107,0,0,4,19.536585365853657,5.463414634146343
2011,ARI,Rob Housler,TE,69,82.9,10,41,-31,9.0,65,0,0,3,19.3,-10.3
2011,KC,Justin Houston,LB,70,78.54,28,42,-14,74.0,170,4,1,10,17.5609756097561,56.4390243902439
2011,DAL,DeMarco Murray,RB,71,80.39,19,43,-24,60.0,99,3,1,7,18.325,41.675
2011,NE,Stevan Ridley,RB,73,52.89,140,44,96,25.0,73,0,0,1,18.45,6.550000000000001
2011,NE,Ryan Mallett,QB,74,69.36,83,45,38,4.0,21,0,0,0,18.975,-14.975000000000001
2011,LA,Austin Pettis,WR,78,70.33,79,46,33,8.0,47,0,0,0,18.175,-10.175
2011,WAS,Leonard Hankerson,WR,79,74.06,50,47,3,12.0,41,0,0,1,17.70731707317073,-5.7073170731707314
2011,SF,Chris Culliver,DB,80,66.59,94,48,46,12.0,52,0,0,1,17.414634146341463,-5.414634146341463
2011,LV,DeMarcus Van Dyke,DB,81,62.57,113,49,64,3.0,25,0,0,0,17.261904761904763,-14.261904761904763
2011,LAC,Vincent Brown,WR,82,70.54,77,50,27,9.0,38,0,0,1,17.162790697674417,-8.162790697674417
2011,NYG,Jerrel Jernigan,WR,83,73.3,54,51,3,2.0,34,0,0,0,16.837209302325583,-14.837209302325583
2011,TB,Mason Foster,LB,84,75.16,45,52,-7,40.0,107,0,0,6,15.818181818181818,24.18181818181818
2011,NO,Johnny Patrick,DB,88,68.69,85,53,32,4.0,37,0,0,0,16.25,-12.25
2011,LAC,Shareece Wright,DB,89,51.6,141,54,87,21.0,91,0,0,2,15.651162790697674,5.348837209302326
2011,PHI,Curtis Marsh,DB,90,72.56,61,55,6,1.0,26,0,0,0,16.38095238095238,-15.38095238095238
2011,ATL,Akeem Dent,LB,91,80.06,21,56,-35,17.0,90,0,0,2,15.214285714285714,1.7857142857142865
2011,CHI,Chris Conte,DB,93,64.83,99,57,42,28.0,104,0,0,7,15.024390243902438,12.975609756097562
2011,PIT,Curtis Brown,DB,95,66.09,95,58,37,2.0,34,0,0,0,16.073170731707318,-14.073170731707318
2011,GB,Alex Green,RB,96,78.06,29,59,-30,5.0,29,0,0,0,15.857142857142858,-10.857142857142858
2011,CAR,Brandon Hogan,DB,98,70.99,71,60,11,0.0,3,0,0,0,14.627906976744185,-14.627906976744185
2011,SEA,K.J. Wright,LB,99,73.32,52,61,-9,64.0,161,1,0,10,13.227272727272727,50.77272727272727
2011,BUF,Da'Norris Searcy,DB,100,57.85,128,62,66,24.0,109,0,0,3,13.954545454545455,10.045454545454545
2011,CLE,Jordan Cameron,TE,102,74.55,48,63,-15,13.0,66,1,0,4,13.744186046511627,-0.7441860465116275
2011,TB,Luke Stocker,TE,104,72.15,64,64,0,5.0,142,0,0,7,11.071428571428571,-6.071428571428571
2011,WAS,Roy Helu,RB,105,77.65,31,65,-34,13.0,57,0,0,1,11.44186046511628,1.5581395348837201
2011,DEN,Quinton Carter,DB,108,72.91,58,66,-8,5.0,30,0,0,1,11.238095238095237,-6.238095238095237
2011,TEN,Colin McCarthy,LB,109,76.77,33,67,-34,11.0,36,0,0,1,10.930232558139535,0.06976744186046524
2011,MIA,Clyde Gates,WR,111,68.63,86,68,18,3.0,32,0,0,0,11.093023255813954,-8.093023255813954
2011,LA,Greg Salas,WR,112,76.35,37,69,-32,4.0,29,0,0,0,10.976744186046512,-6.976744186046512
2011,LV,Chimdi Chekwa,DB,113,71.08,70,70,0,2.0,35,0,0,0,11.30232558139535,-9.30232558139535
2011,JAX,Cecil Shorts,WR,114,55.44,135,71,64,19.0,70,0,0,4,10.953488372093023,8.046511627906977
2011,SF,Kendall Hunter,RB,115,78.05,30,72,-42,12.0,45,0,0,0,11.166666666666666,0.8333333333333339
2011,PHI,Casey Matthews,LB,116,68.24,87,73,14,10.0,64,0,0,1,11.523809523809524,-1.5238095238095237
2011,KC,Jalil Brown,DB,118,62.2,117,74,43,4.0,47,0,0,0,11.452380952380953,-7.4523809523809526
2011,IND,Delone Carter,RB,119,72.41,62,75,-13,3.0,27,0,0,0,11.476190476190476,-8.476190476190476
2011,BAL,Tandon Doss,WR,123,69.54,82,76,6,4.0,35,0,0,0,13.674418604651162,-9.674418604651162
2011,LV,Taiwan Jones,RB,125,78.67,27,77,-50,3.0,139,0,0,0,13.348837209302326,-10.348837209302326
2011,NYJ,Bilal Powell,RB,126,67.55,90,78,12,26.0,109,0,0,3,12.162790697674419,13.837209302325581
2011,HOU,Roc Carmichael,DB,127,63.79,108,79,29,2.0,19,0,0,0,12.545454545454545,-10.545454545454545
2011,PIT,Cortez Allen,DB,128,70.72,75,80,-5,10.0,56,0,0,0,12.318181818181818,-2.3181818181818183
2011,DEN,Julius Thomas,TE,129,69.83,80,81,-1,21.0,71,2,0,5,12.232558139534884,8.767441860465116
2011,TEN,Jamie Harper,RB,130,58.61,127,82,45,1.0,23,0,0,0,12.69767441860465,-11.69767441860465
2011,GB,Davon House,DB,131,66.81,93,83,10,17.0,87,0,0,2,12.619047619047619,4.380952380952381
2011,CAR,Kealoha Pilares,WR,132,75.23,44,84,-40,1.0,20,0,0,0,11.595238095238095,-10.595238095238095
2011,BUF,Johnny White,RB,133,64.83,100,85,15,0.0,19,0,0,0,11.317073170731707,-11.317073170731707
2011,KC,Ricky Stanzi,QB,135,60.07,125,86,39,,,0,0,0,10.738095238095237,-10.738095238095237
2011,CLE,Buster Skrine,DB,137,56.28,134,87,47,35.0,158,0,0,4,9.627906976744185,25.372093023255815
2011,MIN,Brandon Burton,DB,139,62.26,116,88,28,1.0,19,0,0,0,10.116279069767442,-9.116279069767442
2011,GB,D.J. Williams,TE,141,68.05,88,89,-1,4.0,35,0,0,0,10.44186046511628,-6.44186046511628
2011,DAL,Josh Thomas,DB,143,63.96,106,90,16,7.0,51,0,0,0,10.790697674418604,-3.7906976744186043
2011,HOU,Shiloh Keo,DB,144,67.72,89,91,-2,8.0,56,0,0,1,10.976744186046512,-2.9767441860465116
2011,ATL,Jacquizz Rodgers,RB,145,66.92,92,92,0,24.0,110,0,0,0,10.604651162790697,13.395348837209303
2011,WAS,DeJon Gomes,DB,146,70.62,76,93,-17,5.0,46,0,0,0,11.279069767441861,-6.279069767441861
2011,LV,Denarius Moore,WR,148,64.79,101,94,7,15.0,57,0,0,3,11.761904761904763,3.2380952380952372
2011,PHI,Dion Lewis,RB,149,72.93,57,95,-38,31.0,102,0,0,2,11.414634146341463,19.585365853658537
2011,HOU,T.J. Yates,QB,152,63.49,110,96,14,6.0,22,0,0,0,11.975609756097562,-5.975609756097562
2011,NYJ,Jeremy Kerley,WR,153,62.55,114,97,17,23.0,99,0,0,4,11.560975609756097,11.439024390243903
2011,SEA,Richard Sherman,DB,154,70.91,72,98,-26,97.0,144,5,3,9,9.642857142857142,87.35714285714286
2011,WAS,Niles Paul,WR,155,73.31,53,99,-46,7.0,88,0,0,1,11.534883720930232,-4.534883720930232
2011,DET,Doug Hogue,LB,157,71.79,68,100,-32,2.0,27,0,0,0,11.431818181818182,-9.431818181818182
2011,LA,Jermale Hines,DB,158,52.96,139,101,38,0.0,10,0,0,0,11.674418604651162,-11.674418604651162
2011,NE,Lee Smith,TE,159,63.61,109,102,7,5.0,149,0,0,4,11.214285714285714,-6.2142857142857135
2011,CHI,Nathan Enderle,QB,160,52.98,138,103,35,,,0,0,0,11.560975609756097,-11.560975609756097
2011,BAL,Chykie Brown,DB,164,56.3,133,104,29,5.0,59,0,0,0,11.23076923076923,-6.23076923076923
2011,CAR,Lawrence Wilson,LB,166,63.49,111,105,6,,,0,0,0,11.631578947368421,-11.631578947368421
2011,CIN,Ryan Whalen,WR,167,61.86,120,106,14,0.0,17,0,0,0,11.631578947368421,-11.631578947368421
2011,MIN,Demarcus Love,OL,168,64.2,104,107,-3,,,0,0,0,11.631578947368421,-11.631578947368421
2011,BUF,Chris White,LB,169,71.36,69,108,-39,3.0,51,0,0,0,11.552631578947368,-8.552631578947368
2011,ARI,Quan Sturdivant,LB,171,69.77,81,109,-28,,,0,0,0,11.0,-11.0
2011,SEA,Byron Maxwell,DB,173,65.83,97,110,-13,22.0,83,0,0,3,10.594594594594595,11.405405405405405
2011,MIA,Charles Clay,TE,174,72.63,60,111,-51,29.0,127,0,0,9,10.405405405405405,18.594594594594597
2011,DAL,Dwayne Harris,WR,176,64.45,103,112,-9,12.0,109,1,0,0,10.702702702702704,1.2972972972972965
2011,WAS,Evan Royster,RB,177,64.54,102,113,-11,4.0,32,0,0,0,11.0,-7.0
2011,WAS,Aldrick Robinson,WR,178,70.46,78,114,-36,12.0,82,0,0,0,10.11111111111111,1.8888888888888893
2011,BAL,Tyrod Taylor,QB,180,79.33,22,115,-93,50.0,100,1,0,3,9.17142857142857,40.82857142857143
2011,SF,Ronald Johnson,WR,182,61.56,121,116,5,,,0,0,0,9.588235294117647,-9.588235294117647
2011,LAC,Jordan Todman,RB,183,72.09,66,117,-51,5.0,74,0,0,0,9.441176470588236,-4.4411764705882355
2011,GB,D.J. Smith,LB,186,57.57,129,118,11,5.0,24,0,0,0,9.125,-4.125
2011,TB,Allen Bradford,RB,187,67.32,91,119,-28,1.0,19,0,0,0,6.419354838709677,-5.419354838709677
2011,IND,Chris Rucker,DB,188,63.92,107,120,-13,2.0,15,0,0,0,6.366666666666666,-4.366666666666666
2011,DEN,Mike Mohamed,LB,189,70.78,74,121,-47,4.0,26,0,0,0,6.129032258064516,-2.129032258064516
2011,PHI,Brian Rolle,LB,193,69.03,84,122,-38,6.0,20,0,0,1,6.275862068965517,-0.2758620689655169
2011,CHI,J.T. Thomas,LB,195,65.82,98,123,-25,12.0,62,0,0,2,5.866666666666666,6.133333333333334
2011,GB,Ricky Elmore,DL,197,60.28,124,124,0,,,0,0,0,6.310344827586207,-6.310344827586207
2011,MIN,Ross Homan,LB,200,66.04,96,125,-29,,,0,0,0,6.777777777777778,-6.777777777777778
2011,DEN,Virgil Green,TE,204,74.96,47,126,-79,8.0,137,0,0,5,9.038461538461538,-1.0384615384615383
2011,BUF,Justin Rogers,DB,206,55.03,137,127,10,4.0,39,0,0,0,8.037037037037036,-4.037037037037036
2011,NYJ,Greg McElroy,QB,208,55.06,136,128,8,1.0,2,0,0,0,7.346153846153846,-6.346153846153846
2011,ATL,Andrew Jackson,OL,210,59.35,126,129,-3,,,0,0,0,7.333333333333333,-7.333333333333333
2011,WAS,Brandyn Thompson,DB,213,62.19,118,130,-12,1.0,6,0,0,0,5.136363636363637,-4.136363636363637
2011,NYG,Da'Rel Scott,RB,221,70.82,73,131,-58,1.0,20,0,0,0,5.15,-4.15
2011,WAS,Markus White,DE,224,56.76,131,132,-1,0.0,5,0,0,0,5.2631578947368425,-5.2631578947368425
2011,BAL,Anthony Allen,RB,225,75.38,43,133,-90,1.0,21,0,0,0,5.2105263157894735,-4.2105263157894735
2011,NO,Greg Romeus,DL,226,62.91,112,134,-22,,,0,0,0,5.222222222222222,-5.222222222222222
2011,GB,Lawrence Guy,DT,233,62.16,119,135,-16,63.0,181,0,0,7,1.2666666666666666,61.733333333333334
2011,MIN,Stephen Burton,WR,236,61.08,122,136,-14,0.0,19,0,0,0,5.466666666666667,-5.466666666666667
2011,PHI,Greg Lloyd,LB,237,56.4,132,137,-5,0.0,2,0,0,0,5.285714285714286,-5.285714285714286
2011,TB,Daniel Hardy,TE,238,57.0,130,138,-8,,,0,0,0,5.285714285714286,-5.285714285714286
2011,DEN,Jeremy Beal,DL,247,61.06,123,139,-16,,,0,0,0,6.8,-6.8
2011,CLE,Eric Hagg,DB,248,62.34,115,140,-25,3.0,22,0,0,0,6.5,-3.5
2011,ARI,DeMarco Sampson,WR,249,63.97,105,141,-36,0.0,12,0,0,0,6.8,-6.8
2012,IND,Andrew Luck,QB,1,93.45,2,1,1,72.0,86,4,0,5,40.31818181818182,31.68181818181818
2012,WAS,Robert Griffin III,QB,2,96.81,1,2,-1,36.0,56,1,0,3,41.21739130434783,-5.217391304347828
2012,JAX,Justin Blackmon,WR,5,89.63,7,3,4,9.0,20,0,0,1,43.92,-34.92
2012,MIA,Ryan Tannehill,QB,8,80.39,25,4,21,91.0,155,1,0,10,40.64,50.36
2012,KC,Dontari Poe,DT,11,80.93,21,5,16,55.0,128,2,0,8,40.61538461538461,14.384615384615387
2012,PHI,Fletcher Cox,DT,12,92.62,3,6,-3,95.0,188,6,1,12,38.629629629629626,56.370370370370374
2012,ARI,Michael Floyd,WR,13,85.53,11,7,4,28.0,102,0,0,3,41.357142857142854,-13.357142857142854
2012,LA,Michael Brockers,DT,14,78.1,33,8,25,58.0,160,0,0,10,40.285714285714285,17.714285714285715
2012,SEA,Bruce Irvin,DE,15,87.2,10,9,1,42.0,140,0,0,6,40.857142857142854,1.142857142857146
2012,NYJ,Quinton Coples,DE,16,76.48,38,10,28,17.0,62,0,0,2,41.75,-24.75
2012,LAC,Melvin Ingram,DE,18,85.12,13,11,2,57.0,148,3,0,6,38.4,18.6
2012,CHI,Shea McClellin,DE,19,75.5,48,12,36,17.0,66,0,0,3,38.58064516129032,-21.58064516129032
2012,TEN,Kendall Wright,WR,20,80.63,22,13,9,28.0,82,0,0,3,38.225806451612904,-10.225806451612904
2012,NE,Chandler Jones,DE,21,79.67,30,14,16,77.0,154,4,2,10,35.59375,41.40625
2012,CLE,Brandon Weeden,QB,22,70.03,85,15,70,13.0,35,0,0,1,36.54545454545455,-23.545454545454547
2012,PIT,David DeCastro,G,24,87.32,9,16,-7,69.0,125,6,2,8,34.294117647058826,34.705882352941174
2012,HOU,Whitney Mercilus,DE,26,84.6,14,17,-3,49.0,138,0,0,8,34.285714285714285,14.714285714285715
2012,CIN,Kevin Zeitler,G,27,85.41,12,18,-6,67.0,214,1,0,14,33.44444444444444,33.55555555555556
2012,GB,Nick Perry,DE,28,83.79,16,19,-3,22.0,81,0,0,3,35.027027027027025,-13.027027027027025
2012,SF,A.J. Jenkins,WR,30,78.02,34,20,14,2.0,28,0,0,0,35.07692307692308,-33.07692307692308
2012,TB,Doug Martin,RB,31,80.07,26,21,5,39.0,84,2,1,7,33.8,5.200000000000003
2012,NYG,David Wilson,RB,32,84.56,15,22,-7,5.0,21,0,0,0,34.09756097560975,-29.097560975609753
2012,LA,Brian Quick,WR,33,75.77,45,23,22,11.0,84,0,0,0,33.951219512195124,-22.951219512195124
2012,IND,Coby Fleener,TE,34,91.55,4,24,-20,25.0,87,0,0,4,32.65,-7.649999999999999
2012,DEN,Derek Wolfe,DT,36,90.88,5,25,-20,48.0,122,0,0,9,30.878048780487806,17.121951219512194
2012,CLE,Mitchell Schwartz,T,37,70.63,80,26,54,75.0,134,0,1,8,30.21951219512195,44.78048780487805
2012,NYJ,Stephen Hill,WR,43,79.77,29,27,2,4.0,23,0,0,2,32.833333333333336,-28.833333333333336
2012,KC,Jeff Allen,T,44,74.91,52,28,24,27.0,84,0,0,4,31.73170731707317,-4.73170731707317
2012,CHI,Alshon Jeffery,WR,45,82.91,17,29,-12,48.0,109,1,0,8,29.625,18.375
2012,LAC,Kendall Reyes,DT,49,82.59,19,30,-11,22.0,76,0,0,3,28.94736842105263,-6.94736842105263
2012,LA,Isaiah Pead,RB,50,75.97,42,31,11,1.0,30,0,0,0,28.897435897435898,-27.897435897435898
2012,GB,Jerel Worthy,DT,51,75.26,49,32,17,4.0,40,0,0,0,28.41025641025641,-24.41025641025641
2012,CIN,Devon Still,DT,53,77.55,36,33,3,3.0,33,0,0,0,28.263157894736842,-25.263157894736842
2012,DET,Ryan Broyles,WR,54,78.22,32,34,-2,3.0,21,0,0,0,26.57894736842105,-23.57894736842105
2012,ATL,Peter Konz,C,55,76.34,39,35,4,16.0,39,0,0,2,26.157894736842106,-10.157894736842106
2012,DEN,Brock Osweiler,QB,57,72.98,60,36,24,14.0,49,0,0,1,25.974358974358974,-11.974358974358974
2012,PHI,Vinny Curry,DE,59,75.25,50,37,13,22.0,134,0,0,1,24.15,-2.1499999999999986
2012,BAL,Kelechi Osemele,T,60,79.78,28,38,-10,47.0,101,2,1,6,23.65,23.35
2012,SF,LaMichael James,RB,61,90.21,6,39,-33,2.0,18,0,0,0,24.4,-22.4
2012,GB,Casey Hayward,DB,62,79.59,31,40,-9,50.0,152,2,0,7,23.2,26.8
2012,NYG,Rueben Randle,WR,63,72.92,61,41,20,21.0,64,0,0,2,24.487179487179485,-3.4871794871794854
2012,IND,Dwayne Allen,TE,64,71.33,70,42,28,12.0,86,0,0,4,24.025641025641026,-12.025641025641026
2012,DEN,Ronnie Hillman,RB,67,79.9,27,43,-16,17.0,56,0,0,1,26.07894736842105,-9.078947368421051
2012,HOU,DeVier Posey,WR,68,70.97,74,44,30,2.0,26,0,0,0,26.435897435897434,-24.435897435897434
2012,WAS,Josh LeRibeus,G,71,74.36,54,45,9,11.0,50,0,0,1,25.82051282051282,-14.820512820512821
2012,KC,Donald Stephenson,T,74,75.96,43,46,-3,18.0,80,0,0,1,24.78048780487805,-6.7804878048780495
2012,SEA,Russell Wilson,QB,75,81.92,20,47,-27,140.0,205,10,0,12,21.285714285714285,118.71428571428572
2012,MIA,Michael Egnew,TE,78,80.56,23,48,-25,0.0,18,0,0,0,23.634146341463413,-23.634146341463413
2012,DAL,Tyrone Crawford,DE,81,70.68,79,49,30,34.0,112,0,0,5,23.333333333333332,10.666666666666668
2012,TEN,Mike Martin,DT,82,88.47,8,50,-42,6.0,46,0,0,0,23.88095238095238,-17.88095238095238
2012,CIN,Mohamed Sanu,WR,83,72.26,65,51,14,41.0,136,0,0,5,23.585365853658537,17.414634146341463
2012,BAL,Bernard Pierce,RB,84,76.76,37,52,-15,10.0,52,0,0,0,24.29268292682927,-14.292682926829269
2012,PIT,Sean Spence,LB,86,73.47,57,53,4,13.0,53,0,0,1,24.642857142857142,-11.642857142857142
2012,CLE,John Hughes,DT,87,74.3,56,54,2,10.0,66,0,0,0,25.24390243902439,-15.243902439024389
2012,PHI,Nick Foles,QB,88,67.01,100,55,45,32.0,71,1,0,3,24.925,7.074999999999999
2012,NO,Akiem Hicks,DE,89,70.72,78,56,22,54.0,149,1,0,7,23.951219512195124,30.048780487804876
2012,NE,Jake Bequette,DE,90,75.72,46,57,-11,0.0,8,0,0,0,25.0,-25.0
2012,ATL,Lamar Holmes,T,91,69.25,88,58,30,10.0,21,0,0,1,24.75609756097561,-14.756097560975611
2012,IND,T.Y. Hilton,WR,92,74.31,55,59,-4,72.0,146,4,0,8,23.275,48.725
2012,CIN,Brandon Thompson,DT,93,72.99,59,60,-1,7.0,39,0,0,0,24.333333333333332,-17.333333333333332
2012,LA,Chris Givens,WR,96,74.71,53,61,-8,12.0,60,0,0,2,24.194444444444443,-12.194444444444443
2012,MIA,Lamar Miller,RB,97,75.67,47,62,-15,42.0,106,1,0,6,23.685714285714287,18.314285714285713
2012,HOU,Ben Jones,C,99,70.93,75,63,12,58.0,172,1,0,10,23.228571428571428,34.77142857142857
2012,CLE,Travis Benjamin,WR,100,71.1,73,64,9,25.0,111,0,0,2,24.857142857142858,0.14285714285714235
2012,WAS,Kirk Cousins,QB,102,68.51,92,65,27,102.0,174,4,0,9,22.6,79.4
2012,CAR,Frank Alexander,DE,103,72.36,63,66,-3,6.0,29,0,0,0,25.34285714285714,-19.34285714285714
2012,CAR,Joe Adams,WR,104,65.94,107,67,40,0.0,9,0,0,0,25.941176470588236,-25.941176470588236
2012,SEA,Robert Turbin,RB,106,73.15,58,68,-10,16.0,82,0,0,0,26.02857142857143,-10.028571428571428
2012,KC,Devon Wylie,WR,107,71.33,71,69,2,0.0,8,0,0,0,26.735294117647058,-26.735294117647058
2012,PIT,Alameda Ta'amu,DT,109,67.19,99,70,29,3.0,21,0,0,0,22.558823529411764,-19.558823529411764
2012,LAC,Ladarius Green,TE,110,76.21,40,71,-31,11.0,53,0,0,2,22.323529411764707,-11.323529411764707
2012,ARI,Bobby Massie,T,112,69.18,89,72,17,45.0,131,0,0,9,21.96969696969697,23.03030303030303
2012,SEA,Jaye Howard,DT,114,82.71,18,73,-55,17.0,45,0,0,2,22.46875,-5.46875
2012,CIN,Orson Charles,TE,116,71.34,69,74,-5,2.0,49,0,0,0,22.9,-20.9
2012,SF,Joe Looney,G,117,69.71,86,75,11,21.0,104,0,0,2,22.4,-1.3999999999999986
2012,MIN,Jarius Wright,WR,118,74.97,51,76,-25,24.0,111,0,0,1,22.3,1.6999999999999993
2012,HOU,Keshawn Martin,WR,121,70.08,84,77,7,7.0,58,0,0,1,22.535714285714285,-15.535714285714285
2012,NO,Nick Toon,WR,122,72.44,62,78,-16,3.0,17,0,0,0,21.51851851851852,-18.51851851851852
2012,GB,Mike Daniels,DT,132,80.43,24,79,-55,41.0,124,1,0,6,14.72,26.28
2012,MIN,Greg Childs,WR,134,70.61,81,80,1,,,0,0,0,17.48,-17.48
2012,DEN,Malik Jackson,DT,137,75.82,44,81,-37,45.0,142,1,0,5,12.391304347826088,32.608695652173914
2012,WAS,Adam Gettis,G,141,71.73,68,82,-14,1.0,17,0,0,0,15.391304347826088,-14.391304347826088
2012,LAC,Johnnie Troutman,G,149,62.38,114,83,31,14.0,29,0,0,2,12.952380952380953,1.0476190476190474
2012,DAL,Danny Coale,WR,152,65.95,106,84,22,,,0,0,0,11.523809523809524,-11.523809523809524
2012,MIA,Josh Kaddu,LB,155,65.07,110,85,25,0.0,6,0,0,0,11.0,-11.0
2012,LV,Jack Crawford,DE,158,69.0,91,86,5,18.0,109,0,0,3,10.142857142857142,7.857142857142858
2012,PIT,Chris Rainey,RB,159,76.06,41,87,-46,1.0,18,0,0,0,10.681818181818182,-9.681818181818182
2012,CLE,Ryan Miller,G,160,66.45,104,88,16,1.0,8,0,0,0,10.681818181818182,-9.681818181818182
2012,ATL,Jonathan Massaquoi,DE,164,70.38,83,89,-6,6.0,39,0,0,0,10.5,-4.5
2012,CIN,Marvin Jones,WR,166,70.43,82,90,-8,53.0,151,0,0,8,6.833333333333333,46.166666666666664
2012,LV,Juron Criner,WR,168,69.11,90,91,-1,1.0,13,0,0,0,9.391304347826088,-8.391304347826088
2012,IND,Vick Ballard,RB,170,71.24,72,92,-20,5.0,17,0,0,1,7.083333333333333,-2.083333333333333
2012,WAS,Alfred Morris,RB,173,63.77,111,93,18,36.0,114,2,0,4,6.16,29.84
2012,BUF,Mark Asper,G,178,66.36,105,94,11,0.0,7,0,0,0,7.68,-7.68
2012,NO,Andrew Tiller,G,179,60.89,117,95,22,6.0,28,0,0,0,7.230769230769231,-1.2307692307692308
2012,SEA,Winston Guy,DB,181,66.88,101,96,5,3.0,34,0,0,0,7.346153846153846,-4.346153846153846
2012,KC,Cyrus Gray,RB,182,65.56,108,97,11,1.0,35,0,0,0,7.16,-6.16
2012,MIA,B.J. Cunningham,WR,183,66.52,103,98,5,0.0,2,0,0,0,6.961538461538462,-6.961538461538462
2012,ARI,Ryan Lindley,QB,185,61.84,115,99,16,-4.0,10,0,0,0,7.4,-11.4
2012,DAL,James Hanna,TE,186,77.7,35,100,-65,3.0,78,0,0,4,7.12,-4.12
2012,CIN,Dan Herron,RB,191,65.18,109,101,8,5.0,35,0,0,0,6.44,-1.4400000000000004
2012,WAS,Tom Compton,T,193,70.93,76,102,-26,22.0,124,0,0,2,6.173913043478261,15.826086956521738
2012,PHI,Marvin McNutt,WR,194,72.18,66,103,-37,0.0,5,0,0,0,6.958333333333333,-6.958333333333333
2012,BAL,Tommy Streeter,WR,198,69.52,87,104,-17,0.0,2,0,0,0,7.625,-7.625
2012,NYG,Matt McCants,T,201,59.15,119,105,14,3.0,30,0,0,0,5.478260869565218,-2.4782608695652177
2012,NYJ,Terrance Ganaway,RB,202,67.79,96,106,-10,0.0,3,0,0,0,5.608695652173913,-5.608695652173913
2012,CLE,Billy Winn,DT,205,71.82,67,107,-40,15.0,74,0,0,2,4.956521739130435,10.043478260869566
2012,IND,LaVon Brazill,WR,206,68.44,93,108,-15,3.0,25,0,0,0,4.0,-1.0
2012,TEN,Scott Solomon,DE,211,68.33,94,109,-15,2.0,24,0,0,0,4.0,-2.0
2012,MIA,Kheeston Randall,DT,215,56.53,122,110,12,1.0,12,0,0,0,3.9565217391304346,-2.9565217391304346
2012,MIN,Trevor Guyton,DE,219,68.12,95,111,-16,,,0,0,0,6.695652173913044,-6.695652173913044
2012,ARI,Nate Potter,T,221,59.4,118,112,6,3.0,21,0,0,0,6.291666666666667,-3.291666666666667
2012,LAC,David Molk,C,226,62.64,113,113,0,3.0,20,0,0,0,5.636363636363637,-2.6363636363636367
2012,MIA,Rishard Matthews,WR,227,66.69,102,114,-12,22.0,87,0,0,4,5.0,17.0
2012,TB,Drake Dunsmore,TE,233,67.41,97,115,-18,,,0,0,0,6.35,-6.35
2012,SF,Cam Johnson,DE,237,61.33,116,116,0,5.0,28,0,0,1,6.611111111111111,-1.6111111111111107
2012,KC,Junior Hemingway,WR,238,67.22,98,117,-19,2.0,31,0,0,0,6.294117647058823,-4.294117647058823
2012,NYG,Markus Kuhn,DT,239,72.34,64,118,-54,6.0,39,0,0,0,6.25,-0.25
2012,PIT,David Paulson,TE,240,56.21,123,119,4,1.0,32,0,0,0,6.5625,-5.5625
2012,GB,B.J. Coleman,QB,243,53.71,125,120,5,,,0,0,0,6.625,-6.625
2012,NYJ,Jordan White,WR,244,70.79,77,121,-44,0.0,3,0,0,0,6.933333333333334,-6.933333333333334
2012,PIT,Kelvin Beachum,T,248,57.34,121,122,-1,59.0,196,0,0,11,3.142857142857143,55.857142857142854
2012,ATL,Travian Robertson,DT,249,59.14,120,123,-3,1.0,13,0,0,0,7.285714285714286,-6.285714285714286
2012,LAC,Edwin Baker,RB,250,55.7,124,124,0,1.0,6,0,0,0,7.285714285714286,-6.285714285714286
2012,IND,Chandler Harnish,QB,253,63.24,112,125,-13,,,0,0,0,7.923076923076923,-7.923076923076923
2013,MIA,Dion Jordan,DE,3,75.14,32,1,31,9.0,63,0,0,0,34.46666666666667,-25.46666666666667
2013,DET,Ezekiel Ansah,DE,5,84.43,3,2,1,39.0,93,1,0,5,33.0625,5.9375
2013,LA,Tavon Austin,WR,8,84.82,2,3,-1,26.0,113,0,0,4,33.666666666666664,-7.666666666666664
2013,NYJ,Sheldon Richardson,DT,13,88.39,1,4,-3,61.0,138,1,0,8,33.55,27.450000000000003
2013,CAR,Star Lotulelei,DT,14,72.86,51,5,46,48.0,119,0,0,7,34.2,13.799999999999997
2013,BUF,EJ Manuel,QB,16,78.81,15,6,9,10.0,30,0,0,1,35.68181818181818,-25.68181818181818
2013,CIN,Tyler Eifert,TE,21,84.28,4,7,-3,19.0,74,1,0,2,35.166666666666664,-16.166666666666664
2013,MIN,Sharrif Floyd,DT,23,79.27,13,8,5,13.0,44,0,0,2,34.56,-21.560000000000002
2013,IND,Bjoern Werner,DE,24,72.97,50,9,41,10.0,38,0,0,1,34.68,-24.68
2013,GB,Datone Jones,DE,26,82.36,7,10,-3,10.0,68,0,0,0,33.61538461538461,-23.615384615384613
2013,HOU,DeAndre Hopkins,WR,27,84.0,5,11,-6,84.0,195,5,3,10,29.85185185185185,54.14814814814815
2013,DEN,Sylvester Williams,DT,28,75.8,28,12,16,29.0,102,0,0,4,31.88888888888889,-2.8888888888888893
2013,MIN,Cordarrelle Patterson,WR,29,78.36,17,13,4,42.0,183,4,4,4,31.571428571428573,10.428571428571427
2013,DAL,Travis Frederick,C,31,76.92,20,14,6,60.0,96,5,1,6,32.3,27.700000000000003
2013,TEN,Justin Hunter,WR,34,79.21,14,15,-1,9.0,60,0,0,1,34.0,-25.0
2013,PHI,Zach Ertz,TE,35,78.77,16,16,0,57.0,181,3,0,9,32.25806451612903,24.741935483870968
2013,CIN,Giovani Bernard,RB,37,81.39,8,17,-9,42.0,135,0,0,2,33.53333333333333,8.466666666666669
2013,NYJ,Geno Smith,QB,39,80.29,10,18,-8,57.0,109,2,0,6,32.827586206896555,24.172413793103445
2013,SF,Tank Carradine,DE,40,73.64,41,19,22,7.0,46,0,0,0,34.55172413793103,-27.551724137931032
2013,BUF,Robert Woods,WR,41,76.62,23,20,3,59.0,171,0,0,10,32.172413793103445,26.827586206896555
2013,CAR,Kawann Short,DT,44,73.93,40,21,19,41.0,99,2,0,5,34.12903225806452,6.87096774193548
2013,DAL,Gavin Escobar,TE,47,76.82,22,22,0,2.0,64,0,0,0,33.064516129032256,-31.064516129032256
2013,PIT,Le'Veon Bell,RB,48,75.91,26,23,3,61.0,96,3,2,5,31.161290322580644,29.838709677419356
2013,NYG,Johnathan Hankins,DT,49,75.08,34,24,10,50.0,169,0,0,10,31.35483870967742,18.64516129032258
2013,CIN,Margus Hunt,DE,53,80.4,9,25,-16,18.0,114,0,0,1,32.15151515151515,-14.151515151515149
2013,SF,Vance McDonald,TE,55,80.04,12,26,-14,14.0,101,0,0,6,31.87878787878788,-17.87878787878788
2013,DEN,Montee Ball,RB,58,80.17,11,27,-16,7.0,21,0,0,0,32.5,-25.5
2013,NE,Aaron Dobson,WR,59,73.28,45,28,17,6.0,24,0,0,1,33.25806451612903,-27.258064516129032
2013,GB,Eddie Lacy,RB,61,75.25,31,29,2,36.0,60,1,0,3,29.833333333333332,6.166666666666668
2013,SEA,Christine Michael,RB,62,74.63,36,30,6,9.0,38,0,0,1,31.066666666666666,-22.066666666666666
2013,KC,Travis Kelce,TE,63,82.68,6,31,-25,94.0,192,11,4,12,27.322580645161292,66.6774193548387
2013,PHI,Bennie Logan,DT,67,75.88,27,32,-5,28.0,89,0,0,5,27.70967741935484,0.29032258064516014
2013,TB,Mike Glennon,QB,73,65.2,86,33,53,9.0,40,0,0,1,25.0,-16.0
2013,DAL,Terrance Williams,WR,74,73.44,43,34,9,27.0,83,0,0,4,22.774193548387096,4.225806451612904
2013,LAC,Keenan Allen,WR,76,72.58,52,35,17,80.0,171,6,0,11,20.84375,59.15625
2013,BUF,Marquise Goodwin,WR,78,74.28,39,36,3,24.0,114,0,0,3,21.3125,2.6875
2013,PIT,Markus Wheaton,WR,79,75.29,30,37,-7,13.0,59,0,0,2,21.65625,-8.65625
2013,NYG,Damontre Moore,DE,81,71.14,57,38,19,5.0,66,0,0,0,20.580645161290324,-15.580645161290324
2013,NO,John Jenkins,DT,82,66.3,82,39,43,32.0,167,0,0,4,18.7,13.3
2013,WAS,Jordan Reed,TE,85,70.93,59,40,19,25.0,75,1,0,3,18.451612903225808,6.548387096774192
2013,SEA,Jordan Hill,DT,87,70.46,62,41,21,6.0,31,0,0,0,19.1,-13.100000000000001
2013,SF,Corey Lemonier,DE,88,74.52,37,42,-5,4.0,51,0,0,0,19.344827586206897,-15.344827586206897
2013,LA,Stedman Bailey,WR,92,76.31,24,43,-19,7.0,38,0,0,0,18.3,-11.3
2013,BAL,Brandon Williams,DT,94,67.56,79,44,35,52.0,128,1,0,8,16.387096774193548,35.61290322580645
2013,HOU,Sam Montgomery,DE,95,71.03,58,45,13,,,0,0,0,17.93548387096774,-17.93548387096774
2013,KC,Knile Davis,RB,96,73.13,46,46,0,10.0,57,0,0,0,14.774193548387096,-4.774193548387096
2013,PHI,Matt Barkley,QB,98,68.23,76,47,29,5.0,20,0,0,1,15.53125,-10.53125
2013,TB,Akeem Spence,DT,100,76.06,25,48,-23,27.0,117,0,0,4,13.909090909090908,13.090909090909092
2013,JAX,Ace Sanders,WR,101,64.4,96,49,47,3.0,27,0,0,0,14.441176470588236,-11.441176470588236
2013,NE,Josh Boyce,WR,102,75.57,29,50,-21,1.0,10,0,0,0,14.5,-13.5
2013,ARI,Alex Okafor,DE,103,65.86,85,51,34,29.0,106,0,0,5,13.514285714285714,15.485714285714286
2013,MIA,Dion Sims,TE,106,71.37,55,52,3,8.0,78,0,0,2,13.857142857142858,-5.857142857142858
2013,TEN,Brian Schwenke,C,107,75.14,33,53,-20,14.0,60,0,0,2,12.971428571428572,1.0285714285714285
2013,NYG,Ryan Nassib,QB,110,67.66,78,54,24,0.0,5,0,0,0,10.88888888888889,-10.88888888888889
2013,LV,Tyler Wilson,QB,112,60.83,107,55,52,,,0,0,0,11.142857142857142,-11.142857142857142
2013,PIT,Landry Jones,QB,115,65.94,84,56,28,4.0,18,0,0,0,10.294117647058824,-6.294117647058824
2013,IND,Khaled Holmes,C,121,69.46,67,57,10,4.0,17,0,0,0,9.818181818181818,-5.818181818181818
2013,SEA,Chris Harper,WR,123,68.52,72,58,14,0.0,4,0,0,0,10.235294117647058,-10.235294117647058
2013,HOU,Trevardo Williams,DE,124,72.99,48,59,-11,0.0,3,0,0,0,10.235294117647058,-10.235294117647058
2013,GB,Johnathan Franklin,RB,125,76.88,21,60,-39,1.0,11,0,0,0,10.441176470588236,-9.441176470588236
2013,TB,William Gholston,DE,126,64.41,95,61,34,39.0,186,0,0,7,9.323529411764707,29.676470588235293
2013,ATL,Malliciah Goodman,DE,127,65.13,87,62,25,5.0,37,0,0,1,9.06060606060606,-4.0606060606060606
2013,SF,Quinton Patton,WR,128,73.53,42,63,-21,6.0,40,0,0,1,9.363636363636363,-3.3636363636363633
2013,BAL,John Simon,DE,129,68.54,71,64,7,34.0,100,0,0,4,8.272727272727273,25.727272727272727
2013,SF,Marcus Lattimore,RB,131,72.98,49,65,-16,,,0,0,0,9.151515151515152,-9.151515151515152
2013,DET,Devin Taylor,DE,132,71.72,53,66,-13,12.0,63,0,0,1,8.852941176470589,3.1470588235294112
2013,ATL,Levine Toilolo,TE,133,68.47,73,67,6,8.0,124,0,0,5,8.424242424242424,-0.42424242424242387
2013,JAX,Denard Robinson,WR,135,71.57,54,68,-14,8.0,55,0,0,1,8.838709677419354,-0.8387096774193541
2013,SEA,Jesse Williams,DT,137,68.47,74,69,5,,,0,0,0,8.433333333333334,-8.433333333333334
2013,IND,Montori Hughes,DT,139,65.13,88,70,18,2.0,25,0,0,0,8.2,-6.199999999999999
2013,ARI,Stepfan Taylor,RB,140,64.72,93,71,22,3.0,61,0,0,0,7.7,-4.7
2013,TEN,Lavar Edwards,DE,142,67.51,81,72,9,1.0,25,0,0,0,7.516129032258065,-6.516129032258065
2013,NO,Kenny Stills,WR,144,75.01,35,73,-38,35.0,130,0,0,5,6.633333333333334,28.366666666666667
2013,DEN,Quanterus Smith,DE,146,62.77,102,74,28,1.0,15,0,0,0,8.03448275862069,-7.03448275862069
2013,DAL,Joseph Randle,RB,151,74.3,38,75,-37,7.0,35,0,0,0,7.733333333333333,-0.7333333333333334
2013,ATL,Stansly Maponga,DE,153,69.79,66,76,-10,2.0,26,0,0,0,7.967741935483871,-5.967741935483871
2013,WAS,Chris Thompson,RB,154,73.09,47,77,-30,20.0,74,0,0,0,7.5,12.5
2013,SF,Quinton Dial,DE,157,65.96,83,78,5,15.0,59,0,0,2,8.333333333333334,6.666666666666666
2013,LA,Zac Stacy,RB,160,71.37,56,79,-23,11.0,35,0,0,1,8.214285714285714,2.7857142857142865
2013,DEN,Tavarres King,WR,161,69.07,70,80,-10,2.0,17,0,0,0,8.62962962962963,-6.62962962962963
2013,WAS,Brandon Jenkins,DE,162,64.76,92,81,11,0.0,5,0,0,0,7.730769230769231,-7.730769230769231
2013,MIA,Mike Gillislee,RB,164,61.45,106,82,24,11.0,36,0,0,0,7.3076923076923075,3.6923076923076925
2013,DET,Corey Fuller,WR,171,64.84,91,83,8,3.0,28,0,0,0,8.076923076923077,-5.076923076923077
2013,LV,Nick Kasa,TE,172,69.32,68,84,-16,0.0,16,0,0,0,8.44,-8.44
2013,ARI,Ryan Swope,WR,174,77.06,19,85,-66,,,0,0,0,8.96,-8.96
2013,LAC,Tourek Williams,DE,179,57.57,111,86,25,5.0,44,0,0,0,8.272727272727273,-3.2727272727272734
2013,CAR,Kenjon Barner,RB,182,78.03,18,87,-69,4.0,76,0,0,0,7.956521739130435,-3.9565217391304346
2013,LV,Mychal Rivera,TE,184,63.32,97,88,9,10.0,61,0,0,1,7.7272727272727275,2.2727272727272725
2013,ARI,Andre Ellington,RB,187,64.94,90,89,1,18.0,65,0,0,1,6.590909090909091,11.40909090909091
2013,TB,Mike James,RB,189,59.94,109,90,19,2.0,23,0,0,0,7.0,-5.0
2013,CIN,Rex Burkhead,RB,190,68.28,75,91,-16,21.0,115,0,0,0,5.565217391304348,15.434782608695652
2013,HOU,Alan Bonner,WR,195,60.71,108,92,16,,,0,0,0,7.2727272727272725,-7.2727272727272725
2013,CIN,Cobi Hamilton,WR,197,62.99,99,93,6,2.0,14,0,0,1,6.391304347826087,-4.391304347826087
2013,HOU,Chris Jones,DT,198,67.56,80,94,-14,14.0,41,0,0,0,5.875,8.125
2013,DET,Theo Riddick,RB,199,63.22,98,95,3,24.0,88,0,0,1,5.28,18.72
2013,BAL,Kapron Lewis-Moore,DE,200,70.17,65,96,-31,0.0,5,0,0,0,6.24,-6.24
2013,LV,Stacy McGee,DT,205,62.89,100,97,3,16.0,81,0,0,2,5.846153846153846,10.153846153846153
2013,PHI,Joe Kruger,DE,212,62.32,104,98,6,,,0,0,0,6.269230769230769,-6.269230769230769
2013,CLE,Armonty Bryant,DE,217,57.55,112,99,13,5.0,36,0,0,0,5.76,-0.7599999999999998
2013,ARI,D.C. Jefferson,TE,219,61.7,105,100,5,0.0,4,0,0,0,5.923076923076923,-5.923076923076923
2013,LAC,Brad Sorensen,QB,221,57.29,113,101,12,,,0,0,0,5.44,-5.44
2013,BUF,Chris Gragg,TE,222,70.44,63,102,-39,1.0,32,0,0,0,5.32,-4.32
2013,PIT,Nick Williams,DT,223,70.59,61,103,-42,22.0,97,0,0,1,3.7916666666666665,18.208333333333332
2013,NE,Michael Buchanan,DE,226,59.78,110,104,6,2.0,18,0,0,0,4.625,-2.625
2013,WAS,Jawan Jamison,RB,228,65.01,89,105,-16,,,0,0,0,4.913043478260869,-4.913043478260869
2013,MIN,Everett Dawkins,DT,229,53.79,116,106,10,0.0,1,0,0,0,4.913043478260869,-4.913043478260869
2013,IND,Kerwynn Williams,RB,230,73.34,44,107,-63,6.0,40,0,0,0,4.7727272727272725,1.2272727272727275
2013,SEA,Ty Powell,DE,231,69.1,69,108,-39,1.0,19,0,0,0,4.571428571428571,-3.571428571428571
2013,LV,David Bass,DE,233,54.46,115,109,6,9.0,64,0,0,0,3.3684210526315788,5.631578947368421
2013,DEN,Zac Dysert,QB,234,68.17,77,110,-33,,,0,0,0,3.8421052631578947,-3.8421052631578947
2013,CHI,Marquess Wilson,WR,236,70.76,60,111,-51,6.0,31,0,0,0,3.526315789473684,2.473684210526316
2013,BAL,Aaron Mellette,WR,238,62.85,101,112,-11,,,0,0,0,3.1666666666666665,-3.1666666666666665
2013,SEA,Jared Smith,DT,241,70.3,64,113,-49,,,0,0,0,3.1666666666666665,-3.1666666666666665
2013,ATL,Sean Renfree,QB,249,57.02,114,114,0,0.0,2,0,0,0,3.3529411764705883,-3.3529411764705883
2013,CIN,T.J. Johnson,C,251,62.51,103,115,-12,5.0,45,0,0,0,2.9375,2.0625
2013,IND,Justice Cunningham,TE,254,64.42,94,116,-22,0.0,3,0,0,0,3.7142857142857144,-3.7142857142857144
2014,HOU,Jadeveon Clowney,DE,1,89.22,4,1,3,63.0,153,3,0,10,48.45454545454545,14.545454545454547
2014,JAX,Blake Bortles,QB,3,80.35,17,2,15,44.0,78,0,0,5,52.5,-8.5
2014,BUF,Sammy Watkins,WR,4,90.6,3,3,0,43.0,111,0,0,6,55.69230769230769,-12.692307692307693
2014,TB,Mike Evans,WR,7,87.4,6,4,2,80.0,176,6,0,11,45.0625,34.9375
2014,DET,Eric Ebron,TE,10,86.05,8,5,3,29.0,106,1,0,4,46.76470588235294,-17.764705882352942
2014,NYG,Odell Beckham Jr.,WR,12,84.99,10,6,4,59.0,119,3,0,6,45.0,14.0
2014,LA,Aaron Donald,DT,13,98.12,1,7,-6,123.0,154,10,8,10,39.72222222222222,83.27777777777777
2014,NO,Brandin Cooks,WR,20,91.52,2,8,-6,73.0,173,0,0,10,36.81818181818182,36.18181818181818
2014,CLE,Johnny Manziel,QB,22,79.53,21,9,12,4.0,14,0,0,0,40.708333333333336,-36.708333333333336
2014,CAR,Kelvin Benjamin,WR,28,78.58,25,10,15,22.0,61,0,0,4,36.785714285714285,-14.785714285714285
2014,NE,Dominique Easley,DT,29,66.8,78,11,67,7.0,41,0,0,0,37.689655172413794,-30.689655172413794
2014,MIN,Teddy Bridgewater,QB,32,80.59,16,12,4,49.0,83,1,0,4,37.225806451612904,11.774193548387096
2014,DAL,DeMarcus Lawrence,DE,34,78.33,27,13,14,78.0,157,5,0,8,34.45161290322581,43.54838709677419
2014,LV,Derek Carr,QB,36,79.58,20,14,6,93.0,169,4,0,11,33.63333333333333,59.36666666666667
2014,ATL,Ra'Shede Hageman,DT,37,80.77,15,15,0,8.0,44,0,0,1,35.46666666666667,-27.46666666666667
2014,TB,Austin Seferian-Jenkins,TE,38,79.97,19,16,3,9.0,43,0,0,2,34.645161290322584,-25.645161290322584
2014,JAX,Marqise Lee,WR,39,82.39,13,17,-4,17.0,59,0,0,2,34.38709677419355,-17.38709677419355
2014,PHI,Jordan Matthews,WR,42,80.97,14,18,-4,23.0,81,0,0,3,30.84375,-7.84375
2014,SEA,Paul Richardson,WR,45,77.09,29,19,10,14.0,64,0,0,3,29.34375,-15.34375
2014,PIT,Stephon Tuitt,DE,46,83.95,11,20,-9,38.0,91,0,0,6,25.548387096774192,12.451612903225808
2014,NYJ,Jace Amaro,TE,49,83.35,12,21,-9,4.0,17,0,0,0,26.64516129032258,-22.64516129032258
2014,CHI,Ego Ferguson,DT,51,73.66,41,22,19,2.0,20,0,0,0,26.125,-24.125
2014,ARI,Troy Niklas,TE,52,74.64,38,23,15,1.0,41,0,0,1,25.727272727272727,-24.727272727272727
2014,GB,Davante Adams,WR,53,87.86,5,24,-19,92.0,178,6,3,11,20.848484848484848,71.15151515151516
2014,TEN,Bishop Sankey,RB,54,85.47,9,25,-16,6.0,29,0,0,1,22.941176470588236,-16.941176470588236
2014,CIN,Jeremy Hill,RB,55,76.97,30,26,4,21.0,55,0,0,3,23.060606060606062,-2.0606060606060623
2014,DEN,Cody Latimer,WR,56,74.26,40,27,13,6.0,66,0,0,1,23.0,-17.0
2014,SF,Carlos Hyde,RB,57,76.29,31,28,3,32.0,102,0,0,4,22.235294117647058,9.764705882352942
2014,CAR,Kony Ealy,DE,60,75.04,37,29,8,12.0,65,0,0,0,23.055555555555557,-11.055555555555557
2014,JAX,Allen Robinson,WR,61,79.29,22,30,-8,48.0,139,1,0,8,22.057142857142857,25.942857142857143
2014,NE,Jimmy Garoppolo,QB,62,73.38,43,31,12,47.0,85,0,0,3,22.2,24.8
2014,MIA,Jarvis Landry,WR,63,69.33,65,32,33,56.0,132,5,0,8,21.942857142857143,34.05714285714286
2014,HOU,C.J. Fiedorowicz,TE,65,78.76,24,33,-9,6.0,51,0,0,2,22.885714285714286,-16.885714285714286
2014,TB,Charles Sims,RB,69,72.63,47,34,13,13.0,47,0,0,0,18.314285714285713,-5.314285714285713
2014,SF,Marcus Martin,C,70,72.61,48,35,13,11.0,29,0,0,2,18.676470588235293,-7.6764705882352935
2014,MIN,Scott Crichton,DE,72,74.31,39,36,3,2.0,21,0,0,0,19.61764705882353,-17.61764705882353
2014,NYG,Jay Bromley,DT,74,72.65,46,37,9,5.0,57,0,0,0,18.944444444444443,-13.944444444444443
2014,LA,Tre Mason,RB,75,87.22,7,38,-31,8.0,25,0,0,1,18.916666666666668,-10.916666666666668
2014,DET,Travis Swanson,C,76,73.21,44,39,5,23.0,65,0,0,4,18.35135135135135,4.648648648648649
2014,CHI,Will Sutton,DT,82,72.47,49,40,9,8.0,36,0,0,2,19.864864864864863,-11.864864864864863
2014,ARI,Kareem Martin,DE,84,79.05,23,41,-18,12.0,78,0,0,2,20.25,-8.25
2014,GB,Khyri Thornton,DT,85,61.72,93,42,51,3.0,23,0,0,0,20.555555555555557,-17.555555555555557
2014,PHI,Josh Huff,WR,86,69.59,60,43,17,6.0,37,0,0,0,18.444444444444443,-12.444444444444443
2014,CIN,Will Clarke,DE,88,66.58,79,44,35,6.0,53,0,0,0,18.62857142857143,-12.62857142857143
2014,IND,Donte Moncrief,WR,90,80.08,18,45,-27,18.0,83,0,0,3,18.242424242424242,-0.2424242424242422
2014,ARI,John Brown,WR,91,65.78,81,46,35,36.0,103,0,0,5,17.205882352941178,18.794117647058822
2014,CLE,Terrance West,RB,94,70.63,57,47,10,11.0,43,0,0,2,16.87878787878788,-5.878787878787879
2014,MIN,Jerick McKinnon,RB,96,78.44,26,48,-22,32.0,116,0,0,1,13.96774193548387,18.032258064516128
2014,GB,Richard Rodgers,TE,98,67.69,70,49,21,14.0,98,0,0,2,15.548387096774194,-1.548387096774194
2014,BAL,Crockett Gillmore,TE,99,67.29,73,50,23,4.0,32,0,0,1,15.870967741935484,-11.870967741935484
2014,ATL,Devonta Freeman,RB,103,69.49,63,51,12,49.0,98,2,0,4,14.516129032258064,34.483870967741936
2014,NYJ,Jalen Saunders,WR,104,71.64,53,52,1,0.0,9,0,0,0,15.59375,-15.59375
2014,NE,Bryan Stork,C,105,62.07,92,53,39,11.0,21,0,0,1,15.67741935483871,-4.67741935483871
2014,SF,Bruce Ellington,WR,106,71.83,52,54,-2,7.0,44,0,0,0,15.40625,-8.40625
2014,LV,Justin Ellis,DT,107,53.97,104,55,49,25.0,117,0,0,3,15.161290322580646,9.838709677419354
2014,SEA,Cassius Marsh,DE,108,63.16,89,56,33,13.0,96,0,0,0,15.8,-2.8000000000000007
2014,CIN,Russell Bodine,C,111,66.98,76,57,19,30.0,74,0,0,5,14.35483870967742,15.64516129032258
2014,TEN,DaQuan Jones,DT,112,73.15,45,58,-13,60.0,167,0,0,10,13.387096774193548,46.61290322580645
2014,NYG,Andre Williams,RB,113,75.86,34,59,-25,7.0,41,0,0,0,15.096774193548388,-8.096774193548388
2014,CHI,Ka'Deem Carey,RB,117,76.0,33,60,-27,3.0,37,0,0,0,15.1,-12.1
2014,PIT,Martavis Bryant,WR,118,71.22,55,61,-6,19.0,44,0,0,1,14.933333333333334,4.066666666666666
2014,ARI,Logan Thomas,QB,120,75.07,36,62,-26,15.0,94,0,0,3,15.379310344827585,-0.3793103448275854
2014,SEA,Kevin Norwood,WR,123,63.5,86,63,23,1.0,10,0,0,0,15.571428571428571,-14.571428571428571
2014,KC,De'Anthony Thomas,RB,124,69.37,64,64,0,7.0,69,0,0,0,14.592592592592593,-7.5925925925925934
2014,NE,James White,RB,130,69.59,61,65,-4,37.0,95,0,0,0,14.03448275862069,22.96551724137931
2014,BAL,Brent Urban,DT,134,67.19,74,66,8,24.0,137,0,0,2,14.0,10.0
2014,HOU,Tom Savage,QB,135,55.86,103,67,36,3.0,13,0,0,1,14.724137931034482,-11.724137931034482
2014,DET,Larry Webster,DE,136,69.66,59,68,-9,0.0,1,0,0,0,13.607142857142858,-13.607142857142858
2014,BAL,Lorenzo Taliaferro,RB,138,63.44,87,69,18,3.0,19,0,0,0,14.115384615384615,-11.115384615384615
2014,PHI,Taylor Hart,DE,141,76.16,32,70,-38,1.0,15,0,0,0,14.08695652173913,-13.08695652173913
2014,WAS,Ryan Grant,WR,142,58.17,101,71,30,10.0,80,0,0,1,13.695652173913043,-3.695652173913043
2014,DAL,Devin Street,WR,146,68.33,68,72,-4,1.0,36,0,0,0,10.0,-9.0
2014,SF,Aaron Lynch,DE,150,61.47,94,73,21,14.0,81,0,0,1,10.08695652173913,3.913043478260869
2014,MIA,Arthur Lynch,TE,155,65.28,82,74,8,,,0,0,0,8.875,-8.875
2014,DET,Caraun Reid,DT,158,68.55,67,75,-8,9.0,55,0,0,1,8.458333333333334,0.5416666666666661
2014,JAX,Chris Smith,DE,159,71.09,56,76,-20,8.0,72,0,0,0,8.5,-0.5
2014,ARI,Ed Stinson,DE,160,70.5,58,77,-19,5.0,33,0,0,0,8.625,-3.625
2014,GB,Corey Linsley,C,161,58.98,99,78,21,64.0,132,1,1,9,6.166666666666667,57.833333333333336
2014,KC,Aaron Murray,QB,163,71.62,54,79,-25,,,0,0,0,7.291666666666667,-7.291666666666667
2014,CIN,A.J. McCarron,QB,164,69.52,62,80,-18,4.0,19,0,0,0,6.88,-2.88
2014,GB,Jared Abbrederis,WR,176,67.15,75,81,-6,1.0,22,0,0,0,6.2272727272727275,-5.2272727272727275
2014,HOU,Jeoffrey Pagan,DE,177,64.02,85,82,3,1.0,22,0,0,0,6.521739130434782,-5.521739130434782
2014,TEN,Zach Mettenberger,QB,178,61.25,95,83,12,1.0,14,0,0,1,6.521739130434782,-5.521739130434782
2014,HOU,Alfred Blue,RB,181,64.89,84,84,0,18.0,73,0,0,1,5.739130434782608,12.26086956521739
2014,CHI,David Fales,QB,183,62.34,90,85,5,1.0,5,0,0,0,6.136363636363637,-5.136363636363637
2014,TB,Robert Herron,WR,185,66.91,77,86,-9,0.0,8,0,0,0,6.181818181818182,-6.181818181818182
2014,WAS,Lache Seastrunk,RB,186,77.48,28,87,-59,,,0,0,0,6.086956521739131,-6.086956521739131
2014,DET,T.J. Jones,WR,189,66.11,80,88,-8,7.0,45,0,0,0,7.173913043478261,-0.17391304347826075
2014,MIA,Matt Hazel,WR,190,59.38,98,89,9,0.0,9,0,0,0,7.166666666666667,-7.166666666666667
2014,BAL,Keith Wenning,QB,194,67.46,72,90,-18,,,0,0,0,4.3,-4.3
2014,ARI,Walt Powell,WR,196,53.23,105,91,14,1.0,15,0,0,0,4.473684210526316,-3.473684210526316
2014,NE,Zach Moore,DE,198,65.04,83,92,-9,3.0,26,0,0,0,4.157894736842105,-1.1578947368421053
2014,LAC,Marion Grice,RB,201,67.55,71,93,-22,0.0,10,0,0,0,4.315789473684211,-4.315789473684211
2014,CAR,Tyler Gaffney,RB,204,75.84,35,94,-59,,,0,0,0,4.2,-4.2
2014,NYJ,Quincy Enunwa,WR,209,69.18,66,95,-29,13.0,41,0,0,2,3.5,9.5
2014,NYJ,Tajh Boyd,QB,213,73.59,42,96,-54,,,0,0,0,4.05,-4.05
2014,BAL,Michael Campanaro,WR,218,63.41,88,97,-9,4.0,24,0,0,0,3.2222222222222223,0.7777777777777777
2014,MIN,Shamar Stephen,DT,220,72.03,51,98,-47,32.0,115,0,0,4,1.7647058823529411,30.235294117647058
2014,JAX,Storm Johnson,RB,222,62.32,91,99,-8,0.0,6,0,0,0,3.4375,-3.4375
2014,PIT,Rob Blanchflower,TE,230,61.03,96,100,-4,,,0,0,0,4.153846153846154,-4.153846153846154
2014,GB,Jeff Janis,WR,236,72.28,50,101,-51,2.0,51,0,0,0,4.454545454545454,-2.454545454545454
2014,LAC,Tevin Reese,WR,240,68.12,69,102,-33,,,0,0,0,5.1,-5.1
2014,SF,Kaleb Ramsey,DE,243,59.92,97,103,-6,,,0,0,0,4.222222222222222,-4.222222222222222
2014,NE,Jeremy Gallon,WR,244,58.36,100,104,-4,,,0,0,0,4.222222222222222,-4.222222222222222
2014,LA,Michael Sam,DE,249,57.48,102,105,-3,,,0,0,0,4.75,-4.75
2015,TB,Jameis Winston,QB,1,79.74,37,1,36,63.0,108,1,0,5,36.166666666666664,26.833333333333336
2015,TEN,Marcus Mariota,QB,2,89.82,5,2,3,60.0,104,0,0,5,36.291666666666664,23.708333333333336
2015,JAX,Dante Fowler,OLB,3,82.89,22,3,19,31.0,159,0,0,3,37.0,-6.0
2015,LV,Amari Cooper,WR,4,90.22,3,4,-1,66.0,154,5,0,9,35.0,31.0
2015,NYJ,Leonard Williams,DE,6,87.76,9,5,4,78.0,175,3,0,10,34.107142857142854,43.892857142857146
2015,CHI,Kevin White,WR,7,87.07,10,6,4,3.0,30,0,0,0,36.758620689655174,-33.758620689655174
2015,ATL,Vic Beasley,OLB,8,96.21,1,7,-6,32.0,88,1,1,5,34.8,-2.799999999999997
2015,LA,Todd Gurley,RB,10,85.97,12,8,4,54.0,88,3,2,6,32.6875,21.3125
2015,MIN,Trae Waynes,CB,11,81.92,25,9,16,18.0,79,0,0,3,34.121212121212125,-16.121212121212125
2015,CLE,Danny Shelton,NT,12,81.78,26,10,16,33.0,101,0,0,5,32.8235294117647,0.17647058823529704
2015,MIA,DeVante Parker,WR,14,90.88,2,11,-9,36.0,119,0,0,6,33.628571428571426,2.3714285714285737
2015,LAC,Melvin Gordon,RB,15,89.39,7,12,-5,51.0,112,2,0,7,33.2,17.799999999999997
2015,HOU,Kevin Johnson,CB,16,78.32,47,13,34,11.0,64,0,0,0,34.638888888888886,-23.638888888888886
2015,SF,Arik Armstead,DT,17,75.81,64,14,50,45.0,149,0,0,7,33.69444444444444,11.305555555555557
2015,KC,Marcus Peters,CB,18,83.33,19,15,4,63.0,116,3,2,7,33.21621621621622,29.783783783783782
2015,CLE,Cameron Erving,C,19,83.06,21,16,5,28.0,98,0,0,3,33.473684210526315,-5.473684210526315
2015,PHI,Nelson Agholor,WR,20,80.71,29,17,12,36.0,149,0,0,7,33.23076923076923,2.7692307692307665
2015,PIT,Bud Dupree,OLB,22,86.76,11,18,-7,46.0,152,0,0,6,32.7,13.299999999999997
2015,DEN,Shane Ray,DE,23,78.27,48,19,29,12.0,49,0,0,1,32.926829268292686,-20.926829268292686
2015,CAR,Shaq Thompson,OLB,25,80.48,31,20,11,43.0,135,0,0,8,31.404761904761905,11.595238095238095
2015,BAL,Breshad Perriman,WR,26,83.94,17,21,-4,15.0,80,0,0,1,32.093023255813954,-17.093023255813954
2015,DAL,Byron Jones,CB,27,89.42,6,22,-16,38.0,109,1,0,7,31.558139534883722,6.441860465116278
2015,IND,Phillip Dorsett,WR,29,80.61,30,23,7,16.0,94,0,0,0,31.933333333333334,-15.933333333333334
2015,NO,Stephone Anthony,ILB,31,84.09,16,24,-8,10.0,62,0,0,1,31.893617021276597,-21.893617021276597
2015,NE,Malcom Brown,DT,32,89.15,8,25,-17,43.0,106,0,0,6,31.19148936170213,11.808510638297872
2015,LV,Mario Edwards,DT,35,70.37,96,26,70,25.0,141,0,0,2,29.58695652173913,-4.586956521739129
2015,JAX,T.J. Yeldon,RB,36,75.75,66,27,39,20.0,60,0,0,2,29.17391304347826,-9.173913043478262
2015,NYJ,Devin Smith,WR,37,77.54,50,28,22,2.0,22,0,0,0,29.608695652173914,-27.608695652173914
2015,WAS,Preston Smith,DE,38,77.32,52,29,23,55.0,176,0,0,8,27.893617021276597,27.106382978723403
2015,CHI,Eddie Goldman,DT,39,74.78,72,30,42,36.0,111,0,0,4,26.80851063829787,9.191489361702128
2015,TEN,Dorial Green-Beckham,WR,40,77.43,51,31,20,7.0,31,0,0,0,27.956521739130434,-20.956521739130434
2015,CAR,Devin Funchess,WR,41,75.02,70,32,38,20.0,62,0,0,2,27.695652173913043,-7.695652173913043
2015,ATL,Jalen Collins,CB,42,79.51,39,33,6,4.0,24,0,0,0,28.043478260869566,-24.043478260869566
2015,HOU,Benardrick McKinney,ILB,43,84.58,14,34,-20,44.0,91,1,0,5,26.0,18.0
2015,NO,Hau'oli Kikaha,OLB,44,79.68,38,35,3,5.0,27,0,0,1,26.956521739130434,-21.956521739130434
2015,MIN,Eric Kendricks,ILB,45,90.15,4,36,-32,64.0,150,1,1,10,25.565217391304348,38.434782608695656
2015,LAC,Denzel Perryman,ILB,48,73.62,79,37,42,45.0,129,1,0,8,24.21276595744681,20.78723404255319
2015,BUF,Ronald Darby,CB,50,79.04,40,38,2,34.0,118,0,0,8,23.847826086956523,10.152173913043477
2015,CLE,Nate Orchard,DE,51,75.73,67,39,28,8.0,48,0,0,1,23.130434782608695,-15.130434782608695
2015,MIA,Jordan Phillips,NT,52,74.56,73,40,33,32.0,140,0,0,5,23.152173913043477,8.847826086956523
2015,DET,Ameer Abdullah,RB,54,83.76,18,41,-23,22.0,154,0,0,2,23.19148936170213,-1.1914893617021285
2015,BAL,Maxx Williams,TE,55,72.01,85,42,43,8.0,83,0,0,2,22.595744680851062,-14.595744680851062
2015,PIT,Senquez Golson,CB,56,72.67,82,43,39,,,0,0,0,24.27659574468085,-24.27659574468085
2015,ARI,Markus Golden,DE,58,69.25,100,44,56,33.0,127,0,0,4,22.5,10.5
2015,DAL,Randy Gregory,OLB,60,80.45,32,45,-13,15.0,72,0,0,1,22.340425531914892,-7.340425531914892
2015,TB,Ali Marpet,C,61,81.52,27,46,-19,43.0,101,1,0,7,21.729166666666668,21.270833333333332
2015,GB,Quinten Rollins,CB,62,79.85,36,47,-11,7.0,33,0,0,0,22.5,-15.5
2015,SEA,Frank Clark,DE,63,63.58,139,48,91,49.0,128,3,0,6,21.367346938775512,27.632653061224488
2015,IND,D'Joun Smith,CB,65,72.18,84,49,35,0.0,5,0,0,0,21.428571428571427,-21.428571428571427
2015,LV,Clive Walford,TE,68,74.22,75,50,25,7.0,52,0,0,1,21.137254901960784,-14.137254901960784
2015,SEA,Tyler Lockett,WR,69,81.08,28,51,-23,68.0,178,1,1,10,20.215686274509803,47.78431372549019
2015,HOU,Jaelen Strong,WR,70,84.8,13,52,-39,2.0,20,0,0,0,21.9,-19.9
2015,CHI,Hroniss Grasu,C,71,73.42,80,53,27,8.0,33,0,0,1,20.76,-12.760000000000002
2015,ATL,Tevin Coleman,RB,73,84.27,15,54,-39,33.0,94,0,0,2,20.46938775510204,12.53061224489796
2015,NO,Garrett Grayson,QB,75,75.06,69,55,14,,,0,0,0,20.959183673469386,-20.959183673469386
2015,KC,Chris Conley,WR,76,77.08,54,56,-2,23.0,132,0,0,3,20.0,3.0
2015,CLE,Duke Johnson,RB,77,80.45,33,57,-24,28.0,97,0,0,0,20.21276595744681,7.787234042553191
2015,NO,P.J. Williams,CB,78,79.99,34,58,-24,19.0,89,0,0,2,19.456521739130434,-0.4565217391304337
2015,SF,Eli Harold,OLB,79,76.99,55,59,-4,11.0,61,0,0,2,19.630434782608695,-8.630434782608695
2015,DET,Alex Carter,CB,80,71.35,89,60,29,0.0,2,0,0,0,19.869565217391305,-19.869565217391305
2015,NYJ,Lorenzo Mauldin,OLB,82,68.54,107,61,46,4.0,26,0,0,0,18.82608695652174,-14.826086956521738
2015,LAC,Craig Mager,CB,83,78.34,46,62,-16,4.0,24,0,0,0,18.488888888888887,-14.488888888888887
2015,PHI,Jordan Hicks,OLB,84,78.61,43,63,-20,53.0,134,0,0,9,17.613636363636363,35.38636363636364
2015,CIN,Tyler Kroft,TE,85,71.78,86,64,22,9.0,100,0,0,2,18.0,-9.0
2015,ARI,David Johnson,RB,86,76.88,57,65,-8,42.0,92,1,1,3,17.177777777777777,24.822222222222223
2015,PIT,Sammie Coates,WR,87,77.26,53,66,-13,4.0,44,0,0,0,17.931818181818183,-13.931818181818183
2015,MIN,Danielle Hunter,DE,88,74.5,74,67,7,83.0,153,5,0,7,16.113636363636363,66.88636363636364
2015,LA,Sean Mannion,QB,89,65.97,123,68,55,2.0,14,0,0,0,17.954545454545453,-15.954545454545453
2015,BAL,Carl Davis,DT,90,74.18,76,69,7,13.0,78,0,0,1,18.57777777777778,-5.577777777777779
2015,DEN,Jeff Heuerman,TE,92,72.53,83,70,13,5.0,51,0,0,3,18.565217391304348,-13.565217391304348
2015,IND,Henry Anderson,DE,93,83.08,20,71,-51,21.0,89,0,0,4,18.195652173913043,2.804347826086957
2015,GB,Ty Montgomery,WR,94,75.11,68,72,-4,17.0,92,0,0,1,17.782608695652176,-0.7826086956521756
2015,WAS,Matt Jones,RB,95,64.71,131,73,58,9.0,25,0,0,0,18.47826086956522,-9.478260869565219
2015,CLE,Xavier Cooper,DT,96,82.03,24,74,-50,4.0,40,0,0,0,17.91111111111111,-13.911111111111111
2015,NE,Geneo Grissom,DE,97,67.58,114,75,39,3.0,37,0,0,0,17.847826086956523,-14.847826086956523
2015,KC,Steven Nelson,CB,98,75.79,65,76,-11,36.0,130,0,0,7,17.511111111111113,18.488888888888887
2015,CIN,Paul Dawson,ILB,99,78.89,42,77,-35,1.0,16,0,0,0,18.288888888888888,-17.288888888888888
2015,TEN,Angelo Blackson,DT,100,64.93,129,78,51,23.0,129,0,0,1,17.41304347826087,5.586956521739129
2015,NE,Trey Flowers,DE,101,70.4,95,79,16,34.0,79,0,0,4,17.58695652173913,16.41304347826087
2015,NYJ,Bryce Petty,QB,103,76.05,62,80,-18,4.0,10,0,0,0,17.08888888888889,-13.088888888888889
2015,WAS,Jamison Crowder,WR,105,68.66,105,81,24,33.0,123,0,0,4,17.533333333333335,15.466666666666665
2015,CHI,Jeremy Langford,RB,106,68.81,103,82,21,7.0,29,0,0,0,17.4,-10.399999999999999
2015,ATL,Justin Hardy,WR,107,71.12,92,83,9,8.0,73,0,0,0,17.043478260869566,-9.043478260869566
2015,DET,Gabe Wright,DT,113,65.25,126,84,42,1.0,15,0,0,0,17.136363636363637,-16.136363636363637
2015,SF,Blake Bell,TE,117,66.77,119,85,34,5.0,117,0,0,1,17.844444444444445,-12.844444444444445
2015,KC,Ramik Wilson,ILB,118,68.04,111,86,25,14.0,46,0,0,1,17.84090909090909,-3.84090909090909
2015,CIN,Josh Shaw,CB,120,69.2,101,87,14,7.0,55,0,0,0,17.651162790697676,-10.651162790697676
2015,PIT,Doran Grant,CB,121,68.86,102,88,14,0.0,3,0,0,0,16.25581395348837,-16.25581395348837
2015,BAL,Za'Darius Smith,DE,122,64.87,130,89,41,57.0,145,3,0,4,15.604651162790697,41.395348837209305
2015,CLE,Vince Mayle,WR,123,82.12,23,90,-67,0.0,23,0,0,0,16.72093023255814,-16.72093023255814
2015,TB,Kwon Alexander,OLB,124,71.57,87,91,-4,43.0,109,1,0,6,15.5,27.5
2015,BAL,Javorius Allen,RB,125,76.78,59,92,-33,14.0,64,0,0,0,16.41860465116279,-2.4186046511627914
2015,SF,Mike Davis,RB,126,75.01,71,93,-22,20.0,87,0,0,2,16.166666666666668,3.833333333333332
2015,DAL,Damien Wilson,ILB,127,68.29,109,94,15,31.0,127,0,0,5,15.785714285714286,15.214285714285714
2015,GB,Jake Ryan,OLB,129,76.01,63,95,-32,14.0,45,0,0,2,16.19047619047619,-2.19047619047619
2015,SF,DeAndre Smelter,WR,132,69.51,99,96,3,0.0,2,0,0,0,15.666666666666666,-15.666666666666666
2015,DEN,Max Garcia,C,133,66.15,122,97,25,26.0,122,0,0,3,14.853658536585366,11.146341463414634
2015,CIN,Marcus Hardison,DE,135,71.14,91,98,-7,,,0,0,0,14.682926829268293,-14.682926829268293
2015,ATL,Grady Jarrett,NT,137,79.98,35,99,-64,57.0,166,2,0,8,13.525,43.475
2015,TEN,David Cobb,RB,138,68.53,108,100,8,1.0,7,0,0,0,14.175,-13.175
2015,JAX,Rashad Greene,WR,139,71.56,88,101,-13,2.0,25,0,0,0,14.2,-12.2
2015,LV,Ben Heeney,ILB,140,76.81,58,102,-44,3.0,24,0,0,0,14.333333333333334,-11.333333333333334
2015,WAS,Martrell Spaight,OLB,141,60.65,150,103,47,6.0,37,0,0,0,14.256410256410257,-8.256410256410257
2015,MIN,MyCole Pruitt,TE,143,63.96,136,104,32,7.0,121,0,0,1,13.707317073170731,-6.7073170731707314
2015,MIA,Bobby McCain,CB,145,70.26,97,105,-8,28.0,134,0,0,6,13.195121951219512,14.804878048780488
2015,MIN,Stefon Diggs,WR,146,78.94,41,106,-65,90.0,161,4,1,11,11.95,78.05
2015,GB,Brett Hundley,QB,147,78.55,45,107,-62,5.0,18,0,0,1,13.731707317073171,-8.731707317073171
2015,NO,Davis Tull,OLB,148,71.04,93,108,-15,,,0,0,0,13.547619047619047,-13.547619047619047
2015,MIA,Jay Ajayi,RB,149,78.58,44,109,-65,19.0,45,1,0,2,13.095238095238095,5.904761904761905
2015,IND,David Parry,NT,151,66.25,121,110,11,13.0,36,0,0,2,13.425,-0.4250000000000007
2015,LAC,Kyle Emanuel,OLB,153,71.35,90,111,-21,16.0,71,0,0,2,13.25,2.75
2015,NO,Tyeler Davison,DT,154,77.67,49,112,-63,31.0,111,0,0,6,12.875,18.125
2015,BUF,Karlos Williams,RB,155,64.05,135,113,22,4.0,11,0,0,0,12.435897435897436,-8.435897435897436
2015,MIA,Tony Lippett,WR,156,64.25,133,114,19,6.0,28,0,0,1,12.710526315789474,-6.710526315789474
2015,ARI,JJ Nelson,WR,159,70.04,98,115,-17,12.0,58,0,0,0,10.864864864864865,1.135135135135135
2015,PIT,Jesse James,TE,160,67.07,118,116,2,12.0,104,0,0,4,10.405405405405405,1.5945945945945947
2015,LV,Neiron Ball,OLB,161,56.51,157,117,40,1.0,6,0,0,0,10.702702702702704,-9.702702702702704
2015,TB,Kenny Bell,WR,162,73.23,81,118,-37,,,0,0,0,10.513513513513514,-10.513513513513514
2015,DAL,Ryan Russell,DE,163,61.91,148,119,29,4.0,23,0,0,0,10.405405405405405,-6.405405405405405
2015,DEN,Lorenzo Doss,CB,164,65.22,127,120,7,0.0,16,0,0,0,10.513513513513514,-10.513513513513514
2015,NO,Damian Swann,CB,167,67.64,113,121,-8,1.0,7,0,0,0,10.055555555555555,-9.055555555555555
2015,SEA,Tye Smith,CB,170,59.33,154,122,32,3.0,45,0,0,0,9.694444444444445,-6.694444444444445
2015,BAL,Nick Boyle,TE,171,64.44,132,123,9,9.0,90,0,0,4,9.771428571428572,-0.7714285714285722
2015,CAR,Cameron Artis-Payne,RB,174,74.04,78,124,-46,5.0,32,0,0,0,10.823529411764707,-5.8235294117647065
2015,HOU,Keith Mumphery,WR,175,55.06,158,125,33,2.0,27,0,0,0,10.6,-8.6
2015,LV,Max Valles,OLB,179,62.11,145,126,19,,,0,0,0,7.4411764705882355,-7.4411764705882355
2015,JAX,Michael Bennett,DT,180,74.16,77,127,-50,1.0,16,0,0,0,7.5588235294117645,-6.5588235294117645
2015,TB,Kaelin Clay,WR,184,51.39,159,128,31,3.0,22,0,0,0,7.59375,-4.59375
2015,NYG,Geremy Davis,WR,186,66.44,120,129,-9,0.0,36,0,0,0,8.15625,-8.15625
2015,CLE,Charles Gaines,CB,189,62.06,146,130,16,1.0,6,0,0,0,7.6,-6.6
2015,PHI,JaCorey Shepherd,CB,191,65.07,128,131,-3,1.0,11,0,0,0,7.419354838709677,-6.419354838709677
2015,LAC,Darius Philon,DT,192,67.19,117,132,-15,14.0,65,0,0,0,6.838709677419355,7.161290322580645
2015,BUF,Nick O'Leary,TE,194,63.63,138,133,5,6.0,59,0,0,2,7.137931034482759,-1.137931034482759
2015,CLE,Randall Telfer,TE,198,62.86,144,134,10,0.0,30,0,0,2,7.310344827586207,-7.310344827586207
2015,DET,Quandre Diggs,CB,200,68.08,110,135,-25,43.0,155,3,0,6,6.0,37.0
2015,NE,A.J. Derby,TE,202,63.84,137,136,1,3.0,25,0,0,0,6.933333333333334,-3.9333333333333336
2015,BAL,Darren Waller,WR,204,76.4,61,137,-76,33.0,95,1,0,4,5.7,27.3
2015,IND,Josh Robinson,RB,205,63.3,140,138,2,0.0,5,0,0,0,6.8,-6.8
2015,IND,Amarlo Herrera,ILB,207,63.16,142,139,3,0.0,3,0,0,0,6.633333333333334,-6.633333333333334
2015,TEN,Andy Gallik,C,208,68.61,106,140,-34,4.0,12,0,0,1,6.655172413793103,-2.655172413793103
2015,SEA,Obum Gwacham,DE,209,59.99,153,141,12,1.0,15,0,0,0,6.533333333333333,-5.533333333333333
2015,PIT,Anthony Chickillo,DE,212,60.08,151,142,9,10.0,76,0,0,1,6.448275862068965,3.5517241379310347
2015,HOU,Christian Covington,DT,216,68.69,104,143,-39,20.0,102,0,0,1,6.103448275862069,13.89655172413793
2015,KC,Rakeem Nunez-Roches,DT,217,70.57,94,144,-50,31.0,142,0,0,4,5.821428571428571,25.17857142857143
2015,CLE,Hayes Pullard,ILB,219,65.67,125,145,-20,9.0,46,0,0,1,6.851851851851852,2.148148148148148
2015,NYJ,Deon Simon,NT,223,62.01,147,146,1,2.0,16,0,0,0,6.821428571428571,-4.821428571428571
2015,LA,Bryce Hager,ILB,224,67.28,116,147,-31,7.0,79,0,0,0,6.607142857142857,0.39285714285714324
2015,LA,Martin Ifedi,DE,227,58.92,155,148,7,,,0,0,0,6.615384615384615,-6.615384615384615
2015,JAX,Ben Koyack,TE,229,67.88,112,149,-37,1.0,48,0,0,0,6.576923076923077,-5.576923076923077
2015,NO,Marcus Murphy,RB,230,60.0,152,150,2,2.0,28,0,0,0,6.538461538461538,-4.538461538461538
2015,KC,Da'Ron Brown,WR,233,65.8,124,151,-27,,,0,0,0,5.375,-5.375
2015,BUF,Dezmin Lewis,WR,234,63.21,141,152,-11,0.0,2,0,0,0,5.375,-5.375
2015,HOU,Kenny Hilliard,RB,235,51.02,160,153,7,,,0,0,0,5.478260869565218,-5.478260869565218
2015,DAL,Mark Nzeocha,OLB,236,61.43,149,154,-5,5.0,56,0,0,0,5.260869565217392,-0.2608695652173916
2015,CIN,Mario Alford,WR,238,67.56,115,155,-40,0.0,4,0,0,0,4.428571428571429,-4.428571428571429
2015,CLE,Ifo Ekpre-Olomu,CB,241,76.91,56,156,-100,,,0,0,0,4.684210526315789,-4.684210526315789
2015,TEN,Tre McBride,WR,245,76.46,60,157,-97,1.0,17,0,0,0,4.529411764705882,-3.5294117647058822
2015,NE,Xzavier Dickson,OLB,253,58.39,156,158,-2,,,0,0,0,1.2857142857142858,-1.2857142857142858
2015,SF,Rory Anderson,TE,254,64.06,134,159,-25,,,0,0,0,1.2857142857142858,-1.2857142857142858
2015,ARI,Gerald Christian,TE,256,62.96,143,160,-17,0.0,3,0,0,0,1.2307692307692308,-1.2307692307692308
2016,LA,Jared Goff,QB,1,75.89,50,1,49,106.0,151,5,0,9,31.958333333333332,74.04166666666667
2016,PHI,Carson Wentz,QB,2,81.86,23,2,21,63.0,103,1,0,6,33.88,29.119999999999997
2016,LAC,Joey Bosa,DE,3,91.68,2,3,-1,62.0,122,5,0,7,34.03846153846154,27.96153846153846
2016,DAL,Ezekiel Elliott,RB,4,86.31,9,4,5,68.0,135,3,1,7,34.111111111111114,33.888888888888886
2016,JAX,Jalen Ramsey,CB,5,92.53,1,5,-4,84.0,152,8,3,10,35.75,48.25
2016,SF,DeForest Buckner,DE,7,88.37,6,6,0,76.0,151,3,1,9,35.733333333333334,40.266666666666666
2016,CHI,Leonard Floyd,OLB,9,82.73,19,7,12,63.0,153,0,0,10,35.59375,27.40625
2016,NYG,Eli Apple,CB,10,82.83,18,8,10,28.0,104,0,0,5,35.90909090909091,-7.9090909090909065
2016,TB,Vernon Hargreaves III,CB,11,84.77,14,9,5,18.0,69,0,0,4,36.0,-18.0
2016,NO,Sheldon Rankins,DT,12,86.27,10,10,0,41.0,133,0,0,6,35.02857142857143,5.971428571428568
2016,LV,Karl Joseph,S,14,82.19,22,11,11,16.0,65,0,0,4,37.189189189189186,-21.189189189189186
2016,CLE,Corey Coleman,WR,15,85.59,12,12,0,6.0,27,0,0,2,38.05263157894737,-32.05263157894737
2016,IND,Ryan Kelly,C,18,90.92,3,13,-10,56.0,129,4,0,9,37.02564102564103,18.97435897435897
2016,BUF,Shaq Lawson,DE,19,85.36,13,14,-1,24.0,110,0,0,1,36.9,-12.899999999999999
2016,NYJ,Darron Lee,OLB,20,81.29,26,15,11,19.0,58,0,0,3,37.170731707317074,-18.170731707317074
2016,HOU,Will Fuller,WR,21,88.24,7,16,-9,24.0,55,0,0,5,36.285714285714285,-12.285714285714285
2016,WAS,Josh Doctson,WR,22,86.24,11,17,-6,9.0,34,0,0,2,36.06976744186046,-27.069767441860463
2016,MIN,Laquon Treadwell,WR,23,81.5,24,18,6,8.0,93,0,0,2,36.36363636363637,-28.363636363636367
2016,CIN,William Jackson III,CB,24,77.83,36,19,17,19.0,75,0,0,4,36.11363636363637,-17.113636363636367
2016,PIT,Artie Burns,CB,25,74.29,63,20,43,17.0,90,0,0,1,36.15909090909091,-19.159090909090907
2016,DEN,Paxton Lynch,QB,26,79.65,30,21,9,2.0,5,0,0,0,36.08888888888889,-34.08888888888889
2016,ARI,Robert Nkemdiche,DT,29,82.35,21,22,-1,6.0,38,0,0,0,35.30434782608695,-29.304347826086953
2016,CAR,Vernon Butler,DT,30,75.7,54,23,31,13.0,77,0,0,2,35.38297872340426,-22.382978723404257
2016,CLE,Emmanuel Ogbah,DE,32,84.44,15,24,-9,43.0,136,0,0,6,34.604166666666664,8.395833333333336
2016,TEN,Kevin Dodd,DE,33,76.94,41,25,16,2.0,18,0,0,0,35.142857142857146,-33.142857142857146
2016,DAL,Jaylon Smith,OLB,34,88.85,5,26,-21,37.0,88,1,0,4,32.265306122448976,4.734693877551024
2016,LAC,Hunter Henry,TE,35,82.46,20,27,-7,37.0,136,0,0,8,32.02040816326531,4.979591836734691
2016,JAX,Myles Jack,OLB,36,89.49,4,28,-24,42.0,106,0,0,7,30.714285714285715,11.285714285714285
2016,KC,Chris Jones,DT,37,83.3,17,29,-12,96.0,155,7,3,10,29.244897959183675,66.75510204081633
2016,MIA,Xavien Howard,CB,38,76.01,47,30,17,58.0,104,4,1,7,28.346938775510203,29.653061224489797
2016,TB,Noah Spence,DE,39,77.56,39,31,8,5.0,43,0,0,0,29.08,-24.08
2016,NYG,Sterling Shepard,WR,40,79.92,29,32,-3,32.0,117,0,0,5,27.58,4.420000000000002
2016,BUF,Reggie Ragland,ILB,41,78.26,34,33,1,22.0,79,0,0,3,27.88235294117647,-5.882352941176471
2016,BAL,Kamalei Correa,DE,42,68.05,122,34,88,11.0,63,0,0,1,26.901960784313726,-15.901960784313726
2016,TEN,Austin Johnson,NT,43,69.56,105,35,70,29.0,145,0,0,3,26.098039215686274,2.901960784313726
2016,LV,Jihad Ward,DE,44,65.96,136,36,100,25.0,136,0,0,4,26.34,-1.3399999999999999
2016,TEN,Derrick Henry,RB,45,86.68,8,37,-29,85.0,153,5,1,7,24.76,60.239999999999995
2016,DET,A'Shawn Robinson,DT,46,73.51,70,38,32,40.0,143,0,0,7,25.66,14.34
2016,NO,Michael Thomas,WR,47,79.95,28,39,-11,60.0,83,3,2,4,25.448979591836736,34.55102040816327
2016,SEA,Jarran Reed,DT,49,73.61,69,40,29,48.0,152,0,0,8,25.9,22.1
2016,NYJ,Christian Hackenberg,QB,51,69.19,109,41,68,,,0,0,0,26.32,-26.32
2016,ATL,Deion Jones,OLB,52,74.75,60,42,18,43.0,128,1,0,5,25.66,17.34
2016,WAS,Su'a Cravens,OLB,53,80.82,27,43,-16,5.0,16,0,0,0,26.08,-21.08
2016,MIN,Mackensie Alexander,CB,54,71.47,85,44,41,12.0,85,0,0,1,25.5,-13.5
2016,CIN,Tyler Boyd,WR,55,77.79,37,45,-8,48.0,136,0,0,5,25.14,22.86
2016,PIT,Sean Davis,CB,58,81.49,25,46,-21,18.0,70,0,0,3,26.46,-8.46
2016,NE,Cyrus Jones,CB,60,69.9,102,47,55,4.0,31,0,0,0,27.07843137254902,-23.07843137254902
2016,CAR,James Bradberry,CB,62,74.42,62,48,14,46.0,125,1,0,8,25.865384615384617,20.134615384615383
2016,DEN,Adam Gotsis,DT,63,69.14,111,49,62,28.0,128,0,0,3,26.884615384615383,1.1153846153846168
2016,CLE,Carl Nassib,DE,65,75.97,48,50,-2,20.0,99,0,0,1,26.25,-6.25
2016,LAC,Max Tuerk,C,66,70.88,89,51,38,0.0,1,0,0,0,27.11764705882353,-27.11764705882353
2016,DAL,Maliek Collins,DT,67,75.27,56,52,4,51.0,148,0,0,10,26.11764705882353,24.88235294117647
2016,SF,Will Redmond,CB,68,68.13,120,53,67,3.0,37,0,0,0,26.333333333333332,-23.333333333333332
2016,JAX,Yannick Ngakoue,DE,69,69.0,114,54,60,50.0,134,1,0,8,24.58823529411765,25.41176470588235
2016,BAL,Bronson Kaufusi,DE,70,77.67,38,55,-17,2.0,9,0,0,0,23.666666666666668,-21.666666666666668
2016,NYG,Darian Thompson,S,71,74.13,65,56,9,12.0,63,0,0,1,22.50980392156863,-10.50980392156863
2016,CHI,Jonathan Bullard,DT,72,83.95,16,57,-41,28.0,131,0,0,3,22.372549019607842,5.627450980392158
2016,MIA,Kenyan Drake,RB,73,72.92,76,58,18,33.0,104,0,0,2,22.08,10.920000000000002
2016,KC,KeiVarae Russell,CB,74,75.02,59,59,0,2.0,23,0,0,0,22.76,-20.76
2016,LV,Shilique Calhoun,DE,75,70.06,100,60,40,5.0,51,0,0,0,22.76,-17.76
2016,CAR,Daryl Worley,CB,77,73.47,71,61,10,22.0,99,0,0,4,21.9,0.10000000000000142
2016,BUF,Adolphus Washington,DT,80,66.19,130,62,68,9.0,35,0,0,2,19.551020408163264,-10.551020408163264
2016,ATL,Austin Hooper,TE,81,78.38,32,63,-31,33.0,155,2,0,5,19.08,13.920000000000002
2016,NYJ,Jordan Jenkins,OLB,83,71.02,88,64,24,29.0,83,0,0,5,18.901960784313726,10.098039215686274
2016,WAS,Kendall Fuller,CB,84,72.42,80,65,15,34.0,128,0,0,6,19.058823529411764,14.941176470588236
2016,HOU,Braxton Miller,WR,85,73.39,73,66,7,2.0,21,0,0,1,18.96078431372549,-16.96078431372549
2016,MIA,Leonte Carroo,WR,86,73.9,67,67,0,2.0,37,0,0,0,19.137254901960784,-17.137254901960784
2016,CIN,Nick Vigil,ILB,87,76.37,44,68,-24,27.0,113,0,0,4,18.45098039215686,8.549019607843139
2016,GB,Kyler Fackrell,OLB,88,73.12,75,69,6,16.0,86,0,0,1,18.08,-2.0799999999999983
2016,PIT,Javon Hargrave,DT,89,71.61,82,70,12,59.0,146,2,0,9,17.22,41.78
2016,SEA,C.J. Prosise,RB,90,79.3,31,71,-40,5.0,35,0,0,0,18.58823529411765,-13.588235294117649
2016,NE,Jacoby Brissett,QB,91,71.23,87,72,15,42.0,101,0,0,4,17.86,24.14
2016,ARI,Brandon Williams,CB,92,70.59,93,73,20,4.0,51,0,0,0,18.41176470588235,-14.411764705882351
2016,CLE,Cody Kessler,QB,93,69.01,113,74,39,5.0,17,0,0,1,18.68,-13.68
2016,SEA,Nick Vannett,TE,94,69.86,103,75,28,7.0,121,0,0,3,18.80392156862745,-11.803921568627452
2016,DET,Graham Glasgow,C,95,75.12,58,76,-18,48.0,147,0,0,8,17.137254901960784,30.862745098039216
2016,NE,Vincent Valentine,DT,96,65.56,138,77,61,2.0,16,0,0,0,17.725490196078432,-15.725490196078432
2016,CLE,Joe Schobert,OLB,99,70.78,91,78,13,37.0,99,1,0,5,17.3265306122449,19.6734693877551
2016,LV,Connor Cook,QB,100,72.92,77,79,-2,0.0,1,0,0,0,17.122448979591837,-17.122448979591837
2016,DAL,Charles Tapper,DE,101,66.02,133,80,53,0.0,2,0,0,0,17.244897959183675,-17.244897959183675
2016,LAC,Joshua Perry,ILB,102,76.02,46,81,-35,1.0,17,0,0,0,16.306122448979593,-15.306122448979593
2016,JAX,Sheldon Day,DT,103,74.5,61,82,-21,9.0,95,0,0,0,18.224489795918366,-9.224489795918366
2016,BAL,Tavon Young,CB,104,62.33,153,83,70,14.0,50,0,0,1,18.26530612244898,-4.26530612244898
2016,KC,Eric Murray,CB,106,71.38,86,84,2,25.0,136,0,0,5,17.9375,7.0625
2016,BAL,Chris Moore,WR,107,73.15,74,85,-11,14.0,125,0,0,0,18.125,-4.125
2016,TB,Ryan Smith,CB,108,62.93,150,86,64,8.0,78,0,0,0,18.395833333333332,-10.395833333333332
2016,NYG,B.J. Goodson,OLB,109,68.67,116,87,29,20.0,67,0,0,4,17.79591836734694,2.204081632653061
2016,LA,Tyler Higbee,TE,110,75.71,53,88,-35,31.0,138,0,0,8,17.26530612244898,13.73469387755102
2016,NE,Malcolm Mitchell,WR,112,74.07,66,89,-23,4.0,14,0,0,0,17.7,-13.7
2016,CHI,Nick Kwiatkoski,ILB,113,66.73,126,90,36,20.0,89,0,0,1,17.551020408163264,2.4489795918367356
2016,CLE,Ricardo Louis,WR,114,70.03,101,91,10,3.0,32,0,0,1,17.583333333333332,-14.583333333333332
2016,ATL,De'Vondre Campbell,OLB,115,69.71,104,92,12,51.0,128,0,1,9,16.836734693877553,34.16326530612245
2016,IND,Hassan Ridgeway,DT,116,72.37,81,93,-12,13.0,80,0,0,0,17.375,-4.375
2016,LA,Pharoh Cooper,WR,117,70.67,92,94,-2,6.0,75,1,1,0,16.916666666666668,-10.916666666666668
2016,NYJ,Juston Burris,CB,118,67.29,123,95,28,14.0,80,0,0,2,17.270833333333332,-3.270833333333332
2016,HOU,Tyler Ervin,RB,119,73.77,68,96,-28,2.0,43,0,0,0,17.851063829787233,-15.851063829787233
2016,CIN,Andrew Billings,NT,122,75.52,55,97,-42,33.0,109,0,0,6,15.76595744680851,17.23404255319149
2016,CHI,Deon Bush,S,124,66.73,127,98,29,8.0,103,0,0,0,15.73913043478261,-7.739130434782609
2016,KC,Demarcus Robinson,WR,126,68.92,115,99,16,27.0,161,0,0,3,15.71111111111111,11.28888888888889
2016,CHI,Deiondre' Hall,CB,127,68.58,118,100,18,2.0,23,0,0,0,16.11111111111111,-14.11111111111111
2016,ARI,Evan Boehm,C,128,65.69,137,101,36,12.0,55,0,0,1,14.911111111111111,-2.9111111111111114
2016,BAL,Willie Henry,DT,132,76.05,45,102,-57,4.0,18,0,0,0,14.311111111111112,-10.311111111111112
2016,SF,Rashard Robinson,CB,133,60.19,156,103,53,9.0,49,0,0,0,14.522727272727273,-5.522727272727273
2016,BAL,Kenneth Dixon,RB,134,78.31,33,104,-71,5.0,18,0,0,0,15.681818181818182,-10.681818181818182
2016,DAL,Dak Prescott,QB,135,76.42,43,105,-62,104.0,139,4,0,9,13.720930232558139,90.27906976744185
2016,DEN,Devontae Booker,RB,136,75.87,51,106,-55,19.0,93,0,0,0,15.857142857142858,3.1428571428571423
2016,GB,Dean Lowry,DE,137,77.45,40,107,-67,38.0,132,0,0,6,15.439024390243903,22.5609756097561
2016,BUF,Cardale Jones,QB,139,75.25,57,108,-51,0.0,1,0,0,0,16.170731707317074,-16.170731707317074
2016,TEN,Tajae Sharpe,WR,140,68.13,121,109,12,12.0,66,0,0,3,15.853658536585366,-3.8536585365853657
2016,CAR,Zack Sanchez,CB,141,66.14,131,110,21,1.0,5,0,0,0,16.325,-15.325
2016,SF,Ronald Blair,DE,142,69.23,108,111,-3,7.0,55,0,0,0,16.076923076923077,-9.076923076923077
2016,LV,DeAndre Washington,RB,143,75.72,52,112,-60,12.0,59,0,0,0,15.552631578947368,-3.552631578947368
2016,SEA,Quinton Jefferson,DT,147,66.86,125,113,12,29.0,116,0,0,4,14.81081081081081,14.18918918918919
2016,NYG,Paul Perkins,RB,149,76.5,42,114,-72,5.0,29,0,0,0,14.514285714285714,-9.514285714285714
2016,CHI,Jordan Howard,RB,150,75.95,49,115,-66,27.0,73,1,0,3,14.117647058823529,12.882352941176471
2016,WAS,Matthew Ioannidis,DT,152,66.58,128,116,12,25.0,86,0,0,3,13.882352941176471,11.117647058823529
2016,PHI,Wendell Smallwood,RB,153,71.57,83,117,-34,10.0,56,0,0,1,14.323529411764707,-4.3235294117647065
2016,CLE,Jordan Payton,WR,154,69.15,110,118,-8,0.0,4,0,0,0,14.617647058823529,-14.617647058823529
2016,BUF,Jonathan Williams,RB,156,71.5,84,119,-35,5.0,47,0,0,0,13.17142857142857,-8.17142857142857
2016,TEN,LeShaun Sims,CB,157,66.95,124,120,4,11.0,69,0,0,0,13.428571428571429,-2.428571428571429
2016,HOU,K.J. Dillon,S,159,69.13,112,121,-9,0.0,5,0,0,0,13.028571428571428,-13.028571428571428
2016,MIN,Kentrell Brothers,OLB,160,70.87,90,122,-32,4.0,51,0,0,0,12.857142857142858,-8.857142857142858
2016,KC,Kevin Hogan,QB,162,68.65,117,123,-6,2.0,9,0,0,0,12.941176470588236,-10.941176470588236
2016,GB,Trevor Davis,WR,163,66.05,132,124,8,2.0,43,0,0,0,12.941176470588236,-10.941176470588236
2016,HOU,D.J. Reader,NT,166,59.3,157,125,32,47.0,137,0,0,7,11.9375,35.0625
2016,SEA,Alex Collins,RB,171,72.53,79,126,-47,17.0,50,0,0,2,8.25,8.75
2016,CLE,Rashard Higgins,WR,172,70.18,96,127,-31,13.0,85,0,0,0,8.64516129032258,4.35483870967742
2016,LA,Temarrick Hemingway,TE,177,63.56,147,128,19,0.0,23,0,0,0,8.7,-8.7
2016,KC,D.J. White,CB,178,69.52,106,129,-23,1.0,14,0,0,0,8.666666666666666,-7.666666666666666
2016,TB,Devante Bond,OLB,183,59.19,158,130,28,4.0,34,0,0,1,6.793103448275862,-2.793103448275862
2016,NYG,Jerell Adams,TE,184,73.4,72,131,-59,2.0,30,0,0,0,6.862068965517241,-4.862068965517241
2016,WAS,Nate Sudfeld,QB,187,65.44,142,132,10,1.0,6,0,0,0,6.333333333333333,-5.333333333333333
2016,MIN,David Morgan,TE,188,69.37,107,133,-26,1.0,38,0,0,0,6.107142857142857,-5.107142857142857
2016,DAL,Anthony Brown,CB,189,72.6,78,134,-56,23.0,96,0,0,4,5.333333333333333,17.666666666666668
2016,LA,Josh Forrest,ILB,190,60.38,155,135,20,2.0,12,0,0,0,5.923076923076923,-3.9230769230769234
2016,BUF,Kolby Listenbee,WR,192,66.02,134,136,-2,,,0,0,0,6.0,-6.0
2016,CIN,Cody Core,WR,199,63.56,148,137,11,3.0,51,0,0,0,4.4,-1.4000000000000004
2016,JAX,Brandon Allen,QB,201,70.34,95,138,-43,5.0,19,0,0,0,4.153846153846154,0.8461538461538458
2016,DET,Anthony Zettel,DT,202,62.63,152,139,13,9.0,50,0,0,1,4.0,5.0
2016,KC,Dadi Nicolas,DE,203,62.64,151,140,11,1.0,11,0,0,0,4.3076923076923075,-3.3076923076923075
2016,ARI,Harlan Miller,CB,205,62.15,154,141,13,2.0,9,0,0,0,3.24,-1.2400000000000002
2016,SF,Jeff Driskel,QB,207,68.44,119,142,-23,7.0,25,0,0,0,3.04,3.96
2016,BAL,Maurice Canady,CB,209,66.01,135,143,-8,3.0,40,0,0,0,3.0,0.0
2016,SF,Kelvin Taylor,RB,211,58.35,159,144,15,,,0,0,0,3.074074074074074,-3.074074074074074
2016,SF,Aaron Burbridge,WR,213,65.2,143,145,-2,1.0,16,0,0,0,3.5714285714285716,-2.5714285714285716
2016,BUF,Kevon Seymour,CB,218,57.99,160,146,14,6.0,67,0,0,0,4.551724137931035,1.4482758620689653
2016,PIT,Travis Feeney,OLB,220,70.44,94,147,-53,,,0,0,0,4.724137931034483,-4.724137931034483
2016,MIA,Brandon Doughty,QB,223,65.5,139,148,-9,,,0,0,0,4.269230769230769,-4.269230769230769
2016,MIN,Stephen Weatherly,OLB,227,63.19,149,149,0,12.0,73,0,0,1,3.96,8.04
2016,PIT,Demarcus Ayers,WR,229,57.97,161,150,11,0.0,2,0,0,0,4.44,-4.44
2016,MIA,Thomas Duarte,TE,231,78.2,35,151,-116,0.0,1,0,0,0,4.44,-4.44
2016,WAS,Steven Daniels,ILB,232,55.06,162,152,10,,,0,0,0,4.5,-4.5
2016,NO,Daniel Lasco,RB,237,65.46,141,153,-12,0.0,10,0,0,0,4.428571428571429,-4.428571428571429
2016,PHI,Alex McCalister,DE,240,63.75,145,154,-9,,,0,0,0,4.421052631578948,-4.421052631578948
2016,NYJ,Charone Peake,WR,241,70.17,97,155,-58,1.0,31,0,0,0,4.368421052631579,-3.3684210526315788
2016,WAS,Keith Marshall,RB,242,66.27,129,156,-27,,,0,0,0,4.5,-4.5
2016,SEA,Kenny Lawler,WR,243,63.64,146,157,-11,,,0,0,0,4.5,-4.5
2016,MIN,Jayron Kearse,S,244,70.14,98,158,-60,18.0,119,0,0,4,3.7058823529411766,14.294117647058822
2016,PIT,Tyler Matakevich,OLB,246,65.5,140,159,-19,9.0,140,0,0,0,4.4375,4.5625
2016,IND,Austin Blythe,C,248,64.01,144,160,-16,33.0,92,0,0,4,2.9375,30.0625
2016,CLE,Scooby Wright III,ILB,250,74.24,64,161,-97,1.0,13,0,0,0,4.9375,-3.9375
2016,CAR,Beau Sandland,TE,252,70.1,99,162,-63,,,0,0,0,4.933333333333334,-4.933333333333334
2017,CLE,Myles Garrett,DE,1,96.52,1,1,0,104.0,134,7,5,9,36.8,67.2
2017,CHI,Mitchell Trubisky,QB,2,80.97,37,2,35,40.0,82,1,0,4,39.36,0.6400000000000006
2017,SF,Solomon Thomas,DE,3,83.95,23,3,20,21.0,131,0,0,2,38.80769230769231,-17.807692307692307
2017,JAX,Leonard Fournette,RB,4,87.67,9,4,5,38.0,81,0,0,5,39.074074074074076,-1.0740740740740762
2017,TEN,Corey Davis,WR,5,92.92,4,5,-1,31.0,78,0,0,5,38.82142857142857,-7.821428571428569
2017,NYJ,Jamal Adams,S,6,84.35,20,6,14,47.0,102,3,1,6,38.25,8.75
2017,LAC,Mike Williams,WR,7,86.17,15,7,8,38.0,106,0,0,4,38.241379310344826,-0.24137931034482563
2017,CAR,Christian McCaffrey,RB,8,95.13,2,8,-6,86.0,112,4,3,6,36.36666666666667,49.63333333333333
2017,CIN,John Ross,WR,9,87.37,10,9,1,7.0,38,0,0,1,39.41935483870968,-32.41935483870968
2017,KC,Patrick Mahomes,QB,10,87.0,11,10,1,115.0,126,6,2,8,35.8125,79.1875
2017,NO,Marshon Lattimore,CB,11,88.96,7,11,-4,43.0,108,4,0,7,37.27272727272727,5.727272727272727
2017,HOU,Deshaun Watson,QB,12,89.28,6,12,-6,58.0,73,3,0,4,36.38235294117647,21.61764705882353
2017,PHI,Derek Barnett,DE,14,82.3,30,13,17,27.0,112,0,0,3,35.44444444444444,-8.444444444444443
2017,IND,Malik Hooker,S,15,88.96,8,14,-6,26.0,112,0,0,6,35.47222222222222,-9.472222222222221
2017,BAL,Marlon Humphrey,CB,16,84.58,18,15,3,62.0,131,4,2,8,34.47222222222222,27.52777777777778
2017,WAS,Jonathan Allen,DE,17,86.53,13,16,-3,57.0,126,2,0,8,33.83783783783784,23.16216216216216
2017,TEN,Adoree' Jackson,CB,18,80.54,38,17,21,30.0,111,0,0,7,33.921052631578945,-3.921052631578945
2017,TB,O.J. Howard,TE,19,90.56,5,18,-13,13.0,72,0,0,4,34.1025641025641,-21.102564102564102
2017,DET,Jarrad Davis,LB,21,82.64,29,19,10,22.0,68,0,0,3,32.48780487804878,-10.487804878048777
2017,NYG,Evan Engram,TE,23,93.27,3,20,-17,37.0,124,2,0,8,32.13953488372093,4.860465116279073
2017,LV,Gareon Conley,CB,24,83.47,26,21,5,9.0,31,0,0,1,32.06818181818182,-23.06818181818182
2017,BUF,Tre'Davious White,CB,27,83.09,27,22,5,53.0,109,2,1,6,30.97872340425532,22.02127659574468
2017,DAL,Taco Charlton,DE,28,80.03,39,23,16,9.0,60,0,0,0,31.833333333333332,-22.833333333333332
2017,CLE,David Njoku,TE,29,84.21,21,24,-3,27.0,118,1,0,6,31.040816326530614,-4.040816326530614
2017,SF,Reuben Foster,LB,31,77.87,48,25,23,8.0,16,0,0,2,31.66,-23.66
2017,GB,Kevin King,CB,33,81.77,32,26,6,16.0,66,0,0,3,31.745098039215687,-15.745098039215687
2017,SEA,Malik McDowell,DT,35,81.68,33,27,6,6.0,15,0,0,1,31.098039215686274,-25.098039215686274
2017,ARI,Budda Baker,S,36,83.53,25,28,-3,63.0,138,8,2,8,29.901960784313726,33.09803921568627
2017,BUF,Zay Jones,WR,37,84.84,17,29,-12,25.0,123,0,0,3,31.137254901960784,-6.137254901960784
2017,NYJ,Marcus Maye,S,39,77.64,51,30,21,29.0,93,0,0,5,30.64,-1.6400000000000006
2017,CAR,Curtis Samuel,WR,40,79.3,42,31,11,30.0,111,0,0,5,29.98,0.019999999999999574
2017,MIN,Dalvin Cook,RB,41,86.14,16,32,-16,52.0,90,4,0,5,28.387755102040817,23.612244897959183
2017,NO,Marcus Williams,S,42,84.38,19,33,-14,32.0,111,0,0,8,29.0,3.0
2017,PHI,Sidney Jones,CB,43,76.12,64,34,30,12.0,60,0,0,2,27.625,-15.625
2017,LA,Gerald Everett,TE,44,86.61,12,35,-23,22.0,124,0,0,3,27.229166666666668,-5.229166666666668
2017,CHI,Adam Shaheen,TE,45,81.45,35,36,-1,4.0,55,0,0,1,26.416666666666668,-22.416666666666668
2017,IND,Quincy Wilson,CB,46,74.78,81,37,44,4.0,33,0,0,0,26.416666666666668,-22.416666666666668
2017,WAS,Ryan Anderson,OLB,49,71.66,108,38,70,6.0,57,0,0,0,24.708333333333332,-18.708333333333332
2017,TB,Justin Evans,S,50,81.23,36,39,-3,10.0,43,0,0,2,23.4375,-13.4375
2017,DEN,DeMarcus Walker,DE,51,76.04,67,40,27,24.0,101,0,0,2,22.604166666666668,1.3958333333333321
2017,CLE,DeShone Kizer,QB,52,74.29,87,41,46,6.0,18,0,0,1,23.8125,-17.8125
2017,DET,Teez Tabor,CB,53,76.47,63,42,21,5.0,39,0,0,0,23.833333333333332,-18.833333333333332
2017,MIA,Raekwon McMillan,LB,54,76.92,59,43,16,15.0,72,0,0,2,24.25,-9.25
2017,NYG,Dalvin Tomlinson,DT,55,74.73,82,44,38,50.0,142,0,0,9,23.06122448979592,26.93877551020408
2017,LV,Obi Melifonwu,S,56,83.88,24,45,-21,1.0,7,0,0,0,23.408163265306122,-22.408163265306122
2017,HOU,Zach Cunningham,LB,57,78.48,45,46,-1,36.0,106,0,0,5,22.857142857142858,13.142857142857142
2017,SEA,Ethan Pocic,C,58,77.83,50,47,3,32.0,114,0,0,5,23.08,8.920000000000002
2017,KC,Tanoh Kpassagnon,DE,59,75.17,76,48,28,21.0,108,0,0,2,23.41176470588235,-2.4117647058823515
2017,DAL,Chidobe Awuzie,CB,60,83.98,22,49,-27,28.0,108,0,0,5,22.745098039215687,5.254901960784313
2017,GB,Josh Jones,S,61,86.32,14,50,-36,11.0,70,0,0,1,23.19607843137255,-12.196078431372548
2017,PIT,JuJu Smith-Schuster,WR,62,78.04,46,51,-5,43.0,121,1,0,5,22.45098039215686,20.54901960784314
2017,CLE,Larry Ogunjobi,DT,65,77.19,57,52,5,44.0,134,0,0,7,22.442307692307693,21.557692307692307
2017,SF,Ahkello Witherspoon,CB,66,73.85,91,53,38,22.0,96,0,0,3,23.0,-1.0
2017,NO,Alvin Kamara,RB,67,78.92,43,54,-11,79.0,126,5,0,7,22.057692307692307,56.94230769230769
2017,JAX,Dawuane Smoot,DE,68,69.8,121,55,66,17.0,127,0,0,0,23.692307692307693,-6.692307692307693
2017,LA,Cooper Kupp,WR,69,77.19,58,56,2,63.0,120,1,1,7,21.615384615384617,41.38461538461539
2017,MIN,Pat Elflein,C,70,71.72,105,57,48,26.0,65,0,0,3,21.903846153846153,4.096153846153847
2017,TEN,Taywan Taylor,WR,72,81.57,34,58,-24,6.0,35,0,0,0,21.903846153846153,-15.903846153846153
2017,BAL,Chris Wormley,DE,74,75.11,77,59,18,17.0,92,0,0,3,21.076923076923077,-4.076923076923077
2017,NO,Alex Anzalone,LB,76,72.2,102,60,42,34.0,111,0,0,5,20.392156862745097,13.607843137254903
2017,CAR,Daeshon Hall,DE,77,72.78,96,61,35,1.0,13,0,0,0,20.92156862745098,-19.92156862745098
2017,NYJ,ArDarius Stewart,WR,79,75.24,75,62,13,1.0,15,0,0,0,21.46,-20.46
2017,IND,Tarell Basham,DE,80,74.44,84,63,21,13.0,82,0,0,1,21.686274509803923,-8.686274509803923
2017,WAS,Fabian Moreau,CB,81,79.96,41,64,-23,21.0,124,0,0,4,21.73076923076923,-0.73076923076923
2017,DEN,Carlos Henderson,WR,82,81.94,31,65,-34,,,0,0,0,22.51923076923077,-22.51923076923077
2017,NE,Derek Rivers,DE,83,73.84,92,66,26,4.0,24,0,0,0,22.686274509803923,-18.686274509803923
2017,TB,Chris Godwin,WR,84,82.69,28,67,-39,53.0,120,1,0,6,21.68,31.32
2017,KC,Kareem Hunt,RB,86,73.87,90,68,22,52.0,121,1,0,3,22.42,29.58
2017,NYG,Davis Webb,QB,87,72.59,98,69,29,1.0,2,0,0,0,23.56,-22.56
2017,LV,Eddie Vanderdoes,DT,88,74.24,88,70,18,5.0,19,0,0,1,22.78,-17.78
2017,HOU,D'Onta Foreman,RB,89,77.85,49,71,-22,17.0,63,0,0,1,22.52,-5.52
2017,SEA,Shaquill Griffin,DB,90,76.01,68,72,-4,30.0,108,1,0,5,21.979591836734695,8.020408163265305
2017,LA,John Johnson,S,91,76.9,60,73,-13,29.0,105,0,0,5,21.551020408163264,7.448979591836736
2017,DAL,Jourdan Lewis,CB,92,75.37,72,74,-2,26.0,127,0,0,3,21.53061224489796,4.469387755102041
2017,GB,Montravius Adams,DT,93,73.23,95,75,20,15.0,96,0,0,1,21.625,-6.625
2017,PIT,Cameron Sutton,CB,94,71.71,106,76,30,21.0,110,0,0,3,21.270833333333332,-0.27083333333333215
2017,DET,Kenny Golladay,WR,96,77.32,54,77,-23,27.0,73,1,0,4,19.877551020408163,7.122448979591837
2017,MIA,Cordrea Tankersley,CB,97,77.42,53,78,-25,4.0,19,0,0,1,20.346938775510203,-16.346938775510203
2017,PHI,Rasul Douglas,CB,99,75.06,78,79,-1,31.0,135,0,0,4,19.645833333333332,11.354166666666668
2017,TEN,Jonnu Smith,TE,100,78.75,44,80,-36,29.0,141,1,0,5,18.041666666666668,10.958333333333332
2017,DEN,Brendan Langley,CB,101,72.29,100,81,19,1.0,16,0,0,0,18.333333333333332,-17.333333333333332
2017,SEA,Nazair Jones,DT,102,69.28,124,82,42,3.0,20,0,0,0,17.666666666666668,-14.666666666666668
2017,SF,C.J. Beathard,QB,104,66.56,148,83,65,9.0,32,0,0,0,17.1875,-8.1875
2017,PIT,James Conner,RB,105,67.8,136,84,52,49.0,110,2,0,6,16.574468085106382,32.42553191489362
2017,SEA,Amara Darboh,WR,106,77.26,56,85,-29,1.0,16,0,0,0,17.291666666666668,-16.291666666666668
2017,TB,Kendell Beckwith,ILB,107,74.32,86,86,0,5.0,16,0,0,0,16.854166666666668,-11.854166666666668
2017,MIN,Jaleel Johnson,DT,109,71.1,114,87,27,16.0,86,0,0,1,15.89795918367347,0.1020408163265305
2017,JAX,Dede Westbrook,WR,110,79.97,40,88,-48,14.0,55,0,0,1,16.3265306122449,-2.3265306122448983
2017,CHI,Eddie Jackson,S,112,66.17,152,89,63,45.0,111,2,1,7,16.081632653061224,28.918367346938776
2017,LAC,Rayshawn Jenkins,S,113,71.36,111,90,21,32.0,139,0,0,6,16.102040816326532,15.897959183673468
2017,WAS,Samaje Perine,RB,114,71.32,113,91,22,26.0,125,0,0,1,17.020408163265305,8.979591836734695
2017,LA,Josh Reynolds,WR,117,75.38,71,92,-21,26.0,121,0,0,3,16.367346938775512,9.632653061224488
2017,PHI,Mack Hollins,WR,118,69.96,120,93,27,21.0,127,0,0,3,16.16,4.84
2017,CHI,Tarik Cohen,RB,119,74.17,89,94,-5,21.0,51,1,1,2,15.66,5.34
2017,MIN,Ben Gedeon,ILB,120,64.2,160,95,65,15.0,39,0,0,1,15.8,-0.8000000000000007
2017,SF,Joe Williams,RB,121,69.0,127,96,31,,,0,0,0,16.3265306122449,-16.3265306122449
2017,WAS,Montae Nicholson,S,123,58.72,174,97,77,10.0,35,0,0,1,15.73469387755102,-5.73469387755102
2017,DET,Jalen Reeves-Maybin,LB,124,65.26,157,98,59,17.0,117,1,0,1,15.183673469387756,1.816326530612244
2017,CLE,Howard Wilson,CB,126,68.42,132,99,33,,,0,0,0,15.1875,-15.1875
2017,DET,Michael Roberts,TE,127,75.28,73,100,-27,1.0,23,0,0,0,15.042553191489361,-14.042553191489361
2017,CIN,Josh Malone,WR,128,73.52,94,101,-7,1.0,26,0,0,1,15.042553191489361,-14.042553191489361
2017,NE,Deatrich Wise Jr.,DE,131,69.47,122,102,20,39.0,128,0,0,3,14.53191489361702,24.46808510638298
2017,PHI,Donnel Pumphrey,RB,132,77.51,52,103,-51,,,0,0,0,15.021739130434783,-15.021739130434783
2017,DAL,Ryan Switzer,WR,133,68.0,134,104,30,3.0,41,0,0,0,14.644444444444444,-11.644444444444444
2017,GB,Jamaal Williams,RB,134,62.97,167,105,62,33.0,117,0,0,3,13.955555555555556,19.044444444444444
2017,PIT,Joshua Dobbs,QB,135,72.29,101,106,-5,9.0,27,0,0,0,14.511111111111111,-5.511111111111111
2017,CIN,Ryan Glasgow,DT,138,68.16,133,107,26,3.0,26,0,0,0,13.555555555555555,-10.555555555555555
2017,KC,Jehu Chesson,WR,139,72.52,99,108,-9,0.0,24,0,0,0,13.666666666666666,-13.666666666666666
2017,NYG,Wayne Gallman,RB,140,69.03,126,109,17,12.0,61,0,0,1,13.622222222222222,-1.6222222222222218
2017,NYJ,Chad Hansen,WR,141,74.65,83,110,-27,3.0,20,0,0,0,13.543478260869565,-10.543478260869565
2017,HOU,Carlos Watkins,DT,142,71.06,115,111,4,20.0,90,0,0,1,12.869565217391305,7.130434782608695
2017,IND,Marlon Mack,RB,143,71.6,109,112,-3,20.0,55,0,0,2,12.844444444444445,7.155555555555555
2017,DEN,Jake Butt,TE,145,74.83,80,113,-33,1.0,8,0,0,0,12.152173913043478,-11.152173913043478
2017,SF,George Kittle,TE,146,76.79,61,114,-53,60.0,124,7,2,8,11.23913043478261,48.76086956521739
2017,CHI,Jordan Morgan,G,147,63.4,164,115,49,,,0,0,0,11.978260869565217,-11.978260869565217
2017,JAX,Blair Brown,LB,148,78.03,47,116,-69,3.0,28,0,0,0,11.74468085106383,-8.74468085106383
2017,ATL,Damontae Kazee,CB,149,67.54,138,117,21,22.0,111,0,0,4,11.104166666666666,10.895833333333334
2017,NYJ,Jordan Leggett,TE,150,75.88,69,118,-49,1.0,15,0,0,0,12.395833333333334,-11.395833333333334
2017,LAC,Desmond King,S,151,75.26,74,119,-45,27.0,108,0,1,4,11.659574468085106,15.340425531914894
2017,CAR,Corn Elder,CB,152,65.61,155,120,35,2.0,35,0,0,0,12.0,-10.0
2017,WAS,Jeremy Sprinkle,TE,154,75.73,70,121,-51,2.0,76,0,0,2,12.391304347826088,-10.391304347826088
2017,TEN,Jayon Brown,LB,155,59.23,173,122,51,26.0,74,0,0,3,11.869565217391305,14.130434782608695
2017,ATL,Brian Hill,RB,156,70.31,117,123,-6,9.0,48,0,0,0,12.152173913043478,-3.1521739130434785
2017,IND,Nate Hairston,CB,158,67.61,137,124,13,9.0,61,0,0,1,11.869565217391305,-2.8695652173913047
2017,IND,Anthony Walker,LB,161,73.67,93,125,-32,36.0,101,0,0,5,12.613636363636363,23.386363636363637
2017,TB,Jeremy McNichols,RB,162,77.27,55,126,-71,9.0,71,0,0,0,13.044444444444444,-4.044444444444444
2017,PHI,Shelton Gibson,WR,166,69.98,119,127,-8,0.0,20,0,0,0,13.608695652173912,-13.608695652173912
2017,NYG,Avery Moss,DE,167,67.04,141,128,13,4.0,22,0,0,1,13.326086956521738,-9.326086956521738
2017,LV,Marquel Lee,LB,168,66.71,145,129,16,9.0,45,0,0,1,13.311111111111112,-4.311111111111112
2017,MIN,Rodney Adams,WR,170,74.89,79,130,-51,0.0,1,0,0,0,13.511111111111111,-13.511111111111111
2017,BUF,Nathan Peterman,QB,171,72.78,97,131,-34,3.0,15,0,0,0,13.377777777777778,-10.377777777777778
2017,DEN,Isaiah McKenzie,WR,172,71.68,107,132,-25,15.0,93,0,0,2,13.409090909090908,1.5909090909090917
2017,PIT,Brian Allen,DB,173,64.22,159,133,26,1.0,20,0,0,0,13.568181818181818,-12.568181818181818
2017,ATL,Eric Saubert,TE,174,66.71,146,134,12,2.0,112,0,0,0,13.790697674418604,-11.790697674418604
2017,CIN,JJ Dielman,C,176,66.19,151,135,16,,,0,0,0,13.476190476190476,-13.476190476190476
2017,SF,Trent Taylor,WR,177,66.29,150,136,14,7.0,80,0,0,0,13.0,-6.0
2017,MIA,Davon Godchaux,DT,178,68.81,128,137,-9,49.0,137,0,0,7,12.285714285714286,36.714285714285715
2017,ARI,T.J. Logan,RB,179,66.91,143,138,5,0.0,22,0,0,0,12.317073170731707,-12.317073170731707
2017,MIN,Danny Isidora,G,180,65.23,158,139,19,4.0,31,0,0,0,12.525,-8.525
2017,NYJ,Dylan Donahue,DL,181,66.99,142,140,2,0.0,4,0,0,0,12.871794871794872,-12.871794871794872
2017,GB,Aaron Jones,RB,182,76.1,66,141,-75,67.0,126,1,0,8,10.615384615384615,56.38461538461539
2017,CLE,Caleb Brantley,DT,185,72.06,103,142,-39,2.0,20,0,0,0,11.692307692307692,-9.692307692307692
2017,BAL,Chuck Clark,DB,186,71.35,112,143,-31,31.0,123,0,0,5,10.948717948717949,20.05128205128205
2017,NYJ,Elijah McGuire,RB,188,57.9,176,144,32,6.0,24,0,0,0,11.153846153846153,-5.153846153846153
2017,LA,Tanzel Smart,DT,189,68.47,130,145,-15,4.0,41,0,0,0,11.025641025641026,-7.0256410256410255
2017,DAL,Xavier Woods,S,191,72.05,104,146,-42,38.0,134,0,0,8,9.675,28.325
2017,MIA,Vincent Taylor,DT,194,76.12,65,147,-82,5.0,40,0,0,0,9.85,-4.85
2017,BUF,Tanner Vallejo,LB,195,65.88,153,148,5,7.0,82,0,0,0,9.820512820512821,-2.820512820512821
2017,NO,Al-Quadin Muhammad,DE,196,58.27,175,149,26,20.0,110,0,0,1,9.487179487179487,10.512820512820513
2017,NYJ,Jeremy Clark,CB,197,66.66,147,150,-3,0.0,2,0,0,0,10.0,-10.0
2017,SF,D.J. Jones,DT,198,67.45,139,151,-12,45.0,125,0,0,7,8.725,36.275
2017,WAS,Chase Roullier,C,199,66.3,149,152,-3,24.0,69,0,0,4,9.487179487179487,14.512820512820513
2017,DEN,De'Angelo Henderson,RB,203,70.52,116,153,-37,0.0,8,0,0,0,10.297297297297296,-10.297297297297296
2017,DET,Jeremiah Ledbetter,DE,205,68.44,131,154,-23,5.0,53,0,0,0,10.083333333333334,-5.083333333333334
2017,ARI,Rudy Ford,S,208,67.24,140,155,-15,11.0,86,0,0,1,10.657142857142857,0.3428571428571434
2017,WAS,Robert Davis,WR,209,76.75,62,156,-94,0.0,7,0,0,0,11.294117647058824,-11.294117647058824
2017,PHI,Elijah Qualls,DT,214,74.33,85,157,-72,1.0,6,0,0,0,10.090909090909092,-9.090909090909092
2017,DET,Brad Kaaya,QB,215,66.76,144,158,-14,,,0,0,0,8.090909090909092,-8.090909090909092
2017,DAL,Marquez White,CB,216,65.47,156,159,-3,,,0,0,0,8.090909090909092,-8.090909090909092
2017,TEN,Corey Levin,OL,217,63.85,163,160,3,7.0,88,0,0,0,8.5,-1.5
2017,MIN,Stacy Coley,WR,219,70.07,118,161,-43,0.0,7,0,0,0,8.21875,-8.21875
2017,MIN,Ifeadi Odenigbo,DL,220,68.71,129,162,-33,11.0,55,0,0,1,7.875,3.125
2017,LV,Shalom Luani,S,221,61.7,171,163,8,2.0,31,0,0,0,8.225806451612904,-6.225806451612904
2017,JAX,Jalen Myrick,CB,222,65.81,154,164,-10,0.0,5,0,0,0,8.433333333333334,-8.433333333333334
2017,TB,Stevie Tu'ikolovatu,NT,223,67.89,135,165,-30,,,0,0,0,8.433333333333334,-8.433333333333334
2017,LAC,Isaac Rochell,DT,225,63.14,165,166,-1,10.0,78,0,0,0,7.068965517241379,2.931034482758621
2017,WAS,Josh Harvey-Clemons,S,230,63.99,162,167,-5,4.0,35,0,0,0,7.16,-3.16
2017,LA,Ejuan Price,DE,234,60.04,172,168,4,0.0,1,0,0,0,4.956521739130435,-4.956521739130435
2017,MIA,Isaiah Ford,WR,237,71.58,110,169,-59,5.0,32,0,0,0,4.954545454545454,0.04545454545454586
2017,DAL,Noah Brown,WR,239,69.22,125,170,-45,19.0,91,0,0,2,4.285714285714286,14.714285714285715
2017,LV,Elijah Hood,RB,242,64.07,161,171,-10,0.0,1,0,0,0,5.157894736842105,-5.157894736842105
2017,HOU,Kyle Fuller,C,243,62.91,168,172,-4,7.0,51,0,0,0,4.7894736842105265,2.2105263157894735
2017,LV,Treyvon Hester,DT,244,62.98,166,173,-7,3.0,41,0,0,0,5.0,-2.0
2017,MIN,Jack Tocho,CB,245,61.72,170,174,-4,,,0,0,0,5.157894736842105,-5.157894736842105
2017,GB,Malachi Dupre,WR,247,69.42,123,175,-52,0.0,1,0,0,0,5.388888888888889,-5.388888888888889
2017,SEA,Chris Carson,RB,249,62.11,169,176,-7,29.0,49,0,0,3,4.25,24.75
2018,CLE,Baker Mayfield,QB,1,85.74,14,1,13,80.0,123,2,0,7,44.11538461538461,35.88461538461539
2018,NYG,Saquon Barkley,RB,2,94.75,1,2,-1,65.0,106,3,1,7,44.44444444444444,20.555555555555557
2018,NYJ,Sam Darnold,QB,3,80.39,33,3,30,49.0,100,2,0,6,45.17857142857143,3.8214285714285694
2018,CLE,Denzel Ward,CB,4,90.91,4,4,0,49.0,110,5,0,8,45.17857142857143,3.8214285714285694
2018,DEN,Bradley Chubb,DE,5,86.19,12,5,7,41.0,90,2,0,4,45.44827586206897,-4.448275862068968
2018,IND,Quenton Nelson,G,6,90.59,5,6,-1,79.0,129,8,3,8,43.266666666666666,35.733333333333334
2018,BUF,Josh Allen,QB,7,78.42,47,7,40,111.0,128,4,0,8,42.2,68.8
2018,ARI,Josh Rosen,QB,10,74.64,73,8,65,3.0,24,0,0,1,45.21875,-42.21875
2018,MIA,Minkah Fitzpatrick,S,11,88.21,11,9,2,61.0,120,5,3,7,42.42424242424242,18.575757575757578
2018,TB,Vita Vea,DT,12,84.59,18,10,8,51.0,112,2,0,6,41.794117647058826,9.205882352941174
2018,WAS,Daron Payne,DT,13,84.37,20,11,9,53.0,130,1,0,8,40.77142857142857,12.228571428571428
2018,NO,Marcus Davenport,DE,14,81.95,25,12,13,22.0,77,0,0,2,41.65714285714286,-19.65714285714286
2018,BUF,Tremaine Edmunds,ILB,16,89.97,7,13,-6,62.0,119,2,0,8,40.55555555555556,21.444444444444443
2018,LAC,Derwin James,S,17,92.96,3,14,-11,46.0,98,5,1,6,40.91891891891892,5.081081081081081
2018,GB,Jaire Alexander,CB,18,89.0,10,15,-5,34.0,80,2,0,5,41.24324324324324,-7.243243243243242
2018,DET,Frank Ragnow,C,20,89.82,8,16,-8,51.0,96,4,0,6,40.026315789473685,10.973684210526315
2018,CIN,Billy Price,C,21,79.04,39,17,22,18.0,69,0,0,3,40.07692307692308,-22.07692307692308
2018,NE,Isaiah Wynn,T,23,80.76,31,18,13,23.0,56,0,0,3,40.170731707317074,-17.170731707317074
2018,CAR,D.J. Moore,WR,24,82.53,23,19,4,61.0,131,0,0,8,38.38095238095238,22.61904761904762
2018,BAL,Hayden Hurst,TE,25,78.24,48,20,28,17.0,88,0,0,1,39.42857142857143,-22.42857142857143
2018,ATL,Calvin Ridley,WR,26,81.45,28,21,7,41.0,90,0,0,4,38.372093023255815,2.6279069767441854
2018,SEA,Rashaad Penny,RB,27,83.15,22,22,0,13.0,45,0,0,0,38.18181818181818,-25.18181818181818
2018,PIT,Terrell Edmunds,S,28,81.9,26,23,3,27.0,102,0,0,5,37.266666666666666,-10.266666666666666
2018,JAX,Taven Bryan,DT,29,78.48,46,24,22,22.0,118,0,0,4,37.02173913043478,-15.021739130434781
2018,MIN,Mike Hughes,CB,30,75.9,63,25,38,17.0,99,0,0,2,37.130434782608695,-20.130434782608695
2018,NE,Sony Michel,RB,31,80.19,34,26,8,21.0,65,0,0,2,36.97872340425532,-15.97872340425532
2018,BAL,Lamar Jackson,QB,32,85.43,15,27,-12,110.0,116,4,3,7,34.625,75.375
2018,NYG,Will Hernandez,G,34,89.42,9,28,-19,38.0,104,0,0,5,35.191489361702125,2.808510638297875
2018,CLE,Nick Chubb,RB,35,84.31,21,29,-8,49.0,100,4,0,6,33.680851063829785,15.319148936170215
2018,IND,Braden Smith,G,37,79.92,35,30,5,45.0,107,0,0,8,33.191489361702125,11.808510638297875
2018,TB,Ronald Jones II,RB,38,80.81,30,31,-1,18.0,61,0,0,2,34.638297872340424,-16.638297872340424
2018,DEN,Courtland Sutton,WR,40,84.79,17,32,-15,45.0,115,2,0,6,30.829787234042552,14.170212765957448
2018,MIA,Mike Gesicki,TE,42,93.62,2,33,-31,28.0,128,0,0,2,31.354166666666668,-3.354166666666668
2018,DET,Kerryon Johnson,RB,43,78.51,45,34,11,11.0,35,0,0,1,32.4375,-21.4375
2018,SF,Dante Pettis,WR,44,76.29,59,35,24,11.0,66,0,0,0,31.375,-20.375
2018,GB,Josh Jackson,CB,45,81.02,29,36,-7,8.0,49,0,0,0,31.208333333333332,-23.208333333333332
2018,ARI,Christian Kirk,WR,47,76.89,55,37,18,42.0,106,0,0,7,29.617021276595743,12.382978723404257
2018,PHI,Dallas Goedert,TE,49,90.19,6,38,-32,38.0,108,0,0,8,29.02127659574468,8.97872340425532
2018,CHI,Anthony Miller,WR,51,85.93,13,39,-26,12.0,52,0,0,2,28.76086956521739,-16.76086956521739
2018,TB,M.J. Stewart,CB,53,74.81,70,40,30,9.0,99,0,0,0,28.369565217391305,-19.369565217391305
2018,CIN,Jessie Bates III,S,54,79.35,37,41,-4,55.0,130,1,0,8,28.08695652173913,26.91304347826087
2018,CAR,Donte Jackson,CB,55,76.37,58,42,16,34.0,112,0,0,8,28.543478260869566,5.456521739130434
2018,NE,Duke Dawson,CB,56,77.85,51,43,8,3.0,26,0,0,0,29.355555555555554,-26.355555555555554
2018,ATL,Isaiah Oliver,CB,58,79.69,36,44,-8,18.0,110,0,0,2,28.0,-10.0
2018,WAS,Derrius Guice,RB,59,78.56,44,45,-1,2.0,5,0,0,0,27.772727272727273,-25.772727272727273
2018,PIT,James Washington,WR,60,80.69,32,46,-14,11.0,62,0,0,2,27.906976744186046,-16.906976744186046
2018,JAX,DJ Chark,WR,61,78.61,43,47,-4,21.0,76,1,0,4,27.53488372093023,-6.534883720930232
2018,TB,Carlton Davis,CB,63,75.28,66,48,18,34.0,106,0,0,7,27.609756097560975,6.390243902439025
2018,IND,Tyquan Lewis,DE,64,75.95,62,49,13,13.0,88,0,0,0,28.463414634146343,-15.463414634146343
2018,CLE,Chad Thomas,DE,67,65.62,132,50,82,5.0,20,0,0,0,25.80952380952381,-20.80952380952381
2018,HOU,Justin Reid,S,68,84.45,19,51,-32,34.0,121,0,0,8,24.071428571428573,9.928571428571427
2018,NYG,B.J. Hill,DT,69,79.13,38,52,-14,37.0,129,0,0,6,23.627906976744185,13.372093023255815
2018,SF,Fred Warner,OLB,70,72.69,89,53,36,82.0,121,4,4,7,21.72093023255814,60.27906976744186
2018,DEN,Royce Freeman,RB,71,81.54,27,54,-27,13.0,79,0,0,0,23.069767441860463,-10.069767441860463
2018,NYJ,Nathan Shepherd,DT,72,78.23,50,55,-5,25.0,122,0,0,2,22.84090909090909,2.15909090909091
2018,MIA,Jerome Baker,OLB,73,78.24,49,56,-7,39.0,121,0,0,6,21.613636363636363,17.386363636363637
2018,KC,Derrick Nnadi,DT,75,70.54,105,57,48,38.0,130,0,0,6,21.377777777777776,16.622222222222224
2018,PIT,Mason Rudolph,QB,76,74.8,71,58,13,10.0,34,0,0,1,21.755555555555556,-11.755555555555556
2018,CIN,Sam Hubbard,DE,77,73.95,80,59,21,40.0,104,0,0,6,20.977777777777778,19.022222222222222
2018,CIN,Malik Jefferson,OLB,78,75.2,67,60,7,3.0,38,0,0,0,21.644444444444446,-18.644444444444446
2018,DAL,Michael Gallup,WR,81,78.77,41,61,-20,30.0,86,0,0,5,19.78723404255319,10.212765957446809
2018,DET,Tracy Walker,S,82,70.05,108,62,46,13.0,79,0,0,2,19.680851063829788,-6.680851063829788
2018,LAC,Justin Jones,DT,84,67.74,120,63,57,30.0,88,0,0,5,19.170212765957448,10.829787234042552
2018,BAL,Mark Andrews,TE,86,78.73,42,64,-22,51.0,121,3,1,4,19.041666666666668,31.958333333333332
2018,ATL,Deadrin Senat,DT,90,76.45,57,65,-8,4.0,37,0,0,0,19.833333333333332,-15.833333333333332
2018,NO,Tre'Quan Smith,WR,91,76.98,54,66,-12,15.0,67,0,0,3,19.4375,-4.4375
2018,JAX,Ronnie Harrison,S,93,78.87,40,67,-27,21.0,94,0,0,3,19.458333333333332,1.5416666666666679
2018,BUF,Harrison Phillips,DT,96,85.11,16,68,-52,35.0,113,0,0,4,18.804347826086957,16.195652173913043
2018,ARI,Mason Cole,C,97,72.8,88,69,19,25.0,94,0,0,4,19.155555555555555,5.844444444444445
2018,HOU,Jordan Akins,TE,98,66.96,125,70,55,16.0,107,0,0,1,19.355555555555554,-3.3555555555555543
2018,DEN,Isaac Yiadom,CB,99,69.44,112,71,41,16.0,118,0,0,2,19.065217391304348,-3.0652173913043477
2018,KC,Dorian O'Daniel,OLB,100,76.73,56,72,-16,5.0,58,0,0,0,19.195652173913043,-14.195652173913043
2018,CAR,Ian Thomas,TE,101,73.3,85,73,12,8.0,114,0,0,3,18.391304347826086,-10.391304347826086
2018,MIN,Jalyn Holmes,DE,102,70.76,102,74,28,8.0,65,0,0,0,18.043478260869566,-10.043478260869566
2018,HOU,Keke Coutee,WR,103,75.96,61,75,-14,7.0,33,0,0,0,17.108695652173914,-10.108695652173914
2018,IND,Nyheim Hines,RB,104,70.82,101,76,25,25.0,85,0,0,0,16.8,8.2
2018,CLE,Antonio Callaway,WR,105,71.03,99,77,22,5.0,25,0,0,1,17.355555555555554,-12.355555555555554
2018,DEN,Josey Jewell,ILB,106,70.67,103,78,25,32.0,90,0,0,5,16.25,15.75
2018,NYJ,Chris Herndon,TE,107,73.36,83,79,4,6.0,49,0,0,2,16.488888888888887,-10.488888888888887
2018,NYG,Kyle Lauletta,QB,108,71.61,97,80,17,0.0,2,0,0,0,16.022222222222222,-16.022222222222222
2018,WAS,Troy Apke,S,109,66.47,128,81,47,6.0,52,0,0,1,15.755555555555556,-9.755555555555556
2018,LV,Nick Nelson,CB,110,72.04,91,82,9,1.0,12,0,0,0,15.577777777777778,-14.577777777777778
2018,LA,Brian Allen,C,111,67.96,118,83,35,16.0,50,0,0,2,15.522727272727273,0.4772727272727266
2018,CIN,Mark Walton,RB,112,66.57,127,84,43,3.0,21,0,0,0,15.818181818181818,-12.818181818181818
2018,DEN,DaeSean Hamilton,WR,113,71.96,92,85,7,6.0,46,0,0,0,15.75,-9.75
2018,DET,Da'Shawn Hand,DE,114,66.82,126,86,40,16.0,77,0,0,2,15.272727272727273,0.7272727272727266
2018,CHI,Joel Iyiegbuniwe,LB,115,69.39,113,87,26,5.0,65,0,0,0,15.409090909090908,-10.409090909090908
2018,TB,Jordan Whitehead,S,117,65.34,133,88,45,32.0,105,0,0,7,14.25,17.75
2018,BAL,Anthony Averett,CB,118,69.01,116,89,27,11.0,51,0,0,1,14.727272727272727,-3.7272727272727266
2018,LAC,Kyzir White,S,119,74.79,72,90,-18,31.0,93,0,0,4,13.227272727272727,17.772727272727273
2018,SEA,Will Dissly,TE,120,64.81,137,91,46,16.0,96,0,0,5,13.568181818181818,2.4318181818181817
2018,BUF,Taron Johnson,CB,121,65.21,134,92,42,36.0,113,0,0,6,13.113636363636363,22.886363636363637
2018,MIA,Durham Smythe,TE,123,64.47,139,93,46,10.0,129,0,0,5,13.909090909090908,-3.9090909090909083
2018,KC,Armani Watts,S,124,77.69,52,94,-42,3.0,53,0,0,0,13.75,-10.75
2018,PHI,Avonte Maddox,CB,125,74.96,68,95,-27,17.0,95,0,0,1,13.577777777777778,3.4222222222222225
2018,MIA,Kalen Ballage,RB,131,62.64,144,96,48,6.0,52,0,0,1,12.674418604651162,-6.674418604651162
2018,BAL,Jaleel Scott,WR,132,69.2,115,97,18,0.0,4,0,0,0,12.465116279069768,-12.465116279069768
2018,GB,J'Mon Moore,WR,133,74.33,75,98,-23,0.0,12,0,0,0,12.642857142857142,-12.642857142857142
2018,ARI,Chase Edmonds,RB,134,74.1,78,99,-21,21.0,86,0,0,1,12.880952380952381,8.119047619047619
2018,LA,John Franklin-Myers,DE,135,71.96,93,100,-7,38.0,114,0,0,5,12.585365853658537,25.414634146341463
2018,DAL,Dalton Schultz,TE,137,67.43,123,101,22,30.0,124,0,0,4,12.5,17.5
2018,NYG,R.J. McIntosh,DT,139,70.25,107,102,5,1.0,18,0,0,0,12.6,-11.6
2018,LV,Maurice Hurst Jr.,DT,140,82.14,24,103,-79,11.0,65,0,0,1,12.512820512820513,-1.5128205128205128
2018,SEA,Shaquem Griffin,OLB,141,77.25,53,104,-51,4.0,46,0,0,0,13.026315789473685,-9.026315789473685
2018,SF,D.J. Reed,CB,142,74.9,69,105,-36,27.0,112,0,0,6,13.026315789473685,13.973684210526315
2018,SEA,Tre Flowers,S,146,73.13,86,106,-20,19.0,98,0,0,2,12.945945945945946,6.054054054054054
2018,LA,Micah Kiser,ILB,147,74.27,76,107,-31,8.0,36,0,0,0,12.864864864864865,-4.864864864864865
2018,PIT,Marcus Allen,S,148,66.4,129,108,21,6.0,48,0,0,0,13.13888888888889,-7.138888888888889
2018,CIN,Davontae Harris,CB,151,70.45,106,109,-3,5.0,42,0,0,0,12.676470588235293,-7.6764705882352935
2018,LAC,Scott Quessenberry,C,155,75.75,64,110,-46,13.0,79,0,0,2,10.852941176470589,2.1470588235294112
2018,DEN,Troy Fumagalli,TE,156,65.0,136,111,25,1.0,19,0,0,0,11.242424242424242,-10.242424242424242
2018,MIN,Tyler Conklin,TE,157,70.59,104,112,-8,20.0,127,0,0,4,10.90625,9.09375
2018,BAL,Jordan Lasley,WR,162,71.94,94,113,-19,,,0,0,0,11.424242424242424,-11.424242424242424
2018,WAS,Tim Settle,DT,163,65.15,135,114,21,20.0,124,0,0,1,10.818181818181818,9.181818181818182
2018,NO,Natrell Jamerson,S,164,63.18,142,115,27,1.0,21,0,0,0,11.5625,-10.5625
2018,BUF,Wyatt Teller,G,166,76.29,60,116,-56,39.0,109,3,0,7,10.741935483870968,28.258064516129032
2018,IND,Jordan Wilkins,RB,169,69.86,110,117,-7,8.0,54,0,0,0,10.2,-2.1999999999999993
2018,CIN,Darius Phillips,CB,170,66.36,130,118,12,7.0,56,0,0,1,9.233333333333333,-2.2333333333333325
2018,DAL,Mike White,QB,171,68.02,117,119,-2,5.0,15,0,0,0,9.0,-4.0
2018,GB,Marquez Valdes-Scantling,WR,174,73.02,87,120,-33,29.0,116,0,0,5,8.535714285714286,20.464285714285715
2018,LA,John Kelly,RB,176,60.27,148,121,27,1.0,15,0,0,0,8.931034482758621,-7.931034482758621
2018,HOU,Duke Ejiofor,DE,177,72.05,90,122,-32,1.0,12,0,0,0,8.931034482758621,-7.931034482758621
2018,NE,Christian Sam,ILB,178,67.92,119,123,-4,,,0,0,0,9.033333333333333,-9.033333333333333
2018,NYJ,Parry Nickerson,CB,179,74.01,79,124,-45,2.0,35,0,0,0,8.4,-6.4
2018,SF,Marcell Harris,S,184,60.33,147,125,22,14.0,63,0,0,0,8.035714285714286,5.9642857142857135
2018,IND,Deon Cain,WR,185,73.86,82,126,-44,1.0,15,0,0,0,8.241379310344827,-7.241379310344827
2018,BUF,Ray-Ray McCloud,WR,187,50.91,155,127,28,14.0,100,0,0,1,7.533333333333333,6.466666666666667
2018,BAL,DeShon Elliott,S,190,75.41,65,128,-63,25.0,77,0,0,4,6.703703703703703,18.296296296296298
2018,LAC,Dylan Cantrell,WR,191,69.31,114,129,-15,,,0,0,0,7.62962962962963,-7.62962962962963
2018,KC,Kahlil McKenzie,DT,198,56.51,152,130,22,1.0,12,0,0,0,7.1923076923076925,-6.1923076923076925
2018,TEN,Luke Falk,QB,199,70.85,100,131,-31,1.0,3,0,0,0,5.92,-4.92
2018,TB,Jack Cichy,ILB,202,73.91,81,132,-51,0.0,16,0,0,0,5.653846153846154,-5.653846153846154
2018,JAX,Tanner Lee,QB,203,55.4,154,133,21,,,0,0,0,5.6,-5.6
2018,GB,Equanimeous St. Brown,WR,207,73.36,84,134,-50,8.0,62,0,0,2,4.166666666666667,3.833333333333333
2018,DAL,Cedrick Wilson Jr.,WR,208,74.17,77,135,-58,11.0,93,0,0,0,4.4,6.6
2018,NE,Braxton Berrios,WR,210,67.1,124,136,-12,11.0,91,0,1,0,4.48,6.52
2018,HOU,Jordan Thomas,TE,211,60.54,146,137,9,2.0,27,0,0,1,5.041666666666667,-3.041666666666667
2018,MIN,Colby Gossett,G,213,69.72,111,138,-27,4.0,36,0,0,0,5.375,-1.375
2018,DEN,Keishawn Bierria,ILB,217,58.99,151,139,12,1.0,21,0,0,0,4.916666666666667,-3.916666666666667
2018,NE,Danny Etling,QB,219,63.28,141,140,1,,,0,0,0,5.32,-5.32
2018,CHI,Javon Wims,WR,224,60.97,145,141,4,1.0,34,0,0,0,4.0,-3.0
2018,LV,Marcell Ateman,WR,228,71.73,96,142,-46,2.0,19,0,0,0,3.96,-1.96
2018,GB,James Looney,DE,232,71.88,95,143,-48,0.0,3,0,0,0,4.304347826086956,-4.304347826086956
2018,CAR,Andre Smith,ILB,234,69.99,109,144,-35,6.0,62,0,0,0,4.043478260869565,1.9565217391304346
2018,DAL,Bo Scarbrough,RB,236,59.08,150,145,5,2.0,7,0,0,0,4.619047619047619,-2.6190476190476186
2018,SF,Richie James,WR,240,71.13,98,146,-48,13.0,66,0,0,1,3.9,9.1
2018,WAS,Greg Stroman,CB,241,56.2,153,147,6,4.0,33,0,0,0,4.0,0.0
2018,CAR,Kendrick Norton,DT,242,65.83,131,148,-17,,,0,0,0,4.2105263157894735,-4.2105263157894735
2018,NO,Will Clapp,C,245,64.72,138,149,-11,12.0,66,0,0,1,3.235294117647059,8.764705882352942
2018,CIN,Logan Woodside,QB,249,67.53,121,150,-29,0.0,13,0,0,0,3.9375,-3.9375
2018,NE,Ryan Izzo,TE,250,59.48,149,151,-2,3.0,19,0,0,1,3.933333333333333,-0.9333333333333331
2018,LAC,Justin Jackson,RB,251,74.5,74,152,-78,12.0,59,0,0,0,3.3333333333333335,8.666666666666666
2018,CIN,Rod Taylor,G,252,63.86,140,153,-13,,,0,0,0,4.428571428571429,-4.428571428571429
2018,CIN,Auden Tate,WR,253,62.94,143,154,-11,5.0,35,0,0,1,4.071428571428571,0.9285714285714288
2018,WAS,Trey Quinn,WR,256,67.48,122,155,-33,2.0,16,0,0,0,4.285714285714286,-2.2857142857142856
2019,ARI,Kyler Murray,QB,1,93.35,4,1,3,71.0,87,2,0,5,33.84615384615385,37.15384615384615
2019,SF,Nick Bosa,DE,2,89.48,6,2,4,58.0,85,5,1,5,33.7037037037037,24.296296296296298
2019,NYJ,Quinnen Williams,DT,3,94.17,2,3,-1,57.0,105,4,1,6,34.035714285714285,22.964285714285715
2019,LV,Clelin Ferrell,DE,4,84.29,21,4,17,24.0,98,0,0,4,35.793103448275865,-11.793103448275865
2019,TB,Devin White,LB,5,96.38,1,5,-4,51.0,100,1,0,6,33.96666666666667,17.03333333333333
2019,NYG,Daniel Jones,QB,6,76.88,63,6,57,52.0,83,0,0,6,33.93333333333333,18.06666666666667
2019,DET,T.J. Hockenson,TE,8,86.76,15,7,8,33.0,97,2,0,4,33.5,-0.5
2019,BUF,Ed Oliver,DT,9,90.91,5,8,-3,43.0,95,0,0,5,33.09090909090909,9.909090909090907
2019,PIT,Devin Bush Jr.,LB,10,93.5,3,9,-6,37.0,98,0,0,4,32.705882352941174,4.294117647058826
2019,MIA,Christian Wilkins,DT,13,86.4,16,10,6,35.0,86,0,0,5,32.4054054054054,2.5945945945945965
2019,ATL,Chris Lindstrom,G,14,79.51,44,11,33,49.0,105,4,0,6,31.394736842105264,17.605263157894736
2019,WAS,Dwayne Haskins,QB,15,73.85,97,12,85,4.0,16,0,0,0,31.794871794871796,-27.794871794871796
2019,NYG,Dexter Lawrence,DT,17,88.93,8,13,-5,55.0,109,3,0,6,30.6,24.4
2019,MIN,Garrett Bradbury,C,18,87.03,14,14,0,41.0,105,0,0,7,30.414634146341463,10.585365853658537
2019,DEN,Noah Fant,TE,20,88.93,9,15,-6,26.0,110,0,0,5,31.209302325581394,-5.209302325581394
2019,GB,Darnell Savage Jr.,S,21,81.55,33,16,17,24.0,97,0,0,6,31.318181818181817,-7.318181818181817
2019,PHI,Andre Dillard,T,22,86.14,17,17,0,12.0,69,0,0,1,31.133333333333333,-19.133333333333333
2019,HOU,Tytus Howard,T,23,81.08,36,18,18,36.0,93,0,0,6,30.32608695652174,5.673913043478262
2019,LV,Josh Jacobs,RB,24,78.14,54,19,35,57.0,105,3,1,7,29.72340425531915,27.27659574468085
2019,BAL,Marquise Brown,WR,25,84.97,20,20,0,39.0,90,0,0,4,29.520833333333332,9.479166666666668
2019,LV,Johnathan Abram,S,27,81.3,35,21,14,13.0,55,0,0,2,29.14,-16.14
2019,LAC,Jerry Tillery,DT,28,84.25,22,22,0,26.0,113,0,0,2,28.568627450980394,-2.5686274509803937
2019,SEA,L.J. Collier,DE,29,69.41,135,23,112,16.0,67,0,0,2,28.692307692307693,-12.692307692307693
2019,NYG,Deandre Baker,CB,30,81.35,34,24,10,6.0,26,0,0,1,28.41509433962264,-22.41509433962264
2019,ATL,Kaleb McGary,T,31,78.11,55,25,30,39.0,93,0,0,6,27.72222222222222,11.277777777777779
2019,NE,N'Keal Harry,WR,32,82.19,31,26,5,7.0,49,0,0,1,28.836363636363636,-21.836363636363636
2019,ARI,Byron Murphy,CB,33,82.52,26,27,-1,40.0,104,1,0,6,28.660714285714285,11.339285714285715
2019,IND,Rock Ya-Sin,CB,34,74.34,85,28,57,17.0,96,0,0,1,28.428571428571427,-11.428571428571427
2019,JAX,Jawaan Taylor,T,35,82.29,29,29,0,42.0,111,0,0,7,26.946428571428573,15.053571428571427
2019,SF,Deebo Samuel,WR,36,85.51,18,30,-12,52.0,97,1,1,6,26.21818181818182,25.78181818181818
2019,CAR,Greg Little,T,37,75.02,79,31,48,8.0,31,0,0,0,26.70909090909091,-18.70909090909091
2019,TB,Sean Murphy-Bunting,CB,39,82.47,28,32,-4,24.0,82,0,0,3,25.418181818181818,-1.418181818181818
2019,LV,Trayvon Mullen,CB,40,77.12,60,33,27,11.0,46,0,0,2,26.0,-15.0
2019,DEN,Dalton Risner,T,41,88.96,7,34,-27,30.0,101,0,0,6,25.946428571428573,4.053571428571427
2019,DEN,Drew Lock,QB,42,75.86,72,35,37,14.0,41,0,0,1,26.160714285714285,-12.160714285714285
2019,DET,Jahlani Tavai,LB,43,73.68,101,36,65,34.0,107,0,0,4,25.160714285714285,8.839285714285715
2019,GB,Elgton Jenkins,C,44,83.59,24,37,-13,48.0,96,2,0,6,25.36842105263158,22.63157894736842
2019,NE,Joejuan Williams,CB,45,79.11,46,38,8,3.0,42,0,0,0,26.157894736842106,-23.157894736842106
2019,CLE,Greedy Williams,CB,46,87.19,12,39,-27,8.0,39,0,0,1,25.736842105263158,-17.736842105263158
2019,SEA,Marquise Blair,S,47,77.25,58,40,18,2.0,26,0,0,0,25.105263157894736,-23.105263157894736
2019,NO,Erik McCoy,C,48,80.55,39,41,-2,35.0,88,2,0,5,24.789473684210527,10.210526315789473
2019,MIN,Irv Smith Jr.,TE,50,79.21,45,42,3,9.0,54,0,0,0,24.637931034482758,-15.637931034482758
2019,TEN,A.J. Brown,WR,51,87.66,10,43,-33,73.0,105,3,0,7,22.879310344827587,50.12068965517241
2019,CIN,Drew Sample,TE,52,74.24,87,44,43,7.0,95,0,0,4,23.89830508474576,-16.89830508474576
2019,PHI,Miles Sanders,RB,53,76.43,65,45,20,34.0,88,1,0,4,23.396551724137932,10.603448275862068
2019,HOU,Lonnie Johnson Jr.,CB,54,78.66,50,46,4,11.0,92,0,0,0,23.379310344827587,-12.379310344827587
2019,HOU,Max Scharping,T,55,82.23,30,47,-17,18.0,81,0,0,3,23.32758620689655,-5.327586206896552
2019,KC,Mecole Hardman,WR,56,75.47,73,48,25,23.0,82,1,0,0,23.103448275862068,-0.10344827586206762
2019,PHI,JJ Arcega-Whiteside,WR,57,79.07,47,49,-2,2.0,40,0,0,0,23.155172413793103,-21.155172413793103
2019,DAL,Trysten Hill,DT,58,73.12,106,50,56,5.0,34,0,0,0,23.06896551724138,-18.06896551724138
2019,IND,Parris Campbell,WR,59,87.13,13,51,-38,9.0,50,0,0,1,23.16949152542373,-14.16949152542373
2019,LAC,Nasir Adderley,S,60,80.45,40,52,-12,13.0,50,0,0,3,23.084745762711865,-10.084745762711865
2019,LA,Taylor Rapp,S,61,76.31,67,53,14,25.0,93,0,0,4,22.54237288135593,2.4576271186440692
2019,ARI,Andy Isabella,WR,62,83.1,25,54,-29,4.0,43,0,0,0,23.084745762711865,-19.084745762711865
2019,KC,Juan Thornhill,S,63,87.31,11,55,-44,24.0,97,0,0,5,23.03448275862069,0.9655172413793096
2019,SEA,D.K. Metcalf,WR,64,80.98,37,56,-19,57.0,112,2,0,7,22.224137931034484,34.775862068965516
2019,ARI,Zach Allen,DE,65,72.48,112,57,55,52.0,95,1,1,6,22.310344827586206,29.689655172413794
2019,PIT,Diontae Johnson,WR,66,72.46,113,58,55,35.0,89,1,0,5,22.29824561403509,12.701754385964911
2019,SF,Jalen Hurd,WR,67,74.36,84,59,25,,,0,0,0,23.017857142857142,-23.017857142857142
2019,JAX,Josh Oliver,TE,69,78.87,49,60,-11,7.0,82,0,0,3,21.303571428571427,-14.303571428571427
2019,LA,Darrell Henderson,RB,70,82.51,27,61,-34,15.0,54,0,0,1,21.392857142857142,-6.392857142857142
2019,DEN,Dre'Mont Jones,DT,71,74.82,81,62,19,33.0,108,0,0,5,20.70175438596491,12.298245614035089
2019,CIN,Germaine Pratt,LB,72,76.93,62,63,-1,45.0,112,0,0,7,20.105263157894736,24.894736842105264
2019,CHI,David Montgomery,RB,73,72.32,114,64,50,49.0,105,0,0,5,20.31578947368421,28.68421052631579
2019,BUF,Devin Singletary,RB,74,72.27,115,65,50,39.0,110,0,0,5,20.321428571428573,18.678571428571427
2019,GB,Jace Sternberger,TE,75,76.15,68,66,2,1.0,18,0,0,0,21.053571428571427,-20.053571428571427
2019,WAS,Terry McLaurin,WR,76,79.03,48,67,-19,51.0,107,2,0,7,20.035714285714285,30.964285714285715
2019,MIA,Michael Deiter,G,78,71.84,121,68,53,16.0,92,0,0,2,20.327272727272728,-4.327272727272728
2019,LA,David Long,CB,79,67.83,147,69,78,7.0,80,0,0,0,20.454545454545453,-13.454545454545453
2019,CLE,Sione Takitaki,LB,80,72.04,119,70,49,19.0,86,0,0,1,20.2,-1.1999999999999993
2019,DET,Will Harris,S,81,67.77,148,71,77,18.0,103,0,0,4,19.89090909090909,-1.8909090909090907
2019,TEN,Nate Davis,G,82,73.31,105,72,33,27.0,71,0,0,5,19.410714285714285,7.589285714285715
2019,PIT,Justin Layne,CB,83,77.89,56,73,-17,3.0,52,0,0,0,20.036363636363635,-17.036363636363635
2019,KC,Khalen Saunders,DT,84,77.1,61,74,-13,17.0,77,0,0,1,18.89090909090909,-1.8909090909090907
2019,HOU,Kahale Warring,TE,86,74.24,88,75,13,0.0,9,0,0,0,18.98181818181818,-18.98181818181818
2019,NE,Damien Harris,RB,87,70.92,127,76,51,16.0,44,0,0,3,18.563636363636363,-2.5636363636363626
2019,SEA,Cody Barton,LB,88,78.43,53,77,-24,28.0,112,0,0,4,18.01818181818182,9.98181818181818
2019,IND,Bobby Okereke,LB,89,74.07,92,78,14,39.0,110,0,0,7,17.4,21.6
2019,DAL,Connor McGovern,G,90,78.53,52,79,-27,37.0,94,1,0,4,17.545454545454547,19.454545454545453
2019,LAC,Trey Pipkins,T,91,75.18,74,80,-6,33.0,97,0,0,3,18.01818181818182,14.98181818181818
2019,NYJ,Chuma Edoga,T,92,73.7,100,81,19,12.0,62,0,0,0,18.345454545454544,-6.345454545454544
2019,BAL,Miles Boykin,WR,93,80.39,41,82,-41,6.0,73,0,0,2,18.254545454545454,-12.254545454545454
2019,TB,Jamel Dean,CB,94,81.66,32,83,-51,27.0,96,0,0,5,17.436363636363637,9.563636363636363
2019,BUF,Dawson Knox,TE,96,72.12,117,84,33,25.0,102,1,0,7,17.78181818181818,7.218181818181819
2019,LA,Bobby Evans,T,97,74.13,90,85,5,7.0,35,0,0,0,17.09090909090909,-10.09090909090909
2019,CAR,Will Grier,QB,100,74.53,82,86,-4,1.0,2,0,0,0,16.81132075471698,-15.81132075471698
2019,NE,Yodny Cajuste,T,101,73.95,94,87,7,4.0,17,0,0,0,16.555555555555557,-12.555555555555557
2019,MIN,Alexander Mattison,RB,102,71.87,120,88,32,21.0,89,0,0,1,16.462962962962962,4.537037037037038
2019,ARI,Hakeem Butler,WR,103,80.16,42,89,-47,0.0,2,0,0,0,16.75925925925926,-16.75925925925926
2019,CIN,Ryan Finley,QB,104,72.96,109,90,19,2.0,8,0,0,0,16.41509433962264,-14.415094339622641
2019,NO,C.J. Gardner-Johnson,S,105,80.89,38,91,-53,27.0,87,0,0,4,15.339622641509434,11.660377358490566
2019,TB,Anthony Nelson,DE,107,73.87,95,92,3,17.0,107,0,0,0,14.211538461538462,2.7884615384615383
2019,NYG,Julian Love,CB,108,85.36,19,93,-74,27.0,106,1,0,3,14.038461538461538,12.961538461538462
2019,IND,Khari Willis,S,109,65.05,158,94,64,12.0,39,0,0,1,13.384615384615385,-1.384615384615385
2019,ATL,Kendall Sheffield,CB,111,70.74,128,95,33,6.0,51,0,0,0,13.056603773584905,-7.056603773584905
2019,WAS,Bryce Love,RB,112,78.62,51,96,-45,,,0,0,0,13.056603773584905,-13.056603773584905
2019,BAL,Justice Hill,RB,113,77.15,59,97,-38,17.0,84,0,0,0,12.615384615384615,4.384615384615385
2019,MIN,Dru Samia,G,114,68.9,141,98,43,2.0,15,0,0,0,12.788461538461538,-10.788461538461538
2019,TEN,Amani Hooker,S,116,83.78,23,99,-76,24.0,96,0,0,5,12.384615384615385,11.615384615384615
2019,DET,Austin Bryant,DE,117,71.44,124,100,24,5.0,35,0,0,0,12.846153846153847,-7.846153846153847
2019,NE,Hjalte Froholdt,G,118,76.14,69,101,-32,24.0,82,0,0,3,12.48076923076923,11.51923076923077
2019,CLE,Sheldrick Redwine,S,119,76.01,71,102,-31,4.0,34,0,0,0,13.73076923076923,-9.73076923076923
2019,SEA,Gary Jennings Jr,WR,120,74.11,91,103,-12,0.0,1,0,0,0,13.51923076923077,-13.51923076923077
2019,NYJ,Trevon Wesco,TE,121,64.0,162,104,58,0.0,69,0,0,1,13.235294117647058,-13.235294117647058
2019,PIT,Benny Snell Jr.,RB,122,66.41,155,105,50,8.0,63,0,0,0,12.313725490196079,-4.313725490196079
2019,BAL,Ben Powers,G,123,67.58,150,106,44,27.0,89,0,0,5,11.705882352941176,15.294117647058824
2019,SEA,Phil Haynes,G,124,73.41,102,107,-5,6.0,31,0,0,0,11.7,-5.699999999999999
2019,CIN,Renell Wren,DT,125,72.23,116,108,8,2.0,13,0,0,0,12.04,-10.04
2019,CHI,Riley Ridley,WR,126,69.3,138,109,29,1.0,10,0,0,0,12.183673469387756,-11.183673469387756
2019,BAL,Iman Marshall,CB,127,73.85,98,110,-12,0.0,3,0,0,0,11.938775510204081,-11.938775510204081
2019,DAL,Tony Pollard,RB,128,66.76,154,111,43,45.0,112,1,0,3,10.8,34.2
2019,LV,Isaiah Johnson,CB,129,77.88,57,112,-55,1.0,19,0,0,0,11.42,-10.42
2019,LAC,Drue Tranquill,LB,130,76.42,66,113,-47,32.0,96,0,0,3,10.66,21.34
2019,NE,Jarrett Stidham,QB,133,72.07,118,114,4,6.0,20,0,0,0,11.18,-5.18
2019,LA,Greg Gaines,DT,134,75.13,76,115,-39,19.0,108,0,0,2,10.92,8.08
2019,ATL,John Cominsky,DE,135,73.97,93,116,-23,10.0,57,0,0,1,10.68,-0.6799999999999997
2019,LV,Foster Moreau,TE,137,76.02,70,117,-47,13.0,104,0,0,6,11.53061224489796,1.4693877551020407
2019,ARI,Deionte Thompson,S,139,69.37,136,118,18,4.0,44,0,0,0,11.816326530612244,-7.816326530612244
2019,JAX,Ryquell Armstead,RB,140,63.17,166,119,47,2.0,18,0,0,0,11.53061224489796,-9.53061224489796
2019,PIT,Zach Gentry,TE,141,55.85,181,120,61,2.0,41,0,0,2,11.208333333333334,-9.208333333333334
2019,SEA,Ben Burr-Kirven,LB,142,76.49,64,121,-57,2.0,32,0,0,0,11.041666666666666,-9.041666666666666
2019,NYG,Ryan Connelly,LB,143,74.99,80,122,-42,4.0,32,0,0,0,11.0,-7.0
2019,IND,Marvell Tell III,S,144,72.86,111,123,-12,1.0,13,0,0,0,11.0,-10.0
2019,DET,Amani Oruwariye,CB,146,75.06,78,124,-46,12.0,62,0,0,2,11.083333333333334,0.9166666666666661
2019,BUF,Vosean Joseph,LB,147,61.45,174,125,49,,,0,0,0,11.333333333333334,-11.333333333333334
2019,SF,Dre Greenlaw,LB,148,63.75,163,126,37,31.0,72,0,0,4,10.571428571428571,20.42857142857143
2019,LV,Hunter Renfrow,WR,149,63.02,167,127,40,22.0,79,1,0,0,10.479166666666666,11.520833333333334
2019,MIA,Andrew Van Ginkel,LB,151,70.97,126,128,-2,45.0,102,1,0,5,9.680851063829786,35.319148936170215
2019,ATL,Qadree Ollison,RB,152,55.03,183,129,54,1.0,24,0,0,0,10.617021276595745,-9.617021276595745
2019,CAR,Jordan Scarlett,RB,154,56.34,180,130,50,0.0,10,0,0,0,11.11111111111111,-11.11111111111111
2019,CLE,Mack Wilson,LB,155,69.53,133,131,2,25.0,101,0,0,3,10.613636363636363,14.386363636363637
2019,NYJ,Blake Cashman,LB,157,79.9,43,132,-89,25.0,71,0,0,3,10.627906976744185,14.372093023255815
2019,NE,Byron Cowart,DT,159,61.74,173,133,40,14.0,51,0,0,1,11.357142857142858,2.6428571428571423
2019,BAL,Daylon Mack,DT,160,68.73,142,134,8,0.0,1,0,0,0,11.952380952380953,-11.952380952380953
2019,HOU,Charles Omenihu,DE,161,69.33,137,135,2,12.0,95,0,0,0,10.853658536585366,1.1463414634146343
2019,MIN,Cameron Smith,LB,162,75.11,77,136,-59,0.0,5,0,0,0,11.121951219512194,-11.121951219512194
2019,DAL,Joe Jackson,DE,165,69.27,139,137,2,1.0,20,0,0,0,10.023255813953488,-9.023255813953488
2019,LAC,Easton Stick,QB,166,63.67,165,138,27,4.0,6,0,0,0,10.047619047619047,-6.0476190476190474
2019,PHI,Clayton Thorson,QB,167,68.11,145,139,6,,,0,0,0,9.926829268292684,-9.926829268292684
2019,LA,David Edwards,T,169,63.01,168,140,28,36.0,103,0,0,4,8.80952380952381,27.19047619047619
2019,NYG,Darius Slayton,WR,171,74.46,83,141,-58,32.0,106,0,0,6,8.69047619047619,23.30952380952381
2019,ATL,Jordan Miller,CB,172,67.18,153,142,11,1.0,12,0,0,0,9.523809523809524,-8.523809523809524
2019,ARI,KeeSean Johnson,WR,174,69.8,131,143,-12,4.0,18,0,0,0,9.658536585365853,-5.658536585365853
2019,SF,Kaden Smith,TE,176,67.62,149,144,5,3.0,33,0,0,1,10.025641025641026,-7.0256410256410255
2019,NO,Saquan Hampton,S,177,68.53,144,145,-1,0.0,6,0,0,0,10.076923076923077,-10.076923076923077
2019,JAX,Gardner Minshew II,QB,178,70.34,129,146,-17,32.0,63,1,0,4,9.025,22.975
2019,ARI,Lamont Gaillard,C,179,73.86,96,147,-51,2.0,13,0,0,0,9.475,-7.475
2019,NYG,Corey Ballentine,CB,180,73.12,107,148,-41,5.0,75,0,0,0,9.75,-4.75
2019,CIN,Trayveon Williams,RB,182,74.25,86,149,-63,4.0,75,0,0,0,9.256410256410257,-5.256410256410257
2019,DET,Travis Fulgham,WR,184,69.5,134,150,-16,4.0,17,0,0,1,8.102564102564102,-4.102564102564102
2019,TEN,David Long,LB,188,75.18,75,151,-76,23.0,80,0,0,2,7.102564102564102,15.897435897435898
2019,MIN,Armon Watts,DT,190,62.84,169,152,17,12.0,77,0,0,1,6.921052631578948,5.078947368421052
2019,PIT,Isaiah Buggs,DT,192,62.83,170,153,17,11.0,56,0,0,1,6.410256410256411,4.589743589743589
2019,GB,Dexter Williams,RB,194,69.88,130,154,-24,0.0,7,0,0,0,6.7105263157894735,-6.7105263157894735
2019,HOU,Xavier Crawford,CB,195,67.52,151,155,-4,1.0,27,0,0,0,6.864864864864865,-5.864864864864865
2019,NYJ,Blessuan Austin,CB,196,64.8,159,156,3,6.0,29,0,0,1,6.578947368421052,-0.5789473684210522
2019,BAL,Trace McSorley,QB,197,71.0,125,157,-32,1.0,9,0,0,0,6.7105263157894735,-5.7105263157894735
2019,LAC,Emeke Egbule,LB,200,61.15,175,158,17,2.0,32,0,0,0,7.114285714285714,-5.114285714285714
2019,KC,Rashad Fenton,CB,201,57.34,178,159,19,7.0,49,0,0,0,6.9714285714285715,0.02857142857142847
2019,MIA,Isaiah Prince,T,202,71.62,122,160,-38,4.0,22,0,0,0,6.4,-2.4000000000000004
2019,SEA,Travis Homer,RB,204,74.21,89,161,-72,8.0,85,0,0,0,5.371428571428571,2.628571428571429
2019,WAS,Kelvin Harmon,WR,206,69.06,140,162,-22,3.0,16,0,0,1,5.485714285714286,-2.4857142857142858
2019,SEA,Demarcus Christmas,DT,209,52.65,186,163,23,,,0,0,0,5.4,-5.4
2019,CIN,Deshaun Davis,LB,210,56.42,179,164,15,,,0,0,0,5.5588235294117645,-5.5588235294117645
2019,CIN,Rodney Anderson,RB,211,73.32,104,165,-61,,,0,0,0,4.757575757575758,-4.757575757575758
2019,CAR,Dennis Daley,T,212,67.29,152,166,-14,14.0,54,0,0,2,4.40625,9.59375
2019,DAL,Donovan Wilson,S,213,64.42,160,167,-7,23.0,98,0,0,5,3.96875,19.03125
2019,TB,Terry Beckner,DT,215,54.24,184,168,16,,,0,0,0,4.5625,-4.5625
2019,MIN,Kris Boyd,CB,217,73.01,108,169,-61,6.0,81,0,0,0,4.3125,1.6875
2019,DAL,Mike Weber,RB,218,63.74,164,170,-6,,,0,0,0,4.5,-4.5
2019,PIT,Derwin Gray,T,219,68.7,143,171,-28,0.0,5,0,0,0,4.424242424242424,-4.424242424242424
2019,CIN,Jordan Brown,CB,223,73.35,103,172,-69,,,0,0,0,3.4545454545454546,-3.4545454545454546
2019,DET,Isaac Nauta,TE,224,62.54,171,173,-2,0.0,13,0,0,0,3.4545454545454546,-3.4545454545454546
2019,GB,Ty Summers,LB,226,73.79,99,174,-75,6.0,89,0,0,0,3.03125,2.96875
2019,BUF,Tommy Sweeney,TE,228,65.33,157,175,-18,1.0,24,0,0,0,3.3666666666666667,-2.3666666666666667
2019,MIA,Myles Gaskin,RB,234,67.9,146,176,-30,13.0,47,0,0,1,2.8076923076923075,10.192307692307693
2019,JAX,Dontavius Russell,DT,235,57.75,177,177,0,0.0,3,0,0,0,3.28,-3.28
2019,CAR,Terry Godwin,WR,237,53.26,185,178,7,0.0,3,0,0,0,3.0833333333333335,-3.0833333333333335
2019,MIN,Dillon Mitchell,WR,239,72.92,110,179,-69,,,0,0,0,3.0869565217391304,-3.0869565217391304
2019,IND,Jackson Barton,T,240,64.12,161,180,-19,1.0,13,0,0,0,3.0434782608695654,-2.0434782608695654
2019,NYG,Chris Slayton,DT,245,62.0,172,181,-9,,,0,0,0,3.0,-3.0
2019,IND,Javon Patterson,C,246,55.61,182,182,0,0.0,1,0,0,0,1.8888888888888888,-1.8888888888888888
2019,ARI,Joshua Miles,T,248,65.78,156,183,-27,2.0,18,0,0,0,1.8823529411764706,0.11764705882352944
2019,LA,Dakota Allen,LB,251,60.92,176,184,-8,2.0,38,0,0,0,1.7333333333333334,0.2666666666666666
2019,NE,Ken Webster,CB,252,69.57,132,185,-53,3.0,17,0,0,0,1.7857142857142858,1.2142857142857142
2019,ARI,Caleb Wilson,TE,254,71.47,123,186,-63,0.0,5,0,0,0,2.0,-2.0
2020,CIN,Joe Burrow,QB,1,88.65,10,1,9,63.0,77,3,0,5,30.677419354838708,32.322580645161295
2020,WAS,Chase Young,DE,2,94.38,4,2,2,29.0,72,1,0,2,32.15625,-3.15625
2020,DET,Jeff Okudah,CB,3,87.06,15,3,12,11.0,50,0,0,2,33.06060606060606,-22.060606060606062
2020,NYG,Andrew Thomas,T,4,82.23,32,4,28,33.0,74,0,0,6,32.588235294117645,0.41176470588235503
2020,MIA,Tua Tagovailoa,QB,5,87.12,14,5,9,52.0,78,1,0,6,31.914285714285715,20.085714285714285
2020,LAC,Justin Herbert,QB,6,89.17,9,6,3,74.0,95,2,0,6,31.285714285714285,42.714285714285715
2020,CAR,Derrick Brown,DT,7,87.72,12,7,5,35.0,84,1,0,5,32.4,2.6000000000000014
2020,ARI,Isaiah Simmons,LB,8,95.9,1,8,-7,20.0,89,0,0,2,32.02777777777778,-12.027777777777779
2020,JAX,C.J. Henderson,CB,9,95.01,2,9,-7,13.0,53,0,0,2,32.91891891891892,-19.91891891891892
2020,CLE,Jedrick Wills Jr.,T,10,89.45,8,10,-2,24.0,58,0,0,3,32.10526315789474,-8.10526315789474
2020,NYJ,Mekhi Becton,T,11,77.01,61,11,50,21.0,61,0,0,4,32.0,-11.0
2020,LV,Henry Ruggs III,WR,12,87.73,11,12,-1,8.0,20,0,0,1,32.175,-24.174999999999997
2020,TB,Tristan Wirfs,T,13,86.91,16,13,3,64.0,91,5,2,6,31.097560975609756,32.90243902439025
2020,SF,Javon Kinlaw,DT,14,78.6,51,14,37,27.0,75,0,0,3,31.357142857142858,-4.357142857142858
2020,DEN,Jerry Jeudy,WR,15,86.28,18,15,3,31.0,91,1,0,5,31.261904761904763,-0.26190476190476275
2020,ATL,AJ Terrell,CB,16,79.2,45,16,29,31.0,93,0,0,6,31.261904761904763,-0.26190476190476275
2020,DAL,CeeDee Lamb,WR,17,86.71,17,17,0,65.0,95,5,1,6,30.186046511627907,34.81395348837209
2020,MIA,Austin Jackson,T,18,76.03,69,18,51,24.0,62,0,0,4,31.113636363636363,-7.113636363636363
2020,LV,Damon Arnette,CB,19,74.86,80,19,61,2.0,15,0,0,0,31.644444444444446,-29.644444444444446
2020,PHI,Jalen Reagor,WR,21,76.85,64,20,44,10.0,64,0,0,2,32.08510638297872,-22.085106382978722
2020,MIN,Justin Jefferson,WR,22,89.8,7,21,-14,65.0,94,4,2,6,30.645833333333332,34.35416666666667
2020,LAC,Kenneth Murray,LB,23,90.77,5,22,-17,32.0,90,0,0,5,31.142857142857142,0.8571428571428577
2020,NO,Cesar Ruiz,C,24,81.74,34,23,11,29.0,89,0,0,6,31.04,-2.039999999999999
2020,SF,Brandon Aiyuk,WR,25,81.3,36,24,12,39.0,69,0,0,5,30.607843137254903,8.392156862745097
2020,GB,Jordan Love,QB,26,78.13,56,25,31,42.0,57,0,0,3,30.596153846153847,11.403846153846153
2020,SEA,Jordyn Brooks,LB,27,81.85,33,26,7,43.0,97,0,1,5,30.09433962264151,12.90566037735849
2020,BAL,Patrick Queen,LB,28,87.42,13,27,-14,54.0,101,2,0,6,29.5,24.5
2020,TEN,Isaiah Wilson,T,29,71.57,117,28,89,0.0,1,0,0,0,30.272727272727273,-30.272727272727273
2020,MIA,Noah Igbinoghene,CB,30,76.1,68,29,39,7.0,69,0,0,1,30.035714285714285,-23.035714285714285
2020,MIN,Jeff Gladney,CB,31,73.43,98,30,68,5.0,16,0,0,1,30.017543859649123,-25.017543859649123
2020,KC,Clyde Edwards-Helaire,RB,32,83.48,28,31,-3,18.0,52,0,0,1,29.982758620689655,-11.982758620689655
2020,CIN,Tee Higgins,WR,33,79.4,42,32,10,43.0,85,1,0,5,29.593220338983052,13.406779661016948
2020,IND,Michael Pittman Jr.,WR,34,83.11,30,33,-3,44.0,95,0,0,6,29.0,15.0
2020,DET,D'Andre Swift,RB,35,84.9,21,34,-13,44.0,89,1,0,3,29.0,15.0
2020,NYG,Xavier McKinney,S,36,81.53,35,35,0,39.0,82,1,1,5,29.140350877192983,9.859649122807017
2020,NE,Kyle Dugger,S,37,85.37,20,36,-16,28.0,90,0,0,5,29.36842105263158,-1.3684210526315788
2020,HOU,Ross Blacklock,DT,40,72.21,106,37,69,4.0,44,0,0,0,28.29824561403509,-24.29824561403509
2020,IND,Jonathan Taylor,RB,41,94.57,3,38,-35,58.0,84,3,1,5,27.43859649122807,30.56140350877193
2020,JAX,Laviska Shenault Jr.,WR,42,79.32,43,39,4,13.0,63,0,0,1,28.68421052631579,-15.684210526315791
2020,CHI,Cole Kmet,TE,43,79.15,46,40,6,25.0,100,0,0,6,28.614035087719298,-3.614035087719298
2020,CLE,Grant Delpit,S,44,81.24,37,41,-4,26.0,78,0,0,4,28.263157894736842,-2.2631578947368425
2020,TB,Antoine Winfield Jr.,S,45,83.99,27,42,-15,44.0,85,2,1,6,27.87719298245614,16.12280701754386
2020,DEN,KJ Hamler,WR,46,77.22,60,43,17,5.0,23,0,0,0,27.63157894736842,-22.63157894736842
2020,PIT,Chase Claypool,WR,49,84.32,24,44,-20,19.0,58,0,0,1,26.446428571428573,-7.446428571428573
2020,CHI,Jaylon Johnson,CB,50,76.43,66,45,21,30.0,77,2,0,5,25.339285714285715,4.660714285714285
2020,DAL,Trevon Diggs,CB,51,75.75,73,46,27,33.0,67,2,1,4,25.321428571428573,7.678571428571427
2020,LA,Cam Akers,RB,52,78.3,54,47,7,13.0,59,0,0,1,26.10909090909091,-13.10909090909091
2020,PHI,Jalen Hurts,QB,53,84.19,26,48,-22,79.0,93,3,0,5,24.821428571428573,54.17857142857143
2020,BUF,A.J. Epenesa,DE,54,73.72,95,49,46,18.0,91,0,0,1,26.053571428571427,-8.053571428571427
2020,BAL,J.K. Dobbins,RB,55,90.18,6,50,-44,22.0,47,0,0,2,25.272727272727273,-3.2727272727272734
2020,MIA,Raekwon Davis,DT,56,73.6,97,51,46,23.0,80,0,0,3,25.163636363636364,-2.163636363636364
2020,LA,Van Jefferson,WR,57,70.51,128,52,76,19.0,94,0,0,3,24.89090909090909,-5.890909090909091
2020,MIN,Ezra Cleveland,T,58,83.41,29,53,-24,33.0,93,0,0,5,24.37037037037037,8.62962962962963
2020,NYJ,Denzel Mims,WR,59,84.72,22,54,-32,5.0,30,0,0,1,24.11111111111111,-19.11111111111111
2020,NE,Joshua Uche,LB,60,76.93,62,55,7,9.0,76,0,0,0,23.462962962962962,-14.462962962962962
2020,TEN,Kristian Fulton,CB,61,74.9,79,56,23,18.0,65,0,0,4,22.35185185185185,-4.351851851851851
2020,GB,AJ Dillon,RB,62,84.22,25,57,-32,24.0,67,0,0,0,22.314814814814813,1.685185185185187
2020,KC,Willie Gay Jr.,LB,63,84.5,23,58,-35,27.0,89,0,0,5,22.166666666666668,4.833333333333332
2020,CAR,Jeremy Chinn,S,64,86.07,19,59,-40,41.0,86,0,0,5,21.962962962962962,19.037037037037038
2020,CIN,Logan Wilson,LB,65,79.86,40,60,-20,32.0,83,0,0,4,21.88888888888889,10.11111111111111
2020,NYJ,Ashtyn Davis,S,68,76.8,65,61,4,14.0,84,0,0,2,20.314814814814813,-6.314814814814813
2020,SEA,Damien Lewis,G,69,77.85,57,62,-5,35.0,93,0,0,6,19.203703703703702,15.796296296296298
2020,MIA,Brandon Jones,S,70,70.66,124,63,61,21.0,84,0,0,3,19.30188679245283,1.6981132075471699
2020,BAL,Nnamdi Madubuike,DT,71,81.18,38,64,-26,38.0,78,2,0,4,18.685185185185187,19.314814814814813
2020,ARI,Josh Jones,T,72,78.29,55,65,-10,17.0,90,0,0,2,18.8,-1.8000000000000007
2020,JAX,DaVon Hamilton,DT,73,70.48,129,66,63,25.0,86,0,0,3,18.78181818181818,6.218181818181819
2020,NO,Zack Baun,LB,74,82.66,31,67,-36,39.0,94,2,1,2,17.796296296296298,21.203703703703702
2020,DET,Jonah Jackson,G,75,69.29,139,68,71,32.0,78,1,0,5,17.944444444444443,14.055555555555557
2020,TB,Ke'Shawn Vaughn,RB,76,72.89,102,69,33,2.0,46,0,0,0,18.185185185185187,-16.185185185185187
2020,DEN,Michael Ojemudia,CB,77,72.03,110,70,40,4.0,22,0,0,0,18.185185185185187,-14.185185185185187
2020,ATL,Matt Hennessy,C,78,79.21,44,71,-27,11.0,64,0,0,1,17.38888888888889,-6.388888888888889
2020,LV,Lynn Bowden Jr.,WR,80,73.66,96,72,24,3.0,26,0,0,0,17.4,-14.399999999999999
2020,LV,Bryan Edwards,WR,81,74.25,87,73,14,6.0,35,0,0,1,17.089285714285715,-11.089285714285715
2020,DAL,Neville Gallimore,DT,82,67.94,152,74,78,14.0,83,0,0,1,16.803571428571427,-2.803571428571427
2020,DEN,Lloyd Cushenberry III,C,83,75.79,72,75,-3,26.0,80,0,0,5,16.178571428571427,9.821428571428573
2020,IND,Julian Blackmon,S,85,74.94,78,76,2,20.0,67,0,0,4,16.037037037037038,3.962962962962962
2020,BUF,Zack Moss,RB,86,79.01,49,77,-28,18.0,61,0,0,1,14.703703703703704,3.296296296296296
2020,CLE,Jordan Elliott,DT,88,73.76,94,78,16,27.0,97,0,0,4,14.148148148148149,12.851851851851851
2020,MIN,Cameron Dantzler,CB,89,69.39,138,79,59,10.0,37,0,0,2,14.092592592592593,-4.0925925925925934
2020,NE,Devin Asiasi,TE,91,78.35,52,80,-28,0.0,22,0,0,0,13.314814814814815,-13.314814814814815
2020,BAL,Devin Duvernay,WR,92,76.17,67,81,-14,12.0,89,2,1,1,13.018518518518519,-1.018518518518519
2020,TEN,Darrynton Evans,RB,93,79.86,41,82,-41,3.0,24,0,0,0,13.018518518518519,-10.018518518518519
2020,GB,Josiah Deguara,TE,94,73.36,99,83,16,4.0,77,0,0,0,12.944444444444445,-8.944444444444445
2020,DEN,McTelvin Agim,DT,95,75.5,77,84,-7,2.0,18,0,0,0,12.703703703703704,-10.703703703703704
2020,KC,Lucas Niang,T,96,73.29,100,85,15,8.0,33,0,0,0,12.61111111111111,-4.611111111111111
2020,CLE,Jacob Phillips,LB,97,70.24,132,86,46,5.0,20,0,0,0,12.132075471698114,-7.132075471698114
2020,BAL,Malik Harrison,LB,98,78.31,53,87,-34,19.0,87,0,0,1,11.48076923076923,7.51923076923077
2020,NYG,Matt Peart,T,99,78.74,50,88,-38,7.0,66,0,0,0,11.60377358490566,-4.60377358490566
2020,LV,Tanner Muse,S,100,76.87,63,89,-26,2.0,36,0,0,0,11.74074074074074,-9.74074074074074
2020,NE,Dalton Keene,TE,101,79.07,48,90,-42,0.0,7,0,0,0,11.722222222222221,-11.722222222222221
2020,PHI,Davion Taylor,LB,103,75.56,75,91,-16,3.0,21,0,0,0,11.150943396226415,-8.150943396226415
2020,LA,Terrell Burgess,S,104,75.52,76,92,-16,4.0,59,0,0,0,10.452830188679245,-6.452830188679245
2020,NO,Adam Trautman,TE,105,77.24,59,93,-34,11.0,94,0,0,4,10.056603773584905,0.9433962264150946
2020,CIN,Akeem Davis-Gaither,LB,107,72.04,109,94,15,14.0,88,0,0,1,9.471698113207546,4.528301886792454
2020,WAS,Saahdiq Charles,T,108,71.56,118,95,23,8.0,37,0,0,1,9.075471698113208,-1.0754716981132084
2020,LV,John Simpson,G,109,72.11,108,96,12,28.0,86,0,0,4,8.69811320754717,19.30188679245283
2020,NYG,Darnay Holmes,CB,110,71.89,113,97,16,8.0,83,0,0,0,9.0,-1.0
2020,MIA,Solomon Kindley,G,111,68.92,142,98,44,6.0,29,0,0,1,9.226415094339623,-3.2264150943396235
2020,LAC,Joshua Kelley,RB,112,69.29,140,99,41,9.0,57,0,0,0,9.12962962962963,-0.12962962962962976
2020,CAR,Troy Pride Jr.,CB,113,71.98,112,100,12,3.0,17,0,0,0,9.358490566037736,-6.3584905660377355
2020,ARI,Leki Fotu,DT,114,64.37,171,101,70,11.0,66,0,0,2,9.773584905660377,1.2264150943396235
2020,CLE,Harrison Bryant,TE,115,77.74,58,102,-44,7.0,90,0,0,3,9.76923076923077,-2.76923076923077
2020,DEN,Albert Okwuegbunam,TE,118,81.12,39,103,-64,5.0,31,0,0,0,9.153846153846153,-4.153846153846153
2020,ATL,Mykal Walker,LB,119,68.48,149,104,45,16.0,88,0,0,2,8.596153846153847,7.403846153846153
2020,NYJ,La'Mical Perine,RB,120,66.94,159,105,54,3.0,17,0,0,0,8.846153846153847,-5.846153846153847
2020,DET,Logan Stenberg,G,121,69.0,141,106,35,3.0,25,0,0,0,8.788461538461538,-5.788461538461538
2020,IND,Jacob Eason,QB,122,67.08,157,107,50,0.0,2,0,0,0,8.673076923076923,-8.673076923076923
2020,DAL,Reggie Robinson II,CB,123,72.01,111,108,3,0.0,5,0,0,0,8.716981132075471,-8.716981132075471
2020,PIT,Anthony McFarland Jr.,RB,124,65.38,169,109,60,1.0,17,0,0,0,8.754716981132075,-7.754716981132075
2020,NYJ,James Morgan,QB,125,67.86,153,110,43,,,0,0,0,8.641509433962264,-8.641509433962264
2020,HOU,Charlie Heck,T,126,71.4,119,111,8,15.0,67,0,0,1,8.49056603773585,6.509433962264151
2020,PHI,K'Von Wallace,S,127,72.39,105,112,-7,9.0,74,0,0,0,8.692307692307692,0.3076923076923084
2020,BUF,Gabe Davis,WR,128,74.3,84,113,-29,28.0,80,0,0,4,8.384615384615385,19.615384615384613
2020,ARI,Rashard Lawrence,DT,131,66.61,161,114,47,6.0,25,0,0,0,8.692307692307692,-2.6923076923076916
2020,MIN,Troy Dye,LB,132,75.74,74,115,-41,14.0,93,0,0,1,8.568627450980392,5.431372549019608
2020,SEA,Colby Parkinson,TE,133,70.86,122,116,6,11.0,86,0,0,2,8.647058823529411,2.3529411764705888
2020,ATL,Jaylinn Hawkins,S,134,63.95,172,117,55,17.0,90,0,0,2,8.627450980392156,8.372549019607844
2020,LA,Brycen Hopkins,TE,136,74.85,81,118,-37,2.0,39,0,0,0,8.73076923076923,-6.73076923076923
2020,JAX,Josiah Scott,CB,137,68.76,143,119,24,3.0,39,0,0,0,8.673076923076923,-5.673076923076923
2020,KC,L'Jarius Sneed,S,138,74.19,88,120,-32,22.0,69,0,0,3,8.384615384615385,13.615384615384615
2020,LV,Amik Robertson,CB,139,74.37,83,121,-38,14.0,86,0,0,2,8.377358490566039,5.6226415094339615
2020,JAX,Shaquille Quarterman,LB,140,68.63,145,122,23,5.0,74,0,0,0,8.442307692307692,-3.4423076923076916
2020,HOU,John Reid,CB,141,68.26,150,123,27,2.0,27,0,0,0,8.98076923076923,-6.98076923076923
2020,WAS,Antonio Gandy-Golden,WR,142,74.28,86,124,-38,0.0,10,0,0,0,8.615384615384615,-8.615384615384615
2020,BAL,Ben Bredeson,G,143,71.6,116,125,-9,21.0,73,0,0,3,8.134615384615385,12.865384615384615
2020,SEA,DeeJay Dallas,RB,144,70.52,126,126,0,7.0,84,0,0,0,8.538461538461538,-1.5384615384615383
2020,DAL,Tyler Biadasz,C,146,70.52,127,127,0,36.0,92,1,0,5,8.176470588235293,27.823529411764707
2020,IND,Danny Pinter,G,149,70.98,121,128,-7,7.0,77,0,0,0,8.62,-1.6199999999999992
2020,NYG,Shane Lemieux,G,150,63.35,175,129,46,5.0,25,0,0,1,8.66,-3.66
2020,LAC,Joe Reed,WR,151,72.66,104,130,-26,0.0,11,0,0,0,8.83673469387755,-8.83673469387755
2020,SF,Colton McKivitz,T,153,66.16,165,131,34,24.0,79,0,0,3,8.297872340425531,15.702127659574469
2020,MIA,Jason Strowbridge,DE,154,65.0,170,132,38,1.0,8,0,0,0,9.106382978723405,-8.106382978723405
2020,CHI,Trevis Gipson,DE,155,68.55,148,133,15,11.0,66,0,0,1,9.27659574468085,1.7234042553191493
2020,WAS,Keith Ismael,C,156,71.68,115,134,-19,3.0,31,0,0,0,9.652173913043478,-6.6521739130434785
2020,JAX,Daniel Thomas,S,157,70.04,135,135,0,5.0,83,0,0,0,9.630434782608695,-4.630434782608695
2020,NYJ,Bryce Hall,CB,158,74.02,91,136,-45,10.0,40,0,0,2,9.521739130434783,0.47826086956521685
2020,CLE,Nick Harris,C,160,73.17,101,137,-36,5.0,45,0,0,0,9.522727272727273,-4.522727272727273
2020,TB,Tyler Johnson,WR,161,73.96,93,138,-45,9.0,61,0,0,0,9.0,0.0
2020,WAS,Khaleke Hudson,LB,162,72.67,103,139,-36,7.0,75,0,0,0,8.909090909090908,-1.9090909090909083
2020,CHI,Kindle Vildor,CB,163,68.59,146,140,6,10.0,80,0,0,2,8.840909090909092,1.1590909090909083
2020,JAX,Collin Johnson,WR,165,70.34,131,141,-10,3.0,38,0,0,0,8.75,-5.75
2020,DET,Quintez Cephus,WR,166,70.47,130,142,-12,5.0,22,0,0,0,8.477272727272727,-3.4772727272727266
2020,BUF,Jake Fromm,QB,167,69.93,137,143,-6,1.0,3,0,0,0,8.590909090909092,-7.590909090909092
2020,PHI,John Hightower,WR,168,67.98,151,144,7,1.0,14,0,0,0,8.688888888888888,-7.688888888888888
2020,MIN,Harrison Hand,CB,169,68.73,144,145,-1,2.0,27,0,0,0,8.71111111111111,-6.71111111111111
2020,BAL,Broderick Washington Jr.,DT,170,60.17,186,146,40,15.0,73,0,0,1,8.355555555555556,6.644444444444444
2020,HOU,Isaiah Coulter,WR,171,70.08,134,147,-13,0.0,4,0,0,0,8.386363636363637,-8.386363636363637
2020,CHI,Darnell Mooney,WR,173,70.78,123,148,-25,33.0,91,0,0,5,7.837209302325581,25.162790697674417
2020,TEN,Larrell Murchison,DT,174,65.49,168,149,19,7.0,60,0,0,0,8.595238095238095,-1.595238095238095
2020,GB,Kamal Martin,LB,175,61.51,181,150,31,4.0,16,0,0,0,8.80952380952381,-4.80952380952381
2020,MIN,K.J. Osborn,WR,176,60.8,183,151,32,13.0,67,0,0,2,8.19047619047619,4.80952380952381
2020,DEN,Justin Strnad,LB,178,71.77,114,152,-38,14.0,83,0,0,0,8.023809523809524,5.976190476190476
2020,DEN,Netane Muti,G,181,74.18,90,153,-63,3.0,22,0,0,0,7.428571428571429,-4.428571428571429
2020,LAC,Alohi Gilman,S,186,66.18,164,154,10,18.0,85,0,0,3,7.170731707317073,10.829268292682926
2020,CLE,Donovan Peoples-Jones,WR,187,73.98,92,155,-63,18.0,58,0,0,1,7.682926829268292,10.317073170731707
2020,JAX,Jake Luton,QB,189,66.29,163,156,7,2.0,3,0,0,0,7.804878048780488,-5.804878048780488
2020,SF,Charlie Woerner,TE,190,56.47,187,157,30,0.0,98,0,0,1,7.829268292682927,-7.829268292682927
2020,TB,Khalil Davis,DT,194,79.14,47,158,-111,3.0,30,0,0,0,7.375,-4.375
2020,PHI,Shaun Bradley,LB,196,66.59,162,159,3,3.0,45,0,0,0,7.315789473684211,-4.315789473684211
2020,DET,John Penisini,DT,197,54.25,189,160,29,6.0,32,0,0,1,7.2368421052631575,-1.2368421052631575
2020,PIT,Antoine Brooks Jr.,S,198,71.04,120,161,-41,1.0,12,0,0,0,7.486486486486487,-6.486486486486487
2020,LA,Jordan Fuller,S,199,62.64,179,162,17,18.0,63,0,0,3,7.083333333333333,10.916666666666668
2020,PHI,Quez Watkins,WR,200,74.19,89,163,-74,13.0,49,0,0,1,7.222222222222222,5.777777777777778
2020,BAL,James Proche,WR,201,70.22,133,164,-31,4.0,71,0,0,0,7.6571428571428575,-3.6571428571428575
2020,ARI,Evan Weaver,LB,202,74.29,85,165,-80,,,0,0,0,7.771428571428571,-7.771428571428571
2020,MIN,Josh Metellus,S,205,70.65,125,166,-41,20.0,96,0,0,2,7.181818181818182,12.818181818181818
2020,BUF,Isaiah Hodgins,WR,207,74.39,82,167,-85,6.0,38,0,0,1,6.96875,-0.96875
2020,GB,Jake Hanson,C,208,55.58,188,168,20,4.0,30,0,0,0,7.129032258064516,-3.129032258064516
2020,PHI,Prince Tega Wanogho,T,210,75.88,71,169,-98,1.0,23,0,0,0,6.870967741935484,-5.870967741935484
2020,IND,Dezmon Patmon,WR,212,66.74,160,170,-10,0.0,10,0,0,0,6.451612903225806,-6.451612903225806
2020,SEA,Freddie Swain,WR,214,62.93,177,171,6,5.0,37,0,0,0,6.193548387096774,-1.193548387096774
2020,CIN,Markus Bailey,LB,215,72.15,107,172,-65,7.0,61,0,0,0,6.129032258064516,0.870967741935484
2020,SF,Jauan Jennings,WR,217,60.52,184,173,11,21.0,75,0,0,1,5.5,15.5
2020,BAL,Geno Stone,S,219,61.43,182,174,8,22.0,85,0,0,3,4.848484848484849,17.151515151515152
2020,LAC,K.J. Hill,WR,220,65.63,167,175,-8,1.0,21,0,0,0,4.9393939393939394,-3.9393939393939394
2020,CAR,Stantley Thomas-Oliver,CB,221,63.53,173,176,-3,2.0,26,0,0,0,4.909090909090909,-2.909090909090909
2020,ARI,Eno Benjamin,RB,222,75.98,70,177,-107,4.0,24,0,0,0,4.9375,-0.9375
2020,TEN,Cole McDonald,QB,224,67.77,155,178,-23,,,0,0,0,5.225806451612903,-5.225806451612903
2020,MIN,Kenny Willekes,DE,225,67.82,154,179,-25,1.0,6,0,0,0,5.193548387096774,-4.193548387096774
2020,PIT,Carlos Davis,DT,232,68.56,147,180,-33,1.0,12,0,0,0,5.0,-4.0
2020,LA,Clay Johnston,LB,234,67.22,156,181,-25,2.0,31,0,0,0,4.666666666666667,-2.666666666666667
2020,BUF,Dane Jackson,CB,239,62.5,180,182,-2,12.0,64,0,0,1,3.727272727272727,8.272727272727273
2020,TB,Chapelle Russell,LB,241,60.48,185,183,2,2.0,27,0,0,0,4.1,-2.0999999999999996
2020,MIN,Nate Stanley,QB,244,65.69,166,184,-18,,,0,0,0,4.368421052631579,-4.368421052631579
2020,TB,Raymond Calais,RB,245,70.03,136,185,-49,0.0,4,0,0,0,4.611111111111111,-4.611111111111111
2020,MIN,Brian Cole II,S,249,63.52,174,186,-12,,,0,0,0,4.4375,-4.4375
2020,LA,Tremayne Anchrum,G,250,67.08,158,187,-29,2.0,31,0,0,0,3.2,-1.2000000000000002
2020,SEA,Stephen Sullivan,TE,251,62.72,178,188,-10,1.0,30,0,0,0,3.2666666666666666,-2.2666666666666666
2020,DEN,Tyrie Cleveland,WR,252,63.03,176,189,-13,0.0,23,0,0,0,2.0,-2.0
2022,JAX,Travon Walker,DE,1,82.39,18,1,17,26.0,63,0,0,4,21.705882352941178,4.2941176470588225
2022,DET,Aidan Hutchinson,DE,2,93.63,1,2,-1,31.0,56,2,0,3,21.444444444444443,9.555555555555557
2022,NYJ,Sauce Gardner,CB,4,88.54,4,3,1,33.0,59,2,2,3,21.25,11.75
2022,ATL,Drake London,WR,8,85.4,10,4,6,32.0,62,0,0,4,20.857142857142858,11.142857142857142
2022,NYJ,Garrett Wilson,WR,10,86.61,6,5,1,27.0,58,0,0,3,20.608695652173914,6.391304347826086
2022,NO,Chris Olave,WR,11,84.71,11,6,5,27.0,55,0,0,4,20.583333333333332,6.416666666666668
2022,DET,Jameson Williams,WR,12,86.77,5,7,-2,26.0,50,0,0,2,20.0,6.0
2022,PHI,Jordan Davis,DT,13,83.21,15,8,7,24.0,64,0,0,3,20.08,3.9200000000000017
2022,HOU,Kenyon Green,OL,15,75.72,51,9,42,8.0,27,0,0,2,20.0,-12.0
2022,WAS,Jahan Dotson,WR,16,81.29,22,10,12,12.0,63,0,0,3,19.846153846153847,-7.846153846153847
2022,TEN,Treylon Burks,WR,18,82.96,16,11,5,7.0,35,0,0,1,19.555555555555557,-12.555555555555557
2022,PIT,Kenny Pickett,QB,20,83.57,14,12,2,14.0,36,0,0,2,19.892857142857142,-5.892857142857142
2022,KC,Trent McDuffie,CB,21,81.11,24,13,11,33.0,56,0,1,4,19.448275862068964,13.551724137931036
2022,GB,Quay Walker,LB,22,78.66,37,14,23,22.0,58,0,0,4,19.333333333333332,2.666666666666668
2022,BUF,Kaiir Elam,CB,23,80.43,27,15,12,9.0,43,0,0,0,20.06451612903226,-11.06451612903226
2022,JAX,Devin Lloyd,LB,27,86.29,7,16,-9,35.0,63,1,0,4,18.87878787878788,16.12121212121212
2022,GB,Devonte Wyatt,DT,28,81.68,20,17,3,10.0,57,0,0,1,19.5,-9.5
2022,TB,Logan Hall,DE,33,76.61,46,18,28,19.0,66,0,0,2,19.914285714285715,-0.9142857142857146
2022,GB,Christian Watson,WR,34,85.77,9,19,-10,22.0,48,0,0,4,19.17142857142857,2.828571428571429
2022,TEN,Roger McCreary,CB,35,71.54,79,20,59,13.0,61,0,0,2,19.08823529411765,-6.0882352941176485
2022,NYJ,Breece Hall,RB,36,90.15,2,21,-19,28.0,56,0,0,3,18.485714285714284,9.514285714285716
2022,CHI,Kyler Gordon,CB,39,80.61,25,22,3,12.0,45,0,0,2,17.75,-5.75
2022,SEA,Kenneth Walker III,RB,41,81.2,23,23,0,28.0,58,0,0,4,16.47222222222222,11.527777777777779
2022,MIN,Andrew Booth,CB,42,81.83,19,24,-5,3.0,30,0,0,0,17.054054054054053,-14.054054054054053
2022,NYG,Wan'Dale Robinson,WR,43,77.99,40,25,15,20.0,54,0,0,1,16.243243243243242,3.756756756756758
2022,HOU,John Metchie,WR,44,78.21,39,26,13,5.0,45,0,0,0,16.324324324324323,-11.324324324324323
2022,WAS,Phidarian Mathis,DT,47,71.64,78,27,51,2.0,29,0,0,0,15.777777777777779,-13.777777777777779
2022,NE,Tyquan Thornton,WR,50,75.51,55,28,27,7.0,42,0,0,1,15.583333333333334,-8.583333333333334
2022,PIT,George Pickens,WR,52,74.97,58,29,29,36.0,65,1,0,4,14.675675675675675,21.324324324324323
2022,IND,Alec Pierce,WR,53,75.61,54,30,24,26.0,64,0,0,4,15.27027027027027,10.72972972972973
2022,KC,Skyy Moore,WR,54,80.11,31,31,0,5.0,53,0,0,0,15.108108108108109,-10.108108108108109
2022,ARI,Trey McBride,TE,55,88.97,3,32,-29,29.0,66,2,1,4,13.972972972972974,15.027027027027026
2022,ATL,Troy Andersen,LB,58,84.39,13,33,-20,6.0,26,0,0,0,14.868421052631579,-8.868421052631579
2022,MIN,Ed Ingram,G,59,70.34,87,34,53,21.0,62,0,0,4,14.76923076923077,6.23076923076923
2022,CIN,Cam Taylor-Britt,CB,60,74.46,61,35,26,15.0,47,0,0,3,14.435897435897436,0.5641025641025639
2022,BUF,James Cook,RB,63,76.49,47,36,11,43.0,66,3,0,3,13.073170731707316,29.926829268292686
2022,MIN,Brian Asamoah,LB,66,73.6,66,37,29,3.0,50,0,0,0,14.048780487804878,-11.048780487804878
2022,CLE,Martin Emerson,CB,68,72.27,74,38,36,13.0,50,0,0,2,13.35,-0.34999999999999964
2022,JAX,Chad Muma,LB,70,80.14,30,39,-9,6.0,58,0,0,0,12.682926829268293,-6.682926829268293
2022,CHI,Velus Jones Jr.,WR,71,75.35,56,40,16,3.0,37,0,0,0,12.928571428571429,-9.928571428571429
2022,IND,Jelani Woods,TE,73,80.28,28,41,-13,2.0,19,0,0,0,12.666666666666666,-10.666666666666666
2022,ATL,Desmond Ridder,QB,74,80.19,29,42,-13,13.0,25,0,0,1,12.142857142857142,0.8571428571428577
2022,HOU,Christian Harris,LB,75,77.12,44,43,1,14.0,46,0,0,2,12.333333333333334,1.666666666666666
2022,BAL,Travis Jones,DT,76,79.64,32,44,-12,15.0,65,0,0,2,11.857142857142858,3.1428571428571423
2022,CLE,Alex Wright,DE,78,68.58,100,45,55,11.0,51,0,0,1,12.142857142857142,-1.1428571428571423
2022,DEN,Greg Dulcich,TE,80,81.61,21,46,-25,6.0,31,0,0,0,12.428571428571429,-6.428571428571429
2022,NYG,Cordale Flott,CB,81,57.6,124,47,77,12.0,53,0,0,2,12.285714285714286,-0.2857142857142865
2022,PHI,Nakobe Dean,LB,83,85.78,8,48,-40,14.0,47,0,0,1,12.365853658536585,1.6341463414634152
2022,PIT,DeMarvin Leal,DT,84,78.3,38,49,-11,4.0,32,0,0,0,12.609756097560975,-8.609756097560975
2022,NE,Marcus Jones,CB,85,69.56,90,50,40,26.0,48,0,1,1,11.475,14.525
2022,TEN,Malik Willis,QB,86,80.46,26,51,-25,6.0,22,0,0,0,11.615384615384615,-5.615384615384615
2022,ARI,Cameron Thomas,DE,87,75.85,50,52,-2,4.0,58,0,0,0,11.842105263157896,-7.842105263157896
2022,DAL,Jalen Tolbert,WR,88,77.03,45,53,-8,9.0,55,0,0,1,10.973684210526315,-1.973684210526315
2022,BUF,Terrel Bernard,LB,89,75.12,57,54,3,25.0,58,0,0,3,10.552631578947368,14.447368421052632
2022,TB,Rachaad White,RB,91,76.15,49,55,-6,26.0,67,0,0,2,10.256410256410257,15.743589743589743
2022,GB,Sean Rhyan,OL,92,75.67,52,56,-4,16.0,47,0,0,2,10.236842105263158,5.7631578947368425
2022,SF,Tyrion Davis-Price,RB,93,56.9,125,57,68,1.0,8,0,0,0,10.236842105263158,-9.236842105263158
2022,CAR,Matt Corral,QB,94,79.56,33,58,-25,,,0,0,0,10.051282051282051,-10.051282051282051
2022,CIN,Zachary Carter,DE,95,70.35,86,59,27,10.0,49,0,0,1,9.65,0.34999999999999964
2022,WAS,Brian Robinson Jr.,RB,98,70.75,83,60,23,19.0,58,0,0,3,8.707317073170731,10.292682926829269
2022,CLE,David Bell,WR,99,75.65,53,61,-8,3.0,32,0,0,0,9.073170731707316,-6.073170731707316
2022,NYJ,Jeremy Ruckert,TE,101,71.44,81,62,19,4.0,58,0,0,2,9.292682926829269,-5.2926829268292686
2022,MIA,Channing Tindall,LB,102,77.65,42,63,-21,3.0,51,0,0,0,9.317073170731707,-6.317073170731707
2022,KC,Leo Chenal,LB,103,84.55,12,64,-52,20.0,65,0,0,3,8.902439024390244,11.097560975609756
2022,SF,Danny Gray,WR,105,74.6,59,65,-6,0.0,13,0,0,0,9.365853658536585,-9.365853658536585
2022,TB,Cade Otton,TE,106,72.15,76,66,10,17.0,63,0,0,4,9.195121951219512,7.804878048780488
2022,HOU,Dameon Pierce,RB,107,66.67,107,67,40,12.0,43,0,0,1,9.365853658536585,2.634146341463415
2022,CLE,Perrion Winfrey,DT,108,73.94,64,68,-4,1.0,15,0,0,0,9.926829268292684,-8.926829268292684
2022,SEA,Coby Bryant,CB,109,68.87,96,69,27,13.0,58,0,0,1,9.292682926829269,3.7073170731707314
2022,NYG,Daniel Bellinger,TE,112,70.63,84,70,14,9.0,62,0,0,3,9.571428571428571,-0.5714285714285712
2022,CAR,Brandon Smith,LB,120,77.14,43,71,-28,1.0,14,0,0,0,10.175,-9.175
2022,LV,Zamir White,RB,122,68.63,98,72,26,5.0,45,0,0,0,9.775,-4.775
2022,LAC,Isaiah Spiller,RB,123,72.25,75,73,2,1.0,15,0,0,0,9.875,-8.875
2022,MIA,Erik Ezukanma,WR,125,69.11,92,74,18,0.0,5,0,0,0,9.35897435897436,-9.35897435897436
2022,LV,Neil Farrell,DT,126,67.69,103,75,28,2.0,19,0,0,0,9.526315789473685,-7.526315789473685
2022,NE,Pierre Strong,RB,127,79.02,35,76,-41,4.0,46,0,0,0,9.72972972972973,-5.72972972972973
2022,BAL,Charlie Kolar,TE,128,82.94,17,77,-60,4.0,47,0,0,0,9.783783783783784,-5.783783783783784
2022,DAL,Jake Ferguson,TE,129,72.95,71,78,-7,19.0,64,2,0,3,9.289473684210526,9.710526315789474
2022,TEN,Hassan Haskins,RB,131,66.44,108,79,29,2.0,44,0,0,0,9.31578947368421,-7.315789473684211
2022,GB,Romeo Doubs,WR,132,73.29,68,80,-12,23.0,59,0,0,3,9.5,13.5
2022,KC,Joshua Williams,CB,135,68.53,101,81,20,6.0,65,0,0,0,10.305555555555555,-4.305555555555555
2022,NE,Bailey Zappe,QB,137,70.5,85,82,3,2.0,15,0,0,0,10.027777777777779,-8.027777777777779
2022,PIT,Calvin Austin III,WR,138,78.95,36,83,-47,12.0,48,0,0,0,9.777777777777779,2.2222222222222214
2022,BAL,Isaiah Likely,TE,139,73.36,67,84,-17,15.0,63,0,0,1,9.485714285714286,5.514285714285714
2022,GB,Zach Tom,OL,140,73.25,69,85,-16,26.0,55,0,0,3,9.088235294117647,16.911764705882355
2022,BAL,Damarion Williams,CB,141,65.03,111,86,25,1.0,15,0,0,0,10.090909090909092,-9.090909090909092
2022,TEN,Chig Okonkwo,TE,143,67.04,106,87,19,16.0,68,0,0,2,9.303030303030303,6.696969696969697
2022,WAS,Sam Howell,QB,144,77.76,41,88,-47,12.0,20,0,0,1,9.558823529411764,2.4411764705882355
2022,NYG,Micah McFadden,LB,146,74.07,62,89,-27,18.0,48,0,0,2,9.085714285714285,8.914285714285715
2022,NYG,DJ Davidson,DT,147,61.91,118,90,28,5.0,47,0,0,0,9.457142857142857,-4.457142857142857
2022,BUF,Khalil Shakir,WR,148,76.36,48,91,-43,25.0,62,0,0,3,8.885714285714286,16.114285714285714
2022,WAS,Cole Turner,TE,149,70.87,82,92,-10,1.0,23,0,0,0,9.571428571428571,-8.571428571428571
2022,ATL,Tyler Allgeier,RB,151,72.87,72,93,-21,20.0,67,0,0,0,8.567567567567568,11.432432432432432
2022,SEA,Riq Woolen,CB,153,68.59,99,94,5,22.0,64,1,0,3,8.722222222222221,13.277777777777779
2022,JAX,Snoop Conner,RB,154,56.6,126,95,31,0.0,8,0,0,0,9.333333333333334,-9.333333333333334
2022,CLE,Jerome Ford,RB,156,69.85,89,96,-7,11.0,57,0,0,1,9.457142857142857,1.5428571428571427
2022,LAC,Otito Ogbonnia,DT,160,63.02,115,97,18,12.0,41,0,0,1,10.090909090909092,1.9090909090909083
2022,NO,D'Marco Jackson,LB,161,72.37,73,98,-25,6.0,43,0,0,0,10.46875,-4.46875
2022,TEN,Kyle Philips,WR,163,65.97,109,99,10,3.0,13,0,0,0,10.272727272727273,-7.272727272727273
2022,LA,Kyren Williams,RB,164,68.93,95,100,-5,31.0,55,1,0,3,9.424242424242424,21.575757575757578
2022,MIN,Ty Chandler,RB,169,59.95,120,101,19,6.0,40,0,0,0,9.515151515151516,-3.5151515151515156
2022,HOU,Teagan Quitoriano,TE,170,60.06,119,102,17,1.0,40,0,0,0,9.90625,-8.90625
2022,LV,Matthew Butler,DT,175,65.58,110,103,7,2.0,27,0,0,0,9.03448275862069,-7.03448275862069
2022,DAL,Damone Clark,LB,176,79.24,34,104,-70,14.0,55,0,0,1,8.172413793103448,5.827586206896552
2022,DET,James Mitchell,TE,177,69.01,93,105,-12,1.0,35,0,0,0,8.5,-7.5
2022,DAL,John Ridgeway,DT,178,63.2,114,106,8,7.0,49,0,0,0,8.285714285714286,-1.2857142857142865
2022,NYG,Darrian Beavers,LB,182,70.15,88,107,-19,0.0,2,0,0,0,7.916666666666667,-7.916666666666667
2022,NE,Kevin Harris,RB,183,58.34,122,108,14,1.0,9,0,0,0,7.875,-6.875
2022,DET,Malcolm Rodriguez,LB,188,74.6,60,109,-49,12.0,50,0,0,1,6.304347826086956,5.695652173913044
2022,MIN,Jalen Nailor,WR,191,67.31,105,110,-5,9.0,55,0,0,0,6.0,3.0
2022,NO,Jordan Jackson,DT,194,71.8,77,111,-34,1.0,22,0,0,0,6.095238095238095,-5.095238095238095
2022,LAC,Jamaree Salyer,OL,195,73.7,65,112,-47,19.0,64,0,0,2,5.238095238095238,13.761904761904763
2022,BAL,Tyler Badie,RB,196,73.18,70,113,-43,2.0,20,0,0,0,6.2,-4.2
2022,PHI,Grant Calcaterra,TE,198,68.77,97,114,-17,5.0,62,0,0,1,4.75,0.25
2022,ARI,Keaontay Ingram,RB,201,59.04,121,115,6,2.0,21,0,0,0,4.904761904761905,-2.904761904761905
2022,CHI,Trestan Ebner,RB,203,62.66,117,116,1,0.0,17,0,0,0,4.95,-4.95
2022,PIT,Connor Heyward,TE,208,62.68,116,117,-1,3.0,68,0,0,0,4.947368421052632,-1.9473684210526319
2022,TEN,Chance Campbell,LB,219,69.35,91,118,-27,0.0,4,0,0,0,5.764705882352941,-5.764705882352941
2022,SF,Kalia Davis,DT,220,64.02,113,119,-6,9.0,33,0,0,1,5.235294117647059,3.764705882352941
2022,SF,Tariq Castro-Fields,CB,221,68.97,94,120,-26,1.0,12,0,0,0,5.3125,-4.3125
2022,SEA,Bo Melton,WR,229,74.05,63,121,-58,5.0,38,0,0,0,4.076923076923077,0.9230769230769234
2022,BUF,Baylon Spector,LB,231,68.52,102,122,-20,5.0,29,0,0,0,7.076923076923077,-2.0769230769230766
2022,GB,Jonathan Ford,DT,234,55.3,128,123,5,1.0,13,0,0,0,7.833333333333333,-6.833333333333333
2022,CAR,Kalon Barnes,CB,242,55.96,127,124,3,0.0,2,0,0,0,9.2,-9.2
2022,MIA,Skylar Thompson,QB,247,64.9,112,125,-13,3.0,10,0,0,0,8.9,-5.9
2022,KC,Isiah Pacheco,RB,251,57.69,123,126,-3,21.0,51,0,0,3,7.1,13.9
2022,ARI,Jesse Luketa,LB,256,67.65,104,127,-23,3.0,31,0,0,0,11.285714285714286,-8.285714285714286
2022,SF,Brock Purdy,QB,262,71.54,80,128,-48,44.0,49,1,0,3,5.5,38.5
2023,CAR,Bryce Young,QB,1,90.28,2,1,1,23.0,46,0,0,2,22.071428571428573,0.928571428571427
2023,HOU,C.J. Stroud,QB,2,83.51,11,2,9,33.0,46,1,0,3,21.333333333333332,11.666666666666668
2023,IND,Anthony Richardson,QB,4,80.35,24,3,21,9.0,17,0,0,1,21.9375,-12.9375
2023,ATL,Bijan Robinson,RB,8,94.84,1,4,-3,36.0,51,2,1,3,19.166666666666668,16.833333333333332
2023,DET,Jahmyr Gibbs,RB,12,83.81,10,5,5,40.0,49,3,0,1,18.263157894736842,21.736842105263158
2023,WAS,Emmanuel Forbes,CB,16,85.56,5,6,-1,9.0,39,0,0,1,19.894736842105264,-10.894736842105264
2023,DET,Jack Campbell,LB,18,85.74,4,7,-3,26.0,51,1,1,3,19.0,7.0
2023,SEA,Jaxon Smith-Njigba,WR,20,81.41,19,8,11,30.0,51,2,1,2,18.666666666666668,11.333333333333332
2023,LAC,Quentin Johnston,WR,21,81.45,17,9,8,16.0,46,0,0,3,19.333333333333332,-3.333333333333332
2023,BAL,Zay Flowers,WR,22,80.73,21,10,11,33.0,50,2,0,3,18.523809523809526,14.476190476190474
2023,MIN,Jordan Addison,WR,23,79.8,28,11,17,20.0,46,0,0,3,19.0,1.0
2023,BUF,Dalton Kincaid,TE,25,87.77,3,12,-9,17.0,41,1,0,2,18.91304347826087,-1.913043478260871
2023,NO,Bryan Bresee,DT,29,75.21,49,13,36,15.0,49,0,0,2,17.96,-2.960000000000001
2023,PIT,Joey Porter Jr.,CB,32,81.43,18,14,4,14.0,47,0,0,3,17.807692307692307,-3.8076923076923066
2023,TEN,Will Levis,QB,33,79.59,30,15,15,11.0,21,0,0,2,17.923076923076923,-6.923076923076923
2023,DET,Sam LaPorta,TE,34,82.73,14,16,-2,21.0,42,1,0,3,16.846153846153847,4.153846153846153
2023,LV,Michael Mayer,TE,35,82.06,15,17,-2,7.0,38,0,0,2,16.192307692307693,-9.192307692307693
2023,ATL,Matthew Bergeron,OL,38,73.57,57,18,39,17.0,49,0,0,3,15.333333333333334,1.666666666666666
2023,CAR,Jonathan Mingo,WR,39,77.06,41,19,22,4.0,38,0,0,1,15.392857142857142,-11.392857142857142
2023,GB,Luke Musgrave,TE,42,79.79,29,20,9,6.0,35,0,0,2,13.862068965517242,-7.862068965517242
2023,GB,Jayden Reed,WR,50,71.13,72,21,51,19.0,40,0,0,1,12.64516129032258,6.35483870967742
2023,SEA,Zach Charbonnet,RB,52,79.03,36,22,14,16.0,49,0,0,0,12.903225806451612,3.096774193548388
2023,KC,Rashee Rice,WR,55,83.86,9,23,-14,16.0,28,0,0,0,11.666666666666666,4.333333333333334
2023,CHI,Tyrique Stevenson,CB,56,75.56,47,24,23,14.0,45,0,0,3,11.333333333333334,2.666666666666666
2023,DAL,Luke Schoonmaker,TE,58,77.61,37,25,12,4.0,51,0,0,0,11.366666666666667,-7.366666666666667
2023,JAX,Brenton Strange,TE,61,60.06,110,26,84,8.0,43,0,0,2,11.15625,-3.15625
2023,DEN,Marvin Mims,WR,63,80.67,22,27,-5,13.0,48,2,1,0,11.09375,1.90625
2023,PHI,Sydney Brown,DB,66,74.75,53,28,25,5.0,42,0,0,0,11.266666666666667,-6.2666666666666675
2023,DEN,Drew Sanders,LB,67,80.52,23,29,-6,2.0,21,0,0,0,11.03448275862069,-9.03448275862069
2023,DET,Hendon Hooker,QB,68,81.76,16,30,-14,0.0,3,0,0,0,11.310344827586206,-11.310344827586206
2023,HOU,Tank Dell,WR,69,77.25,39,31,8,12.0,25,0,0,1,10.533333333333333,1.4666666666666668
2023,NO,Kendre Miller,RB,71,79.91,26,32,-6,4.0,21,0,0,0,10.433333333333334,-6.433333333333334
2023,NYG,Jalin Hyatt,WR,73,84.52,7,33,-26,3.0,41,0,0,0,10.689655172413794,-7.689655172413794
2023,CLE,Cedric Tillman,WR,74,79.43,31,34,-3,6.0,38,0,0,1,10.586206896551724,-4.586206896551724
2023,ATL,Zach Harrison,DE,75,72.21,64,35,29,5.0,40,0,0,0,10.785714285714286,-5.7857142857142865
2023,GB,Tucker Kraft,TE,78,83.3,12,36,-24,15.0,42,0,0,1,10.428571428571429,4.571428571428571
2023,IND,Josh Downs,WR,79,79.28,33,37,-4,19.0,47,0,0,2,10.285714285714286,8.714285714285714
2023,TEN,Tyjae Spears,RB,81,83.29,13,38,-25,13.0,42,0,0,0,10.5,2.5
2023,MIA,De'Von Achane,RB,84,76.77,44,39,5,31.0,44,1,0,2,9.344827586206897,21.655172413793103
2023,LAC,Daiyan Henley,LB,85,76.36,45,40,5,18.0,48,0,0,2,9.571428571428571,8.428571428571429
2023,BAL,Trenton Simpson,LB,86,84.11,8,41,-33,11.0,49,0,0,1,9.821428571428571,1.1785714285714288
2023,JAX,Tank Bigsby,RB,88,72.78,59,42,17,8.0,50,0,0,0,9.703703703703704,-1.7037037037037042
2023,DAL,DeMarvion Overshown,LB,90,71.73,69,43,26,8.0,19,0,0,1,9.407407407407407,-1.4074074074074066
2023,BUF,Dorian Williams,LB,91,74.74,54,44,10,13.0,50,0,0,2,9.11111111111111,3.8888888888888893
2023,PIT,Darnell Washington,TE,93,84.87,6,45,-39,7.0,50,0,0,2,9.107142857142858,-2.1071428571428577
2023,ARI,Michael Wilson,WR,94,71.9,67,46,21,18.0,46,0,0,3,8.74074074074074,9.25925925925926
2023,LV,Tre Tucker,WR,100,69.41,79,47,32,13.0,50,0,0,2,8.285714285714286,4.7142857142857135
2023,SF,Cameron Latu,TE,101,68.73,84,48,36,0.0,15,0,0,0,8.821428571428571,-8.821428571428571
2023,MIN,Mekhi Blackmon,CB,102,66.82,89,49,40,6.0,32,0,0,1,8.481481481481481,-2.481481481481481
2023,CHI,Roschon Johnson,RB,115,64.37,99,50,49,6.0,36,0,0,0,6.851851851851852,-0.8518518518518521
2023,GB,Colby Wooden,DE,116,68.54,85,51,34,8.0,47,0,0,1,6.75,1.25
2023,JAX,Ventrell Miller,LB,121,65.62,94,52,42,6.0,32,0,0,1,4.925925925925926,1.0740740740740744
2023,SEA,Cameron Young,DT,123,60.1,109,53,56,1.0,17,0,0,0,4.888888888888889,-3.8888888888888893
2023,LAC,Derius Davis,WR,125,67.91,86,54,32,3.0,43,0,0,0,4.481481481481482,-1.4814814814814818
2023,NO,Jake Haener,QB,127,72.4,63,55,8,1.0,8,0,0,0,4.269230769230769,-3.269230769230769
2023,LA,Stetson Bennett,QB,128,74.83,52,56,-4,,,0,0,0,4.3076923076923075,-4.3076923076923075
2023,JAX,Tyler Lacy,DE,130,64.15,100,57,43,6.0,38,0,0,1,4.0,2.0
2023,CIN,Charlie Jones,WR,131,75.46,48,58,-10,4.0,33,0,0,0,4.714285714285714,-0.7142857142857144
2023,CHI,Tyler Scott,WR,133,75.14,50,59,-9,2.0,28,0,0,0,4.357142857142857,-2.3571428571428568
2023,LV,Aidan O'Connell,QB,135,60.14,108,60,48,10.0,21,0,0,1,4.62962962962963,5.37037037037037
2023,JAX,Yasir Abdullah,LB,136,72.05,66,61,5,3.0,29,0,0,0,4.821428571428571,-1.8214285714285712
2023,ARI,Clayton Tune,QB,139,77.49,38,62,-24,0.0,15,0,0,0,4.827586206896552,-4.827586206896552
2023,CLE,Dorian Thompson-Robinson,QB,140,65.52,95,63,32,2.0,15,0,0,0,4.633333333333334,-2.6333333333333337
2023,MIN,Jaquelin Roy,DT,141,64.72,98,64,34,2.0,18,0,0,0,4.633333333333334,-2.6333333333333337
2023,NYJ,Israel Abanikanda,RB,143,79.95,25,65,-40,1.0,6,0,0,0,4.612903225806452,-3.612903225806452
2023,TEN,Josh Whyle,TE,147,72.61,60,66,-6,3.0,36,0,0,0,5.454545454545454,-2.454545454545454
2023,CHI,Noah Sewell,LB,148,75.76,46,67,-21,6.0,35,0,0,1,5.34375,0.65625
2023,BUF,Justin Shorter,WR,150,63.93,101,68,33,0.0,17,0,0,0,5.451612903225806,-5.451612903225806
2023,SEA,Mike Morris,DE,151,68.81,83,69,14,2.0,33,0,0,0,5.387096774193548,-3.387096774193548
2023,TB,SirVocea Dennis,LB,153,68.97,81,70,11,8.0,33,0,0,1,5.5,2.5
2023,SF,Darrell Luter,CB,155,63.09,102,71,31,2.0,27,0,0,0,5.8125,-3.8125
2023,BAL,Kyu Blu Kelly,CB,157,68.87,82,72,10,4.0,25,0,0,0,5.78125,-1.78125
2023,GB,Dontayvion Wicks,WR,159,72.61,61,73,-12,13.0,46,0,0,0,5.59375,7.40625
2023,IND,Will Mallory,TE,162,70.72,75,74,1,2.0,24,0,0,0,6.125,-4.125
2023,CIN,Chase Brown,RB,163,81.29,20,75,-55,22.0,45,0,0,1,5.375,16.625
2023,MIN,Jaren Hall,QB,164,72.14,65,76,-11,1.0,3,0,0,0,6.096774193548387,-5.096774193548387
2023,HOU,Henry To'oTo'o,LB,167,68.98,80,77,3,17.0,46,0,0,2,5.709677419354839,11.29032258064516
2023,ARI,Owen Pappoe,LB,168,77.15,40,78,-38,3.0,49,0,0,0,6.033333333333333,-3.033333333333333
2023,TB,Payne Durham,TE,171,69.88,77,79,-2,2.0,46,0,0,1,6.172413793103448,-4.172413793103448
2023,NYG,Eric Gray,RB,172,76.97,43,80,-37,1.0,34,0,0,0,6.428571428571429,-5.428571428571429
2023,LA,Davis Allen,TE,175,61.76,105,81,24,3.0,47,0,0,0,6.75,-3.75
2023,IND,Evan Hull,RB,176,73.34,58,82,-24,0.0,8,0,0,0,7.074074074074074,-7.074074074074074
2023,LA,Puka Nacua,WR,177,65.9,93,83,10,39.0,44,2,1,2,5.62962962962963,33.37037037037037
2023,JAX,Parker Washington,WR,185,71.32,70,84,-14,15.0,42,0,0,0,7.178571428571429,7.821428571428571
2023,NE,Kayshon Boutte,WR,187,70.9,73,85,-12,10.0,34,0,0,2,7.071428571428571,2.928571428571429
2023,PHI,Tanner McKee,QB,188,69.58,78,86,-8,2.0,6,0,0,0,7.285714285714286,-5.285714285714286
2023,TB,Trey Palmer,WR,191,74.11,56,87,-31,6.0,32,0,0,0,7.0,-1.0
2023,WAS,Chris Rodriguez,RB,193,70.06,76,88,-12,6.0,35,0,0,0,6.448275862068965,-0.4482758620689653
2023,KC,Keondre Coburn,DT,194,67.23,87,89,-2,1.0,20,0,0,0,6.620689655172414,-5.620689655172414
2023,NO,A.T. Perry,WR,195,79.88,27,90,-63,2.0,10,0,0,0,6.75,-4.75
2023,MIA,Elijah Higgins,WR,197,70.74,74,91,-17,6.0,45,0,0,1,6.230769230769231,-0.23076923076923084
2023,HOU,Xavier Hutchinson,WR,205,72.57,62,92,-30,6.0,49,0,0,0,5.875,0.125
2023,CIN,Andrei Iosivas,WR,206,76.98,42,93,-51,9.0,50,0,0,2,5.75,3.25
2023,NE,DeMario Douglas,WR,210,61.82,104,94,10,12.0,48,0,0,0,4.086956521739131,7.913043478260869
2023,DAL,Deuce Vaughn,RB,212,74.97,51,95,-44,1.0,14,0,0,0,4.458333333333333,-3.458333333333333
2023,ARI,Dante Stills,DT,213,66.23,91,96,-5,10.0,48,0,0,0,4.083333333333333,5.916666666666667
2023,LA,Zach Evans,RB,215,79.14,35,97,-62,0.0,10,0,0,0,4.32,-4.32
2023,SF,Dee Winters,LB,216,66.13,92,98,-6,13.0,47,0,0,1,3.8,9.2
2023,DET,Antoine Green,WR,219,65.2,96,99,-3,0.0,9,0,0,0,3.8,-3.8
2023,NYJ,Zack Kuntz,TE,220,79.16,34,100,-66,0.0,2,0,0,0,3.5416666666666665,-3.5416666666666665
2023,MIN,DeWayne McBride,RB,222,79.35,32,101,-69,,,0,0,0,3.5,-3.5
2023,ATL,DeMarcco Hellams,DB,224,64.91,97,102,-5,3.0,26,0,0,0,3.125,-0.125
2023,ATL,Jovaughn Gwyn,OL,225,61.39,107,103,4,1.0,19,0,0,0,3.2083333333333335,-2.2083333333333335
2023,LV,Nesta Jade Silvera,DT,231,62.66,103,104,-1,1.0,9,0,0,0,3.1,-2.1
2023,SEA,Kenny McIntosh,RB,237,74.3,55,105,-50,1.0,20,0,0,0,3.1,-2.1
2023,LAC,Max Duggan,QB,239,71.81,68,106,-38,,,0,0,0,2.6666666666666665,-2.6666666666666665
2023,PIT,Cory Trice,CB,241,71.24,71,107,-36,1.0,6,0,0,0,2.611111111111111,-1.6111111111111112
2023,DAL,Jalen Brooks,WR,244,56.04,112,108,4,2.0,27,0,0,0,2.0,0.0
2023,SF,Brayden Willis,TE,247,57.2,111,109,2,0.0,23,0,0,0,1.6666666666666667,-1.6666666666666667
2023,KC,Nic Jones,CB,250,61.7,106,110,-4,2.0,23,0,0,0,0.7692307692307693,1.2307692307692308
2023,SF,Ronnie Bell,WR,253,66.51,90,111,-21,1.0,28,0,0,0,1.0,0.0
2023,GB,Grant Dubose,WR,256,67.16,88,112,-24,0.0,3,0,0,0,1.2,-1.2
2024,CHI,Caleb Williams,QB,1,91.96,5,1,4,26.0,34,0,0,2,13.705882352941176,12.294117647058824
2024,WAS,Jayden Daniels,QB,2,93.46,4,2,2,26.0,24,1,0,1,13.944444444444445,12.055555555555555
2024,NE,Drake Maye,QB,3,83.51,11,3,8,26.0,30,2,0,2,13.526315789473685,12.473684210526315
2024,ARI,Marvin Harrison Jr.,WR,4,90.11,6,4,2,13.0,29,0,0,2,14.210526315789474,-1.2105263157894743
2024,NYG,Malik Nabers,WR,6,94.26,3,5,-2,12.0,19,1,0,1,13.6,-1.5999999999999996
2024,ATL,Michael Penix,QB,8,82.52,15,6,9,8.0,14,0,0,1,13.8,-5.800000000000001
2024,CHI,Rome Odunze,WR,9,94.61,1,7,-6,12.0,29,0,0,2,13.6,-1.5999999999999996
2024,MIN,J.J. McCarthy,QB,10,81.45,18,8,10,4.0,10,0,0,1,14.0,-10.0
2024,DEN,Bo Nix,QB,12,82.54,14,9,5,25.0,34,0,0,2,12.95,12.05
2024,LV,Brock Bowers,TE,13,94.49,2,10,-8,14.0,29,2,1,1,13.333333333333334,0.6666666666666661
2024,PHI,Quinyon Mitchell,CB,22,84.91,9,11,-2,19.0,32,1,1,2,11.52,7.48
2024,JAX,Brian Thomas,WR,23,88.71,7,12,-5,18.0,31,1,0,2,11.56,6.4399999999999995
2024,GB,Jordan Morgan,OL,25,80.89,22,13,9,9.0,23,0,0,1,11.92,-2.92
2024,KC,Xavier Worthy,WR,28,85.06,8,14,-6,13.0,31,0,0,2,11.653846153846153,1.3461538461538467
2024,BAL,Nate Wiggins,CB,30,76.64,43,15,28,7.0,32,0,0,1,11.884615384615385,-4.884615384615385
2024,SF,Ricky Pearsall,WR,31,76.4,45,16,29,8.0,20,0,0,1,11.846153846153847,-3.8461538461538467
2024,CAR,Xavier Legette,WR,32,81.41,19,17,2,8.0,31,0,0,2,11.846153846153847,-3.8461538461538467
2024,BUF,Keon Coleman,WR,33,79.92,24,18,6,11.0,26,0,0,1,11.333333333333334,-0.3333333333333339
2024,LAC,Ladd McConkey,WR,34,79.13,26,19,7,18.0,32,0,0,2,10.222222222222221,7.777777777777779
2024,ATL,Ruke Orhorhoro,DT,35,75.82,50,20,30,6.0,25,0,0,0,10.076923076923077,-4.076923076923077
2024,NE,Ja'Lynn Polk,WR,37,79.12,27,21,6,1.0,15,0,0,1,9.16,-8.16
2024,GB,Edgerrin Cooper,LB,45,83.14,12,22,-10,10.0,30,0,0,1,7.9523809523809526,2.0476190476190474
2024,CAR,Jonathon Brooks,RB,46,80.75,23,23,0,0.0,3,0,0,0,8.428571428571429,-8.428571428571429
2024,JAX,Maason Smith,DT,48,67.01,105,24,81,4.0,24,0,0,0,7.909090909090909,-3.909090909090909
2024,IND,Adonai Mitchell,WR,52,81.25,21,25,-4,8.0,33,0,0,1,7.2,0.7999999999999998
2024,WAS,Ben Sinnott,TE,53,78.23,34,26,8,1.0,33,0,0,0,7.48,-6.48
2024,BUF,Cole Bishop,SAF,60,78.02,36,27,9,9.0,33,0,0,1,5.730769230769231,3.269230769230769
2024,NYJ,Malachi Corley,WR,65,81.59,17,28,-11,1.0,22,0,0,0,5.3478260869565215,-4.3478260869565215
2024,ARI,Trey Benson,RB,66,79.86,25,29,-4,3.0,17,0,0,0,5.086956521739131,-2.086956521739131
2024,LAC,Junior Colson,LB,69,79.06,28,30,-2,1.0,11,0,0,0,4.666666666666667,-3.666666666666667
2024,CAR,Trevin Wallace,LB,72,75.92,47,31,16,8.0,25,0,0,2,4.666666666666667,3.333333333333333
2024,HOU,Calen Bullock,SAF,78,74.28,60,32,28,14.0,34,1,0,2,4.1923076923076925,9.807692307692307
2024,CIN,Jermaine Burton,WR,80,78.83,30,33,-3,1.0,14,0,0,0,4.846153846153846,-3.846153846153846
2024,ARI,Tip Reiman,TE,82,75.62,52,34,18,0.0,21,0,0,1,4.769230769230769,-4.769230769230769
2024,LA,Blake Corum,RB,83,78.18,35,35,0,8.0,34,0,0,0,4.333333333333333,3.666666666666667
2024,PIT,Roman Wilson,WR,84,78.63,31,36,-5,2.0,14,0,0,0,4.428571428571429,-2.428571428571429
2024,DAL,Marist Liufau,LB,87,66.36,110,37,73,6.0,34,0,0,0,4.444444444444445,1.5555555555555554
2024,GB,MarShawn Lloyd,RB,88,78.28,33,38,-5,0.0,1,0,0,0,4.642857142857143,-4.642857142857143
2024,GB,Ty'Ron Hopper,LB,91,69.79,90,39,51,3.0,34,0,0,0,4.533333333333333,-1.5333333333333332
2024,TB,Jalen McMillan,WR,92,73.98,64,40,24,7.0,17,0,0,0,4.4,2.5999999999999996
2024,BUF,DeWayne Carter,DT,95,67.81,101,41,60,2.0,11,0,0,0,4.774193548387097,-2.774193548387097
2024,PIT,Payton Wilson,LB,98,83.8,10,42,-32,7.0,34,0,0,0,4.875,2.125
2024,LA,Kamren Kinchens,SAF,99,72.71,72,43,29,8.0,34,0,0,0,4.75,3.25
2024,WAS,Luke McCaffrey,WR,100,74.47,58,44,14,4.0,26,0,0,0,4.875,-0.875
2024,CAR,Ja'Tavion Sanders,TE,101,78.85,29,45,-16,5.0,29,0,0,0,4.818181818181818,0.18181818181818166
2024,DEN,Troy Franklin,WR,102,82.64,13,46,-33,8.0,33,0,0,0,4.818181818181818,3.1818181818181817
2024,TEN,Cedric Gray,LB,106,75.87,48,47,1,6.0,23,0,0,1,4.588235294117647,1.4117647058823533
2024,NYG,Theo Johnson,TE,107,77.51,38,48,-10,7.0,27,0,0,2,4.542857142857143,2.4571428571428573
2024,NE,Javon Baker,WR,110,74.63,56,49,7,0.0,11,0,0,0,4.648648648648648,-4.648648648648648
2024,LV,Decamerion Richardson,CB,112,72.26,77,50,27,4.0,27,0,0,0,4.243243243243243,-0.24324324324324298
2024,BAL,Devontez Walker,WR,113,81.36,20,51,-31,1.0,21,0,0,0,4.416666666666667,-3.416666666666667
2024,CIN,Erick All,TE,115,69.66,91,52,39,1.0,9,0,0,1,4.542857142857143,-3.5428571428571427
2024,JAX,Jordan Jefferson,DT,116,66.75,107,53,54,1.0,10,0,0,0,4.371428571428571,-3.371428571428571
2024,SEA,Tyrice Knight,LB,118,72.7,73,54,19,9.0,32,0,0,0,4.222222222222222,4.777777777777778
2024,MIA,Jaylen Wright,RB,120,82.15,16,55,-39,4.0,25,0,0,0,4.222222222222222,-0.22222222222222232
2024,SEA,AJ Barner,TE,121,70.23,87,56,31,7.0,34,0,0,1,4.166666666666667,2.833333333333333
2024,HOU,Cade Stover,TE,123,74.85,55,57,-2,2.0,24,0,0,1,4.297297297297297,-2.2972972972972974
2024,TB,Bucky Irving,RB,125,76.51,44,58,-14,18.0,27,0,0,1,3.7222222222222223,14.277777777777779
2024,PHI,Will Shipley,RB,127,75.85,49,59,-10,2.0,31,0,0,0,4.108108108108108,-2.108108108108108
2024,BUF,Ray Davis,RB,128,73.19,69,60,9,10.0,34,0,1,0,3.864864864864865,6.135135135135135
2024,SF,Isaac Guerendo,RB,129,78.41,32,61,-29,4.0,30,0,0,0,4.027027027027027,-0.027027027027027195
2024,KC,Jared Wiley,TE,131,73.39,68,62,6,0.0,12,0,0,0,4.055555555555555,-4.055555555555555
2024,KC,Jaden Hicks,DB,133,75.81,51,63,-12,4.0,34,0,0,0,3.638888888888889,0.36111111111111116
2024,NYJ,Braelon Allen,RB,134,73.69,65,64,1,4.0,21,0,0,0,3.888888888888889,0.11111111111111116
2024,SF,Jacob Cowing,WR,135,74.44,59,65,-6,1.0,15,0,0,0,3.75,-2.75
2024,SEA,Nehemiah Pritchett,CB,136,69.9,89,66,23,2.0,27,0,0,0,3.7222222222222223,-1.7222222222222223
2024,WAS,Jordan Magee,LB,139,76.86,42,67,-25,4.0,25,0,0,0,3.4324324324324325,0.5675675675675675
2024,LAC,Cam Hart,CB,140,70.71,86,68,18,6.0,30,0,0,1,3.2777777777777777,2.7222222222222223
2024,IND,Anthony Gould,WR,142,73.56,66,69,-3,0.0,19,0,0,0,3.4864864864864864,-3.4864864864864864
2024,ATL,JD Bertrand,LB,143,69.19,96,70,26,3.0,27,0,0,0,3.4594594594594597,-0.45945945945945965
2024,LV,Tommy Eichenberg,LB,148,69.46,93,71,22,2.0,31,0,0,0,3.6176470588235294,-1.6176470588235294
2024,CIN,Josh Newton,CB,149,69.0,98,72,26,3.0,31,0,0,0,3.764705882352941,-0.7647058823529411
2024,NO,Spencer Rattler,QB,150,74.13,61,73,-12,6.0,16,0,0,0,3.5714285714285716,2.4285714285714284
2024,PHI,Ainias Smith,WR,152,66.21,111,74,37,1.0,7,0,0,0,3.7777777777777777,-2.7777777777777777
2024,JAX,Deantre Prince,CB,153,65.75,115,75,40,1.0,10,0,0,0,3.6666666666666665,-2.6666666666666665
2024,PHI,Jeremiah Trotter Jr.,LB,155,72.54,75,76,-1,4.0,34,0,0,0,3.388888888888889,0.6111111111111112
2024,CLE,Jamari Thrash,WR,156,73.01,71,77,-6,1.0,18,0,0,0,3.5142857142857142,-2.5142857142857142
2024,KC,Hunter Nourzad,OL,159,66.47,109,78,31,2.0,28,0,0,0,3.0,-1.0
2024,BUF,Edefuan Ulofoshio,LB,160,76.88,40,79,-39,1.0,5,0,0,0,2.9714285714285715,-1.9714285714285715
2024,IND,Jaylin Simpson,SAF,164,63.9,120,80,40,0.0,1,0,0,0,2.742857142857143,-2.742857142857143
2024,BAL,Rasheen Ali,RB,165,72.1,79,81,-2,1.0,21,0,0,0,2.7142857142857144,-1.7142857142857144
2024,NYG,Tyrone Tracy Jr.,RB,166,75.98,46,82,-36,14.0,32,0,0,2,2.2941176470588234,11.705882352941178
2024,JAX,Keilan Robinson,RB,167,64.53,118,83,35,0.0,6,0,0,0,2.6666666666666665,-2.6666666666666665
2024,NO,Bub Means,WR,170,69.99,88,84,4,1.0,7,0,0,0,2.625,-1.625
2024,NYJ,Jordan Travis,QB,171,71.71,82,85,-3,,,0,0,0,2.65625,-2.65625
2024,NYJ,Isaiah Davis,RB,173,77.9,37,86,-49,5.0,33,0,0,0,2.2903225806451615,2.7096774193548385
2024,NO,Jaylan Ford,LB,175,69.56,92,87,5,2.0,25,0,0,0,2.4193548387096775,-0.4193548387096775
2024,LAC,Kimani Vidal,RB,181,75.21,54,88,-34,7.0,23,0,0,1,2.1875,4.8125
2024,TEN,Jha'Quan Jackson,WR,182,69.32,95,89,6,0.0,12,0,0,0,2.3870967741935485,-2.3870967741935485
2024,NYG,Darius Muasau,LB,183,66.78,106,90,16,8.0,27,0,0,1,2.0,6.0
2024,MIA,Malik Washington,WR,184,77.13,39,91,-52,7.0,31,0,0,0,2.129032258064516,4.870967741935484
2024,PHI,Johnny Wilson,WR,185,74.62,57,92,-35,0.0,16,0,0,0,2.4,-2.4
2024,ATL,Jase McClellan,RB,186,71.89,81,93,-12,0.0,2,0,0,0,2.3666666666666667,-2.3666666666666667
2024,DET,Mekhi Wingo,DT,189,74.02,63,94,-31,1.0,13,0,0,0,2.2413793103448274,-1.2413793103448274
2024,SEA,D.J. James,CB,192,72.53,76,95,-19,0.0,1,0,0,0,2.2413793103448274,-2.2413793103448274
2024,NE,Joe Milton,QB,193,71.28,84,96,-12,2.0,5,0,0,0,2.1379310344827585,-0.13793103448275845
2024,CIN,Tanner McLachlan,TE,194,70.83,85,97,-12,0.0,2,0,0,0,2.206896551724138,-2.206896551724138
2024,LA,Tyler Davis,DT,196,67.61,103,98,5,3.0,33,0,0,0,2.066666666666667,0.9333333333333331
2024,CAR,Jaden Crumedy,DT,200,63.6,121,99,22,0.0,8,0,0,0,1.8518518518518519,-1.8518518518518519
2024,HOU,Jawhar Jordan,RB,205,69.34,94,100,-6,1.0,4,0,0,0,2.074074074074074,-1.074074074074074
2024,CLE,Nathaniel Watson,LB,206,68.5,100,101,-1,1.0,14,0,0,0,1.9615384615384615,-0.9615384615384615
2024,LV,Dylan Laube,RB,208,75.56,53,102,-49,0.0,27,0,0,0,1.8518518518518519,-1.8518518518518519
2024,KC,Kamal Hadden,DB,211,71.9,80,103,-23,0.0,12,0,0,0,1.8275862068965518,-1.8275862068965518
2024,LA,Jordan Whittington,WR,213,62.51,122,104,18,5.0,32,0,0,0,1.6,3.4
2024,DAL,Ryan Flournoy,WR,216,76.88,41,105,-64,5.0,27,0,0,0,1.2142857142857142,3.7857142857142856
2024,BAL,Devin Leary,QB,218,66.14,112,106,6,,,0,0,0,1.2307692307692308,-1.2307692307692308
2024,BUF,Daequan Hardy,CB,219,64.62,117,107,10,,,0,0,0,1.4230769230769231,-1.4230769230769231
2024,CIN,Daijahn Anthony,SAF,224,69.05,97,108,-11,1.0,18,0,0,0,1.2962962962962963,-0.2962962962962963
2024,LAC,Brenden Rice,WR,225,73.47,67,109,-42,0.0,3,0,0,0,1.3333333333333333,-1.3333333333333333
2024,BAL,Nick Samac,C,228,64.21,119,110,9,1.0,11,0,0,0,1.32,-0.32000000000000006
2024,NE,Jaheim Bell,TE,231,74.11,62,111,-49,0.0,15,0,0,0,1.2916666666666667,-1.2916666666666667
2024,DEN,Devaughn Vele,WR,235,65.87,114,112,2,6.0,26,0,0,0,1.0869565217391304,4.913043478260869
2024,CIN,Matt Lee,C,237,72.57,74,113,-39,2.0,22,0,0,0,1.2608695652173914,0.7391304347826086
2024,NO,Josiah Ezirim,OT,239,73.02,70,114,-44,,,0,0,0,1.380952380952381,-1.380952380952381
2024,CAR,Michael Barrett,LB,240,60.63,123,115,8,,,0,0,0,1.380952380952381,-1.380952380952381
2024,MIA,Tahj Washington,WR,241,67.64,102,116,-14,0.0,6,0,0,0,1.45,-1.45
2024,TEN,James Williams,SAF,242,68.69,99,117,-18,3.0,29,0,0,0,1.3,1.7
2024,GB,Michael Pratt,QB,245,72.14,78,118,-40,,,0,0,0,1.5263157894736843,-1.5263157894736843
2024,TB,Devin Culp,TE,246,67.02,104,119,-15,1.0,18,0,0,0,1.2777777777777777,-0.2777777777777777
2024,SF,Tatum Bethune,LB,251,66.02,113,120,-7,5.0,25,0,0,0,0.875,4.125
2024,LAC,Cornelius Johnson,WR,253,71.61,83,121,-38,,,0,0,0,1.2666666666666666,-1.2666666666666666
2024,GB,Kalen King,CB,255,66.7,108,122,-14,0.0,1,0,0,0,1.2666666666666666,-1.2666666666666666
2024,NYJ,Jaylen Key,SAF,257,65.31,116,123,-7,,,0,0,0,1.2857142857142858,-1.2857142857142858
2025,TEN,Cam Ward,QB,1,85.82,6,1,5,7.0,17,0,0,1,5.947368421052632,1.0526315789473681
2025,NE,Will Campbell,OT,4,85.44,8,2,6,8.0,13,0,0,1,5.636363636363637,2.3636363636363633
2025,CLE,Mason Graham,DT,5,85.27,10,3,7,8.0,17,0,0,1,5.636363636363637,2.3636363636363633
2025,LV,Ashton Jeanty,RB,6,94.87,1,4,-3,7.0,17,0,0,1,5.782608695652174,1.2173913043478262
2025,CAR,Tetairoa McMillan,WR,8,85.48,7,5,2,9.0,17,0,0,1,5.76,3.24
2025,CHI,Colston Loveland,TE,10,84.03,14,6,8,7.0,16,0,0,1,5.592592592592593,1.4074074074074074
2025,MIA,Kenneth Grant,DT,13,75.75,50,7,43,3.0,17,0,0,0,5.607142857142857,-2.6071428571428568
2025,IND,Tyler Warren,TE,14,92.36,2,8,-6,9.0,17,1,0,1,5.275862068965517,3.724137931034483
2025,ARI,Walter Nolen,DT,16,80.24,25,9,16,1.0,6,0,0,0,5.466666666666667,-4.466666666666667
2025,TB,Emeka Egbuka,WR,19,83.6,16,10,6,9.0,17,0,0,1,5.125,3.875
2025,DEN,Jahdae Barron,CB,20,89.23,3,11,-8,3.0,17,0,0,0,5.3125,-2.3125
2025,PIT,Derrick Harmon,DT,21,79.08,34,12,22,4.0,12,0,0,0,5.181818181818182,-1.1818181818181817
2025,LAC,Omarion Hampton,RB,22,85.16,12,13,-1,5.0,9,0,0,0,5.147058823529412,-0.14705882352941213
2025,GB,Matthew Golden,WR,23,82.44,19,14,5,4.0,14,0,0,0,5.114285714285714,-1.1142857142857139
2025,NYG,Jaxson Dart,QB,25,77.53,42,15,27,11.0,14,0,0,1,4.914285714285715,6.085714285714285
2025,BAL,Malaki Starks,SAF,27,77.9,40,16,24,5.0,17,0,0,1,5.0,0.0
2025,DET,Tyleik Williams,DT,28,80.23,26,17,9,4.0,17,0,0,1,5.054054054054054,-1.0540540540540544
2025,BUF,Maxwell Hairston,CB,30,77.71,41,18,23,2.0,11,0,0,0,5.026315789473684,-3.026315789473684
2025,PHI,Jihaad Campbell,LB,31,82.2,20,19,1,6.0,17,0,0,1,4.82051282051282,1.1794871794871797
2025,CLE,Carson Schwesinger,LB,33,81.26,23,20,3,8.0,16,0,0,1,4.658536585365853,3.3414634146341466
2025,HOU,Jayden Higgins,WR,34,81.99,21,21,0,4.0,17,0,0,1,4.7,-0.7000000000000002
2025,SEA,Nick Emmanwori,SAF,35,85.29,9,22,-13,4.0,14,0,0,1,4.7073170731707314,-0.7073170731707314
2025,CLE,Quinshon Judkins,RB,36,82.98,17,23,-6,4.0,14,0,0,1,4.690476190476191,-0.6904761904761907
2025,NE,TreVeyon Henderson,RB,38,86.22,5,24,-19,8.0,17,0,0,0,4.309523809523809,3.6904761904761907
2025,CHI,Luther Burden,WR,39,85.25,11,25,-14,6.0,15,0,0,0,4.190476190476191,1.8095238095238093
2025,NO,Tyler Shough,QB,40,67.98,127,26,101,7.0,11,0,0,1,4.166666666666667,2.833333333333333
2025,BUF,T.J. Sanders,DT,41,75.27,53,27,26,2.0,12,0,0,0,4.119047619047619,-2.1190476190476186
2025,NYJ,Mason Taylor,TE,42,79.89,28,28,0,3.0,13,0,0,1,4.069767441860465,-1.0697674418604652
2025,SF,Alfred Collins,DT,43,72.69,79,29,50,2.0,16,0,0,0,3.953488372093023,-1.9534883720930232
2025,LA,Terrance Ferguson,TE,46,77.36,44,30,14,2.0,14,0,0,0,3.9069767441860463,-1.9069767441860463
2025,ARI,Will Johnson,CB,47,82.62,18,31,-13,3.0,12,0,0,1,3.7209302325581395,-0.7209302325581395
2025,CIN,Demetrius Knight,LB,49,73.55,69,32,37,6.0,17,0,0,1,3.627906976744186,2.372093023255814
2025,SEA,Elijah Arroyo,TE,50,79.4,30,33,-3,2.0,13,0,0,0,3.6818181818181817,-1.6818181818181817
2025,TB,Benjamin Morrison,CB,53,79.06,35,34,1,2.0,10,0,0,0,3.488888888888889,-1.488888888888889
2025,GB,Anthony Belton,OT,54,74.21,63,35,28,5.0,14,0,0,0,3.4,1.6
2025,LAC,Tre Harris,WR,55,79.17,33,36,-3,3.0,17,0,0,1,3.3555555555555556,-0.3555555555555556
2025,LV,Jack Bech,WR,58,75.06,54,37,17,2.0,16,0,0,0,3.186046511627907,-1.1860465116279069
2025,DEN,RJ Harvey,RB,60,79.31,31,38,-7,6.0,17,0,0,0,2.9767441860465116,3.0232558139534884
2025,WAS,Trey Amos,CB,61,73.22,74,39,35,2.0,10,0,0,0,3.13953488372093,-1.13953488372093
2025,KC,Omarr Norman-Lott,DT,63,67.08,133,40,93,1.0,5,0,0,0,3.116279069767442,-2.116279069767442
2025,PHI,Andrew Mukuba,SAF,64,73.54,70,41,29,3.0,11,0,0,1,3.0930232558139537,-0.09302325581395365
2025,NYG,Darius Alexander,DT,65,76.75,46,42,4,2.0,16,0,0,0,3.0454545454545454,-1.0454545454545454
2025,CLE,Harold Fannin,TE,67,84.02,15,43,-28,5.0,16,0,0,1,2.813953488372093,2.186046511627907
2025,LV,Darien Porter,CB,68,79.18,32,44,-12,4.0,17,0,0,1,2.7906976744186047,1.2093023255813953
2025,NE,Kyle Williams,WR,69,75.57,51,45,6,2.0,17,0,0,0,2.8095238095238093,-0.8095238095238093
2025,DET,Isaac TeSlaa,WR,70,69.55,112,46,66,2.0,17,0,0,0,2.744186046511628,-0.7441860465116279
2025,NO,Vernon Broughton,DT,71,67.97,128,47,81,0.0,1,0,0,0,2.7209302325581395,-2.7209302325581395
2025,NYJ,Azareye'h Thomas,CB,73,74.63,60,48,12,2.0,12,0,0,0,2.558139534883721,-0.558139534883721
2025,DEN,Pat Bryant,WR,74,70.75,99,49,50,3.0,15,0,0,0,2.627906976744186,0.37209302325581417
2025,SF,Nick Martin,LB,75,73.23,73,50,23,1.0,7,0,0,0,2.627906976744186,-1.6279069767441858
2025,DAL,Shavon Revel,CB,76,84.34,13,51,-38,1.0,7,0,0,0,2.604651162790698,-1.6046511627906979
2025,HOU,Jaylin Noel,WR,79,79.89,29,52,-23,2.0,17,0,0,0,2.6444444444444444,-0.6444444444444444
2025,IND,Justin Walley,CB,80,68.32,122,53,69,,,0,0,0,2.6444444444444444,-2.6444444444444444
2025,TEN,Kevin Winston,SAF,82,72.08,84,54,30,2.0,10,0,0,0,2.4565217391304346,-0.4565217391304346
2025,PIT,Kaleb Johnson,RB,83,76.22,48,55,-7,1.0,10,0,0,0,2.5,-1.5
2025,TB,Jacob Parrish,CB,84,77.22,45,56,-11,3.0,17,0,0,0,2.5319148936170213,0.46808510638297873
2025,KC,Nohl Williams,CB,85,73.94,65,57,8,3.0,17,0,0,0,2.4791666666666665,0.5208333333333335
2025,LAC,Jamaree Caldwell,DT,86,64.39,152,58,94,3.0,17,0,0,0,2.4583333333333335,0.5416666666666665
2025,GB,Savion Williams,WR,87,77.91,39,59,-20,1.0,12,0,0,0,2.5,-1.5
2025,SEA,Jalen Milroe,QB,92,81.21,24,60,-36,0.0,3,0,0,0,2.5416666666666665,-2.5416666666666665
2025,NO,Jonas Sanker,SAF,93,69.32,115,61,54,7.0,17,0,0,1,2.3191489361702127,4.680851063829787
2025,CLE,Dillon Gabriel,QB,94,75.3,52,62,-10,0.0,10,0,0,0,2.4893617021276597,-2.4893617021276597
2025,ATL,Xavier Watts,SAF,96,76.08,49,63,-14,7.0,17,0,0,1,2.4166666666666665,4.583333333333334
2025,HOU,Jaylin Smith,CB,97,68.81,118,64,54,0.0,4,0,0,0,2.6041666666666665,-2.6041666666666665
2025,LV,Caleb Rogers,OL,98,65.83,145,65,80,2.0,6,0,0,0,2.6041666666666665,-0.6041666666666665
2025,SF,Upton Stout,CB,100,65.14,149,66,83,2.0,16,0,0,0,2.5625,-0.5625
2025,MIN,Tai Felton,WR,102,76.45,47,67,-20,0.0,17,0,0,0,2.5319148936170213,-2.5319148936170213
2025,TEN,Chimere Dike,WR,103,71.05,97,68,29,5.0,17,1,1,1,2.404255319148936,2.595744680851064
2025,JAX,Bhayshul Tuten,RB,104,78.56,37,69,-32,3.0,15,0,0,0,2.5319148936170213,0.46808510638297873
2025,NYG,Cam Skattebo,RB,105,87.72,4,70,-66,5.0,8,0,0,0,2.5,2.5
2025,NE,Craig Woodson,SAF,106,65.51,147,71,76,6.0,17,0,0,1,2.4375,3.5625
2025,JAX,Jack Kiser,LB,107,68.08,124,72,52,1.0,14,0,0,0,2.5319148936170213,-1.5319148936170213
2025,LV,Dont'e Thornton,WR,108,71.72,87,73,14,1.0,15,0,0,0,2.5319148936170213,-1.5319148936170213
2025,BUF,Deone Walker,DT,109,71.68,88,74,14,8.0,17,0,0,1,2.382978723404255,5.617021276595745
2025,NYJ,Arian Smith,WR,110,69.76,107,75,32,1.0,16,0,0,0,2.5319148936170213,-1.5319148936170213
2025,PHI,Ty Robinson,DT,111,73.49,72,76,-4,1.0,11,0,0,0,2.5319148936170213,-1.5319148936170213
2025,NO,Danny Stutsman,LB,112,73.6,68,77,-9,1.0,17,0,0,0,2.5319148936170213,-1.5319148936170213
2025,SF,CJ West,DT,113,73.87,67,78,-11,1.0,14,0,0,0,2.5319148936170213,-1.5319148936170213
2025,CAR,Trevor Etienne,RB,114,68.33,121,79,42,1.0,17,0,0,0,2.5319148936170213,-1.5319148936170213
2025,ARI,Cody Simon,LB,115,69.08,116,80,36,3.0,16,0,0,1,2.4468085106382977,0.5531914893617023
2025,HOU,Woody Marks,RB,116,67.36,132,81,51,6.0,16,0,0,0,2.382978723404255,3.617021276595745
2025,LA,Jarquez Hunter,RB,117,69.71,108,82,26,0.0,5,0,0,0,2.4680851063829787,-2.4680851063829787
2025,ATL,Billy Bowman,SAF,118,68.99,117,83,34,1.0,6,0,0,0,2.404255319148936,-1.4042553191489362
2025,CIN,Barrett Carter,LB,119,71.43,91,84,7,5.0,17,0,0,1,2.276595744680851,2.723404255319149
2025,TEN,Gunnar Helm,TE,120,72.85,77,85,-8,3.0,16,0,0,1,2.3404255319148937,0.6595744680851063
2025,CAR,Lathan Ransom,SAF,122,71.68,89,86,3,3.0,16,0,0,0,2.3404255319148937,0.6595744680851063
2025,CLE,Dylan Sampson,RB,126,80.11,27,87,-60,3.0,15,0,0,0,2.2083333333333335,0.7916666666666665
2025,IND,Jalen Travis,OT,127,71.37,93,88,5,3.0,17,0,0,0,2.25531914893617,0.7446808510638299
2025,WAS,Jaylin Lane,WR,128,74.88,55,89,-34,4.0,15,0,0,0,2.25,1.75
2025,BAL,Teddye Buchanan,LB,129,70.53,100,90,10,5.0,14,0,0,1,2.1041666666666665,2.8958333333333335
2025,NYJ,Malachi Moore,SAF,130,67.99,126,91,35,4.0,17,0,0,1,2.1875,1.8125
2025,NO,Quincy Riley,CB,131,72.15,82,92,-10,3.0,17,0,0,0,2.2083333333333335,0.7916666666666665
2025,KC,Jalen Royals,WR,133,81.85,22,93,-71,0.0,7,0,0,0,2.3469387755102042,-2.3469387755102042
2025,LV,Tonka Hemingway,DT,135,67.71,129,94,35,1.0,9,0,0,0,2.36734693877551,-1.3673469387755102
2025,TEN,Elic Ayomanor,WR,136,78.55,38,95,-57,4.0,16,0,0,1,2.2244897959183674,1.7755102040816326
2025,NE,Joshua Farmer,DT,137,69.41,114,96,18,3.0,13,0,0,0,2.183673469387755,0.8163265306122449
2025,SF,Jordan Watkins,WR,138,69.67,110,97,13,0.0,4,0,0,0,2.1875,-2.1875
2025,CAR,Cam Jackson,DT,140,58.79,163,98,65,1.0,9,0,0,0,2.0638297872340425,-1.0638297872340425
2025,BAL,Carson Vinson,OT,141,69.52,113,99,14,1.0,7,0,0,0,2.0851063829787235,-1.0851063829787235
2025,CLE,Shedeur Sanders,QB,144,78.99,36,100,-64,2.0,8,1,0,0,1.9565217391304348,0.04347826086956519
2025,PHI,Mac McWilliams,CB,145,67.71,130,101,29,0.0,5,0,0,0,2.0,-2.0
2025,SF,Jordan James,RB,147,72.19,81,102,-21,0.0,3,0,0,0,2.0,-2.0
2025,LA,Ty Hamilton,DT,148,70.29,102,103,-1,1.0,14,0,0,0,1.934782608695652,-0.9347826086956521
2025,DAL,Jaydon Blue,RB,149,71.37,94,104,-10,1.0,5,0,0,0,1.8043478260869565,-0.8043478260869565
2025,MIA,Jason Marshall,CB,150,66.72,135,105,30,1.0,12,0,0,0,1.8444444444444446,-0.8444444444444446
2025,IND,DJ Giddens,RB,151,77.37,43,106,-63,1.0,9,0,0,0,1.8636363636363635,-0.8636363636363635
2025,DAL,Shemar James,LB,152,61.08,160,107,53,2.0,14,0,0,0,1.7727272727272727,0.2272727272727273
2025,MIA,Dante Trader,SAF,155,55.98,165,108,57,2.0,17,0,0,0,1.6590909090909092,0.34090909090909083
2025,KC,Jeffrey Bassa,LB,156,70.12,105,109,-4,1.0,17,0,0,0,1.6444444444444444,-0.6444444444444444
2025,LAC,KeAndre Lambert-Smith,WR,158,72.09,83,110,-27,0.0,10,0,0,0,1.673913043478261,-1.673913043478261
2025,SF,Marques Sigle,SAF,160,71.16,96,111,-15,3.0,15,0,0,0,1.511111111111111,1.488888888888889
2025,PHI,Smael Mondon,LB,161,74.78,57,112,-55,1.0,17,0,0,0,1.4666666666666666,-0.46666666666666656
2025,NYJ,Francisco Mauigoa,LB,162,68.05,125,113,12,3.0,12,0,0,0,1.3409090909090908,1.6590909090909092
2025,CAR,Mitchell Evans,TE,163,72.63,80,114,-34,2.0,17,0,0,1,1.302325581395349,0.6976744186046511
2025,PIT,Yahya Black,DT,164,61.25,159,115,44,2.0,17,0,0,0,1.2619047619047619,0.7380952380952381
2025,LAC,Oronde Gadsden II,TE,165,74.8,56,116,-60,6.0,15,0,0,0,1.1395348837209303,4.8604651162790695
2025,SEA,Tory Horton,WR,166,74.6,61,117,-56,2.0,8,0,0,0,1.2619047619047619,0.7380952380952381
2025,PHI,Drew Kendall,C,168,71.82,86,118,-32,1.0,7,0,0,0,1.2926829268292683,-0.29268292682926833
2025,CHI,Zah Frazier,CB,169,66.7,136,119,17,,,0,0,0,1.2439024390243902,-1.2439024390243902
2025,DET,Miles Frazier,G,171,71.32,95,120,-25,0.0,5,0,0,0,1.170731707317073,-1.170731707317073
2025,BUF,Jackson Hawes,TE,173,68.63,120,121,-1,2.0,17,0,0,0,1.1219512195121952,0.8780487804878048
2025,ARI,Denzel Burke,CB,174,70.29,103,122,-19,3.0,17,0,0,0,1.1,1.9
2025,SEA,Robbie Ouzts,TE,175,66.14,142,123,19,0.0,12,0,0,0,1.175,-1.175
2025,BUF,Dorian Strong,CB,177,65.28,148,124,24,1.0,4,0,0,0,1.125,-0.125
2025,BAL,Bilhal Kone,CB,178,64.09,153,125,28,,,0,0,0,1.15,-1.15
2025,MIA,Ollie Gordon,RB,179,72.92,76,126,-50,2.0,17,0,0,0,1.1,0.8999999999999999
2025,LV,JJ Pegues,DT,180,64.01,155,127,28,1.0,9,0,0,0,1.1538461538461537,-0.15384615384615374
2025,PHI,Kyle McCord,QB,181,66.17,141,128,13,,,0,0,0,1.1842105263157894,-1.1842105263157894
2025,NO,Devin Neal,RB,184,73.2,75,129,-54,2.0,10,0,0,0,1.1944444444444444,0.8055555555555556
2025,PIT,Will Howard,QB,185,74.24,62,130,-68,,,0,0,0,1.1944444444444444,-1.1944444444444444
2025,HOU,Jaylen Reed,SAF,187,65.72,146,131,15,1.0,7,0,0,0,1.131578947368421,-0.13157894736842102
2025,TEN,Kalel Mullings,RB,188,64.72,151,132,19,0.0,9,0,0,0,1.135135135135135,-1.135135135135135
2025,IND,Riley Leonard,QB,189,71.44,90,133,-43,2.0,5,0,0,0,1.0833333333333333,0.9166666666666667
2025,PHI,Myles Hinton,OT,191,63.55,156,134,22,,,0,0,0,1.135135135135135,-1.135135135135135
2025,CIN,Tahj Brooks,RB,193,74.64,59,135,-76,0.0,16,0,0,0,1.0810810810810811,-1.0810810810810811
2025,HOU,Graham Mertz,QB,197,65.92,144,136,8,,,0,0,0,1.0,-1.0
2025,MIN,Kobe King,LB,201,70.15,104,137,-33,1.0,14,0,0,0,0.9714285714285714,0.02857142857142858
2025,MIN,Gavin Bartholomew,TE,202,70.97,98,138,-40,,,0,0,0,1.0294117647058822,-1.0294117647058822
2025,BAL,LaJohntay Wester,WR,203,63.05,157,139,18,0.0,17,0,0,0,1.0857142857142856,-1.0857142857142856
2025,WAS,Kain Medrano,LB,205,65.09,150,140,10,1.0,9,0,0,0,1.0857142857142856,-0.08571428571428563
2025,CAR,Jimmy Horn,WR,208,57.11,164,141,23,1.0,13,0,0,0,0.9428571428571428,0.05714285714285716
2025,BAL,Aeneas Peebles,DT,210,66.22,140,142,-2,0.0,6,0,0,0,0.9714285714285714,-0.9714285714285714
2025,LAC,R.J. Mickens,SAF,214,68.28,123,143,-20,3.0,12,0,0,0,0.8484848484848485,2.1515151515151514
2025,DAL,Jay Toia,DT,217,54.58,166,144,22,0.0,5,0,0,0,0.8529411764705882,-0.8529411764705882
2025,ATL,Jack Nelson,OT,218,70.49,101,145,-44,1.0,10,0,0,0,0.8235294117647058,0.17647058823529416
2025,NYG,Thomas Fidone,TE,219,71.85,85,146,-61,0.0,7,0,0,0,0.8529411764705882,-0.8529411764705882
2025,LV,Cody Lindenberg,LB,222,66.65,137,147,-10,1.0,17,0,0,0,0.8064516129032258,0.19354838709677424
2025,SEA,Damien Martinez,RB,223,74.71,58,148,-90,,,0,0,0,0.8125,-0.8125
2025,ARI,Kitan Crawford,SAF,225,66.88,134,149,-15,1.0,15,0,0,0,0.8064516129032258,0.19354838709677424
2025,PIT,Carson Bruener,LB,226,69.7,109,150,-41,1.0,17,0,0,0,0.8333333333333334,0.16666666666666663
2025,SF,Kurtis Rourke,QB,227,69.85,106,151,-45,,,0,0,0,0.8666666666666667,-0.8666666666666667
2025,KC,Brashard Smith,RB,228,74.14,64,152,-88,3.0,17,0,0,0,0.7666666666666667,2.2333333333333334
2025,MIA,Quinn Ewers,QB,231,73.53,71,153,-82,2.0,4,0,0,0,0.8275862068965517,1.1724137931034484
2025,CHI,Kyle Monangai,RB,233,66.28,139,154,-15,6.0,17,0,0,0,0.6896551724137931,5.310344827586206
2025,TB,Tez Johnson,WR,235,73.92,66,155,-89,3.0,16,0,0,0,0.8148148148148148,2.185185185185185
2025,JAX,LeQuint Allen,RB,236,65.99,143,156,-13,1.0,17,0,0,0,0.9230769230769231,0.07692307692307687
2025,SEA,Ricky White,WR,238,68.66,119,157,-38,0.0,2,0,0,0,0.96,-0.96
2025,DAL,Phil Mafah,RB,239,60.69,161,158,3,0.0,1,0,0,0,0.96,-0.96
2025,BUF,Kaden Prather,WR,240,66.46,138,159,-21,,,0,0,0,0.96,-0.96
2025,LA,Konata Mumpfield,WR,242,59.32,162,160,2,1.0,17,0,0,0,0.9166666666666666,0.08333333333333337
2025,BAL,Garrett Dellinger,G,243,72.8,78,161,-83,0.0,1,0,0,0,1.0,-1.0
2025,DET,Dominic Lovett,WR,244,71.41,92,162,-70,0.0,12,0,0,0,1.0,-1.0
2025,DAL,Tommy Akingbesote,DT,247,61.4,158,163,-5,,,0,0,0,0.9090909090909091,-0.9090909090909091
2025,NO,Moliki Matavao,TE,248,67.39,131,164,-33,0.0,6,0,0,0,0.9090909090909091,-0.9090909090909091
2025,GB,John Williams,OL,250,69.6,111,165,-54,,,0,0,0,0.9523809523809523,-0.9523809523809523
2025,HOU,Luke Lachey,TE,255,64.03,154,166,-12,,,0,0,0,1.0,-1.0
2026,LV,Fernando Mendoza,QB,1,86.71,5,1,4,,,0,0,0,0.0,0.0
2026,ARI,Jeremiyah Love,RB,3,94.33,1,2,-1,,,0,0,0,0.0,0.0
2026,TEN,Carnell Tate,WR,4,77.44,30,3,27,,,0,0,0,0.0,0.0
2026,KC,Mansoor Delane,CB,6,77.42,31,4,27,,,0,0,0,0.0,0.0
2026,WAS,Sonny Styles,LB,7,94.31,2,5,-3,,,0,0,0,0.0,0.0
2026,NO,Jordyn Tyson,WR,8,86.19,6,6,0,,,0,0,0,0.0,0.0
2026,CLE,Spencer Fano,OT,9,90.93,4,7,-3,,,0,0,0,0.0,0.0
2026,NYG,Francis Mauigoa,OT,10,76.6,44,8,36,,,0,0,0,0.0,0.0
2026,MIA,Kadyn Proctor,OT,12,80.68,17,9,8,,,0,0,0,0.0,0.0
2026,LA,Ty Simpson,QB,13,74.78,65,10,55,,,0,0,0,0.0,0.0
2026,NYJ,Kenyon Sadiq,TE,16,93.11,3,11,-8,,,0,0,0,0.0,0.0
2026,DET,Blake Miller,OT,17,81.08,14,12,2,,,0,0,0,0.0,0.0
2026,MIN,Caleb Banks,DT,18,71.42,104,13,91,,,0,0,0,0.0,0.0
2026,CAR,Monroe Freeling,OT,19,80.65,18,14,4,,,0,0,0,0.0,0.0
2026,PHI,Makai Lemon,WR,20,84.74,9,15,-6,,,0,0,0,0.0,0.0
2026,PIT,Max Iheanachor,OT,21,77.35,34,16,18,,,0,0,0,0.0,0.0
2026,CLE,KC Concepcion,WR,24,77.24,36,17,19,,,0,0,0,0.0,0.0
2026,HOU,Keylan Rutledge,G,26,78.19,27,18,9,,,0,0,0,0.0,0.0
2026,MIA,Chris Johnson,CB,27,79.26,23,19,4,,,0,0,0,0.0,0.0
2026,NE,Caleb Lomu,OT,28,81.32,12,20,-8,,,0,0,0,0.0,0.0
2026,KC,Peter Woods,DT,29,79.29,22,21,1,,,0,0,0,0.0,0.0
2026,NYJ,Omar Cooper Jr.,WR,30,79.96,19,22,-3,,,0,0,0,0.0,0.0
2026,SEA,Jadarian Price,RB,32,75.78,50,23,27,,,0,0,0,0.0,0.0
2026,SF,De'Zhaun Stribling,WR,33,76.0,48,24,24,,,0,0,0,0.0,0.0
2026,ARI,Chase Bisontis,G,34,77.09,39,25,14,,,0,0,0,0.0,0.0
2026,HOU,Kayden McDonald,DT,36,73.06,88,26,62,,,0,0,0,0.0,0.0
2026,NYG,Colton Hood,CB,37,81.62,11,27,-16,,,0,0,0,0.0,0.0
2026,CLE,Denzel Boston,WR,39,77.37,32,28,4,,,0,0,0,0.0,0.0
2026,NO,Christen Miller,DT,42,70.98,111,29,82,,,0,0,0,0.0,0.0
2026,MIA,Jacob Rodriguez,LB,43,78.87,25,30,-5,,,0,0,0,0.0,0.0
2026,TB,Josiah Trotter,LB,46,69.08,130,31,99,,,0,0,0,0.0,0.0
2026,PIT,Germie Bernard,WR,47,74.43,73,32,41,,,0,0,0,0.0,0.0
2026,ATL,Avieon Terrell,CB,48,75.14,61,33,28,,,0,0,0,0.0,0.0
2026,CAR,Lee Hunter,DT,49,72.76,90,34,56,,,0,0,0,0.0,0.0
2026,NYJ,D'Angelo Ponds,CB,50,77.83,29,35,-6,,,0,0,0,0.0,0.0
2026,MIN,Jake Golday,LB,51,83.8,10,36,-26,,,0,0,0,0.0,0.0
2026,GB,Brandon Cisse,CB,52,75.49,55,37,18,,,0,0,0,0.0,0.0
2026,IND,CJ Allen,LB,53,73.58,81,38,43,,,0,0,0,0.0,0.0
2026,PHI,Eli Stowers,TE,54,85.75,8,39,-31,,,0,0,0,0.0,0.0
2026,JAX,Nate Boerkircher,TE,56,67.55,141,40,101,,,0,0,0,0.0,0.0
2026,CHI,Logan Jones,C,57,75.23,59,41,18,,,0,0,0,0.0,0.0
2026,HOU,Marlin Klein,TE,59,65.46,156,42,114,,,0,0,0,0.0,0.0
2026,TEN,Anthony Hill Jr.,LB,60,80.69,16,43,-27,,,0,0,0,0.0,0.0
2026,LA,Max Klare,TE,61,76.14,47,44,3,,,0,0,0,0.0,0.0
2026,BUF,Davison Igbinosun,CB,62,73.8,77,45,32,,,0,0,0,0.0,0.0
2026,LAC,Jake Slaughter,C,63,81.19,13,46,-33,,,0,0,0,0.0,0.0
2026,ARI,Carson Beck,QB,65,77.09,40,47,-7,,,0,0,0,0.0,0.0
2026,DEN,Tyler Onyedim,DT,66,65.92,153,48,105,,,0,0,0,0.0,0.0
2026,PHI,Markel Bell,OT,68,70.42,121,49,72,,,0,0,0,0.0,0.0
2026,CHI,Sam Roush,TE,69,74.57,70,50,20,,,0,0,0,0.0,0.0
2026,WAS,Antonio Williams,WR,71,75.39,58,51,7,,,0,0,0,0.0,0.0
2026,CIN,Tacario Davis,CB,72,72.74,91,52,39,,,0,0,0,0.0,0.0
2026,NO,Oscar Delp,TE,73,68.75,135,53,82,,,0,0,0,0.0,0.0
2026,NYG,Malachi Fields,WR,74,74.15,76,54,22,,,0,0,0,0.0,0.0
2026,MIA,Caleb Douglas,WR,75,72.79,89,55,34,,,0,0,0,0.0,0.0
2026,PIT,Drew Allar,QB,76,72.51,93,56,37,,,0,0,0,0.0,0.0
2026,GB,Chris McClellan,DT,77,70.51,116,57,59,,,0,0,0,0.0,0.0
2026,ATL,Zachariah Branch,WR,79,79.46,20,58,-38,,,0,0,0,0.0,0.0
2026,BAL,Ja'Kobi Lane,WR,80,74.49,72,59,13,,,0,0,0,0.0,0.0
2026,JAX,Albert Regis,DT,81,65.18,157,60,97,,,0,0,0,0.0,0.0
2026,MIN,Domonique Orange,DT,82,64.81,158,61,97,,,0,0,0,0.0,0.0
2026,CAR,Chris Brazzell II,WR,83,77.98,28,62,-34,,,0,0,0,0.0,0.0
2026,TB,Ted Hurst,WR,84,75.83,49,63,-14,,,0,0,0,0.0,0.0
2026,PIT,Daylen Everette,CB,85,75.1,62,64,-2,,,0,0,0,0.0,0.0
2026,CLE,Austin Barber,OT,86,75.56,53,65,-12,,,0,0,0,0.0,0.0
2026,MIA,Will Kacmarek,TE,87,67.85,139,66,73,,,0,0,0,0.0,0.0
2026,JAX,Emmanuel Pregnon,G,88,80.88,15,67,-52,,,0,0,0,0.0,0.0
2026,CHI,Zavion Thomas,WR,89,69.47,128,68,60,,,0,0,0,0.0,0.0
2026,MIA,Chris Bell,WR,94,78.4,26,69,-43,,,0,0,0,0.0,0.0
2026,NE,Eli Raridon,TE,95,70.96,112,70,42,,,0,0,0,0.0,0.0
2026,MIN,Caleb Tiernan,OT,97,75.53,54,71,-17,,,0,0,0,0.0,0.0
2026,SEA,Julian Neal,CB,99,74.75,66,72,-6,,,0,0,0,0.0,0.0
2026,LV,Jermod McCoy,CB,101,75.43,57,73,-16,,,0,0,0,0.0,0.0
2026,BUF,Jude Bowry,OT,102,72.43,96,74,22,,,0,0,0,0.0,0.0
2026,NYJ,Darrell Jackson Jr.,DT,103,71.35,106,75,31,,,0,0,0,0.0,0.0
2026,ARI,Kaleb Proctor,DT,104,69.65,125,76,49,,,0,0,0,0.0,0.0
2026,LAC,Brenen Thompson,WR,105,76.57,45,77,-32,,,0,0,0,0.0,0.0
2026,SF,Gracen Halton,DT,107,68.97,132,78,54,,,0,0,0,0.0,0.0
2026,DEN,Jonah Coleman,RB,108,77.14,37,79,-42,,,0,0,0,0.0,0.0
2026,KC,Jadon Canady,CB,109,65.75,154,80,74,,,0,0,0,0.0,0.0
2026,NYJ,Cade Klubnik,QB,110,76.26,46,81,-35,,,0,0,0,0.0,0.0
2026,DEN,Kage Casey,OT,111,67.72,140,82,58,,,0,0,0,0.0,0.0
2026,DAL,Drew Shelton,OT,112,70.47,119,83,36,,,0,0,0,0.0,0.0
2026,IND,Jalen Farmer,G,113,75.19,60,84,-24,,,0,0,0,0.0,0.0
2026,DAL,Devin Moore,CB,114,76.68,42,85,-43,,,0,0,0,0.0,0.0
2026,BAL,Elijah Sarratt,WR,115,79.21,24,86,-62,,,0,0,0,0.0,0.0
2026,TB,Keionte Scott,CB,116,71.27,108,87,21,,,0,0,0,0.0,0.0
2026,LAC,Travis Burke,OT,117,70.12,123,88,35,,,0,0,0,0.0,0.0
2026,DET,Jimmy Rolder,LB,118,67.14,145,89,56,,,0,0,0,0.0,0.0
2026,PIT,Kaden Wetjen,WR,121,60.41,167,90,77,,,0,0,0,0.0,0.0
2026,LV,Mike Washington Jr.,RB,122,71.16,109,91,18,,,0,0,0,0.0,0.0
2026,HOU,Wade Woodaz,LB,123,70.48,118,92,26,,,0,0,0,0.0,0.0
2026,CHI,Malik Muhammad,CB,124,73.19,84,93,-9,,,0,0,0,0.0,0.0
2026,BUF,Skyler Bell,WR,125,77.37,33,94,-61,,,0,0,0,0.0,0.0
2026,BUF,Kaleb Elarms-Orr,LB,126,73.75,78,95,-17,,,0,0,0,0.0,0.0
2026,CIN,Connor Lew,C,128,74.53,71,96,-25,,,0,0,0,0.0,0.0
2026,CAR,Will Lee III,CB,129,70.8,114,97,17,,,0,0,0,0.0,0.0
2026,NO,Jeremiah Wright,G,132,63.02,162,98,64,,,0,0,0,0.0,0.0
2026,BAL,Matthew Hibner,TE,133,72.27,98,99,-1,,,0,0,0,0.0,0.0
2026,ATL,Kendal Daniels,LB,134,67.0,146,100,46,,,0,0,0,0.0,0.0
2026,IND,Bryce Boettcher,LB,135,74.69,67,101,-34,,,0,0,0,0.0,0.0
2026,NO,Bryce Lance,WR,136,85.77,7,102,-95,,,0,0,0,0.0,0.0
2026,MIA,Kyle Louis,LB,138,75.46,56,103,-47,,,0,0,0,0.0,0.0
2026,SF,Ephesians Prysock,CB,139,72.51,94,104,-10,,,0,0,0,0.0,0.0
2026,CIN,Colbie Young,WR,140,73.09,87,105,-18,,,0,0,0,0.0,0.0
2026,TEN,Fernando Carmona,G,142,70.85,113,106,7,,,0,0,0,0.0,0.0
2026,ARI,Reggie Virgil,WR,143,64.43,160,107,53,,,0,0,0,0.0,0.0
2026,CAR,Sam Hecht,C,144,74.22,75,108,-33,,,0,0,0,0.0,0.0
2026,LAC,Nick Barrett,DT,145,60.17,169,109,60,,,0,0,0,0.0,0.0
2026,CLE,Parker Brailsford,C,146,66.17,152,110,42,,,0,0,0,0.0,0.0
2026,SEA,Beau Stephens,G,148,73.32,83,111,-28,,,0,0,0,0.0,0.0
2026,CLE,Justin Jefferson,LB,149,71.75,103,112,-9,,,0,0,0,0.0,0.0
2026,DEN,Justin Joly,TE,152,74.38,74,113,-39,,,0,0,0,0.0,0.0
2026,GB,Jager Burton,C,153,60.3,168,114,54,,,0,0,0,0.0,0.0
2026,TB,DeMonte Capehart,DT,155,71.4,105,115,-10,,,0,0,0,0.0,0.0
2026,DET,Keith Abney II,CB,157,72.45,95,116,-21,,,0,0,0,0.0,0.0
2026,TB,Billy Schrauth,G,160,77.14,38,117,-79,,,0,0,0,0.0,0.0
2026,KC,Emmett Johnson,RB,161,73.74,79,118,-39,,,0,0,0,0.0,0.0
2026,BAL,Chandler Rivers,CB,162,75.65,51,119,-68,,,0,0,0,0.0,0.0
2026,MIN,Charles Demmings,CB,163,79.44,21,120,-99,,,0,0,0,0.0,0.0
2026,JAX,Tanner Koziol,TE,164,69.03,131,121,10,,,0,0,0,0.0,0.0
2026,TEN,Nicholas Singleton,RB,165,71.88,100,122,-22,,,0,0,0,0.0,0.0
2026,CHI,Keyshaun Elliott,LB,166,68.13,138,123,15,,,0,0,0,0.0,0.0
2026,DET,Kendrick Law,WR,168,70.51,117,124,-7,,,0,0,0,0.0,0.0
2026,PIT,Riley Nowakowski,TE,169,68.45,136,125,11,,,0,0,0,0.0,0.0
2026,CLE,Joe Royer,TE,170,67.55,142,126,16,,,0,0,0,0.0,0.0
2026,BAL,Josh Cuevas,TE,173,70.22,122,127,-5,,,0,0,0,0.0,0.0
2026,BAL,Adam Randall,RB,174,71.93,99,128,-29,,,0,0,0,0.0,0.0
2026,LV,Hezekiah Masses,CB,175,62.41,165,129,36,,,0,0,0,0.0,0.0
2026,MIA,Kevin Coleman Jr.,WR,177,66.73,147,130,17,,,0,0,0,0.0,0.0
2026,PHI,Cole Payton,QB,178,74.81,64,131,-67,,,0,0,0,0.0,0.0
2026,BUF,Zane Durant,DT,181,69.51,127,132,-5,,,0,0,0,0.0,0.0
2026,CLE,Taylen Green,QB,182,76.62,43,133,-90,,,0,0,0,0.0,0.0
2026,ARI,Karson Sharar,LB,183,73.71,80,134,-54,,,0,0,0,0.0,0.0
2026,TB,Bauer Sharp,TE,185,72.62,92,135,-43,,,0,0,0,0.0,0.0
2026,WAS,Kaytron Allen,RB,187,69.46,129,136,-7,,,0,0,0,0.0,0.0
2026,NYJ,Anez Cooper,G,188,72.38,97,137,-40,,,0,0,0,0.0,0.0
2026,NO,Barion Brown,WR,190,73.16,85,138,-53,,,0,0,0,0.0,0.0
2026,JAX,Josh Cameron,WR,191,69.96,124,139,-15,,,0,0,0,0.0,0.0
2026,NYG,J.C. Davis,OT,192,71.79,102,140,-38,,,0,0,0,0.0,0.0
2026,NYG,Jack Kelly,LB,193,71.13,110,141,-31,,,0,0,0,0.0,0.0
2026,TEN,Pat Coogan,C,194,65.68,155,142,13,,,0,0,0,0.0,0.0
2026,LV,Malik Benson,WR,195,70.73,115,143,-28,,,0,0,0,0.0,0.0
2026,NE,Dametrious Crownover,OT,196,68.97,133,144,-11,,,0,0,0,0.0,0.0
2026,LA,CJ Daniels,WR,197,73.41,82,145,-63,,,0,0,0,0.0,0.0
2026,MIN,Demond Claiborne,RB,198,68.36,137,146,-9,,,0,0,0,0.0,0.0
2026,SEA,Emmanuel Henderson Jr.,WR,199,62.63,164,147,17,,,0,0,0,0.0,0.0
2026,MIA,DJ Campbell,G,200,71.29,107,148,-41,,,0,0,0,0.0,0.0
2026,GB,Domani Jackson,CB,201,71.85,101,149,-48,,,0,0,0,0.0,0.0
2026,LAC,Logan Taylor,G,202,56.82,172,150,22,,,0,0,0,0.0,0.0
2026,DET,Skyler Gill-Howard,DT,205,66.58,150,151,-1,,,0,0,0,0.0,0.0
2026,PHI,Micah Morris,G,207,73.16,86,152,-66,,,0,0,0,0.0,0.0
2026,NE,Namdi Obiazor,LB,212,62.64,163,153,10,,,0,0,0,0.0,0.0
2026,ATL,Harold Perkins Jr.,LB,215,66.67,149,154,-5,,,0,0,0,0.0,0.0
2026,NO,TJ Hall,CB,219,64.66,159,155,4,,,0,0,0,0.0,0.0
2026,BUF,Toriano Pride Jr.,CB,220,66.24,151,156,-5,,,0,0,0,0.0,0.0
2026,CIN,Jack Endries,TE,221,75.05,63,157,-94,,,0,0,0,0.0,0.0
2026,TEN,Jaren Kanak,TE,225,69.57,126,158,-32,,,0,0,0,0.0,0.0
2026,LV,Brandon Cleveland,DT,229,63.24,161,159,2,,,0,0,0,0.0,0.0
2026,LA,Tim Keenan III,DT,232,59.78,170,160,10,,,0,0,0,0.0,0.0
2026,NE,Behren Morton,QB,234,68.93,134,161,-27,,,0,0,0,0.0,0.0
2026,SEA,Andre Fuller,CB,236,75.58,52,162,-110,,,0,0,0,0.0,0.0
2026,IND,Seth McGowan,RB,237,67.29,144,163,-19,,,0,0,0,0.0,0.0
2026,BUF,Ar'maj Reed-Adams,G,241,74.62,68,164,-96,,,0,0,0,0.0,0.0
2026,SEA,Deven Eastern,DT,242,62.25,166,165,1,,,0,0,0,0.0,0.0
2026,HOU,Aiden Fisher,LB,243,76.88,41,166,-125,,,0,0,0,0.0,0.0
2026,NE,Jam Miller,RB,245,58.68,171,167,4,,,0,0,0,0.0,0.0
2026,KC,Garrett Nussmeier,QB,249,70.47,120,168,-48,,,0,0,0,0.0,0.0
2026,BAL,Rayshaun Benny,DT,250,67.37,143,169,-26,,,0,0,0,0.0,0.0
2026,IND,Deion Burks,WR,254,77.34,35,170,-135,,,0,0,0,0.0,0.0
2026,DEN,Dallen Bentley,TE,256,74.61,69,171,-102,,,0,0,0,0.0,0.0
2026,DEN,Red Murdock,LB,257,66.68,148,172,-24,,,0,0,0,0.0,0.0
