season,player_id,display_name,touches,bucket,age,games_current,ppg_current,pts_current,games_next_eff,ppg_next_eff,pts_next_eff,vanished
2023,00-0038389,Israel Abanikanda,29,<150,21,6.0,3.0500000000000003,18.3,0,0.0,0.0,True
2015,00-0032104,Ameer Abdullah,168,150-199,22,16.0,7.3125,117.0,0,0.0,0.0,True
2004,00-0000007,Rabih Abdullah,14,<150,29,6.0,1.5333333333333332,9.2,0,0.0,0.0,True
2024,00-0039040,De'Von Achane,281,250-299,23,17.0,17.50588235294118,297.6,16.0,20.13125,322.1,False
2020,00-0034457,Josh Adams,35,<150,24,6.0,6.1000000000000005,36.6,0,0.0,0.0,True
2011,00-0024245,Joseph Addai,133,<150,28,12.0,6.133333333333333,73.6,0,0.0,0.0,True
2014,00-0030653,Ray Agnew,5,<150,23,9.0,0.5222222222222223,4.7,0,0.0,0.0,True
2023,00-0036020,Salvon Ahmed,38,<150,25,7.0,6.128571428571428,42.9,0,0.0,0.0,True
2018,00-0031590,Jay Ajayi,50,<150,25,4.0,10.9,43.6,0,0.0,0.0,True
2024,00-0036414,Cam Akers,118,<150,25,15.0,6.213333333333334,93.2,0,0.0,0.0,True
2008,00-0019647,Shaun Alexander,12,<150,31,4.0,1.075,4.3,0,0.0,0.0,True
2008,00-0024763,Charles Ali,4,<150,24,4.0,1.325,5.3,0,0.0,0.0,True
2024,00-0039796,Rasheen Ali,10,<150,23,4.0,0.775,3.1,8.0,3.025,24.2,False
2012,00-0028163,Anthony Allen,18,<150,24,6.0,2.5500000000000003,15.3,0,0.0,0.0,True
2012,00-0028565,Armando Allen,29,<150,23,9.0,2.4444444444444446,22.0,0,0.0,0.0,True
2024,00-0039794,Braelon Allen,111,<150,20,17.0,5.011764705882353,85.2,4.0,3.825,15.3,False
2003,00-0020058,David Allen,10,<150,25,4.0,4.7,18.8,0,0.0,0.0,True
2002,00-0000210,James Allen,202,200-249,27,16.0,8.33125,133.3,0,0.0,0.0,True
2018,00-0031577,Javorius Allen,76,<150,27,11.0,8.581818181818182,94.4,0,0.0,0.0,True
2001,00-0000232,Terry Allen,185,150-199,33,11.0,9.6,105.6,0,0.0,0.0,True
2024,00-0037263,Tyler Allgeier,150,150-199,24,17.0,6.258823529411765,106.4,17.0,7.235294117647059,123.0,False
2018,00-0029854,C.J. Anderson,72,<150,27,9.0,7.48888888888889,67.4,0,0.0,0.0,True
2003,00-0021048,Damien Anderson,24,<150,24,11.0,1.4909090909090907,16.4,0,0.0,0.0,True
2007,00-0019594,Mike Anderson,19,<150,34,6.0,1.8,10.8,0,0.0,0.0,True
2015,00-0030789,Antonio Andrews,164,150-199,23,14.0,8.002857142857144,112.04,0,0.0,0.0,True
2014,00-0031392,Dri Archer,17,<150,23,10.0,1.33,13.3,0,0.0,0.0,True
2021,00-0033296,Alex Armah,6,<150,27,5.0,1.84,9.2,0,0.0,0.0,True
2019,00-0035268,Ryquell Armstead,49,<150,23,14.0,3.6571428571428575,51.2,0,0.0,0.0,True
2008,00-0023479,J.J. Arrington,60,<150,25,11.0,8.381818181818183,92.2,0,0.0,0.0,True
2015,00-0031599,Cameron Artis-Payne,50,<150,25,6.0,5.8500000000000005,35.1,0,0.0,0.0,True
2016,00-0028198,Matt Asiata,153,150-199,29,16.0,8.28125,132.5,0,0.0,0.0,True
2001,00-0000552,Obafemi Ayanbadejo,70,<150,26,14.0,4.5285714285714285,63.4,0,0.0,0.0,True
2012,00-0026432,Lance Ball,49,<150,27,10.0,3.86,38.6,0,0.0,0.0,True
2014,00-0030522,Montee Ball,64,<150,24,5.0,7.279999999999999,36.4,0,0.0,0.0,True
2021,00-0034799,Kalen Ballage,14,<150,26,8.0,0.8,6.4,0,0.0,0.0,True
2012,00-0029547,Vick Ballard,228,200-249,22,16.0,8.225,131.6,0,0.0,0.0,True
2014,00-0029048,Joe Banyard,30,<150,26,7.0,3.4285714285714284,24.0,0,0.0,0.0,True
2006,00-0000745,Tiki Barber,385,350+,31,16.0,18.66875,298.7,0,0.0,0.0,True
2021,00-0032741,Peyton Barber,65,<150,27,9.0,5.544444444444444,49.9,0,0.0,0.0,True
2011,00-0023544,Marion Barber,119,<150,28,11.0,7.836363636363637,86.2,0,0.0,0.0,True
2019,00-0034844,Saquon Barkley,269,250-299,22,13.0,18.77692307692308,244.1,0,0.0,0.0,True
2006,00-0020474,Kevan Barlow,138,<150,27,12.0,6.841666666666666,82.1,0,0.0,0.0,True
2019,00-0030465,Kenjon Barner,10,<150,30,8.0,2.14,17.12,0,0.0,0.0,True
2012,00-0028170,Baron Batch,29,<150,25,8.0,2.25,18.0,0,0.0,0.0,True
2014,00-0025701,Jackie Battle,10,<150,31,6.0,2.45,14.7,0,0.0,0.0,True
2002,00-0021253,Jarrod Baxter,12,<150,23,13.0,1.2076923076923076,15.7,0,0.0,0.0,True
2015,00-0027218,Joique Bell,112,<150,29,13.0,8.13076923076923,105.7,0,0.0,0.0,True
2012,00-0026579,Kahlil Bell,31,<150,26,5.0,1.78,8.9,0,0.0,0.0,True
2017,00-0030496,Le'Veon Bell,407,350+,25,15.0,22.89333333333333,343.4,0,0.0,0.0,True
2010,00-0024011,Mike Bell,54,<150,27,12.0,1.9666666666666668,23.6,0,0.0,0.0,True
2008,00-0022893,Tatum Bell,54,<150,27,6.0,8.766666666666667,52.6,0,0.0,0.0,True
2022,00-0036383,Eno Benjamin,102,<150,23,12.0,7.483333333333333,89.8,0,0.0,0.0,True
2003,00-0001098,Brandon Bennett,81,<150,30,14.0,4.564285714285714,63.9,0,0.0,0.0,True
2007,00-0020514,Michael Bennett,75,<150,29,13.0,4.523076923076923,58.8,0,0.0,0.0,True
2002,00-0001112,Sean Bennett,5,<150,25,5.0,1.7399999999999998,8.7,0,0.0,0.0,True
2012,00-0023439,Cedric Benson,85,<150,30,5.0,10.9,54.5,0,0.0,0.0,True
2024,00-0039921,Trey Benson,69,<150,22,12.0,3.9166666666666665,47.0,4.0,8.85,35.4,False
2021,00-0030456,Giovani Bernard,31,<150,30,10.0,5.91,59.1,0,0.0,0.0,True
2011,00-0027880,Jahvid Best,111,<150,22,6.0,18.78333333333333,112.7,0,0.0,0.0,True
2005,00-0001215,Jerome Bettis,114,<150,33,12.0,8.233333333333333,98.8,0,0.0,0.0,True
2010,00-0021184,Ladell Betts,68,<150,31,7.0,8.871428571428572,62.1,0,0.0,0.0,True
2001,00-0001224,Tim Biakabutuka,65,<150,27,5.0,9.82,49.1,0,0.0,0.0,True
2018,00-0031102,Kapri Bibbs,37,<150,25,9.0,6.866666666666666,61.8,0,0.0,0.0,True
2003,00-0022174,Erik Bickerstaff,19,<150,23,4.0,2.9,11.6,0,0.0,0.0,True
2024,00-0038555,Tank Bigsby,175,150-199,22,15.0,8.6,129.0,11.0,4.890909090909091,53.8,False
2023,00-0037429,Raheem Blackshear,20,<150,25,8.0,2.1625,17.3,0,0.0,0.0,True
2005,00-0020315,Derrick Blaylock,20,<150,26,6.0,1.6666666666666667,10.0,0,0.0,0.0,True
2018,00-0027325,LeGarrette Blount,164,150-199,32,16.0,5.40625,86.5,0,0.0,0.0,True
2018,00-0031075,Alfred Blue,170,150-199,27,16.0,6.08125,97.3,0,0.0,0.0,True
2015,00-0029239,Brandon Bolden,82,<150,25,11.0,6.336363636363637,69.7,0,0.0,0.0,True
2011,00-0026607,Brock Bolen,4,<150,26,6.0,0.6666666666666666,4.0,0,0.0,0.0,True
2019,00-0034578,Reggie Bonnafon,22,<150,23,8.0,3.6625,29.3,0,0.0,0.0,True
2021,00-0032972,Devontae Booker,185,150-199,29,16.0,9.00625,144.1,0,0.0,0.0,True
2024,00-0032104,Ameer Abdullah,106,<150,31,13.0,9.63076923076923,125.2,12.0,3.158333333333333,37.9,False
2003,00-0000007,Rabih Abdullah,26,<150,28,12.0,1.4333333333333331,17.2,6.0,1.5333333333333332,9.2,False
2023,00-0039040,De'Von Achane,130,<150,22,11.0,17.336363636363636,190.7,17.0,17.50588235294118,297.6,False
2018,00-0034457,Josh Adams,127,<150,22,12.0,6.841666666666666,82.1,0,0.0,0.0,True
2010,00-0024245,Joseph Addai,135,<150,27,8.0,12.8625,102.9,12.0,6.133333333333333,73.6,False
2022,00-0036020,Salvon Ahmed,13,<150,24,6.0,2.3666666666666667,14.2,7.0,6.128571428571428,42.9,False
2017,00-0031590,Jay Ajayi,232,200-249,24,14.0,9.65,135.1,4.0,10.9,43.6,False
2020,00-0036414,Cam Akers,156,150-199,21,11.0,9.254545454545454,101.8,0,0.0,0.0,True
2007,00-0019647,Shaun Alexander,221,200-249,30,13.0,9.476923076923075,123.2,4.0,1.075,4.3,False
2001,00-0000210,James Allen,165,150-199,26,16.0,6.78125,108.5,16.0,8.33125,133.3,False
2015,00-0031577,Javorius Allen,182,150-199,24,16.0,9.04375,144.7,0,0.0,0.0,True
2023,00-0037263,Tyler Allgeier,204,200-249,23,17.0,8.094117647058823,137.6,17.0,6.258823529411765,106.4,False
2017,00-0029854,C.J. Anderson,273,250-299,26,16.0,10.94375,175.1,9.0,7.48888888888889,67.4,False
2002,00-0021048,Damien Anderson,27,<150,23,4.0,3.275,13.1,11.0,1.4909090909090907,16.4,False
2003,00-0019594,Mike Anderson,82,<150,30,10.0,7.3,73.0,0,0.0,0.0,True
2020,00-0033296,Alex Armah,11,<150,26,12.0,0.6416666666666667,7.7,5.0,1.84,9.2,False
2007,00-0023479,J.J. Arrington,55,<150,24,14.0,4.778571428571429,66.9,11.0,8.381818181818183,92.2,False
2018,00-0031599,Cameron Artis-Payne,22,<150,28,4.0,4.35,17.4,0,0.0,0.0,True
2015,00-0028198,Matt Asiata,48,<150,28,15.0,2.893333333333333,43.4,16.0,8.28125,132.5,False
2006,00-0000552,Obafemi Ayanbadejo,26,<150,31,10.0,3.46,34.6,0,0.0,0.0,True
2011,00-0026432,Lance Ball,112,<150,26,15.0,5.266666666666667,79.0,10.0,3.86,38.6,False
2013,00-0030522,Montee Ball,140,<150,23,15.0,7.2266666666666675,108.4,5.0,7.279999999999999,36.4,False
2020,00-0034799,Kalen Ballage,120,<150,25,11.0,8.536363636363637,93.9,8.0,0.8,6.4,False
2005,00-0000745,Tiki Barber,411,350+,30,16.0,22.4625,359.4,16.0,18.66875,298.7,False
2020,00-0032741,Peyton Barber,98,<150,26,14.0,3.928571428571429,55.0,9.0,5.544444444444444,49.9,False
2010,00-0023544,Marion Barber,124,<150,27,13.0,5.946153846153846,77.3,11.0,7.836363636363637,86.2,False
2024,00-0034844,Saquon Barkley,378,350+,27,16.0,22.24375,355.9,16.0,14.53125,232.5,False
2005,00-0020474,Kevan Barlow,207,200-249,26,12.0,10.766666666666666,129.2,12.0,6.841666666666666,82.1,False
2018,00-0030465,Kenjon Barner,20,<150,29,6.0,1.4,8.4,8.0,2.14,17.12,False
2013,00-0025701,Jackie Battle,40,<150,30,8.0,3.475,27.8,6.0,2.45,14.7,False
2014,00-0027218,Joique Bell,257,250-299,28,15.0,13.213333333333331,198.2,13.0,8.13076923076923,105.7,False
2009,00-0026579,Kahlil Bell,41,<150,23,7.0,3.3428571428571425,23.4,0,0.0,0.0,True
2021,00-0030496,Le'Veon Bell,44,<150,29,8.0,4.7875,38.3,0,0.0,0.0,True
2006,00-0024011,Mike Bell,177,150-199,23,14.0,10.821428571428571,151.5,0,0.0,0.0,True
2007,00-0022893,Tatum Bell,58,<150,26,5.0,8.5,42.5,6.0,8.766666666666667,52.6,False
2021,00-0036383,Eno Benjamin,40,<150,22,7.0,4.0,28.0,12.0,7.483333333333333,89.8,False
2002,00-0001098,Brandon Bennett,51,<150,29,10.0,5.04,50.4,14.0,4.564285714285714,63.9,False
2006,00-0020514,Michael Bennett,45,<150,28,8.0,4.5875,36.7,13.0,4.523076923076923,58.8,False
2011,00-0023439,Cedric Benson,288,250-299,29,15.0,10.793333333333331,161.9,5.0,10.9,54.5,False
2020,00-0030456,Giovani Bernard,171,150-199,29,16.0,9.88125,158.1,10.0,5.91,59.1,False
2010,00-0027880,Jahvid Best,230,200-249,21,15.0,13.133333333333333,197.0,6.0,18.78333333333333,112.7,False
2004,00-0001215,Jerome Bettis,256,250-299,32,14.0,13.364285714285714,187.1,12.0,8.233333333333333,98.8,False
2009,00-0021184,Ladell Betts,73,<150,30,10.0,6.7,67.0,7.0,8.871428571428572,62.1,False
2016,00-0031102,Kapri Bibbs,31,<150,23,8.0,3.55,28.4,0,0.0,0.0,True
2023,00-0038555,Tank Bigsby,51,<150,21,13.0,1.907692307692308,24.8,15.0,8.6,129.0,False
2022,00-0037429,Raheem Blackshear,33,<150,24,10.0,4.5,45.0,8.0,2.1625,17.3,False
2004,00-0020315,Derrick Blaylock,143,<150,25,12.0,13.108333333333334,157.3,6.0,1.6666666666666667,10.0,False
2017,00-0027325,LeGarrette Blount,181,150-199,31,16.0,6.7375,107.8,16.0,5.40625,86.5,False
2017,00-0031075,Alfred Blue,78,<150,26,8.0,5.575,44.6,16.0,6.08125,97.3,False
2022,00-0029239,Brandon Bolden,26,<150,32,8.0,3.4375,27.5,0,0.0,0.0,True
2020,00-0032972,Devontae Booker,110,<150,28,15.0,5.713333333333334,85.7,16.0,9.00625,144.1,False
2023,00-0032104,Ameer Abdullah,34,<150,30,16.0,2.5625,41.0,13.0,9.63076923076923,125.2,False
2009,00-0024245,Joseph Addai,270,250-299,26,15.0,16.552,248.28,8.0,12.8625,102.9,False
2021,00-0036020,Salvon Ahmed,66,<150,23,11.0,3.5090909090909093,38.6,6.0,2.3666666666666667,14.2,False
2016,00-0031590,Jay Ajayi,287,250-299,23,15.0,14.353333333333332,215.3,14.0,9.65,135.1,False
2023,00-0036414,Cam Akers,71,<150,24,7.0,6.671428571428572,46.7,15.0,6.213333333333334,93.2,False
2006,00-0019647,Shaun Alexander,264,250-299,29,10.0,14.24,142.4,13.0,9.476923076923075,123.2,False
2017,00-0031577,Javorius Allen,199,150-199,26,16.0,10.38125,166.1,11.0,8.581818181818182,94.4,False
2022,00-0037263,Tyler Allgeier,226,200-249,22,16.0,9.975,159.6,17.0,8.094117647058823,137.6,False
2016,00-0029854,C.J. Anderson,126,<150,25,7.0,14.642857142857142,102.5,16.0,10.94375,175.1,False
2006,00-0019594,Mike Anderson,48,<150,33,13.0,2.976923076923077,38.7,6.0,1.8,10.8,False
2019,00-0033296,Alex Armah,8,<150,25,6.0,1.6166666666666665,9.7,12.0,0.6416666666666667,7.7,False
2006,00-0023479,J.J. Arrington,22,<150,23,10.0,2.17,21.7,14.0,4.778571428571429,66.9,False
2017,00-0031599,Cameron Artis-Payne,19,<150,27,5.0,3.34,16.7,4.0,4.35,17.4,False
2014,00-0028198,Matt Asiata,208,200-249,27,15.0,12.973333333333333,194.6,15.0,2.893333333333333,43.4,False
2005,00-0000552,Obafemi Ayanbadejo,56,<150,30,13.0,4.93076923076923,64.1,10.0,3.46,34.6,False
2010,00-0026432,Lance Ball,44,<150,25,7.0,2.914285714285714,20.4,15.0,5.266666666666667,79.0,False
2019,00-0034799,Kalen Ballage,88,<150,24,12.0,4.316666666666666,51.8,11.0,8.536363636363637,93.9,False
2004,00-0000745,Tiki Barber,374,350+,29,16.0,21.725,347.6,16.0,22.4625,359.4,False
2019,00-0032741,Peyton Barber,170,150-199,25,16.0,7.29375,116.7,14.0,3.928571428571429,55.0,False
2009,00-0023544,Marion Barber,240,200-249,26,15.0,11.953333333333337,179.3,13.0,5.946153846153846,77.3,False
2023,00-0034844,Saquon Barkley,288,250-299,26,14.0,15.957142857142856,223.4,16.0,22.24375,355.9,False
2004,00-0020474,Kevan Barlow,279,250-299,25,15.0,11.76,176.4,12.0,10.766666666666666,129.2,False
2017,00-0030465,Kenjon Barner,21,<150,28,9.0,2.477777777777778,22.3,6.0,1.4,8.4,False
2012,00-0025701,Jackie Battle,110,<150,29,14.0,5.778571428571429,80.9,8.0,3.475,27.8,False
2013,00-0027218,Joique Bell,219,200-249,27,16.0,13.54375,216.7,15.0,13.213333333333331,198.2,False
2011,00-0026579,Kahlil Bell,98,<150,25,7.0,10.0,70.0,5.0,1.78,8.9,False
2020,00-0030496,Le'Veon Bell,98,<150,28,11.0,6.127272727272728,67.4,8.0,4.7875,38.3,False
2009,00-0024011,Mike Bell,176,150-199,26,13.0,7.43076923076923,96.6,12.0,1.9666666666666668,23.6,False
2006,00-0022893,Tatum Bell,257,250-299,25,13.0,10.76923076923077,140.0,5.0,8.5,42.5,False
2001,00-0001098,Brandon Bennett,70,<150,28,15.0,3.88,58.2,10.0,5.04,50.4,False
2005,00-0020514,Michael Bennett,153,150-199,27,16.0,6.79375,108.7,8.0,4.5875,36.7,False
2010,00-0023439,Cedric Benson,349,300-349,28,16.0,12.31875,197.1,15.0,10.793333333333331,161.9,False
2019,00-0030456,Giovani Bernard,83,<150,28,16.0,4.275,68.4,16.0,9.88125,158.1,False
2003,00-0001215,Jerome Bettis,259,250-299,31,16.0,8.68125,138.9,14.0,13.364285714285714,187.1,False
2008,00-0021184,Ladell Betts,83,<150,29,13.0,5.123076923076923,66.6,10.0,6.7,67.0,False
2003,00-0020315,Derrick Blaylock,37,<150,24,9.0,6.922222222222222,62.3,12.0,13.108333333333334,157.3,False
2016,00-0027325,LeGarrette Blount,306,300-349,30,16.0,14.55625,232.9,16.0,6.7375,107.8,False
2016,00-0031075,Alfred Blue,112,<150,25,14.0,4.428571428571429,62.0,8.0,5.575,44.6,False
2019,00-0029239,Brandon Bolden,24,<150,29,9.0,5.655555555555555,50.9,0,0.0,0.0,True
2019,00-0032972,Devontae Booker,8,<150,27,6.0,2.1,12.6,15.0,5.713333333333334,85.7,False
2022,00-0032104,Ameer Abdullah,29,<150,29,13.0,4.161538461538462,54.1,16.0,2.5625,41.0,False
2008,00-0024245,Joseph Addai,180,150-199,25,12.0,11.666666666666666,140.0,15.0,16.552,248.28,False
2020,00-0036020,Salvon Ahmed,86,<150,22,6.0,11.5,69.0,11.0,3.5090909090909093,38.6,False
2015,00-0031590,Jay Ajayi,56,<150,22,9.0,4.766666666666667,42.9,15.0,14.353333333333332,215.3,False
2022,00-0036414,Cam Akers,201,200-249,23,15.0,9.42,141.3,7.0,6.671428571428572,46.7,False
2005,00-0019647,Shaun Alexander,385,350+,28,16.0,23.55,376.8,10.0,14.24,142.4,False
2015,00-0029854,C.J. Anderson,177,150-199,24,15.0,9.42,141.3,7.0,14.642857142857142,102.5,False
2005,00-0019594,Mike Anderson,257,250-299,32,15.0,14.306666666666668,214.6,13.0,2.976923076923077,38.7,False
2018,00-0033296,Alex Armah,10,<150,24,8.0,1.875,15.0,6.0,1.6166666666666665,9.7,False
2005,00-0023479,J.J. Arrington,137,<150,22,15.0,5.726666666666668,85.9,10.0,2.17,21.7,False
2004,00-0000552,Obafemi Ayanbadejo,49,<150,29,13.0,5.561538461538461,72.3,13.0,4.93076923076923,64.1,False
2018,00-0034799,Kalen Ballage,45,<150,23,10.0,3.770000000000001,37.7,12.0,4.316666666666666,51.8,False
2003,00-0000745,Tiki Barber,347,300-349,28,16.0,15.3,244.8,16.0,21.725,347.6,False
2018,00-0032741,Peyton Barber,254,250-299,24,16.0,9.39375,150.3,16.0,7.29375,116.7,False
2008,00-0023544,Marion Barber,290,250-299,25,15.0,15.346666666666666,230.2,15.0,11.953333333333337,179.3,False
2022,00-0034844,Saquon Barkley,352,350+,25,16.0,17.75,284.0,14.0,15.957142857142856,223.4,False
2003,00-0020474,Kevan Barlow,236,200-249,24,16.0,12.63125,202.1,15.0,11.76,176.4,False
2016,00-0030465,Kenjon Barner,32,<150,27,10.0,3.41,34.1,9.0,2.477777777777778,22.3,False
2011,00-0025701,Jackie Battle,158,150-199,28,15.0,5.833333333333333,87.5,14.0,5.778571428571429,80.9,False
2012,00-0027218,Joique Bell,134,<150,26,16.0,9.86875,157.9,16.0,13.54375,216.7,False
2019,00-0030496,Le'Veon Bell,311,300-349,27,15.0,14.333333333333334,215.0,11.0,6.127272727272728,67.4,False
2005,00-0022893,Tatum Bell,191,150-199,24,14.0,11.892857142857142,166.5,13.0,10.76923076923077,140.0,False
2004,00-0020514,Michael Bennett,91,<150,26,10.0,8.129999999999999,81.3,16.0,6.79375,108.7,False
2009,00-0023439,Cedric Benson,318,300-349,27,13.0,14.553846153846154,189.2,16.0,12.31875,197.1,False
2018,00-0030456,Giovani Bernard,91,<150,27,12.0,7.991666666666667,95.9,16.0,4.275,68.4,False
2002,00-0001215,Jerome Bettis,194,150-199,30,12.0,10.941666666666668,131.3,16.0,8.68125,138.9,False
2007,00-0021184,Ladell Betts,114,<150,28,16.0,5.11875,81.9,13.0,5.123076923076923,66.6,False
2002,00-0020315,Derrick Blaylock,21,<150,23,7.0,2.414285714285714,16.9,9.0,6.922222222222222,62.3,False
2015,00-0027325,LeGarrette Blount,171,150-199,29,12.0,10.216666666666669,122.6,16.0,14.55625,232.9,False
2015,00-0031075,Alfred Blue,198,150-199,24,14.0,7.978571428571429,111.7,14.0,4.428571428571429,62.0,False
2021,00-0029239,Brandon Bolden,85,<150,31,16.0,7.76875,124.3,8.0,3.4375,27.5,False
2018,00-0032972,Devontae Booker,72,<150,26,16.0,5.43125,86.9,6.0,2.1,12.6,False
2021,00-0032104,Ameer Abdullah,89,<150,28,15.0,5.966666666666667,89.5,13.0,4.161538461538462,54.1,False
2007,00-0024245,Joseph Addai,302,300-349,24,15.0,18.453333333333333,276.8,12.0,11.666666666666666,140.0,False
2004,00-0019647,Shaun Alexander,376,350+,27,16.0,20.175,322.8,16.0,23.55,376.8,False
2014,00-0029854,C.J. Anderson,213,200-249,23,14.0,15.092857142857143,211.3,15.0,9.42,141.3,False
2002,00-0019594,Mike Anderson,102,<150,29,15.0,6.3533333333333335,95.3,10.0,7.3,73.0,False
2003,00-0000552,Obafemi Ayanbadejo,13,<150,28,4.0,4.275,17.1,13.0,5.561538461538461,72.3,False
2002,00-0000745,Tiki Barber,373,350+,27,16.0,20.06875,321.1,16.0,15.3,244.8,False
2017,00-0032741,Peyton Barber,124,<150,23,11.0,7.790909090909091,85.7,16.0,9.39375,150.3,False
2007,00-0023544,Marion Barber,247,200-249,24,16.0,15.09375,241.5,15.0,15.346666666666666,230.2,False
2021,00-0034844,Saquon Barkley,203,200-249,24,13.0,11.430769230769233,148.6,16.0,17.75,284.0,False
2002,00-0020474,Kevan Barlow,159,150-199,23,14.0,8.792857142857143,123.1,16.0,12.63125,202.1,False
2015,00-0030465,Kenjon Barner,37,<150,26,5.0,4.32,21.6,10.0,3.41,34.1,False
2010,00-0025701,Jackie Battle,21,<150,27,8.0,1.6125,12.9,15.0,5.833333333333333,87.5,False
2016,00-0030496,Le'Veon Bell,336,300-349,24,12.0,26.45,317.4,15.0,22.89333333333333,343.4,False
2004,00-0022893,Tatum Bell,80,<150,23,9.0,7.622222222222222,68.6,14.0,11.892857142857142,166.5,False
2003,00-0020514,Michael Bennett,102,<150,25,8.0,9.2375,73.9,10.0,8.129999999999999,81.3,False
2008,00-0023439,Cedric Benson,234,200-249,26,12.0,10.266666666666667,123.2,13.0,14.553846153846154,189.2,False
2017,00-0030456,Giovani Bernard,148,<150,26,16.0,9.43125,150.9,12.0,7.991666666666667,95.9,False
2001,00-0001215,Jerome Bettis,233,200-249,29,11.0,13.57090909090909,149.28,12.0,10.941666666666668,131.3,False
2006,00-0021184,Ladell Betts,298,250-299,27,16.0,14.80625,236.9,16.0,5.11875,81.9,False
2014,00-0027325,LeGarrette Blount,135,<150,28,15.0,6.54,98.1,12.0,10.216666666666669,122.6,False
2014,00-0031075,Alfred Blue,184,150-199,23,16.0,6.06875,97.1,14.0,7.978571428571429,111.7,False
2018,00-0029239,Brandon Bolden,11,<150,28,5.0,5.88,29.4,9.0,5.655555555555555,50.9,False
2017,00-0032972,Devontae Booker,109,<150,25,13.0,7.030769230769232,91.4,16.0,5.43125,86.9,False
2020,00-0032104,Ameer Abdullah,16,<150,27,6.0,5.0,30.0,15.0,5.966666666666667,89.5,False
2006,00-0024245,Joseph Addai,266,250-299,23,16.0,14.00625,224.1,15.0,18.453333333333333,276.8,False
2003,00-0019647,Shaun Alexander,368,350+,26,16.0,19.0625,305.0,16.0,20.175,322.8,False
2001,00-0019594,Mike Anderson,183,150-199,28,16.0,6.5375,104.6,15.0,6.3533333333333335,95.3,False
2001,00-0000745,Tiki Barber,238,200-249,26,14.0,17.614285714285714,246.6,16.0,20.06875,321.1,False
2016,00-0032741,Peyton Barber,60,<150,22,9.0,4.011111111111111,36.1,11.0,7.790909090909091,85.7,False
2006,00-0023544,Marion Barber,159,150-199,23,16.0,12.75,204.0,16.0,15.09375,241.5,False
2018,00-0034844,Saquon Barkley,352,350+,21,16.0,24.125,386.0,13.0,18.77692307692308,244.1,False
2001,00-0020474,Kevan Barlow,147,<150,22,15.0,8.526666666666667,127.9,14.0,8.792857142857143,123.1,False
2009,00-0025701,Jackie Battle,9,<150,26,4.0,0.95,3.8,8.0,1.6125,12.9,False
2015,00-0030496,Le'Veon Bell,137,<150,23,6.0,18.53333333333333,111.2,12.0,26.45,317.4,False
2002,00-0020514,Michael Bennett,292,250-299,24,16.0,14.48125,231.7,8.0,9.2375,73.9,False
2007,00-0023439,Cedric Benson,214,200-249,25,11.0,10.645454545454545,117.1,12.0,10.266666666666667,123.2,False
2016,00-0030456,Giovani Bernard,130,<150,25,10.0,12.23,122.3,16.0,9.43125,150.9,False
2005,00-0021184,Ladell Betts,99,<150,26,12.0,5.466666666666666,65.6,16.0,14.80625,236.9,False
2013,00-0027325,LeGarrette Blount,155,150-199,27,16.0,7.5625,121.0,15.0,6.54,98.1,False
2014,00-0029239,Brandon Bolden,30,<150,24,9.0,1.9666666666666663,17.7,11.0,6.336363636363637,69.7,False
2016,00-0032972,Devontae Booker,205,200-249,24,16.0,8.91875,142.7,13.0,7.030769230769232,91.4,False
2019,00-0032104,Ameer Abdullah,38,<150,26,11.0,3.7545454545454544,41.3,6.0,5.0,30.0,False
2002,00-0019647,Shaun Alexander,354,350+,25,16.0,20.53125,328.5,16.0,19.0625,305.0,False
2005,00-0023544,Marion Barber,156,150-199,22,12.0,9.441666666666666,113.3,16.0,12.75,204.0,False
2014,00-0030496,Le'Veon Bell,373,350+,22,16.0,23.15625,370.5,6.0,18.53333333333333,111.2,False
2001,00-0020514,Michael Bennett,201,200-249,23,13.0,10.6,137.8,16.0,14.48125,231.7,False
2006,00-0023439,Cedric Benson,165,150-199,24,15.0,7.606666666666666,114.1,11.0,10.645454545454545,117.1,False
2015,00-0030456,Giovani Bernard,203,200-249,24,16.0,11.325,181.2,10.0,12.23,122.3,False
2004,00-0021184,Ladell Betts,105,<150,25,13.0,5.300000000000001,68.9,12.0,5.466666666666666,65.6,False
2012,00-0027325,LeGarrette Blount,42,<150,26,10.0,2.83,28.3,16.0,7.5625,121.0,False
2013,00-0029239,Brandon Bolden,76,<150,23,10.0,8.129999999999999,81.3,9.0,1.9666666666666663,17.7,False
2018,00-0032104,Ameer Abdullah,4,<150,25,4.0,1.475,5.9,11.0,3.7545454545454544,41.3,False
2001,00-0019647,Shaun Alexander,353,350+,24,16.0,18.63125,298.1,16.0,20.53125,328.5,False
2013,00-0030496,Le'Veon Bell,289,250-299,21,13.0,16.807692307692307,218.5,16.0,23.15625,370.5,False
2005,00-0023439,Cedric Benson,68,<150,23,9.0,2.9444444444444446,26.5,15.0,7.606666666666666,114.1,False
2014,00-0030456,Giovani Bernard,211,200-249,23,13.0,14.453846153846154,187.9,16.0,11.325,181.2,False
2003,00-0021184,Ladell Betts,92,<150,24,9.0,7.688888888888889,69.2,13.0,5.300000000000001,68.9,False
2011,00-0027325,LeGarrette Blount,199,150-199,25,14.0,9.421428571428573,131.9,10.0,2.83,28.3,False
2012,00-0029239,Brandon Bolden,58,<150,22,8.0,5.3125,42.5,10.0,8.129999999999999,81.3,False
2017,00-0032104,Ameer Abdullah,190,150-199,24,14.0,8.885714285714286,124.4,4.0,1.475,5.9,False
2013,00-0030456,Giovani Bernard,226,200-249,22,16.0,13.93125,222.9,13.0,14.453846153846154,187.9,False
2002,00-0021184,Ladell Betts,77,<150,23,10.0,6.21,62.1,9.0,7.688888888888889,69.2,False
2010,00-0027325,LeGarrette Blount,206,200-249,24,13.0,10.546153846153846,137.1,14.0,9.421428571428573,131.9,False
2011,00-0025458,Lorenzo Booker,21,<150,27,10.0,1.94,19.4,0,0.0,0.0,True
2024,00-0034208,Mike Boone,14,<150,29,5.0,1.1800000000000002,5.9,0,0.0,0.0,True
2012,00-0025637,Ahmad Bradshaw,244,200-249,26,14.0,12.785714285714286,179.0,0,0.0,0.0,True
2023,00-0033308,Matt Breida,72,<150,28,15.0,3.1266666666666665,46.9,0,0.0,0.0,True
2022,00-0036569,Gary Brightwell,36,<150,24,8.0,3.625,29.0,0,0.0,0.0,True
2012,00-0026745,Curtis Brinkley,51,<150,27,6.0,5.2,31.2,0,0.0,0.0,True
2001,00-0019423,Jason Brookins,157,150-199,25,11.0,8.509090909090908,93.6,0,0.0,0.0,True
2024,00-0038685,Chris Brooks,47,<150,24,11.0,3.836363636363637,42.2,14.0,2.335714285714286,32.7,False
2009,00-0027129,Aaron Brown,36,<150,24,14.0,2.607142857142857,36.5,0,0.0,0.0,True
2013,00-0027094,Andre Brown,159,150-199,27,8.0,11.7125,93.7,0,0.0,0.0,True
2014,00-0029429,Bryce Brown,52,<150,23,7.0,6.314285714285715,44.2,0,0.0,0.0,True
2024,00-0038597,Chase Brown,283,250-299,24,16.0,15.95,255.2,17.0,16.488235294117647,280.3,False
2009,00-0022092,Chris Brown,95,<150,28,14.0,4.578571428571428,64.1,0,0.0,0.0,True
2006,00-0020376,Dee Brown,11,<150,28,4.0,0.975,3.9,0,0.0,0.0,True
2015,00-0027003,Donald Brown,67,<150,28,6.0,7.616666666666667,45.7,0,0.0,0.0,True
2022,00-0031806,Malcolm Brown,23,<150,29,7.0,3.257142857142857,22.8,0,0.0,0.0,True
2014,00-0023437,Ronnie Brown,25,<150,33,8.0,1.9625,15.7,0,0.0,0.0,True
2001,00-0002159,Shawn Bryson,89,<150,25,8.0,7.625,61.0,0,0.0,0.0,True
2010,00-0020270,Correll Buckhalter,87,<150,32,14.0,6.335714285714286,88.7,0,0.0,0.0,True
2010,00-0024738,Eldra Buckley,22,<150,25,6.0,1.1166666666666667,6.7,0,0.0,0.0,True
2022,00-0030288,Rex Burkhead,63,<150,32,15.0,4.760000000000001,71.4,0,0.0,0.0,True
2004,00-0020917,Joe Burns,21,<150,25,7.0,1.2857142857142858,9.0,0,0.0,0.0,True
2013,00-0025487,Michael Bush,67,<150,29,14.0,3.75,52.5,0,0.0,0.0,True
2016,00-0024217,Reggie Bush,19,<150,31,10.0,2.37,23.7,0,0.0,0.0,True
2003,00-0002380,Steve Bush,11,<150,29,6.0,4.016666666666667,24.1,0,0.0,0.0,True
2017,00-0029205,Travaris Cadet,39,<150,28,7.0,5.357142857142857,37.5,0,0.0,0.0,True
2006,00-0024289,Brian Calhoun,9,<150,22,4.0,1.35,5.4,0,0.0,0.0,True
2003,00-0019649,Trung Canidate,152,150-199,26,11.0,8.072727272727272,88.8,0,0.0,0.0,True
2018,00-0034164,Trenton Cannon,55,<150,24,11.0,4.427272727272728,48.7,0,0.0,0.0,True
2016,00-0031057,Ka'Deem Carey,37,<150,24,11.0,2.1,23.1,0,0.0,0.0,True
2021,00-0033594,Chris Carson,60,<150,27,4.0,12.025,48.1,0,0.0,0.0,True
2001,00-0002713,Tony Carter,12,<150,29,9.0,1.9666666666666663,17.7,0,0.0,0.0,True
2012,00-0028057,Delone Carter,33,<150,25,7.0,4.642857142857143,32.5,0,0.0,0.0,True
2003,00-0002743,Ki-Jana Carter,20,<150,30,6.0,2.5500000000000003,15.3,0,0.0,0.0,True
2023,00-0036924,Michael Carter,54,<150,24,15.0,3.92,58.8,0,0.0,0.0,True
2005,00-0021357,Rock Cartwright,29,<150,26,7.0,4.885714285714286,34.2,0,0.0,0.0,True
2003,00-0019794,Aveion Cason,57,<150,24,10.0,6.468000000000001,64.68,0,0.0,0.0,True
2024,00-0037276,Ty Chandler,62,<150,26,10.0,2.84,28.4,0,0.0,0.0,True
2002,00-0019712,Doug Chapman,12,<150,25,5.0,1.78,8.9,0,0.0,0.0,True
2024,00-0039165,Zach Charbonnet,177,150-199,23,17.0,10.711764705882352,182.1,16.0,11.35,181.6,False
2010,00-0026213,Jamaal Charles,275,250-299,24,16.0,17.65625,282.5,0,0.0,0.0,True
2004,00-0020820,Jesse Chatman,67,<150,25,11.0,5.536363636363636,60.9,0,0.0,0.0,True
2024,00-0037594,Julius Chestnut,24,<150,24,7.0,1.9,13.3,7.0,0.5714285714285714,4.0,False
2013,00-0026262,Tashard Choice,51,<150,29,13.0,1.807692307692308,23.5,0,0.0,0.0,True
2022,00-0034791,Nick Chubb,329,300-349,27,17.0,16.564705882352943,281.6,0,0.0,0.0,True
2008,00-0025458,Lorenzo Booker,26,<150,24,8.0,1.55,12.4,0,0.0,0.0,True
2020,00-0034208,Mike Boone,13,<150,25,5.0,2.98,14.9,0,0.0,0.0,True
2015,00-0025637,Ahmad Bradshaw,41,<150,29,6.0,7.15,42.9,0,0.0,0.0,True
2022,00-0033308,Matt Breida,74,<150,27,17.0,3.5176470588235293,59.8,15.0,3.1266666666666665,46.9,False
2011,00-0026745,Curtis Brinkley,37,<150,26,4.0,7.3,29.2,6.0,5.2,31.2,False
2012,00-0027094,Andre Brown,85,<150,26,8.0,13.6625,109.3,8.0,11.7125,93.7,False
2013,00-0029429,Bryce Brown,83,<150,22,15.0,4.133333333333334,62.0,7.0,6.314285714285715,44.2,False
2023,00-0038597,Chase Brown,58,<150,23,10.0,5.35,53.5,16.0,15.95,255.2,False
2007,00-0022092,Chris Brown,120,<150,26,12.0,8.85,106.2,0,0.0,0.0,True
2002,00-0020376,Dee Brown,119,<150,24,12.0,7.008333333333333,84.1,0,0.0,0.0,True
2014,00-0027003,Donald Brown,114,<150,27,13.0,5.56923076923077,72.4,6.0,7.616666666666667,45.7,False
2021,00-0031806,Malcolm Brown,36,<150,28,6.0,3.75,22.5,7.0,3.257142857142857,22.8,False
2013,00-0023437,Ronnie Brown,53,<150,32,12.0,2.975,35.7,8.0,1.9625,15.7,False
2006,00-0002159,Shawn Bryson,10,<150,30,5.0,4.779999999999999,23.9,0,0.0,0.0,True
2001,00-0020270,Correll Buckhalter,142,<150,23,14.0,6.614285714285714,92.6,0,0.0,0.0,True
2009,00-0024738,Eldra Buckley,15,<150,24,6.0,1.7333333333333334,10.4,6.0,1.1166666666666667,6.7,False
2021,00-0030288,Rex Burkhead,147,<150,31,14.0,7.45,104.3,15.0,4.760000000000001,71.4,False
2003,00-0020917,Joe Burns,46,<150,24,10.0,2.45,24.5,7.0,1.2857142857142858,9.0,False
2012,00-0025487,Michael Bush,123,<150,28,13.0,6.646153846153847,86.4,14.0,3.75,52.5,False
2015,00-0024217,Reggie Bush,12,<150,30,5.0,1.7399999999999998,8.7,10.0,2.37,23.7,False
2002,00-0002380,Steve Bush,19,<150,28,12.0,3.091666666666667,37.1,6.0,4.016666666666667,24.1,False
2012,00-0029205,Travaris Cadet,6,<150,23,4.0,2.475,9.9,0,0.0,0.0,True
2002,00-0019649,Trung Canidate,21,<150,25,6.0,1.65,9.9,11.0,8.072727272727272,88.8,False
2020,00-0034164,Trenton Cannon,13,<150,26,6.0,1.3166666666666669,7.9,0,0.0,0.0,True
2015,00-0031057,Ka'Deem Carey,46,<150,23,7.0,5.257142857142857,36.8,11.0,2.1,23.1,False
2020,00-0033594,Chris Carson,178,150-199,26,12.0,15.65,187.8,4.0,12.025,48.1,False
2011,00-0028057,Delone Carter,106,<150,24,15.0,3.3666666666666667,50.5,7.0,4.642857142857143,32.5,False
2001,00-0002743,Ki-Jana Carter,76,<150,28,13.0,5.392307692307692,70.1,0,0.0,0.0,True
2022,00-0036924,Michael Carter,155,150-199,23,16.0,7.875,126.0,15.0,3.92,58.8,False
2003,00-0021357,Rock Cartwright,125,<150,24,15.0,6.58,98.7,0,0.0,0.0,True
2008,00-0019794,Aveion Cason,8,<150,29,5.0,1.48,7.4,0,0.0,0.0,True
2023,00-0037276,Ty Chandler,123,<150,25,13.0,7.769230769230769,101.0,10.0,2.84,28.4,False
2001,00-0019712,Doug Chapman,79,<150,24,13.0,4.161538461538462,54.1,5.0,1.78,8.9,False
2023,00-0039165,Zach Charbonnet,141,<150,22,16.0,6.63125,106.1,17.0,10.711764705882352,182.1,False
2015,00-0026213,Jamaal Charles,92,<150,29,5.0,20.22,101.1,0,0.0,0.0,True
2007,00-0020820,Jesse Chatman,155,150-199,28,11.0,8.963636363636363,98.6,0,0.0,0.0,True
2012,00-0026262,Tashard Choice,51,<150,28,8.0,3.775,30.2,13.0,1.807692307692308,23.5,False
2024,00-0034791,Nick Chubb,107,<150,29,8.0,7.9125,63.3,15.0,5.886666666666667,88.3,False
2010,00-0025458,Lorenzo Booker,5,<150,26,4.0,1.55,6.2,10.0,1.94,19.4,False
2023,00-0034208,Mike Boone,12,<150,28,7.0,1.9,13.3,5.0,1.1800000000000002,5.9,False
2014,00-0025637,Ahmad Bradshaw,128,<150,28,10.0,15.45,154.5,6.0,7.15,42.9,False
2021,00-0033308,Matt Breida,33,<150,26,7.0,6.1000000000000005,42.7,17.0,3.5176470588235293,59.8,False
2012,00-0029429,Bryce Brown,128,<150,21,16.0,5.8125,93.0,15.0,4.133333333333334,62.0,False
2006,00-0022092,Chris Brown,43,<150,25,5.0,3.6,18.0,12.0,8.85,106.2,False
2005,00-0020376,Dee Brown,10,<150,27,5.0,2.68,13.4,4.0,0.975,3.9,False
2013,00-0027003,Donald Brown,129,<150,26,15.0,10.006666666666666,150.1,13.0,5.56923076923077,72.4,False
2020,00-0031806,Malcolm Brown,124,<150,27,16.0,6.81875,109.1,6.0,3.75,22.5,False
2012,00-0023437,Ronnie Brown,95,<150,31,14.0,7.721428571428571,108.1,12.0,2.975,35.7,False
2005,00-0002159,Shawn Bryson,101,<150,29,16.0,6.25,100.0,5.0,4.779999999999999,23.9,False
2003,00-0020270,Correll Buckhalter,136,<150,25,15.0,8.5,127.5,0,0.0,0.0,True
2020,00-0030288,Rex Burkhead,92,<150,30,10.0,10.76,107.6,14.0,7.45,104.3,False
2011,00-0025487,Michael Bush,293,250-299,27,16.0,13.90625,222.5,13.0,6.646153846153847,86.4,False
2014,00-0024217,Reggie Bush,116,<150,29,11.0,9.727272727272728,107.0,5.0,1.7399999999999998,8.7,False
2001,00-0002380,Steve Bush,8,<150,27,5.0,3.2,16.0,12.0,3.091666666666667,37.1,False
2016,00-0029205,Travaris Cadet,44,<150,27,13.0,7.230769230769231,94.0,7.0,5.357142857142857,37.5,False
2001,00-0019649,Trung Canidate,95,<150,24,13.0,7.546153846153846,98.1,6.0,1.65,9.9,False
2014,00-0031057,Ka'Deem Carey,41,<150,22,10.0,2.65,26.5,7.0,5.257142857142857,36.8,False
2019,00-0033594,Chris Carson,315,300-349,25,15.0,15.506666666666666,232.6,12.0,15.65,187.8,False
2021,00-0036924,Michael Carter,183,150-199,22,14.0,10.9,152.6,16.0,7.875,126.0,False
2011,00-0021357,Rock Cartwright,8,<150,32,7.0,1.5571428571428572,10.9,0,0.0,0.0,True
2007,00-0019794,Aveion Cason,25,<150,28,9.0,3.411111111111111,30.7,5.0,1.48,7.4,False
2017,00-0026213,Jamaal Charles,92,<150,31,13.0,5.1923076923076925,67.5,0,0.0,0.0,True
2003,00-0020820,Jesse Chatman,13,<150,24,6.0,2.0166666666666666,12.1,11.0,5.536363636363636,60.9,False
2011,00-0026262,Tashard Choice,76,<150,27,13.0,3.7384615384615385,48.6,8.0,3.775,30.2,False
2021,00-0034791,Nick Chubb,248,200-249,26,14.0,15.37857142857143,215.3,17.0,16.564705882352943,281.6,False
2007,00-0025458,Lorenzo Booker,56,<150,23,5.0,12.84,64.2,8.0,1.55,12.4,False
2022,00-0034208,Mike Boone,33,<150,27,8.0,3.6,28.8,7.0,1.9,13.3,False
2011,00-0025637,Ahmad Bradshaw,205,200-249,25,12.0,16.066666666666666,192.8,14.0,12.785714285714286,179.0,False
2020,00-0033308,Matt Breida,68,<150,25,10.0,4.2,42.0,7.0,6.1000000000000005,42.7,False
2005,00-0022092,Chris Brown,249,200-249,24,15.0,11.813333333333333,177.2,5.0,3.6,18.0,False
2012,00-0027003,Donald Brown,117,<150,25,10.0,6.82,68.2,15.0,10.006666666666666,150.1,False
2019,00-0031806,Malcolm Brown,71,<150,26,13.0,4.546153846153846,59.1,16.0,6.81875,109.1,False
2011,00-0023437,Ronnie Brown,42,<150,30,13.0,1.353846153846154,17.6,14.0,7.721428571428571,108.1,False
2004,00-0002159,Shawn Bryson,94,<150,28,16.0,6.13125,98.1,16.0,6.25,100.0,False
2009,00-0020270,Correll Buckhalter,151,150-199,31,14.0,8.657142857142857,121.2,14.0,6.335714285714286,88.7,False
2019,00-0030288,Rex Burkhead,92,<150,29,13.0,7.776923076923077,101.1,10.0,10.76,107.6,False
2010,00-0025487,Michael Bush,176,150-199,26,14.0,10.778571428571428,150.9,16.0,13.90625,222.5,False
2013,00-0024217,Reggie Bush,277,250-299,28,14.0,17.085714285714285,239.2,11.0,9.727272727272728,107.0,False
2015,00-0029205,Travaris Cadet,28,<150,26,6.0,7.533333333333334,45.2,13.0,7.230769230769231,94.0,False
2018,00-0033594,Chris Carson,267,250-299,24,14.0,14.385714285714286,201.4,15.0,15.506666666666666,232.6,False
2010,00-0021357,Rock Cartwright,10,<150,31,6.0,0.7000000000000001,4.2,7.0,1.5571428571428572,10.9,False
2006,00-0019794,Aveion Cason,29,<150,27,5.0,3.4,17.0,9.0,3.411111111111111,30.7,False
2014,00-0026213,Jamaal Charles,246,200-249,28,15.0,16.693333333333335,250.4,5.0,20.22,101.1,False
2002,00-0020820,Jesse Chatman,9,<150,23,4.0,2.325,9.3,6.0,2.0166666666666666,12.1,False
2010,00-0026262,Tashard Choice,83,<150,26,12.0,5.683333333333334,68.2,13.0,3.7384615384615385,48.6,False
2020,00-0034791,Nick Chubb,206,200-249,25,12.0,17.291666666666668,207.5,14.0,15.37857142857143,215.3,False
2019,00-0034208,Mike Boone,52,<150,24,5.0,10.0,50.0,5.0,2.98,14.9,False
2010,00-0025637,Ahmad Bradshaw,323,300-349,24,16.0,15.00625,240.1,12.0,16.066666666666666,192.8,False
2019,00-0033308,Matt Breida,142,<150,24,12.0,8.608333333333333,103.3,10.0,4.2,42.0,False
2004,00-0022092,Chris Brown,240,200-249,23,11.0,15.4,169.4,15.0,11.813333333333333,177.2,False
2011,00-0027003,Donald Brown,150,150-199,24,12.0,9.925,119.1,10.0,6.82,68.2,False
2018,00-0031806,Malcolm Brown,48,<150,25,10.0,3.94,39.4,13.0,4.546153846153846,59.1,False
2010,00-0023437,Ronnie Brown,233,200-249,29,16.0,9.7875,156.6,13.0,1.353846153846154,17.6,False
2003,00-0002159,Shawn Bryson,212,200-249,27,16.0,10.4125,166.6,16.0,6.13125,98.1,False
2008,00-0020270,Correll Buckhalter,102,<150,30,14.0,8.52142857142857,119.3,14.0,8.657142857142857,121.2,False
2018,00-0030288,Rex Burkhead,71,<150,28,8.0,6.2125,49.7,13.0,7.776923076923077,101.1,False
2009,00-0025487,Michael Bush,140,<150,25,15.0,6.693333333333333,100.4,14.0,10.778571428571428,150.9,False
2012,00-0024217,Reggie Bush,262,250-299,27,16.0,12.925,206.8,14.0,17.085714285714285,239.2,False
2014,00-0029205,Travaris Cadet,48,<150,25,13.0,5.6,72.8,6.0,7.533333333333334,45.2,False
2017,00-0033594,Chris Carson,56,<150,23,4.0,9.925,39.7,14.0,14.385714285714286,201.4,False
2009,00-0021357,Rock Cartwright,91,<150,30,11.0,7.272727272727272,80.0,6.0,0.7000000000000001,4.2,False
2002,00-0019794,Aveion Cason,45,<150,23,10.0,7.05,70.5,10.0,6.468000000000001,64.68,False
2013,00-0026213,Jamaal Charles,329,300-349,27,15.0,25.2,378.0,15.0,16.693333333333335,250.4,False
2009,00-0026262,Tashard Choice,79,<150,25,15.0,5.553333333333333,83.3,12.0,5.683333333333334,68.2,False
2019,00-0034791,Nick Chubb,335,300-349,24,16.0,15.95,255.2,12.0,17.291666666666668,207.5,False
2018,00-0034208,Mike Boone,13,<150,23,6.0,1.1333333333333333,6.8,5.0,10.0,50.0,False
2009,00-0025637,Ahmad Bradshaw,184,150-199,23,15.0,10.5,157.5,16.0,15.00625,240.1,False
2018,00-0033308,Matt Breida,180,150-199,23,14.0,11.607142857142858,162.5,12.0,8.608333333333333,103.3,False
2003,00-0022092,Chris Brown,64,<150,22,11.0,3.290909090909091,36.2,11.0,15.4,169.4,False
2010,00-0027003,Donald Brown,149,<150,23,13.0,7.861538461538462,102.2,12.0,9.925,119.1,False
2017,00-0031806,Malcolm Brown,72,<150,24,11.0,4.081818181818182,44.9,10.0,3.94,39.4,False
2009,00-0023437,Ronnie Brown,161,150-199,28,9.0,15.497777777777776,139.48,16.0,9.7875,156.6,False
2007,00-0020270,Correll Buckhalter,74,<150,29,13.0,5.846153846153846,76.0,14.0,8.52142857142857,119.3,False
2017,00-0030288,Rex Burkhead,94,<150,27,10.0,12.98,129.8,8.0,6.2125,49.7,False
2008,00-0025487,Michael Bush,113,<150,24,11.0,8.492727272727272,93.42,15.0,6.693333333333333,100.4,False
2011,00-0024217,Reggie Bush,259,250-299,26,15.0,14.613333333333332,219.2,16.0,12.925,206.8,False
2002,00-0021357,Rock Cartwright,14,<150,23,7.0,4.471428571428572,31.3,15.0,6.58,98.7,False
2001,00-0019794,Aveion Cason,15,<150,22,5.0,1.66,8.3,10.0,7.05,70.5,False
2012,00-0026213,Jamaal Charles,320,300-349,26,16.0,14.96875,239.5,15.0,25.2,378.0,False
2008,00-0026262,Tashard Choice,113,<150,24,10.0,9.87,98.7,15.0,5.553333333333333,83.3,False
2018,00-0034791,Nick Chubb,212,200-249,23,16.0,12.15625,194.5,16.0,15.95,255.2,False
2008,00-0025637,Ahmad Bradshaw,72,<150,22,11.0,5.154545454545455,56.7,15.0,10.5,157.5,False
2017,00-0033308,Matt Breida,126,<150,22,16.0,6.46875,103.5,14.0,11.607142857142858,162.5,False
2009,00-0027003,Donald Brown,89,<150,22,11.0,6.727272727272728,74.0,13.0,7.861538461538462,102.2,False
2016,00-0031806,Malcolm Brown,21,<150,23,8.0,1.1875,9.5,11.0,4.081818181818182,44.9,False
2008,00-0023437,Ronnie Brown,247,200-249,27,16.0,13.3275,213.24,9.0,15.497777777777776,139.48,False
2006,00-0020270,Correll Buckhalter,106,<150,28,16.0,5.475,87.6,13.0,5.846153846153846,76.0,False
2016,00-0030288,Rex Burkhead,91,<150,26,9.0,8.433333333333334,75.9,10.0,12.98,129.8,False
2010,00-0024217,Reggie Bush,70,<150,25,8.0,9.475,75.8,15.0,14.613333333333332,219.2,False
2009,00-0026213,Jamaal Charles,230,200-249,23,15.0,15.58,233.7,16.0,17.65625,282.5,False
2007,00-0025637,Ahmad Bradshaw,25,<150,21,5.0,5.64,28.2,11.0,5.154545454545455,56.7,False
2007,00-0023437,Ronnie Brown,158,150-199,26,7.0,24.32857142857143,170.3,16.0,13.3275,213.24,False
2015,00-0030288,Rex Burkhead,14,<150,25,12.0,1.9833333333333332,23.8,9.0,8.433333333333334,75.9,False
2009,00-0024217,Reggie Bush,117,<150,24,14.0,11.821428571428571,165.5,8.0,9.475,75.8,False
2008,00-0026213,Jamaal Charles,94,<150,22,16.0,5.74375,91.9,15.0,15.58,233.7,False
2006,00-0023437,Ronnie Brown,275,250-299,25,13.0,14.238461538461538,185.1,7.0,24.32857142857143,170.3,False
2014,00-0030288,Rex Burkhead,16,<150,24,4.0,5.15,20.6,12.0,1.9833333333333332,23.8,False
2008,00-0024217,Reggie Bush,158,150-199,23,10.0,18.62,186.2,14.0,11.821428571428571,165.5,False
2005,00-0023437,Ronnie Brown,239,200-249,24,15.0,11.193333333333332,167.9,13.0,14.238461538461538,185.1,False
2007,00-0024217,Reggie Bush,230,200-249,22,12.0,17.45,209.4,10.0,18.62,186.2,False
2006,00-0024217,Reggie Bush,243,200-249,21,16.0,16.725,267.6,12.0,17.45,209.4,False
2018,00-0033725,Corey Clement,90,<150,24,11.0,7.390909090909091,81.3,0,0.0,0.0,True
2005,00-0003136,Mike Cloud,24,<150,30,6.0,0.9833333333333334,5.9,0,0.0,0.0,True
2015,00-0032133,David Cobb,53,<150,22,7.0,3.057142857142857,21.4,0,0.0,0.0,True
2010,00-0024172,Patrick Cobbs,12,<150,27,9.0,3.2333333333333334,29.1,0,0.0,0.0,True
2003,00-0021528,Avon Cobourne,14,<150,24,5.0,1.94,9.7,0,0.0,0.0,True
2009,00-0027048,Glen Coffee,94,<150,22,10.0,4.720000000000001,47.2,0,0.0,0.0,True
2019,00-0033556,Tarik Cohen,143,<150,24,16.0,10.11875,161.9,0,0.0,0.0,True
2021,00-0032058,Tevin Coleman,95,<150,28,11.0,4.681818181818182,51.5,0,0.0,0.0,True
2021,00-0032426,Alex Collins,117,<150,27,11.0,6.254545454545454,68.8,0,0.0,0.0,True
2002,00-0003344,Greg Comella,11,<150,27,7.0,2.142857142857143,15.0,0,0.0,0.0,True
2024,00-0033553,James Conner,283,250-299,29,16.0,15.8875,254.2,0,0.0,0.0,True
2022,00-0037265,Snoop Conner,12,<150,22,5.0,2.04,10.2,0,0.0,0.0,True
2023,00-0033893,Dalvin Cook,82,<150,28,14.0,2.8714285714285714,40.2,0,0.0,0.0,True
2006,00-0020391,Jameel Cook,21,<150,27,8.0,3.3125,26.5,0,0.0,0.0,True
2024,00-0037248,James Cook,239,200-249,25,16.0,16.66875,266.7,17.0,17.776470588235295,302.2,False
2002,00-0019725,Rafael Cooper,13,<150,27,4.0,1.775,7.1,0,0.0,0.0,True
2024,00-0039738,Blake Corum,65,<150,24,14.0,2.392857142857143,33.5,17.0,7.188235294117647,122.2,False
2006,00-0003663,Zack Crockett,49,<150,34,12.0,2.3000000000000003,27.6,0,0.0,0.0,True
2004,00-0022384,Larry Croom,31,<150,23,4.0,2.8,11.2,0,0.0,0.0,True
2018,00-0030656,Isaiah Crowell,164,150-199,25,13.0,10.823076923076922,140.7,0,0.0,0.0,True
2018,00-0029795,Benny Cunningham,12,<150,28,5.0,0.78,3.9,0,0.0,0.0,True
2024,00-0036425,DeeJay Dallas,12,<150,26,6.0,3.5,21.0,0,0.0,0.0,True
2003,00-0020973,Woody Dantzler,8,<150,24,5.0,1.62,8.1,0,0.0,0.0,True
2010,00-0025633,Kenneth Darby,44,<150,28,13.0,3.446153846153846,44.8,0,0.0,0.0,True
2017,00-0030860,Orleans Darkwa,190,150-199,25,15.0,9.193333333333332,137.9,0,0.0,0.0,True
2007,00-0021252,Najeh Davenport,125,<150,28,15.0,8.553333333333335,128.3,0,0.0,0.0,True
2008,00-0022434,Carey Davis,17,<150,27,8.0,1.4,11.2,0,0.0,0.0,True
2024,00-0039798,Isaiah Davis,39,<150,22,9.0,5.1,45.9,15.0,4.746666666666667,71.2,False
2016,00-0030280,Knile Davis,23,<150,25,6.0,1.7166666666666668,10.3,0,0.0,0.0,True
2022,00-0037563,Malik Davis,44,<150,24,6.0,5.733333333333333,34.4,0,0.0,0.0,True
2022,00-0032063,Mike Davis,10,<150,29,5.0,0.8400000000000001,4.2,0,0.0,0.0,True
2024,00-0039875,Ray Davis,130,<150,25,16.0,7.25625,116.1,13.0,4.93076923076923,64.1,False
2006,00-0004052,Stephen Davis,52,<150,32,14.0,3.0500000000000003,42.7,0,0.0,0.0,True
2001,00-0004054,Terrell Davis,179,150-199,29,8.0,11.125,89.0,0,0.0,0.0,True
2022,00-0037827,Tyrion Davis-Price,34,<150,22,5.0,1.98,9.9,0,0.0,0.0,True
2007,00-0024698,Clifton Dawson,32,<150,24,5.0,3.18,15.9,0,0.0,0.0,True
2017,00-0033596,Matt Dayes,9,<150,23,5.0,1.64,8.2,0,0.0,0.0,True
2007,00-0019643,Ron Dayne,211,200-249,29,13.0,10.884615384615383,141.5,0,0.0,0.0,True
2024,00-0038705,Emari Demercado,40,<150,25,13.0,4.207692307692308,54.7,11.0,5.3,58.3,False
2023,00-0036265,AJ Dillon,200,200-249,25,15.0,7.84,117.6,0,0.0,0.0,True
2006,00-0004304,Corey Dillon,214,200-249,32,16.0,11.55625,184.9,0,0.0,0.0,True
2015,00-0027772,Anthony Dixon,27,<150,28,8.0,2.6,20.8,0,0.0,0.0,True
2016,00-0032411,Kenneth Dixon,118,<150,22,12.0,8.533333333333333,102.4,0,0.0,0.0,True
2022,00-0036158,J.K. Dobbins,99,<150,24,8.0,10.15,81.2,0,0.0,0.0,True
2007,00-0023806,DeDe Dorsey,25,<150,23,9.0,2.6888888888888887,24.2,0,0.0,0.0,True
2024,00-0036139,Rico Dowdle,274,250-299,26,16.0,12.3625,197.8,17.0,12.723529411764709,216.3,False
2022,00-0033118,Kenyan Drake,126,<150,28,12.0,8.674999999999999,104.1,0,0.0,0.0,True
2012,00-0028202,Shaun Draughn,83,<150,25,14.0,5.221428571428571,73.1,0,0.0,0.0,True
2007,00-0019610,Reuben Droughns,92,<150,29,16.0,4.7125,75.4,0,0.0,0.0,True
2008,00-0021376,T.J. Duckett,62,<150,27,15.0,4.346666666666667,65.2,0,0.0,0.0,True
2016,00-0029004,Lance Dunbar,25,<150,26,10.0,3.73,37.3,0,0.0,0.0,True
2008,00-0004640,Warrick Dunn,233,200-249,33,15.0,11.373333333333331,170.6,0,0.0,0.0,True
2022,00-0033725,Corey Clement,20,<150,28,4.0,5.475,21.9,0,0.0,0.0,True
2004,00-0003136,Mike Cloud,22,<150,29,5.0,5.66,28.3,6.0,0.9833333333333334,5.9,False
2009,00-0024172,Patrick Cobbs,9,<150,26,4.0,2.225,8.9,9.0,3.2333333333333334,29.1,False
2018,00-0033556,Tarik Cohen,170,150-199,23,16.0,14.62125,233.94,16.0,10.11875,161.9,False
2020,00-0032058,Tevin Coleman,32,<150,27,6.0,2.1166666666666667,12.7,11.0,4.681818181818182,51.5,False
2018,00-0032426,Alex Collins,129,<150,24,10.0,10.86,108.6,0,0.0,0.0,True
2001,00-0003344,Greg Comella,43,<150,26,14.0,5.128571428571428,71.8,7.0,2.142857142857143,15.0,False
2023,00-0033553,James Conner,235,200-249,28,13.0,15.5,201.5,16.0,15.8875,254.2,False
2022,00-0033893,Dalvin Cook,303,300-349,27,17.0,13.988235294117649,237.8,14.0,2.8714285714285714,40.2,False
2005,00-0020391,Jameel Cook,7,<150,26,6.0,2.8833333333333333,17.3,8.0,3.3125,26.5,False
2023,00-0037248,James Cook,281,250-299,24,17.0,13.688235294117646,232.7,16.0,16.66875,266.7,False
2005,00-0003663,Zack Crockett,73,<150,33,15.0,3.393333333333333,50.9,12.0,2.3000000000000003,27.6,False
2017,00-0030656,Isaiah Crowell,234,200-249,24,16.0,8.98125,143.7,13.0,10.823076923076922,140.7,False
2017,00-0029795,Benny Cunningham,29,<150,27,11.0,5.190909090909091,57.1,5.0,0.78,3.9,False
2023,00-0036425,DeeJay Dallas,16,<150,25,10.0,1.22,12.2,6.0,3.5,21.0,False
2009,00-0025633,Kenneth Darby,45,<150,27,14.0,3.057142857142857,42.8,13.0,3.446153846153846,44.8,False
2016,00-0030860,Orleans Darkwa,32,<150,24,4.0,6.575,26.3,15.0,9.193333333333332,137.9,False
2006,00-0021252,Najeh Davenport,75,<150,27,13.0,5.261538461538462,68.4,15.0,8.553333333333335,128.3,False
2007,00-0022434,Carey Davis,29,<150,26,11.0,2.1545454545454543,23.7,8.0,1.4,11.2,False
2015,00-0030280,Knile Davis,30,<150,24,9.0,1.955555555555556,17.6,6.0,1.7166666666666668,10.3,False
2021,00-0032063,Mike Davis,182,150-199,28,17.0,8.129411764705882,138.2,5.0,0.8400000000000001,4.2,False
2003,00-0004052,Stephen Davis,332,300-349,29,14.0,15.45,216.3,0,0.0,0.0,True
2002,00-0019643,Ron Dayne,136,<150,24,16.0,4.66875,74.7,0,0.0,0.0,True
2023,00-0038705,Emari Demercado,79,<150,24,11.0,6.663636363636363,73.3,13.0,4.207692307692308,54.7,False
2022,00-0036265,AJ Dillon,214,200-249,24,17.0,9.858823529411763,167.6,15.0,7.84,117.6,False
2005,00-0004304,Corey Dillon,231,200-249,31,11.0,17.21818181818182,189.4,16.0,11.55625,184.9,False
2014,00-0027772,Anthony Dixon,113,<150,27,13.0,5.238461538461538,68.1,8.0,2.6,20.8,False
2018,00-0032411,Kenneth Dixon,66,<150,24,6.0,9.066666666666666,54.4,0,0.0,0.0,True
2020,00-0036158,J.K. Dobbins,152,150-199,22,15.0,11.246666666666666,168.7,0,0.0,0.0,True
2023,00-0036139,Rico Dowdle,106,<150,25,16.0,5.71875,91.5,16.0,12.3625,197.8,False
2021,00-0033118,Kenyan Drake,93,<150,27,12.0,8.541666666666666,102.5,12.0,8.674999999999999,104.1,False
2016,00-0028202,Shaun Draughn,103,<150,29,14.0,7.778571428571429,108.9,0,0.0,0.0,True
2006,00-0019610,Reuben Droughns,247,200-249,28,14.0,9.69285714285714,135.7,16.0,4.7125,75.4,False
2007,00-0021376,T.J. Duckett,69,<150,26,11.0,5.536363636363636,60.9,15.0,4.346666666666667,65.2,False
2015,00-0029004,Lance Dunbar,26,<150,25,4.0,12.3,49.2,10.0,3.73,37.3,False
2007,00-0004640,Warrick Dunn,265,250-299,32,16.0,9.5375,152.6,15.0,11.373333333333331,170.6,False
2021,00-0033725,Corey Clement,39,<150,27,5.0,5.779999999999999,28.9,4.0,5.475,21.9,False
2003,00-0003136,Mike Cloud,28,<150,28,5.0,8.72,43.6,5.0,5.66,28.3,False
2008,00-0024172,Patrick Cobbs,31,<150,25,12.0,6.108333333333333,73.3,4.0,2.225,8.9,False
2017,00-0033556,Tarik Cohen,140,<150,22,16.0,9.5275,152.44,16.0,14.62125,233.94,False
2019,00-0032058,Tevin Coleman,158,150-199,26,14.0,9.671428571428573,135.4,6.0,2.1166666666666667,12.7,False
2017,00-0032426,Alex Collins,235,200-249,23,15.0,11.4,171.0,10.0,10.86,108.6,False
2022,00-0033553,James Conner,229,200-249,27,13.0,15.4,200.2,13.0,15.5,201.5,False
2021,00-0033893,Dalvin Cook,283,250-299,26,13.0,15.884615384615383,206.5,17.0,13.988235294117649,237.8,False
2004,00-0020391,Jameel Cook,7,<150,25,4.0,4.35,17.4,6.0,2.8833333333333333,17.3,False
2022,00-0037248,James Cook,110,<150,23,16.0,6.60625,105.7,17.0,13.688235294117646,232.7,False
2004,00-0003663,Zack Crockett,65,<150,32,12.0,4.991666666666666,59.9,15.0,3.393333333333333,50.9,False
2016,00-0030656,Isaiah Crowell,238,200-249,23,16.0,12.81875,205.1,16.0,8.98125,143.7,False
2016,00-0029795,Benny Cunningham,37,<150,26,10.0,3.5200000000000005,35.2,11.0,5.190909090909091,57.1,False
2022,00-0036425,DeeJay Dallas,52,<150,24,11.0,4.2,46.2,10.0,1.22,12.2,False
2008,00-0025633,Kenneth Darby,51,<150,26,7.0,7.042857142857143,49.3,14.0,3.057142857142857,42.8,False
2015,00-0030860,Orleans Darkwa,39,<150,23,8.0,3.425,27.4,4.0,6.575,26.3,False
2005,00-0021252,Najeh Davenport,32,<150,26,5.0,4.96,24.8,13.0,5.261538461538462,68.4,False
2014,00-0030280,Knile Davis,150,150-199,23,15.0,8.066666666666666,121.0,9.0,1.955555555555556,17.6,False
2020,00-0032063,Mike Davis,224,200-249,27,14.0,14.75,206.5,17.0,8.129411764705882,138.2,False
2005,00-0004052,Stephen Davis,184,150-199,31,13.0,10.46923076923077,136.1,14.0,3.0500000000000003,42.7,False
2006,00-0019643,Ron Dayne,165,150-199,28,10.0,11.51,115.1,13.0,10.884615384615383,141.5,False
2021,00-0036265,AJ Dillon,221,200-249,23,17.0,10.91764705882353,185.6,17.0,9.858823529411763,167.6,False
2004,00-0004304,Corey Dillon,360,350+,30,15.0,17.4,261.0,11.0,17.21818181818182,189.4,False
2013,00-0027772,Anthony Dixon,31,<150,26,10.0,2.3600000000000003,23.6,13.0,5.238461538461538,68.1,False
2024,00-0036158,J.K. Dobbins,227,200-249,26,13.0,14.676923076923078,190.8,10.0,11.59,115.9,False
2020,00-0033118,Kenyan Drake,264,250-299,26,15.0,12.813333333333333,192.2,12.0,8.541666666666666,102.5,False
2015,00-0028202,Shaun Draughn,105,<150,28,9.0,8.655555555555557,77.9,14.0,7.778571428571429,108.9,False
2005,00-0019610,Reuben Droughns,348,300-349,27,16.0,13.06875,209.1,14.0,9.69285714285714,135.7,False
2006,00-0021376,T.J. Duckett,40,<150,25,9.0,3.2,28.8,11.0,5.536363636363636,60.9,False
2014,00-0029004,Lance Dunbar,47,<150,24,14.0,3.542857142857143,49.6,4.0,12.3,49.2,False
2006,00-0004640,Warrick Dunn,308,300-349,31,16.0,11.4,182.4,16.0,9.5375,152.6,False
2020,00-0033725,Corey Clement,26,<150,26,8.0,2.625,21.0,5.0,5.779999999999999,28.9,False
2002,00-0003136,Mike Cloud,55,<150,27,12.0,2.858333333333333,34.3,5.0,8.72,43.6,False
2007,00-0024172,Patrick Cobbs,17,<150,24,5.0,2.9,14.5,12.0,6.108333333333333,73.3,False
2018,00-0032058,Tevin Coleman,199,150-199,25,16.0,12.1,193.6,14.0,9.671428571428573,135.4,False
2016,00-0032426,Alex Collins,42,<150,22,9.0,3.988888888888889,35.9,15.0,11.4,171.0,False
2021,00-0033553,James Conner,239,200-249,26,15.0,17.12,256.8,13.0,15.4,200.2,False
2020,00-0033893,Dalvin Cook,356,350+,25,14.0,24.17142857142857,338.4,13.0,15.884615384615383,206.5,False
2003,00-0020391,Jameel Cook,21,<150,24,10.0,3.79,37.9,4.0,4.35,17.4,False
2003,00-0003663,Zack Crockett,55,<150,31,14.0,4.771428571428571,66.8,12.0,4.991666666666666,59.9,False
2015,00-0030656,Isaiah Crowell,204,200-249,22,16.0,8.6125,137.8,16.0,12.81875,205.1,False
2015,00-0029795,Benny Cunningham,63,<150,25,14.0,4.642857142857143,65.0,10.0,3.5200000000000005,35.2,False
2021,00-0036425,DeeJay Dallas,54,<150,23,11.0,5.463636363636364,60.1,11.0,4.2,46.2,False
2014,00-0030860,Orleans Darkwa,14,<150,22,4.0,4.525,18.1,8.0,3.425,27.4,False
2004,00-0021252,Najeh Davenport,75,<150,25,10.0,5.5200000000000005,55.2,5.0,4.96,24.8,False
2013,00-0030280,Knile Davis,81,<150,22,14.0,5.05,70.7,15.0,8.066666666666666,121.0,False
2019,00-0032063,Mike Davis,20,<150,26,5.0,2.38,11.9,14.0,14.75,206.5,False
2002,00-0004052,Stephen Davis,230,200-249,28,12.0,13.266666666666666,159.2,14.0,15.45,216.3,False
2005,00-0019643,Ron Dayne,56,<150,27,8.0,4.4625,35.7,10.0,11.51,115.1,False
2020,00-0036265,AJ Dillon,48,<150,22,9.0,4.477777777777778,40.3,17.0,10.91764705882353,185.6,False
2003,00-0004304,Corey Dillon,149,<150,29,13.0,6.476923076923077,84.2,15.0,17.4,261.0,False
2012,00-0027772,Anthony Dixon,21,<150,25,8.0,2.475,19.8,10.0,2.3600000000000003,23.6,False
2019,00-0033118,Kenyan Drake,218,200-249,25,14.0,15.3,214.2,15.0,12.813333333333333,192.2,False
2004,00-0019610,Reuben Droughns,307,300-349,26,15.0,14.806666666666668,222.1,16.0,13.06875,209.1,False
2005,00-0021376,T.J. Duckett,127,<150,24,14.0,6.735714285714286,94.3,9.0,3.2,28.8,False
2013,00-0029004,Lance Dunbar,37,<150,23,7.0,3.7,25.9,14.0,3.542857142857143,49.6,False
2005,00-0004640,Warrick Dunn,309,300-349,30,16.0,13.4125,214.6,16.0,11.4,182.4,False
2017,00-0033725,Corey Clement,84,<150,23,14.0,6.614285714285714,92.6,11.0,7.390909090909091,81.3,False
2017,00-0032058,Tevin Coleman,183,150-199,24,15.0,11.18,167.7,16.0,12.1,193.6,False
2020,00-0033553,James Conner,204,200-249,25,13.0,12.66153846153846,164.6,15.0,17.12,256.8,False
2019,00-0033893,Dalvin Cook,303,300-349,24,14.0,20.885714285714283,292.4,14.0,24.17142857142857,338.4,False
2002,00-0020391,Jameel Cook,4,<150,23,5.0,1.66,8.3,10.0,3.79,37.9,False
2002,00-0003663,Zack Crockett,40,<150,30,12.0,4.983333333333333,59.8,14.0,4.771428571428571,66.8,False
2014,00-0030656,Isaiah Crowell,157,150-199,21,15.0,8.16,122.4,16.0,8.6125,137.8,False
2014,00-0029795,Benny Cunningham,111,<150,24,16.0,7.925,126.8,14.0,4.642857142857143,65.0,False
2020,00-0036425,DeeJay Dallas,51,<150,22,8.0,7.1125,56.9,11.0,5.463636363636364,60.1,False
2003,00-0021252,Najeh Davenport,83,<150,24,14.0,4.414285714285714,61.8,10.0,5.5200000000000005,55.2,False
2018,00-0032063,Mike Davis,146,<150,25,15.0,9.12,136.8,5.0,2.38,11.9,False
2001,00-0004052,Stephen Davis,384,350+,27,16.0,13.61875,217.9,12.0,13.266666666666666,159.2,False
2004,00-0019643,Ron Dayne,53,<150,26,11.0,2.327272727272728,25.6,8.0,4.4625,35.7,False
2002,00-0004304,Corey Dillon,357,350+,28,16.0,15.11875,241.9,13.0,6.476923076923077,84.2,False
2011,00-0027772,Anthony Dixon,30,<150,24,8.0,2.7875,22.3,8.0,2.475,19.8,False
2018,00-0033118,Kenyan Drake,173,150-199,24,16.0,12.1875,195.0,14.0,15.3,214.2,False
2003,00-0019610,Reuben Droughns,15,<150,25,7.0,4.442857142857143,31.1,15.0,14.806666666666668,222.1,False
2004,00-0021376,T.J. Duckett,107,<150,23,12.0,8.283333333333333,99.4,14.0,6.735714285714286,94.3,False
2012,00-0029004,Lance Dunbar,27,<150,22,6.0,2.8000000000000003,16.8,7.0,3.7,25.9,False
2004,00-0004640,Warrick Dunn,294,250-299,29,16.0,13.68125,218.9,16.0,13.4125,214.6,False
2016,00-0032058,Tevin Coleman,149,<150,23,13.0,14.7,191.1,15.0,11.18,167.7,False
2019,00-0033553,James Conner,150,150-199,24,10.0,14.55,145.5,13.0,12.66153846153846,164.6,False
2018,00-0033893,Dalvin Cook,173,150-199,23,11.0,13.818181818181818,152.0,14.0,20.885714285714283,292.4,False
2001,00-0020391,Jameel Cook,19,<150,22,10.0,2.6100000000000003,26.1,5.0,1.66,8.3,False
2001,00-0003663,Zack Crockett,59,<150,29,14.0,3.678571428571429,51.5,12.0,4.983333333333333,59.8,False
2013,00-0029795,Benny Cunningham,53,<150,23,13.0,3.4000000000000004,44.2,16.0,7.925,126.8,False
2002,00-0021252,Najeh Davenport,44,<150,23,6.0,5.116666666666666,30.7,14.0,4.414285714285714,61.8,False
2017,00-0032063,Mike Davis,83,<150,24,6.0,8.4,50.4,15.0,9.12,136.8,False
2001,00-0019643,Ron Dayne,188,150-199,23,16.0,7.86875,125.9,16.0,4.66875,74.7,False
2001,00-0004304,Corey Dillon,374,350+,27,16.0,16.14375,258.3,16.0,15.11875,241.9,False
2010,00-0027772,Anthony Dixon,75,<150,23,12.0,3.483333333333333,41.8,8.0,2.7875,22.3,False
2017,00-0033118,Kenyan Drake,165,150-199,23,14.0,10.178571428571429,142.5,16.0,12.1875,195.0,False
2002,00-0019610,Reuben Droughns,9,<150,24,7.0,3.3428571428571425,23.4,7.0,4.442857142857143,31.1,False
2003,00-0021376,T.J. Duckett,208,200-249,22,16.0,10.01875,160.3,12.0,8.283333333333333,99.4,False
2003,00-0004640,Warrick Dunn,162,150-199,28,11.0,15.072727272727274,165.8,16.0,13.68125,218.9,False
2015,00-0032058,Tevin Coleman,89,<150,22,12.0,3.5500000000000003,42.6,13.0,14.7,191.1,False
2018,00-0033553,James Conner,270,250-299,23,13.0,21.53846153846154,280.0,10.0,14.55,145.5,False
2017,00-0033893,Dalvin Cook,85,<150,22,4.0,16.35,65.4,11.0,13.818181818181818,152.0,False
2016,00-0032063,Mike Davis,22,<150,23,6.0,2.4166666666666665,14.5,6.0,8.4,50.4,False
2016,00-0033118,Kenyan Drake,42,<150,22,13.0,3.807692307692308,49.5,14.0,10.178571428571429,142.5,False
2001,00-0019610,Reuben Droughns,34,<150,23,4.0,4.825,19.3,7.0,3.3428571428571425,23.4,False
2002,00-0021376,T.J. Duckett,139,<150,21,12.0,7.483333333333333,89.8,16.0,10.01875,160.3,False
2002,00-0004640,Warrick Dunn,280,250-299,27,15.0,15.226666666666668,228.4,11.0,15.072727272727274,165.8,False
2017,00-0033553,James Conner,32,<150,22,12.0,1.2,14.4,13.0,21.53846153846154,280.0,False
2015,00-0032063,Mike Davis,42,<150,22,5.0,3.3200000000000003,16.6,6.0,2.4166666666666665,14.5,False
2001,00-0004640,Warrick Dunn,226,200-249,26,13.0,15.415384615384616,200.4,15.0,15.226666666666668,228.4,False
2013,00-0027786,Jonathan Dwyer,57,<150,24,14.0,2.435714285714286,34.1,0,0.0,0.0,True
2022,00-0037087,Trestan Ebner,26,<150,23,7.0,1.3,9.1,0,0.0,0.0,True
2007,00-0022883,Adimchinobe Echemandu,22,<150,27,5.0,1.92,9.6,0,0.0,0.0,True
2008,00-0023251,Kyle Eckel,24,<150,27,4.0,1.975,7.9,0,0.0,0.0,True
2023,00-0034681,Chase Edmonds,63,<150,27,13.0,3.053846153846154,39.7,0,0.0,0.0,True
2019,00-0033838,Trey Edmunds,28,<150,25,6.0,3.333333333333333,20.0,0,0.0,0.0,True
2020,00-0034184,Gus Edwards,153,150-199,25,16.0,8.0125,128.2,0,0.0,0.0,True
2002,00-0004774,Robert Edwards,38,<150,28,11.0,4.845454545454545,53.3,0,0.0,0.0,True
2023,00-0036360,Clyde Edwards-Helaire,87,<150,24,15.0,4.673333333333333,70.1,0,0.0,0.0,True
2024,00-0033699,Austin Ekeler,112,<150,29,12.0,11.025,132.3,0,0.0,0.0,True
2017,00-0030287,Andre Ellington,59,<150,28,11.0,7.945454545454546,87.4,0,0.0,0.0,True
2024,00-0033045,Ezekiel Elliott,86,<150,29,15.0,3.8333333333333335,57.5,0,0.0,0.0,True
2020,00-0032404,Tyler Ervin,24,<150,27,7.0,3.7285714285714286,26.1,0,0.0,0.0,True
2024,00-0039373,Audric Estimé,81,<150,21,13.0,3.746153846153846,48.7,5.0,9.62,48.1,False
2024,00-0036973,Travis Etienne,189,150-199,25,15.0,8.68,130.2,17.0,14.93529411764706,253.9,False
2022,00-0036857,Chris Evans,3,<150,25,4.0,3.2,12.8,0,0.0,0.0,True
2020,00-0036297,Darrynton Evans,16,<150,22,4.0,4.025,16.1,0,0.0,0.0,True
2023,00-0039136,Zach Evans,9,<150,22,4.0,0.475,1.9,0,0.0,0.0,True
2009,00-0022093,Justin Fargas,146,<150,29,12.0,7.95,95.4,0,0.0,0.0,True
2016,00-0032902,Kenneth Farrow,73,<150,23,10.0,3.72,37.2,0,0.0,0.0,True
2005,00-0023547,Ciatrick Fason,32,<150,23,9.0,3.355555555555556,30.2,0,0.0,0.0,True
2011,00-0005091,Kevin Faulk,24,<150,35,5.0,3.22,16.1,0,0.0,0.0,True
2005,00-0005092,Marshall Faulk,109,<150,32,15.0,7.233333333333333,108.5,0,0.0,0.0,True
2022,00-0036654,Demetric Felton,3,<150,24,4.0,0.6,2.4,0,0.0,0.0,True
2002,00-0020173,James Fenderson,19,<150,26,7.0,2.9,20.3,0,0.0,0.0,True
2016,00-0032377,Josh Ferguson,35,<150,23,8.0,4.4125,35.3,0,0.0,0.0,True
2006,00-0020964,Tony Fisher,20,<150,27,6.0,5.133333333333334,30.8,0,0.0,0.0,True
2005,00-0022825,Troy Fleming,10,<150,25,8.0,2.8625,22.9,0,0.0,0.0,True
2002,00-0005324,Terrell Fletcher,36,<150,29,7.0,5.0,35.0,0,0.0,0.0,True
2024,00-0037267,Jerome Ford,141,<150,25,14.0,9.571428571428571,134.0,13.0,3.353846153846154,43.6,False
2024,00-0033925,D'Onta Foreman,77,<150,28,10.0,3.26,32.6,0,0.0,0.0,True
2016,00-0026373,Justin Forsett,107,<150,31,9.0,6.844444444444445,61.6,0,0.0,0.0,True
2003,00-0021938,Brock Forsey,53,<150,23,4.0,9.45,37.8,0,0.0,0.0,True
2017,00-0026184,Matt Forte,140,<150,32,12.0,10.033333333333331,120.4,0,0.0,0.0,True
2016,00-0026796,Arian Foster,28,<150,30,4.0,4.825,19.3,0,0.0,0.0,True
2017,00-0032577,D.J. Foster,23,<150,24,7.0,4.6000000000000005,32.2,0,0.0,0.0,True
2008,00-0021164,DeShaun Foster,92,<150,28,11.0,5.7,62.7,0,0.0,0.0,True
2022,00-0033856,Leonard Fournette,262,250-299,27,16.0,14.13125,226.1,0,0.0,0.0,True
2013,00-0030078,Johnathan Franklin,23,<150,24,4.0,5.425,21.7,0,0.0,0.0,True
2021,00-0031285,Devonta Freeman,167,150-199,29,16.0,9.1625,146.6,0,0.0,0.0,True
2023,00-0034838,Royce Freeman,78,<150,27,9.0,5.133333333333334,46.2,0,0.0,0.0,True
2004,00-0005620,Chris Fuamatu-Ma'afala,24,<150,27,7.0,2.685714285714286,18.8,0,0.0,0.0,True
2009,00-0023074,Samkon Gado,17,<150,27,9.0,0.8999999999999999,8.1,0,0.0,0.0,True
2024,00-0036919,Kenny Gainwell,91,<150,25,16.0,3.9125,62.6,17.0,13.01764705882353,221.3,False
2021,00-0033950,Wayne Gallman,29,<150,27,6.0,2.25,13.5,0,0.0,0.0,True
2010,00-0024460,Quinton Ganther,11,<150,26,5.0,0.94,4.7,0,0.0,0.0,True
2003,00-0005779,Charlie Garner,168,150-199,31,14.0,11.85,165.9,0,0.0,0.0,True
2003,00-0005816,Olandis Gary,126,<150,28,13.0,5.407692307692307,70.3,0,0.0,0.0,True
2021,00-0035311,Myles Gaskin,222,200-249,24,17.0,10.211764705882352,173.6,0,0.0,0.0,True
2015,00-0030039,Kendall Gaskins,24,<150,25,4.0,4.675,18.7,0,0.0,0.0,True
2001,00-0020417,Benjamin Gay,55,<150,21,6.0,5.05,30.3,0,0.0,0.0,True
2004,00-0005883,Eddie George,141,<150,31,13.0,6.346153846153846,82.5,0,0.0,0.0,True
2015,00-0027888,Toby Gerhart,23,<150,28,5.0,1.94,9.7,0,0.0,0.0,True
2024,00-0039139,Jahmyr Gibbs,302,300-349,22,17.0,20.75294117647059,352.8,17.0,21.564705882352943,366.6,False
2024,00-0036328,Antonio Gibson,143,<150,26,17.0,6.076470588235294,103.3,5.0,4.64,23.2,False
2018,00-0030433,Mike Gillislee,17,<150,28,4.0,1.05,4.2,0,0.0,0.0,True
2006,00-0019831,Nick Goings,21,<150,28,7.0,4.557142857142857,31.9,0,0.0,0.0,True
2012,00-0027080,Mike Goodson,51,<150,25,11.0,5.781818181818182,63.6,0,0.0,0.0,True
2024,00-0037120,Tyler Goodson,43,<150,24,9.0,4.933333333333334,44.4,7.0,0.7428571428571429,5.2,False
2004,00-0019134,Joey Goodspeed,14,<150,26,10.0,2.47,24.7,0,0.0,0.0,True
2005,00-0021209,Lamar Gordon,65,<150,25,13.0,3.007692307692308,39.1,0,0.0,0.0,True
2023,00-0032144,Melvin Gordon,29,<150,30,4.0,4.925,19.7,0,0.0,0.0,True
2021,00-0035715,Derrick Gore,59,<150,27,8.0,7.0125,56.1,0,0.0,0.0,True
2020,00-0023500,Frank Gore,203,200-249,37,15.0,6.680000000000001,100.2,0,0.0,0.0,True
2012,00-0027786,Jonathan Dwyer,174,150-199,23,13.0,7.607692307692308,98.9,14.0,2.435714285714286,34.1,False
2007,00-0023251,Kyle Eckel,33,<150,26,6.0,3.716666666666667,22.3,4.0,1.975,7.9,False
2022,00-0034681,Chase Edmonds,84,<150,26,13.0,5.707692307692308,74.2,13.0,3.053846153846154,39.7,False
2024,00-0034184,Gus Edwards,104,<150,29,11.0,5.827272727272727,64.1,0,0.0,0.0,True
2022,00-0036360,Clyde Edwards-Helaire,88,<150,23,10.0,9.83,98.3,15.0,4.673333333333333,70.1,False
2023,00-0033699,Austin Ekeler,230,200-249,28,14.0,13.157142857142857,184.2,12.0,11.025,132.3,False
2016,00-0030287,Andre Ellington,46,<150,27,13.0,2.315384615384616,30.1,11.0,7.945454545454546,87.4,False
2023,00-0033045,Ezekiel Elliott,235,200-249,28,17.0,10.264705882352942,174.5,15.0,3.8333333333333335,57.5,False
2023,00-0036973,Travis Etienne,325,300-349,24,17.0,16.63529411764706,282.8,15.0,8.68,130.2,False
2021,00-0036857,Chris Evans,32,<150,24,9.0,5.533333333333333,49.8,4.0,3.2,12.8,False
2023,00-0036297,Darrynton Evans,39,<150,25,6.0,5.0,30.0,0,0.0,0.0,True
2008,00-0022093,Justin Fargas,229,200-249,28,14.0,7.478571428571429,104.7,12.0,7.95,95.4,False
2009,00-0005091,Kevin Faulk,99,<150,33,15.0,7.906666666666666,118.6,0,0.0,0.0,True
2004,00-0005092,Marshall Faulk,245,200-249,31,14.0,13.2,184.8,15.0,7.233333333333333,108.5,False
2021,00-0036654,Demetric Felton,25,<150,23,11.0,4.590909090909091,50.5,4.0,0.6,2.4,False
2005,00-0020964,Tony Fisher,108,<150,26,12.0,9.38,112.56,6.0,5.133333333333334,30.8,False
2004,00-0022825,Troy Fleming,26,<150,24,10.0,5.14,51.4,8.0,2.8625,22.9,False
2001,00-0005324,Terrell Fletcher,52,<150,28,12.0,4.175,50.1,7.0,5.0,35.0,False
2023,00-0037267,Jerome Ford,248,200-249,24,17.0,12.552941176470588,213.4,14.0,9.571428571428571,134.0,False
2017,00-0033925,D'Onta Foreman,84,<150,21,9.0,6.333333333333333,57.0,0,0.0,0.0,True
2015,00-0026373,Justin Forsett,182,150-199,30,10.0,12.24,122.4,9.0,6.844444444444445,61.6,False
2016,00-0026184,Matt Forte,248,200-249,31,14.0,13.114285714285714,183.6,12.0,10.033333333333331,120.4,False
2015,00-0026796,Arian Foster,85,<150,29,4.0,19.25,77.0,4.0,4.825,19.3,False
2007,00-0021164,DeShaun Foster,271,250-299,27,16.0,9.05625,144.9,11.0,5.7,62.7,False
2021,00-0033856,Leonard Fournette,249,200-249,26,14.0,18.257142857142856,255.6,16.0,14.13125,226.1,False
2017,00-0031285,Devonta Freeman,232,200-249,25,14.0,14.3,200.2,0,0.0,0.0,True
2022,00-0034838,Royce Freeman,47,<150,26,4.0,4.75,19.0,9.0,5.133333333333334,46.2,False
2003,00-0005620,Chris Fuamatu-Ma'afala,36,<150,26,9.0,2.4000000000000004,21.6,7.0,2.685714285714286,18.8,False
2007,00-0023074,Samkon Gado,65,<150,25,8.0,7.975,63.8,0,0.0,0.0,True
2023,00-0036919,Kenny Gainwell,114,<150,24,16.0,6.09875,97.58,16.0,3.9125,62.6,False
2020,00-0033950,Wayne Gallman,168,150-199,26,14.0,9.757142857142856,136.6,6.0,2.25,13.5,False
2009,00-0024460,Quinton Ganther,71,<150,25,8.0,7.1,56.8,5.0,0.94,4.7,False
2002,00-0005779,Charlie Garner,273,250-299,30,16.0,21.70625,347.3,14.0,11.85,165.9,False
2002,00-0005816,Olandis Gary,55,<150,27,9.0,5.944444444444445,53.5,13.0,5.407692307692307,70.3,False
2020,00-0035311,Myles Gaskin,183,150-199,23,10.0,16.419999999999998,164.2,17.0,10.211764705882352,173.6,False
2003,00-0005883,Eddie George,334,300-349,30,16.0,10.7125,171.4,13.0,6.346153846153846,82.5,False
2014,00-0027888,Toby Gerhart,121,<150,27,14.0,5.8,81.2,5.0,1.94,9.7,False
2023,00-0039139,Jahmyr Gibbs,234,200-249,21,15.0,16.14,242.1,17.0,20.75294117647059,352.8,False
2023,00-0036328,Antonio Gibson,113,<150,25,16.0,7.9625,127.4,17.0,6.076470588235294,103.3,False
2017,00-0030433,Mike Gillislee,105,<150,27,9.0,7.644444444444444,68.8,4.0,1.05,4.2,False
2008,00-0019831,Nick Goings,12,<150,30,5.0,0.82,4.1,0,0.0,0.0,True
2010,00-0027080,Mike Goodson,143,<150,23,15.0,8.68,130.2,0,0.0,0.0,True
2023,00-0037120,Tyler Goodson,19,<150,23,6.0,3.016666666666667,18.1,9.0,4.933333333333334,44.4,False
2003,00-0021209,Lamar Gordon,79,<150,23,9.0,5.522222222222222,49.7,0,0.0,0.0,True
2022,00-0032144,Melvin Gordon,115,<150,29,10.0,8.709999999999999,87.1,4.0,4.925,19.7,False
2019,00-0023500,Frank Gore,179,150-199,36,15.0,6.326666666666667,94.9,15.0,6.680000000000001,100.2,False
2021,00-0034681,Chase Edmonds,159,150-199,25,12.0,11.941666666666668,143.3,13.0,5.707692307692308,74.2,False
2023,00-0034184,Gus Edwards,210,200-249,28,17.0,11.011764705882351,187.2,11.0,5.827272727272727,64.1,False
2021,00-0036360,Clyde Edwards-Helaire,138,<150,22,10.0,11.76,117.6,10.0,9.83,98.3,False
2022,00-0033699,Austin Ekeler,311,300-349,27,17.0,21.84117647058824,371.3,14.0,13.157142857142857,184.2,False
2015,00-0030287,Andre Ellington,60,<150,26,10.0,7.470000000000001,74.7,13.0,2.315384615384616,30.1,False
2022,00-0033045,Ezekiel Elliott,248,200-249,27,15.0,12.386666666666668,185.8,17.0,10.264705882352942,174.5,False
2022,00-0036973,Travis Etienne,255,250-299,23,17.0,12.06470588235294,205.1,17.0,16.63529411764706,282.8,False
2007,00-0022093,Justin Fargas,245,200-249,27,14.0,11.764285714285714,164.7,14.0,7.478571428571429,104.7,False
2008,00-0005091,Kevin Faulk,141,<150,32,15.0,12.881333333333334,193.22,15.0,7.906666666666666,118.6,False
2003,00-0005092,Marshall Faulk,254,250-299,30,11.0,20.163636363636364,221.8,14.0,13.2,184.8,False
2004,00-0020964,Tony Fisher,103,<150,25,16.0,6.52625,104.42,12.0,9.38,112.56,False
2023,00-0033925,D'Onta Foreman,120,<150,27,9.0,10.133333333333333,91.2,10.0,3.26,32.6,False
2014,00-0026373,Justin Forsett,279,250-299,29,16.0,15.44375,247.1,10.0,12.24,122.4,False
2015,00-0026184,Matt Forte,262,250-299,30,13.0,16.515384615384615,214.7,14.0,13.114285714285714,183.6,False
2014,00-0026796,Arian Foster,298,250-299,28,13.0,21.03846153846154,273.5,4.0,19.25,77.0,False
2006,00-0021164,DeShaun Foster,259,250-299,26,14.0,10.828571428571427,151.6,16.0,9.05625,144.9,False
2020,00-0033856,Leonard Fournette,133,<150,25,12.0,11.0,132.0,14.0,18.257142857142856,255.6,False
2020,00-0031285,Devonta Freeman,61,<150,28,5.0,7.2,36.0,16.0,9.1625,146.6,False
2021,00-0034838,Royce Freeman,66,<150,25,11.0,3.145454545454545,34.6,4.0,4.75,19.0,False
2002,00-0005620,Chris Fuamatu-Ma'afala,25,<150,25,6.0,2.45,14.7,9.0,2.4000000000000004,21.6,False
2006,00-0023074,Samkon Gado,73,<150,24,9.0,5.833333333333333,52.5,8.0,7.975,63.8,False
2022,00-0036919,Kenny Gainwell,76,<150,23,17.0,5.170588235294118,87.9,16.0,6.09875,97.58,False
2019,00-0033950,Wayne Gallman,40,<150,25,9.0,5.355555555555556,48.2,14.0,9.757142857142856,136.6,False
2008,00-0024460,Quinton Ganther,15,<150,24,4.0,4.1,16.4,8.0,7.1,56.8,False
2001,00-0005779,Charlie Garner,283,250-299,29,16.0,14.23125,227.7,16.0,21.70625,347.3,False
2001,00-0005816,Olandis Gary,61,<150,26,8.0,4.4625,35.7,9.0,5.944444444444445,53.5,False
2019,00-0035311,Myles Gaskin,43,<150,22,7.0,4.485714285714286,31.4,10.0,16.419999999999998,164.2,False
2002,00-0005883,Eddie George,379,350+,29,16.0,16.3875,262.2,16.0,10.7125,171.4,False
2013,00-0027888,Toby Gerhart,49,<150,26,12.0,5.008333333333334,60.1,14.0,5.8,81.2,False
2022,00-0036328,Antonio Gibson,195,150-199,24,15.0,11.06,165.9,16.0,7.9625,127.4,False
2016,00-0030433,Mike Gillislee,110,<150,26,15.0,8.38,125.7,9.0,7.644444444444444,68.8,False
2005,00-0019831,Nick Goings,51,<150,27,12.0,3.533333333333333,42.4,7.0,4.557142857142857,31.9,False
2009,00-0027080,Mike Goodson,24,<150,22,5.0,1.28,6.4,15.0,8.68,130.2,False
2002,00-0021209,Lamar Gordon,95,<150,22,11.0,8.6,94.6,9.0,5.522222222222222,49.7,False
2021,00-0032144,Melvin Gordon,231,200-249,28,16.0,12.19375,195.1,10.0,8.709999999999999,87.1,False
2018,00-0023500,Frank Gore,168,150-199,35,14.0,7.328571428571428,102.6,15.0,6.326666666666667,94.9,False
2020,00-0034681,Chase Edmonds,150,150-199,24,16.0,10.5,168.0,12.0,11.941666666666668,143.3,False
2022,00-0034184,Gus Edwards,87,<150,27,9.0,6.588888888888889,59.3,17.0,11.011764705882351,187.2,False
2020,00-0036360,Clyde Edwards-Helaire,217,200-249,21,13.0,13.538461538461538,176.0,10.0,11.76,117.6,False
2021,00-0033699,Austin Ekeler,276,250-299,26,16.0,21.5,344.0,17.0,21.84117647058824,371.3,False
2014,00-0030287,Andre Ellington,247,200-249,25,12.0,14.791666666666666,177.5,10.0,7.470000000000001,74.7,False
2021,00-0033045,Ezekiel Elliott,284,250-299,26,17.0,14.78,251.26,15.0,12.386666666666668,185.8,False
2006,00-0022093,Justin Fargas,191,150-199,26,16.0,5.875,94.0,14.0,11.764285714285714,164.7,False
2007,00-0005091,Kevin Faulk,110,<150,31,16.0,7.38125,118.1,15.0,12.881333333333334,193.22,False
2002,00-0005092,Marshall Faulk,292,250-299,29,14.0,20.214285714285715,283.0,11.0,20.163636363636364,221.8,False
2003,00-0020964,Tony Fisher,61,<150,24,13.0,6.123076923076923,79.6,16.0,6.52625,104.42,False
2022,00-0033925,D'Onta Foreman,208,200-249,26,16.0,8.2,131.2,9.0,10.133333333333333,91.2,False
2013,00-0026373,Justin Forsett,21,<150,28,8.0,3.2875,26.3,16.0,15.44375,247.1,False
2014,00-0026184,Matt Forte,368,350+,29,16.0,21.675,346.8,13.0,16.515384615384615,214.7,False
2013,00-0026796,Arian Foster,143,<150,27,8.0,13.5875,108.7,13.0,21.03846153846154,273.5,False
2005,00-0021164,DeShaun Foster,240,200-249,25,15.0,11.693333333333332,175.4,14.0,10.828571428571427,151.6,False
2019,00-0033856,Leonard Fournette,341,300-349,24,15.0,17.28666666666667,259.3,12.0,11.0,132.0,False
2019,00-0031285,Devonta Freeman,243,200-249,27,14.0,14.114285714285714,197.6,5.0,7.2,36.0,False
2020,00-0034838,Royce Freeman,47,<150,24,11.0,3.372727272727273,37.1,11.0,3.145454545454545,34.6,False
2001,00-0005620,Chris Fuamatu-Ma'afala,136,<150,24,13.0,7.538461538461538,98.0,6.0,2.45,14.7,False
2005,00-0023074,Samkon Gado,153,150-199,23,8.0,14.4875,115.9,9.0,5.833333333333333,52.5,False
2021,00-0036919,Kenny Gainwell,101,<150,22,16.0,7.725,123.6,17.0,5.170588235294118,87.9,False
2018,00-0033950,Wayne Gallman,65,<150,24,13.0,3.423076923076923,44.5,9.0,5.355555555555556,48.2,False
2001,00-0005883,Eddie George,352,350+,28,16.0,10.98125,175.7,16.0,16.3875,262.2,False
2012,00-0027888,Toby Gerhart,70,<150,25,15.0,3.6266666666666665,54.4,12.0,5.008333333333334,60.1,False
2021,00-0036328,Antonio Gibson,300,300-349,23,16.0,14.33125,229.3,15.0,11.06,165.9,False
2015,00-0030433,Mike Gillislee,53,<150,25,5.0,10.32,51.6,15.0,8.38,125.7,False
2004,00-0019831,Nick Goings,262,250-299,26,16.0,12.825,205.2,12.0,3.533333333333333,42.4,False
2020,00-0032144,Melvin Gordon,247,200-249,27,15.0,13.226666666666668,198.4,16.0,12.19375,195.1,False
2017,00-0023500,Frank Gore,290,250-299,34,16.0,10.85,173.6,14.0,7.328571428571428,102.6,False
2019,00-0034681,Chase Edmonds,72,<150,23,10.0,8.28,82.8,16.0,10.5,168.0,False
2019,00-0034184,Gus Edwards,140,<150,24,16.0,5.7875,92.6,16.0,8.0125,128.2,False
2020,00-0033699,Austin Ekeler,170,150-199,25,10.0,16.53,165.3,16.0,21.5,344.0,False
2013,00-0030287,Andre Ellington,157,150-199,24,15.0,11.02,165.3,12.0,14.791666666666666,177.5,False
2020,00-0033045,Ezekiel Elliott,296,250-299,25,15.0,14.913333333333332,223.7,17.0,14.78,251.26,False
2005,00-0022093,Justin Fargas,6,<150,25,4.0,1.175,4.7,16.0,5.875,94.0,False
2006,00-0005091,Kevin Faulk,68,<150,30,15.0,7.260000000000001,108.9,16.0,7.38125,118.1,False
2001,00-0005092,Marshall Faulk,343,300-349,28,14.0,29.99285714285714,419.9,14.0,20.214285714285715,283.0,False
2002,00-0020964,Tony Fisher,88,<150,23,10.0,6.33,63.3,13.0,6.123076923076923,79.6,False
2021,00-0033925,D'Onta Foreman,142,<150,25,9.0,10.433333333333334,93.9,16.0,8.2,131.2,False
2012,00-0026373,Justin Forsett,66,<150,27,11.0,4.563636363636364,50.2,8.0,3.2875,26.3,False
2013,00-0026184,Matt Forte,363,350+,28,16.0,21.09375,337.5,16.0,21.675,346.8,False
2012,00-0026796,Arian Foster,391,350+,26,16.0,18.88125,302.1,8.0,13.5875,108.7,False
2004,00-0021164,DeShaun Foster,68,<150,24,4.0,13.275,53.1,15.0,11.693333333333332,175.4,False
2018,00-0033856,Leonard Fournette,155,150-199,23,8.0,15.05,120.4,15.0,17.28666666666667,259.3,False
2016,00-0031285,Devonta Freeman,281,250-299,24,16.0,17.75625,284.1,14.0,14.3,200.2,False
2019,00-0034838,Royce Freeman,175,150-199,23,16.0,8.8875,142.2,11.0,3.372727272727273,37.1,False
2017,00-0033950,Wayne Gallman,145,<150,23,13.0,8.069230769230769,104.9,13.0,3.423076923076923,44.5,False
2011,00-0027888,Toby Gerhart,132,<150,24,15.0,7.939999999999999,119.1,15.0,3.6266666666666665,54.4,False
2020,00-0036328,Antonio Gibson,206,200-249,22,14.0,14.44285714285714,202.2,16.0,14.33125,229.3,False
2003,00-0019831,Nick Goings,22,<150,25,9.0,4.199999999999999,37.8,16.0,12.825,205.2,False
2019,00-0032144,Melvin Gordon,204,200-249,26,12.0,15.066666666666668,180.8,15.0,13.226666666666668,198.4,False
2016,00-0023500,Frank Gore,301,300-349,33,16.0,13.3875,214.2,16.0,10.85,173.6,False
2018,00-0034681,Chase Edmonds,80,<150,22,16.0,3.94375,63.1,10.0,8.28,82.8,False
2018,00-0034184,Gus Edwards,139,<150,23,11.0,8.181818181818182,90.0,16.0,5.7875,92.6,False
2019,00-0033699,Austin Ekeler,224,200-249,24,16.0,19.3125,309.0,10.0,16.53,165.3,False
2019,00-0033045,Ezekiel Elliott,355,350+,24,16.0,19.48125,311.7,15.0,14.913333333333332,223.7,False
2004,00-0022093,Justin Fargas,46,<150,24,10.0,3.44,34.4,4.0,1.175,4.7,False
2005,00-0005091,Kevin Faulk,80,<150,29,8.0,8.175,65.4,15.0,7.260000000000001,108.9,False
2020,00-0033925,D'Onta Foreman,23,<150,24,5.0,3.4,17.0,9.0,10.433333333333334,93.9,False
2011,00-0026373,Justin Forsett,69,<150,26,16.0,3.51875,56.3,11.0,4.563636363636364,50.2,False
2012,00-0026184,Matt Forte,292,250-299,27,15.0,14.76,221.4,16.0,21.09375,337.5,False
2011,00-0026796,Arian Foster,331,300-349,25,13.0,23.315384615384616,303.1,16.0,18.88125,302.1,False
2003,00-0021164,DeShaun Foster,139,<150,23,14.0,6.828571428571428,95.6,4.0,13.275,53.1,False
2017,00-0033856,Leonard Fournette,304,300-349,22,13.0,17.707692307692305,230.2,8.0,15.05,120.4,False
2015,00-0031285,Devonta Freeman,338,300-349,23,15.0,21.09333333333333,316.4,16.0,17.75625,284.1,False
2018,00-0034838,Royce Freeman,144,<150,22,14.0,7.235714285714286,101.3,16.0,8.8875,142.2,False
2010,00-0027888,Toby Gerhart,102,<150,23,15.0,4.66,69.9,15.0,7.939999999999999,119.1,False
2002,00-0019831,Nick Goings,68,<150,24,13.0,3.5461538461538464,46.1,9.0,4.199999999999999,37.8,False
2018,00-0032144,Melvin Gordon,225,200-249,25,12.0,22.975,275.7,12.0,15.066666666666668,180.8,False
2015,00-0023500,Frank Gore,294,250-299,32,16.0,12.0875,193.4,16.0,13.3875,214.2,False
2018,00-0033699,Austin Ekeler,145,<150,23,14.0,12.05714285714286,168.8,16.0,19.3125,309.0,False
2018,00-0033045,Ezekiel Elliott,381,350+,23,15.0,21.94,329.1,16.0,19.48125,311.7,False
2003,00-0022093,Justin Fargas,42,<150,23,9.0,2.2777777777777777,20.5,10.0,3.44,34.4,False
2004,00-0005091,Kevin Faulk,80,<150,28,11.0,8.39090909090909,92.3,8.0,8.175,65.4,False
2010,00-0026373,Justin Forsett,151,150-199,25,16.0,7.6375,122.2,16.0,3.51875,56.3,False
2011,00-0026184,Matt Forte,255,250-299,26,12.0,18.391666666666666,220.7,15.0,14.76,221.4,False
2010,00-0026796,Arian Foster,392,350+,24,16.0,24.4875,391.8,13.0,23.315384615384616,303.1,False
2014,00-0031285,Devonta Freeman,95,<150,22,16.0,5.45625,87.3,15.0,21.09333333333333,316.4,False
2001,00-0019831,Nick Goings,74,<150,23,8.0,3.95,31.6,13.0,3.5461538461538464,46.1,False
2017,00-0032144,Melvin Gordon,342,300-349,24,16.0,18.00625,288.1,12.0,22.975,275.7,False
2014,00-0023500,Frank Gore,266,250-299,31,16.0,9.91875,158.7,16.0,12.0875,193.4,False
2017,00-0033699,Austin Ekeler,74,<150,22,13.0,8.223076923076924,106.9,14.0,12.05714285714286,168.8,False
2017,00-0033045,Ezekiel Elliott,268,250-299,22,10.0,20.12,201.2,15.0,21.94,329.1,False
2003,00-0005091,Kevin Faulk,226,200-249,27,15.0,9.813333333333333,147.2,11.0,8.39090909090909,92.3,False
2009,00-0026373,Justin Forsett,155,150-199,24,16.0,10.36875,165.9,16.0,7.6375,122.2,False
2010,00-0026184,Matt Forte,288,250-299,25,16.0,16.5375,264.6,12.0,18.391666666666666,220.7,False
2009,00-0026796,Arian Foster,62,<150,23,4.0,14.75,59.0,16.0,24.4875,391.8,False
2016,00-0032144,Melvin Gordon,295,250-299,23,13.0,19.27692307692308,250.6,16.0,18.00625,288.1,False
2013,00-0023500,Frank Gore,292,250-299,30,16.0,11.93125,190.9,16.0,9.91875,158.7,False
2016,00-0033045,Ezekiel Elliott,354,350+,21,15.0,21.69333333333333,325.4,10.0,20.12,201.2,False
2002,00-0005091,Kevin Faulk,89,<150,26,15.0,9.466666666666669,142.0,15.0,9.813333333333333,147.2,False
2009,00-0026184,Matt Forte,315,300-349,24,16.0,13.5625,217.0,16.0,16.5375,264.6,False
2015,00-0032144,Melvin Gordon,217,200-249,22,14.0,7.735714285714286,108.3,13.0,19.27692307692308,250.6,False
2012,00-0023500,Frank Gore,286,250-299,29,16.0,14.05,224.8,16.0,11.93125,190.9,False
2001,00-0005091,Kevin Faulk,71,<150,25,15.0,5.514666666666667,82.72,15.0,9.466666666666669,142.0,False
2008,00-0026184,Matt Forte,379,350+,23,16.0,19.09375,305.5,16.0,13.5625,217.0,False
2011,00-0023500,Frank Gore,299,250-299,28,16.0,12.09375,193.5,16.0,14.05,224.8,False
2010,00-0023500,Frank Gore,249,200-249,27,11.0,18.40909090909091,202.5,16.0,12.09375,193.5,False
2009,00-0023500,Frank Gore,281,250-299,26,14.0,19.9,278.6,11.0,18.40909090909091,202.5,False
2008,00-0023500,Frank Gore,283,250-299,25,14.0,16.27857142857143,227.9,14.0,19.9,278.6,False
2007,00-0023500,Frank Gore,313,300-349,24,15.0,15.786666666666669,236.8,14.0,16.27857142857143,227.9,False
2006,00-0023500,Frank Gore,374,350+,23,16.0,20.0625,321.0,15.0,15.786666666666669,236.8,False
2005,00-0023500,Frank Gore,142,<150,22,14.0,7.35,102.9,16.0,20.0625,321.0,False
2011,00-0021755,Earnest Graham,63,<150,31,7.0,8.957142857142857,62.7,0,0.0,0.0,True
2001,00-0006208,Jay Graham,13,<150,26,4.0,1.475,5.9,0,0.0,0.0,True
2012,00-0022984,Ryan Grant,33,<150,30,5.0,5.5200000000000005,27.6,0,0.0,0.0,True
2018,00-0031731,Corey Grant,22,<150,27,5.0,3.94,19.7,0,0.0,0.0,True
2013,00-0029298,Cyrus Gray,16,<150,24,8.0,1.75,14.0,0,0.0,0.0,True
2024,00-0038396,Eric Gray,24,<150,25,10.0,1.93,19.3,0,0.0,0.0,True
2015,00-0029104,Jonas Gray,52,<150,25,7.0,4.6000000000000005,32.2,0,0.0,0.0,True
2009,00-0006305,Ahman Green,44,<150,32,7.0,3.8285714285714287,26.8,0,0.0,0.0,True
2013,00-0028034,Alex Green,13,<150,25,4.0,1.575,6.3,0,0.0,0.0,True
2006,00-0023591,Justin Green,4,<150,24,4.0,1.425,5.7,0,0.0,0.0,True
2002,00-0019576,Mike Green,28,<150,26,10.0,2.58,25.8,0,0.0,0.0,True
2017,00-0033748,Tion Green,44,<150,24,5.0,6.38,31.9,0,0.0,0.0,True
2005,00-0021150,William Green,25,<150,26,7.0,2.257142857142857,15.8,0,0.0,0.0,True
2013,00-0025860,BenJarvus Green-Ellis,224,200-249,28,16.0,7.4875,119.8,0,0.0,0.0,True
2014,00-0026899,Shonn Greene,95,<150,29,13.0,3.9615384615384617,51.5,0,0.0,0.0,True
2014,00-0030999,Marion Grice,22,<150,23,6.0,3.333333333333333,20.0,0,0.0,0.0,True
2004,00-0022095,Quentin Griffin,95,<150,23,5.0,11.98,59.9,0,0.0,0.0,True
2009,00-0022011,Justin Griffith,23,<150,29,12.0,2.95,35.4,0,0.0,0.0,True
2016,00-0029510,Jonathan Grimes,36,<150,27,8.0,4.1125,32.9,0,0.0,0.0,True
2010,00-0027419,Chris Gronkowski,12,<150,24,8.0,2.275,18.2,0,0.0,0.0,True
2024,00-0039363,Isaac Guerendo,99,<150,24,13.0,7.4,96.2,0,0.0,0.0,True
2019,00-0034358,Derrius Guice,49,<150,22,5.0,11.48,57.4,0,0.0,0.0,True
2020,00-0032241,Todd Gurley,220,200-249,26,15.0,10.88,163.2,0,0.0,0.0,True
2008,00-0023764,Andre Hall,38,<150,26,7.0,2.271428571428572,15.9,0,0.0,0.0,True
2024,00-0038120,Breece Hall,266,250-299,23,16.0,15.08125,241.3,16.0,12.97875,207.66,False
2009,00-0025578,Korey Hall,5,<150,26,4.0,2.275,9.1,0,0.0,0.0,True
2004,00-0019516,Troy Hambrick,67,<150,28,9.0,5.1,45.9,0,0.0,0.0,True
2009,00-0026121,Lynell Hamilton,40,<150,24,5.0,6.859999999999999,34.3,0,0.0,0.0,True
2012,00-0027666,Montario Hardesty,67,<150,25,10.0,3.67,36.7,0,0.0,0.0,True
2012,00-0028068,Jamie Harper,20,<150,23,6.0,3.8,22.8,0,0.0,0.0,True
2003,00-0021750,Arlen Harris,100,<150,23,8.0,10.0875,80.7,0,0.0,0.0,True
2023,00-0035657,Damien Harris,25,<150,26,6.0,3.1666666666666665,19.0,0,0.0,0.0,True
2012,00-0028409,DuJuan Harris,36,<150,24,4.0,7.85,31.4,0,0.0,0.0,True
2023,00-0037286,Kevin Harris,19,<150,23,4.0,5.325,21.3,0,0.0,0.0,True
2024,00-0036893,Najee Harris,299,250-299,26,17.0,12.03529411764706,204.6,0,0.0,0.0,True
2010,00-0024359,Jerome Harrison,83,<150,27,10.0,5.75,57.5,0,0.0,0.0,True
2010,00-0026342,Mike Hart,49,<150,24,6.0,5.5,33.0,0,0.0,0.0,True
2022,00-0037617,Hassan Haskins,36,<150,23,7.0,3.7142857142857135,26.0,0,0.0,0.0,True
2022,00-0035806,JaMycal Hasty,66,<150,26,14.0,5.0,70.0,0,0.0,0.0,True
2015,00-0031493,Jarryd Hayne,23,<150,27,4.0,3.475,13.9,0,0.0,0.0,True
2004,00-0007180,Garrison Hearst,22,<150,33,6.0,3.016666666666667,18.1,0,0.0,0.0,True
2011,00-0028043,Roy Helu,200,200-249,23,15.0,10.993333333333334,164.9,0,0.0,0.0,True
2023,00-0035664,Darrell Henderson,56,<150,26,4.0,10.875,43.5,0,0.0,0.0,True
2007,00-0025437,Chris Henry,37,<150,22,6.0,5.866666666666667,35.2,0,0.0,0.0,True
2024,00-0032764,Derrick Henry,344,300-349,30,17.0,19.788235294117644,336.4,17.0,16.441176470588236,279.5,False
2004,00-0021343,Leonard Henry,48,<150,26,4.0,3.9,15.6,0,0.0,0.0,True
2007,00-0020471,Travis Henry,174,150-199,29,11.0,9.509090909090908,104.6,0,0.0,0.0,True
2024,00-0036906,Khalil Herbert,46,<150,26,8.0,3.9375,31.5,0,0.0,0.0,True
2015,00-0029588,Dan Herron,34,<150,26,8.0,2.7,21.6,0,0.0,0.0,True
2006,00-0023676,Noah Herron,66,<150,24,13.0,6.215384615384616,80.8,0,0.0,0.0,True
2011,00-0026209,Jacob Hester,40,<150,26,16.0,1.9875,31.8,0,0.0,0.0,True
2001,00-0007389,Skip Hicks,61,<150,27,9.0,5.255555555555556,47.3,0,0.0,0.0,True
2007,00-0020797,Maurice Hicks,35,<150,29,14.0,2.7357142857142853,38.3,0,0.0,0.0,True
2011,00-0026289,Tim Hightower,93,<150,25,5.0,11.94,59.7,0,0.0,0.0,True
2020,00-0033567,Brian Hill,125,<150,25,16.0,5.9625,95.4,0,0.0,0.0,True
2017,00-0031301,Jeremy Hill,41,<150,25,7.0,2.457142857142857,17.2,0,0.0,0.0,True
2020,00-0034975,Justice Hill,17,<150,23,6.0,2.1666666666666665,13.0,0,0.0,0.0,True
2021,00-0036669,Kylin Hill,11,<150,23,4.0,0.975,3.9,0,0.0,0.0,True
2022,00-0034253,Dontrell Hilliard,43,<150,27,11.0,7.0181818181818185,77.2,0,0.0,0.0,True
2014,00-0026367,Peyton Hillis,36,<150,28,6.0,5.033333333333333,30.2,0,0.0,0.0,True
2016,00-0029683,Ronnie Hillman,48,<150,25,8.0,3.675,29.4,0,0.0,0.0,True
2022,00-0034367,Nyheim Hines,54,<150,26,15.0,5.426666666666667,81.4,0,0.0,0.0,True
2003,00-0007546,James Hodgins,16,<150,26,9.0,3.6,32.4,0,0.0,0.0,True
2003,00-0022116,Tony Hollings,40,<150,22,9.0,1.1888888888888889,10.7,0,0.0,0.0,True
2005,00-0007661,Priest Holmes,140,<150,32,7.0,18.257142857142856,127.8,0,0.0,0.0,True
2024,00-0035594,Travis Homer,9,<150,26,4.0,1.6,6.4,0,0.0,0.0,True
2004,00-0021755,Earnest Graham,13,<150,24,7.0,1.042857142857143,7.3,0,0.0,0.0,True
2009,00-0022984,Ryan Grant,307,300-349,27,16.0,14.625,234.0,0,0.0,0.0,True
2017,00-0031731,Corey Grant,33,<150,26,8.0,5.4875,43.9,5.0,3.94,19.7,False
2012,00-0029298,Cyrus Gray,9,<150,23,4.0,2.05,8.2,8.0,1.75,14.0,False
2023,00-0038396,Eric Gray,23,<150,24,5.0,2.6,13.0,10.0,1.93,19.3,False
2014,00-0029104,Jonas Gray,90,<150,24,8.0,9.1125,72.9,7.0,4.6000000000000005,32.2,False
2008,00-0006305,Ahman Green,85,<150,31,8.0,7.7,61.6,7.0,3.8285714285714287,26.8,False
2012,00-0028034,Alex Green,153,150-199,24,11.0,6.990909090909091,76.9,4.0,1.575,6.3,False
2005,00-0023591,Justin Green,12,<150,23,5.0,2.56,12.8,4.0,1.425,5.7,False
2001,00-0019576,Mike Green,27,<150,25,8.0,4.1875,33.5,10.0,2.58,25.8,False
2004,00-0021150,William Green,177,150-199,25,14.0,6.3500000000000005,88.9,7.0,2.257142857142857,15.8,False
2012,00-0025860,BenJarvus Green-Ellis,300,300-349,27,15.0,11.586666666666668,173.8,16.0,7.4875,119.8,False
2013,00-0026899,Shonn Greene,83,<150,28,11.0,5.763636363636364,63.4,13.0,3.9615384615384617,51.5,False
2003,00-0022095,Quentin Griffin,102,<150,22,9.0,5.177777777777778,46.6,5.0,11.98,59.9,False
2008,00-0022011,Justin Griffith,11,<150,28,6.0,3.95,23.7,12.0,2.95,35.4,False
2015,00-0029510,Jonathan Grimes,82,<150,26,13.0,6.592307692307693,85.7,8.0,4.1125,32.9,False
2019,00-0032241,Todd Gurley,254,250-299,25,15.0,14.64,219.6,15.0,10.88,163.2,False
2007,00-0023764,Andre Hall,46,<150,25,5.0,8.5,42.5,7.0,2.271428571428572,15.9,False
2023,00-0038120,Breece Hall,299,250-299,22,17.0,17.099999999999998,290.7,16.0,15.08125,241.3,False
2008,00-0025578,Korey Hall,7,<150,25,5.0,3.3600000000000003,16.8,4.0,2.275,9.1,False
2003,00-0019516,Troy Hambrick,292,250-299,27,16.0,9.25625,148.1,9.0,5.1,45.9,False
2011,00-0027666,Montario Hardesty,102,<150,24,9.0,5.866666666666666,52.8,10.0,3.67,36.7,False
2011,00-0028068,Jamie Harper,21,<150,22,8.0,1.95,15.6,6.0,3.8,22.8,False
2006,00-0021750,Arlen Harris,67,<150,26,7.0,7.571428571428571,53.0,0,0.0,0.0,True
2022,00-0035657,Damien Harris,123,<150,25,11.0,8.263636363636364,90.9,6.0,3.1666666666666665,19.0,False
2016,00-0028409,DuJuan Harris,46,<150,28,8.0,4.4125,35.3,0,0.0,0.0,True
2022,00-0037286,Kevin Harris,18,<150,22,5.0,2.24,11.2,4.0,5.325,21.3,False
2023,00-0036893,Najee Harris,284,250-299,25,17.0,11.5,195.5,17.0,12.03529411764706,204.6,False
2009,00-0024359,Jerome Harrison,228,200-249,26,14.0,12.87142857142857,180.2,10.0,5.75,57.5,False
2009,00-0026342,Mike Hart,31,<150,23,4.0,5.85,23.4,6.0,5.5,33.0,False
2024,00-0037617,Hassan Haskins,37,<150,25,11.0,2.981818181818181,32.8,5.0,2.0,10.0,False
2024,00-0035806,JaMycal Hasty,30,<150,28,9.0,3.2,28.8,0,0.0,0.0,True
2003,00-0007180,Garrison Hearst,203,200-249,32,12.0,11.908333333333331,142.9,6.0,3.016666666666667,18.1,False
2015,00-0028043,Roy Helu,26,<150,27,8.0,3.3,26.4,0,0.0,0.0,True
2022,00-0035664,Darrell Henderson,87,<150,25,10.0,7.35,73.5,4.0,10.875,43.5,False
2023,00-0032764,Derrick Henry,308,300-349,29,17.0,14.509411764705884,246.66,17.0,19.788235294117644,336.4,False
2006,00-0020471,Travis Henry,288,250-299,28,14.0,13.507142857142856,189.1,11.0,9.509090909090908,104.6,False
2023,00-0036906,Khalil Herbert,152,150-199,25,12.0,9.391666666666667,112.7,8.0,3.9375,31.5,False
2014,00-0029588,Dan Herron,99,<150,25,11.0,6.854545454545455,75.4,8.0,2.7,21.6,False
2005,00-0023676,Noah Herron,48,<150,23,4.0,6.075,24.3,13.0,6.215384615384616,80.8,False
2010,00-0026209,Jacob Hester,48,<150,25,14.0,3.4642857142857144,48.5,16.0,1.9875,31.8,False
2006,00-0020797,Maurice Hicks,42,<150,28,12.0,3.408333333333333,40.9,14.0,2.7357142857142853,38.3,False
2016,00-0026289,Tim Hightower,155,150-199,30,15.0,8.453333333333333,126.8,0,0.0,0.0,True
2019,00-0033567,Brian Hill,88,<150,24,10.0,6.720000000000001,67.2,16.0,5.9625,95.4,False
2016,00-0031301,Jeremy Hill,243,200-249,24,15.0,11.753333333333334,176.3,7.0,2.457142857142857,17.2,False
2024,00-0034975,Justice Hill,89,<150,27,15.0,8.44,126.6,9.0,7.2444444444444445,65.2,False
2019,00-0034253,Dontrell Hilliard,25,<150,24,6.0,6.3500000000000005,38.1,0,0.0,0.0,True
2013,00-0026367,Peyton Hillis,86,<150,27,7.0,8.185714285714285,57.3,6.0,5.033333333333333,30.2,False
2015,00-0029683,Ronnie Hillman,231,200-249,24,16.0,10.0875,161.4,8.0,3.675,29.4,False
2021,00-0034367,Nyheim Hines,96,<150,25,17.0,6.8,115.6,15.0,5.426666666666667,81.4,False
2002,00-0007546,James Hodgins,12,<150,25,7.0,2.0571428571428574,14.4,9.0,3.6,32.4,False
2007,00-0007661,Priest Holmes,51,<150,34,4.0,5.65,22.6,0,0.0,0.0,True
2022,00-0035594,Travis Homer,35,<150,24,8.0,5.3875,43.1,0,0.0,0.0,True
2010,00-0021755,Earnest Graham,36,<150,30,11.0,4.816363636363636,52.98,7.0,8.957142857142857,62.7,False
2011,00-0022984,Ryan Grant,153,150-199,29,15.0,7.846666666666667,117.7,5.0,5.5200000000000005,27.6,False
2016,00-0031731,Corey Grant,36,<150,25,5.0,7.18,35.9,8.0,5.4875,43.9,False
2007,00-0006305,Ahman Green,84,<150,30,6.0,10.716666666666669,64.3,8.0,7.7,61.6,False
2003,00-0021150,William Green,152,150-199,24,7.0,10.414285714285716,72.9,14.0,6.3500000000000005,88.9,False
2011,00-0025860,BenJarvus Green-Ellis,190,150-199,26,16.0,9.85,157.6,15.0,11.586666666666668,173.8,False
2012,00-0026899,Shonn Greene,295,250-299,27,16.0,11.65,186.4,11.0,5.763636363636364,63.4,False
2007,00-0022011,Justin Griffith,33,<150,27,13.0,3.9384615384615382,51.2,6.0,3.95,23.7,False
2014,00-0029510,Jonathan Grimes,45,<150,25,9.0,3.322222222222222,29.9,13.0,6.592307692307693,85.7,False
2018,00-0032241,Todd Gurley,315,300-349,24,14.0,26.607142857142858,372.5,15.0,14.64,219.6,False
2022,00-0038120,Breece Hall,99,<150,21,7.0,16.442857142857143,115.1,17.0,17.099999999999998,290.7,False
2007,00-0025578,Korey Hall,8,<150,24,6.0,2.15,12.9,5.0,3.3600000000000003,16.8,False
2002,00-0019516,Troy Hambrick,100,<150,26,16.0,4.1625,66.6,16.0,9.25625,148.1,False
2021,00-0035657,Damien Harris,220,200-249,24,15.0,14.006666666666666,210.1,11.0,8.263636363636364,90.9,False
2015,00-0028409,DuJuan Harris,57,<150,27,4.0,8.9,35.6,8.0,4.4125,35.3,False
2022,00-0036893,Najee Harris,313,300-349,24,17.0,13.285882352941178,225.86,17.0,11.5,195.5,False
2008,00-0024359,Jerome Harrison,46,<150,25,14.0,4.3,60.2,14.0,12.87142857142857,180.2,False
2021,00-0035806,JaMycal Hasty,39,<150,25,10.0,5.15,51.5,14.0,5.0,70.0,False
2002,00-0007180,Garrison Hearst,263,250-299,31,16.0,14.18125,226.9,12.0,11.908333333333331,142.9,False
2014,00-0028043,Roy Helu,82,<150,26,13.0,9.792307692307691,127.3,8.0,3.3,26.4,False
2021,00-0035664,Darrell Henderson,178,150-199,24,12.0,13.616666666666667,163.4,10.0,7.35,73.5,False
2022,00-0032764,Derrick Henry,382,350+,28,16.0,18.9225,302.76,17.0,14.509411764705884,246.66,False
2005,00-0020471,Travis Henry,101,<150,27,9.0,6.2444444444444445,56.2,14.0,13.507142857142856,189.1,False
2022,00-0036906,Khalil Herbert,138,<150,24,13.0,9.06153846153846,117.8,12.0,9.391666666666667,112.7,False
2009,00-0026209,Jacob Hester,30,<150,24,11.0,1.5272727272727271,16.8,14.0,3.4642857142857144,48.5,False
2005,00-0020797,Maurice Hicks,71,<150,27,7.0,9.357142857142858,65.5,12.0,3.408333333333333,40.9,False
2015,00-0026289,Tim Hightower,108,<150,29,6.0,14.4,86.4,15.0,8.453333333333333,126.8,False
2018,00-0033567,Brian Hill,21,<150,23,4.0,3.9,15.6,10.0,6.720000000000001,67.2,False
2015,00-0031301,Jeremy Hill,238,200-249,23,16.0,10.65625,170.5,15.0,11.753333333333334,176.3,False
2023,00-0034975,Justice Hill,112,<150,26,16.0,6.83125,109.3,15.0,8.44,126.6,False
2021,00-0034253,Dontrell Hilliard,75,<150,26,7.0,10.385714285714286,72.7,11.0,7.0181818181818185,77.2,False
2012,00-0026367,Peyton Hillis,95,<150,26,13.0,3.776923076923077,49.1,7.0,8.185714285714285,57.3,False
2014,00-0029683,Ronnie Hillman,127,<150,23,8.0,12.7875,102.3,16.0,10.0875,161.4,False
2020,00-0034367,Nyheim Hines,152,150-199,24,16.0,12.0875,193.4,17.0,6.8,115.6,False
2001,00-0007546,James Hodgins,6,<150,24,7.0,1.842857142857143,12.9,7.0,2.0571428571428574,14.4,False
2004,00-0007661,Priest Holmes,215,200-249,31,8.0,26.6125,212.9,7.0,18.257142857142856,127.8,False
2021,00-0035594,Travis Homer,37,<150,23,12.0,5.15,61.8,8.0,5.3875,43.1,False
2009,00-0021755,Earnest Graham,28,<150,29,11.0,2.863636363636364,31.5,11.0,4.816363636363636,52.98,False
2008,00-0022984,Ryan Grant,330,300-349,26,16.0,10.86875,173.9,16.0,14.625,234.0,False
2015,00-0031731,Corey Grant,8,<150,24,5.0,0.3,1.5,5.0,7.18,35.9,False
2006,00-0006305,Ahman Green,313,300-349,29,14.0,15.921428571428573,222.9,6.0,10.716666666666669,64.3,False
2002,00-0021150,William Green,259,250-299,23,16.0,9.25,148.0,7.0,10.414285714285716,72.9,False
2010,00-0025860,BenJarvus Green-Ellis,241,200-249,25,16.0,12.45625,199.3,16.0,9.85,157.6,False
2011,00-0026899,Shonn Greene,283,250-299,26,16.0,12.03125,192.5,16.0,11.65,186.4,False
2006,00-0022011,Justin Griffith,42,<150,26,13.0,5.56923076923077,72.4,13.0,3.9384615384615382,51.2,False
2017,00-0032241,Todd Gurley,343,300-349,23,15.0,25.55333333333333,383.3,14.0,26.607142857142858,372.5,False
2001,00-0019516,Troy Hambrick,117,<150,25,16.0,4.88125,78.1,16.0,4.1625,66.6,False
2020,00-0035657,Damien Harris,142,<150,23,10.0,9.13,91.3,15.0,14.006666666666666,210.1,False
2014,00-0028409,DuJuan Harris,17,<150,26,6.0,1.4166666666666667,8.5,4.0,8.9,35.6,False
2021,00-0036893,Najee Harris,381,350+,23,17.0,17.688235294117646,300.7,17.0,13.285882352941178,225.86,False
2007,00-0024359,Jerome Harrison,25,<150,24,4.0,4.525,18.1,14.0,4.3,60.2,False
2020,00-0035806,JaMycal Hasty,46,<150,24,6.0,5.183333333333334,31.1,10.0,5.15,51.5,False
2001,00-0007180,Garrison Hearst,293,250-299,30,16.0,14.01875,224.3,16.0,14.18125,226.9,False
2013,00-0028043,Roy Helu,93,<150,25,16.0,6.71875,107.5,13.0,9.792307692307691,127.3,False
2020,00-0035664,Darrell Henderson,154,150-199,23,15.0,8.66,129.9,12.0,13.616666666666667,163.4,False
2021,00-0032764,Derrick Henry,237,200-249,27,8.0,24.1875,193.5,16.0,18.9225,302.76,False
2004,00-0020471,Travis Henry,104,<150,26,9.0,5.233333333333333,47.1,9.0,6.2444444444444445,56.2,False
2021,00-0036906,Khalil Herbert,117,<150,23,14.0,5.635714285714286,78.9,13.0,9.06153846153846,117.8,False
2008,00-0026209,Jacob Hester,31,<150,23,7.0,5.8,40.6,11.0,1.5272727272727271,16.8,False
2004,00-0020797,Maurice Hicks,112,<150,26,8.0,9.2,73.6,7.0,9.357142857142858,65.5,False
2010,00-0026289,Tim Hightower,174,150-199,24,16.0,8.1375,130.2,5.0,11.94,59.7,False
2014,00-0031301,Jeremy Hill,249,200-249,22,16.0,13.18125,210.9,16.0,10.65625,170.5,False
2022,00-0034975,Justice Hill,61,<150,25,13.0,3.230769230769231,42.0,16.0,6.83125,109.3,False
2018,00-0034253,Dontrell Hilliard,9,<150,23,6.0,2.9166666666666665,17.5,6.0,6.3500000000000005,38.1,False
2011,00-0026367,Peyton Hillis,183,150-199,25,10.0,10.97,109.7,13.0,3.776923076923077,49.1,False
2013,00-0029683,Ronnie Hillman,67,<150,22,9.0,5.522222222222222,49.7,8.0,12.7875,102.3,False
2019,00-0034367,Nyheim Hines,96,<150,23,16.0,7.36875,117.9,16.0,12.0875,193.4,False
2003,00-0007661,Priest Holmes,394,350+,30,16.0,27.8125,445.0,8.0,26.6125,212.9,False
2020,00-0035594,Travis Homer,34,<150,22,9.0,3.644444444444444,32.8,12.0,5.15,61.8,False
2008,00-0021755,Earnest Graham,155,150-199,28,10.0,12.082,120.82,11.0,2.863636363636364,31.5,False
2007,00-0022984,Ryan Grant,218,200-249,25,14.0,13.30714285714286,186.3,16.0,10.86875,173.9,False
2005,00-0006305,Ahman Green,96,<150,28,5.0,11.84,59.2,14.0,15.921428571428573,222.9,False
2009,00-0025860,BenJarvus Green-Ellis,28,<150,24,6.0,2.4166666666666665,14.5,16.0,12.45625,199.3,False
2010,00-0026899,Shonn Greene,201,200-249,25,15.0,7.506666666666666,112.6,16.0,12.03125,192.5,False
2005,00-0022011,Justin Griffith,36,<150,25,14.0,3.9,54.6,13.0,5.56923076923077,72.4,False
2016,00-0032241,Todd Gurley,321,300-349,22,16.0,12.3875,198.2,15.0,25.55333333333333,383.3,False
2011,00-0028409,DuJuan Harris,10,<150,23,5.0,1.12,5.6,4.0,7.85,31.4,False
2006,00-0024359,Jerome Harrison,29,<150,23,9.0,2.1888888888888887,19.7,4.0,4.525,18.1,False
2019,00-0035664,Darrell Henderson,43,<150,22,7.0,3.2,22.4,15.0,8.66,129.9,False
2020,00-0032764,Derrick Henry,397,350+,26,16.0,20.83125,333.3,8.0,24.1875,193.5,False
2003,00-0020471,Travis Henry,360,350+,25,15.0,15.673333333333334,235.1,9.0,5.233333333333333,47.1,False
2009,00-0026289,Tim Hightower,206,200-249,23,16.0,12.85,205.6,16.0,8.1375,130.2,False
2019,00-0034975,Justice Hill,66,<150,22,15.0,3.3,49.5,6.0,2.1666666666666665,13.0,False
2010,00-0026367,Peyton Hillis,331,300-349,24,16.0,18.4325,294.92,10.0,10.97,109.7,False
2012,00-0029683,Ronnie Hillman,95,<150,21,14.0,3.8,53.2,9.0,5.522222222222222,49.7,False
2018,00-0034367,Nyheim Hines,148,<150,22,16.0,10.05625,160.9,16.0,7.36875,117.9,False
2002,00-0007661,Priest Holmes,383,350+,29,14.0,31.478571428571428,440.7,16.0,27.8125,445.0,False
2019,00-0035594,Travis Homer,29,<150,21,4.0,7.0,28.0,9.0,3.644444444444444,32.8,False
2007,00-0021755,Earnest Graham,271,250-299,27,15.0,15.28,229.2,10.0,12.082,120.82,False
2004,00-0006305,Ahman Green,299,250-299,27,15.0,15.24,228.6,5.0,11.84,59.2,False
2008,00-0025860,BenJarvus Green-Ellis,77,<150,23,8.0,8.025,64.2,6.0,2.4166666666666665,14.5,False
2009,00-0026899,Shonn Greene,109,<150,24,13.0,4.623076923076924,60.1,15.0,7.506666666666666,112.6,False
2004,00-0022011,Justin Griffith,31,<150,24,12.0,4.491666666666666,53.9,14.0,3.9,54.6,False
2015,00-0032241,Todd Gurley,250,250-299,21,13.0,16.03076923076923,208.4,16.0,12.3875,198.2,False
2019,00-0032764,Derrick Henry,321,300-349,25,15.0,19.64,294.6,16.0,20.83125,333.3,False
2002,00-0020471,Travis Henry,368,350+,24,16.0,17.85625,285.7,15.0,15.673333333333334,235.1,False
2008,00-0026289,Tim Hightower,176,150-199,22,16.0,9.74375,155.9,16.0,12.85,205.6,False
2009,00-0026367,Peyton Hillis,17,<150,23,8.0,2.1625,17.3,16.0,18.4325,294.92,False
2001,00-0007661,Priest Holmes,389,350+,28,16.0,20.80625,332.9,14.0,31.478571428571428,440.7,False
2006,00-0021755,Earnest Graham,12,<150,26,4.0,1.825,7.3,15.0,15.28,229.2,False
2003,00-0006305,Ahman Green,405,350+,26,16.0,24.0625,385.0,15.0,15.24,228.6,False
2003,00-0022011,Justin Griffith,59,<150,23,14.0,4.428571428571429,62.0,12.0,4.491666666666666,53.9,False
2018,00-0032764,Derrick Henry,230,200-249,24,16.0,12.585,201.36,15.0,19.64,294.6,False
2001,00-0020471,Travis Henry,235,200-249,23,13.0,10.215384615384616,132.8,16.0,17.85625,285.7,False
2008,00-0026367,Peyton Hillis,82,<150,22,7.0,14.6,102.2,8.0,2.1625,17.3,False
2002,00-0006305,Ahman Green,343,300-349,25,14.0,19.164285714285715,268.3,16.0,24.0625,385.0,False
2017,00-0032764,Derrick Henry,187,150-199,23,16.0,8.4375,135.0,16.0,12.585,201.36,False
2001,00-0006305,Ahman Green,366,350+,24,16.0,19.88125,318.1,14.0,19.164285714285715,268.3,False
2016,00-0032764,Derrick Henry,123,<150,22,14.0,7.55,105.7,16.0,8.4375,135.0,False
2022,00-0037331,Zander Horvath,9,<150,24,8.0,2.325,18.6,0,0.0,0.0,True
2006,00-0023615,Cedric Houston,120,<150,24,8.0,9.8375,78.7,0,0.0,0.0,True
2021,00-0032780,Jordan Howard,88,<150,27,7.0,8.928571428571429,62.5,0,0.0,0.0,True
2024,00-0036555,Chuba Hubbard,293,250-299,25,15.0,16.12,241.8,15.0,8.360000000000001,125.4,False
2014,00-0028345,Robert Hughes,15,<150,25,11.0,2.1,23.1,0,0.0,0.0,True
2017,00-0031743,Akeem Hunt,12,<150,24,7.0,1.342857142857143,9.4,0,0.0,0.0,True
2008,00-0025477,Tony Hunt,10,<150,23,4.0,3.775,15.1,0,0.0,0.0,True
2024,00-0033923,Kareem Hunt,223,200-249,29,13.0,11.953846153846154,155.4,17.0,8.552941176470588,145.4,False
2013,00-0028053,Kendall Hunter,80,<150,25,16.0,3.44375,55.1,0,0.0,0.0,True
2022,00-0036829,Caleb Huntley,78,<150,24,12.0,3.7416666666666663,44.9,0,0.0,0.0,True
2001,00-0007969,Richard Huntley,186,150-199,29,13.0,8.584615384615384,111.6,0,0.0,0.0,True
2021,00-0031045,Carlos Hyde,84,<150,31,11.0,4.163636363636363,45.8,0,0.0,0.0,True
2021,00-0034614,Godwin Igwebuike,25,<150,27,8.0,3.35,26.8,0,0.0,0.0,True
2023,00-0037299,Keaontay Ingram,39,<150,24,7.0,2.0,14.0,0,0.0,0.0,True
2022,00-0027966,Mark Ingram,78,<150,33,10.0,5.029999999999999,50.3,0,0.0,0.0,True
2024,00-0039361,Bucky Irving,254,250-299,22,17.0,14.376470588235296,244.4,10.0,13.85,138.5,False
2018,00-0027531,Chris Ivory,127,<150,30,13.0,5.6923076923076925,74.0,0,0.0,0.0,True
2010,00-0025450,Brandon Jackson,233,200-249,25,16.0,10.71875,171.5,0,0.0,0.0,True
2022,00-0036493,Deon Jackson,98,<150,23,12.0,7.05,84.6,0,0.0,0.0,True
2015,00-0024204,Fred Jackson,58,<150,34,15.0,5.180000000000001,77.7,0,0.0,0.0,True
2005,00-0020430,James Jackson,6,<150,29,5.0,1.24,6.2,0,0.0,0.0,True
2022,00-0034440,Justin Jackson,54,<150,26,12.0,4.258333333333334,51.1,0,0.0,0.0,True
2014,00-0022736,Steven Jackson,210,200-249,31,15.0,9.433333333333334,141.5,0,0.0,0.0,True
2001,00-0008196,Terry Jackson,34,<150,25,12.0,4.241666666666666,50.9,0,0.0,0.0,True
2011,00-0023545,Brandon Jacobs,167,150-199,29,14.0,9.65,135.1,0,0.0,0.0,True
2024,00-0035700,Josh Jacobs,337,300-349,26,17.0,17.241176470588236,293.1,15.0,15.806666666666668,237.1,False
2009,00-0008241,Edgerrin James,49,<150,31,7.0,2.4857142857142853,17.4,0,0.0,0.0,True
2010,00-0027467,Javarris James,55,<150,23,8.0,7.5625,60.5,0,0.0,0.0,True
2013,00-0029260,LaMichael James,14,<150,24,7.0,1.3571428571428572,9.5,0,0.0,0.0,True
2014,00-0030391,Mike James,20,<150,23,5.0,0.8400000000000001,4.2,0,0.0,0.0,True
2021,00-0036670,Jermar Jefferson,19,<150,21,4.0,6.425,25.7,0,0.0,0.0,True
2009,00-0027167,Chris Jennings,72,<150,24,9.0,4.733333333333333,42.6,0,0.0,0.0,True
2010,00-0027155,Rashad Jennings,110,<150,25,12.0,9.841666666666669,118.1,0,0.0,0.0,True
2006,00-0021260,Kyle Johnson,12,<150,28,6.0,3.283333333333333,19.7,0,0.0,0.0,True
2017,00-0026164,Chris Johnson,50,<150,32,4.0,5.175,20.7,0,0.0,0.0,True
2021,00-0035628,D'Ernest Johnson,119,<150,25,12.0,8.674999999999999,104.1,0,0.0,0.0,True
2016,00-0032187,David Johnson,373,350+,25,16.0,25.4875,407.8,0,0.0,0.0,True
2013,00-0030236,Dennis Johnson,57,<150,23,8.0,3.8625,30.9,0,0.0,0.0,True
2010,00-0027098,Gartrell Johnson,13,<150,24,6.0,1.2,7.2,0,0.0,0.0,True
2001,00-0008529,J.J. Johnson,9,<150,27,4.0,2.075,8.3,0,0.0,0.0,True
2011,00-0026799,Jeremiah Johnson,21,<150,24,6.0,3.483333333333333,20.9,0,0.0,0.0,True
2020,00-0034349,Kerryon Johnson,71,<150,23,14.0,5.128571428571428,71.8,0,0.0,0.0,True
2009,00-0021976,Larry Johnson,193,150-199,30,14.0,5.514285714285714,77.2,0,0.0,0.0,True
2016,00-0032068,Malcolm Johnson,6,<150,24,5.0,1.52,7.6,0,0.0,0.0,True
2021,00-0032257,Duke Johnson,75,<150,28,5.0,11.82,59.1,0,0.0,0.0,True
2024,00-0039021,Roschon Johnson,71,<150,23,12.0,6.45,77.4,0,0.0,0.0,True
2008,00-0020407,Rudi Johnson,88,<150,29,13.0,4.346153846153846,56.5,0,0.0,0.0,True
2024,00-0035537,Ty Johnson,59,<150,27,17.0,5.394117647058824,91.7,17.0,5.711764705882352,97.1,False
2014,00-0031243,Storm Johnson,30,<150,22,5.0,4.24,21.2,0,0.0,0.0,True
2002,00-0008568,Leon Johnson,119,<150,28,15.0,4.432,66.48,0,0.0,0.0,True
2015,00-0028841,Will Johnson,6,<150,27,5.0,2.46,12.3,0,0.0,0.0,True
2024,00-0033293,Aaron Jones,306,300-349,30,17.0,14.211764705882352,241.6,12.0,9.891666666666667,118.7,False
2013,00-0026162,Felix Jones,57,<150,26,14.0,2.2642857142857142,31.7,0,0.0,0.0,True
2010,00-0022840,Julius Jones,77,<150,29,13.0,3.3230769230769237,43.2,0,0.0,0.0,True
2008,00-0022782,Kevin Jones,36,<150,26,8.0,1.675,13.4,0,0.0,0.0,True
2016,00-0031939,Matt Jones,107,<150,23,7.0,10.757142857142856,75.3,0,0.0,0.0,True
2022,00-0034816,Ronald Jones,18,<150,25,5.0,3.24,16.2,0,0.0,0.0,True
2015,00-0028063,Taiwan Jones,23,<150,27,9.0,3.4444444444444446,31.0,0,0.0,0.0,True
2011,00-0019641,Thomas Jones,158,150-199,33,16.0,3.56875,57.1,0,0.0,0.0,True
2021,00-0035860,Tony Jones,59,<150,24,10.0,2.21,22.1,0,0.0,0.0,True
2023,00-0037745,Velus Jones Jr.,12,<150,26,10.0,1.11,11.1,0,0.0,0.0,True
2014,00-0024275,Maurice Jones-Drew,54,<150,29,11.0,2.518181818181818,27.7,0,0.0,0.0,True
2009,00-0020462,LaMont Jordan,25,<150,31,6.0,1.4333333333333331,8.6,0,0.0,0.0,True
2001,00-0008921,Randy Jordan,22,<150,31,12.0,1.7666666666666666,21.2,0,0.0,0.0,True
2001,00-0019889,Elvis Joseph,86,<150,23,12.0,6.808333333333334,81.7,0,0.0,0.0,True
2003,00-0020564,Delvin Joyce,14,<150,25,6.0,0.9333333333333332,5.6,0,0.0,0.0,True
2024,00-0033906,Alvin Kamara,296,250-299,29,14.0,18.95,265.3,11.0,9.154545454545454,100.7,False
2011,00-0027779,Deji Karim,77,<150,25,12.0,3.25,39.0,0,0.0,0.0,True
2001,00-0019466,Curtis Keaton,6,<150,25,4.0,1.675,6.7,0,0.0,0.0,True
2005,00-0023615,Cedric Houston,89,<150,23,9.0,6.088888888888889,54.8,8.0,9.8375,78.7,False
2020,00-0032780,Jordan Howard,36,<150,26,7.0,4.385714285714285,30.7,7.0,8.928571428571429,62.5,False
2023,00-0036555,Chuba Hubbard,277,250-299,24,17.0,10.735294117647058,182.5,15.0,16.12,241.8,False
2016,00-0031743,Akeem Hunt,23,<150,23,6.0,2.8000000000000003,16.8,7.0,1.342857142857143,9.4,False
2007,00-0025477,Tony Hunt,10,<150,22,5.0,1.52,7.6,4.0,3.775,15.1,False
2023,00-0033923,Kareem Hunt,150,150-199,28,15.0,7.9,118.5,13.0,11.953846153846154,155.4,False
2012,00-0028053,Kendall Hunter,81,<150,24,11.0,5.827272727272727,64.1,16.0,3.44375,55.1,False
2020,00-0031045,Carlos Hyde,97,<150,30,10.0,8.49,84.9,11.0,4.163636363636363,45.8,False
2022,00-0037299,Keaontay Ingram,31,<150,23,10.0,1.81,18.1,7.0,2.0,14.0,False
2021,00-0027966,Mark Ingram,187,150-199,32,14.0,7.757142857142857,108.6,10.0,5.029999999999999,50.3,False
2017,00-0027531,Chris Ivory,133,<150,29,14.0,6.05,84.7,13.0,5.6923076923076925,74.0,False
2009,00-0025450,Brandon Jackson,58,<150,24,11.0,6.4363636363636365,70.8,16.0,10.71875,171.5,False
2014,00-0024204,Fred Jackson,207,200-249,33,14.0,13.435714285714283,188.1,15.0,5.180000000000001,77.7,False
2003,00-0020430,James Jackson,116,<150,27,10.0,7.56,75.6,0,0.0,0.0,True
2021,00-0034440,Justin Jackson,90,<150,25,13.0,6.630769230769231,86.2,12.0,4.258333333333334,51.1,False
2013,00-0022736,Steven Jackson,190,150-199,30,12.0,12.366666666666667,148.4,15.0,9.433333333333334,141.5,False
2005,00-0008196,Terry Jackson,12,<150,29,9.0,2.2,19.8,0,0.0,0.0,True
2013,00-0023545,Brandon Jacobs,60,<150,31,7.0,7.014285714285714,49.1,0,0.0,0.0,True
2023,00-0035700,Josh Jacobs,270,250-299,25,13.0,13.930769230769233,181.1,17.0,17.241176470588236,293.1,False
2008,00-0008241,Edgerrin James,145,<150,30,13.0,6.776923076923077,88.1,7.0,2.4857142857142853,17.4,False
2012,00-0029260,LaMichael James,30,<150,23,4.0,4.6,18.4,7.0,1.3571428571428572,9.5,False
2013,00-0030391,Mike James,70,<150,22,7.0,6.840000000000001,47.88,5.0,0.8400000000000001,4.2,False
2016,00-0027155,Rashad Jennings,216,200-249,31,13.0,10.646153846153847,138.4,0,0.0,0.0,True
2005,00-0021260,Kyle Johnson,21,<150,27,13.0,5.376923076923077,69.9,6.0,3.283333333333333,19.7,False
2016,00-0026164,Chris Johnson,25,<150,31,4.0,3.875,15.5,4.0,5.175,20.7,False
2024,00-0035628,D'Ernest Johnson,44,<150,28,12.0,2.9916666666666667,35.9,5.0,0.5,2.5,False
2022,00-0032187,David Johnson,16,<150,31,4.0,2.275,9.1,0,0.0,0.0,True
2019,00-0034349,Kerryon Johnson,123,<150,22,8.0,10.625,85.0,14.0,5.128571428571428,71.8,False
2008,00-0021976,Larry Johnson,205,200-249,29,12.0,11.513333333333334,138.16,14.0,5.514285714285714,77.2,False
2015,00-0032068,Malcolm Johnson,4,<150,23,5.0,1.1,5.5,5.0,1.52,7.6,False
2020,00-0032257,Duke Johnson,105,<150,27,11.0,7.672727272727273,84.4,5.0,11.82,59.1,False
2023,00-0039021,Roschon Johnson,115,<150,22,15.0,6.806666666666667,102.1,12.0,6.45,77.4,False
2007,00-0020407,Rudi Johnson,183,150-199,28,11.0,8.718181818181819,95.9,13.0,4.346153846153846,56.5,False
2023,00-0035537,Ty Johnson,37,<150,26,7.0,4.628571428571428,32.4,17.0,5.394117647058824,91.7,False
2001,00-0008568,Leon Johnson,21,<150,27,8.0,4.4525,35.62,15.0,4.432,66.48,False
2014,00-0028841,Will Johnson,8,<150,26,9.0,1.1222222222222222,10.1,5.0,2.46,12.3,False
2023,00-0033293,Aaron Jones,172,150-199,29,11.0,12.263636363636364,134.9,17.0,14.211764705882352,241.6,False
2012,00-0026162,Felix Jones,136,<150,25,16.0,7.4625,119.4,14.0,2.2642857142857142,31.7,False
2009,00-0022840,Julius Jones,212,200-249,28,14.0,10.607142857142858,148.5,13.0,3.3230769230769237,43.2,False
2007,00-0022782,Kevin Jones,186,150-199,25,13.0,12.061538461538465,156.8,8.0,1.675,13.4,False
2015,00-0031939,Matt Jones,163,150-199,22,13.0,8.8,114.4,7.0,10.757142857142856,75.3,False
2021,00-0034816,Ronald Jones,111,<150,24,15.0,5.28,79.2,5.0,3.24,16.2,False
2013,00-0028063,Taiwan Jones,7,<150,25,4.0,2.45,9.8,0,0.0,0.0,True
2010,00-0019641,Thomas Jones,259,250-299,32,16.0,9.3625,149.8,16.0,3.56875,57.1,False
2023,00-0035860,Tony Jones,33,<150,26,6.0,5.366666666666667,32.2,0,0.0,0.0,True
2013,00-0024275,Maurice Jones-Drew,277,250-299,28,15.0,12.468,187.02,11.0,2.518181818181818,27.7,False
2008,00-0020462,LaMont Jordan,80,<150,30,8.0,7.5375,60.3,6.0,1.4333333333333331,8.6,False
2023,00-0033906,Alvin Kamara,255,250-299,28,13.0,17.953846153846154,233.4,14.0,18.95,265.3,False
2010,00-0027779,Deji Karim,38,<150,24,6.0,3.333333333333333,20.0,12.0,3.25,39.0,False
2019,00-0032780,Jordan Howard,129,<150,25,9.0,12.377777777777778,111.4,7.0,4.385714285714285,30.7,False
2022,00-0036555,Chuba Hubbard,109,<150,23,12.0,7.274999999999999,87.3,17.0,10.735294117647058,182.5,False
2015,00-0031743,Akeem Hunt,23,<150,22,7.0,2.7857142857142856,19.5,6.0,2.8000000000000003,16.8,False
2022,00-0033923,Kareem Hunt,158,150-199,27,17.0,7.458823529411765,126.8,15.0,7.9,118.5,False
2011,00-0028053,Kendall Hunter,128,<150,23,15.0,6.319999999999999,94.8,11.0,5.827272727272727,64.1,False
2019,00-0031045,Carlos Hyde,255,250-299,29,16.0,9.575,153.2,10.0,8.49,84.9,False
2020,00-0027966,Mark Ingram,78,<150,31,10.0,5.29,52.9,14.0,7.757142857142857,108.6,False
2016,00-0027531,Chris Ivory,137,<150,28,11.0,8.590909090909092,94.5,14.0,6.05,84.7,False
2008,00-0025450,Brandon Jackson,75,<150,23,13.0,6.1,79.3,11.0,6.4363636363636365,70.8,False
2013,00-0024204,Fred Jackson,253,250-299,32,16.0,14.66875,234.7,14.0,13.435714285714283,188.1,False
2002,00-0020430,James Jackson,15,<150,26,6.0,1.5666666666666669,9.4,10.0,7.56,75.6,False
2020,00-0034440,Justin Jackson,78,<150,24,8.0,8.1625,65.3,13.0,6.630769230769231,86.2,False
2012,00-0022736,Steven Jackson,296,250-299,29,16.0,12.5375,200.6,12.0,12.366666666666667,148.4,False
2004,00-0008196,Terry Jackson,47,<150,28,14.0,3.0500000000000003,42.7,9.0,2.2,19.8,False
2010,00-0023545,Brandon Jacobs,154,150-199,28,16.0,9.075,145.2,14.0,9.65,135.1,False
2022,00-0035700,Josh Jacobs,393,350+,24,17.0,19.311764705882357,328.3,13.0,13.930769230769233,181.1,False
2007,00-0008241,Edgerrin James,349,300-349,29,16.0,13.1125,209.8,13.0,6.776923076923077,88.1,False
2015,00-0027155,Rashad Jennings,224,200-249,30,16.0,10.30625,164.9,13.0,10.646153846153847,138.4,False
2004,00-0021260,Kyle Johnson,9,<150,26,5.0,6.720000000000001,33.6,13.0,5.376923076923077,69.9,False
2015,00-0026164,Chris Johnson,202,200-249,30,11.0,9.745454545454546,107.2,4.0,3.875,15.5,False
2023,00-0035628,D'Ernest Johnson,51,<150,27,15.0,2.32,34.8,12.0,2.9916666666666667,35.9,False
2021,00-0032187,David Johnson,99,<150,30,13.0,6.253846153846154,81.3,4.0,2.275,9.1,False
2018,00-0034349,Kerryon Johnson,150,150-199,21,10.0,13.94,139.4,8.0,10.625,85.0,False
2007,00-0021976,Larry Johnson,188,150-199,28,8.0,15.8125,126.5,12.0,11.513333333333334,138.16,False
2019,00-0032257,Duke Johnson,127,<150,26,16.0,9.625,154.0,11.0,7.672727272727273,84.4,False
2006,00-0020407,Rudi Johnson,364,350+,27,16.0,14.6375,234.2,11.0,8.718181818181819,95.9,False
2022,00-0035537,Ty Johnson,42,<150,25,10.0,4.279999999999999,42.8,7.0,4.628571428571428,32.4,False
2013,00-0028841,Will Johnson,8,<150,25,9.0,2.011111111111111,18.1,9.0,1.1222222222222222,10.1,False
2022,00-0033293,Aaron Jones,272,250-299,28,17.0,14.623529411764704,248.6,11.0,12.263636363636364,134.9,False
2011,00-0026162,Felix Jones,160,150-199,24,12.0,9.8,117.6,16.0,7.4625,119.4,False
2008,00-0022840,Julius Jones,172,150-199,27,14.0,7.028571428571429,98.4,14.0,10.607142857142858,148.5,False
2006,00-0022782,Kevin Jones,242,200-249,24,12.0,18.325,219.9,13.0,12.061538461538465,156.8,False
2020,00-0034816,Ronald Jones,220,200-249,23,14.0,13.30714285714286,186.3,15.0,5.28,79.2,False
2011,00-0028063,Taiwan Jones,18,<150,23,6.0,1.9666666666666668,11.8,0,0.0,0.0,True
2009,00-0019641,Thomas Jones,342,300-349,31,16.0,15.0,240.0,16.0,9.3625,149.8,False
2012,00-0024275,Maurice Jones-Drew,100,<150,27,6.0,12.666666666666666,76.0,15.0,12.468,187.02,False
2007,00-0020462,LaMont Jordan,172,150-199,29,11.0,11.418181818181818,125.6,8.0,7.5375,60.3,False
2022,00-0033906,Alvin Kamara,280,250-299,27,15.0,14.113333333333332,211.7,13.0,17.953846153846154,233.4,False
2018,00-0032780,Jordan Howard,270,250-299,24,16.0,11.25,180.0,9.0,12.377777777777778,111.4,False
2021,00-0036555,Chuba Hubbard,197,150-199,22,16.0,8.6,137.6,12.0,7.274999999999999,87.3,False
2021,00-0033923,Kareem Hunt,100,<150,26,8.0,13.75,110.0,17.0,7.458823529411765,126.8,False
2018,00-0031045,Carlos Hyde,182,150-199,28,14.0,7.028571428571429,98.4,16.0,9.575,153.2,False
2019,00-0027966,Mark Ingram,228,200-249,30,15.0,16.193333333333335,242.9,10.0,5.29,52.9,False
2015,00-0027531,Chris Ivory,277,250-299,27,15.0,13.513333333333332,202.7,11.0,8.590909090909092,94.5,False
2007,00-0025450,Brandon Jackson,91,<150,22,9.0,6.855555555555556,61.7,13.0,6.1,79.3,False
2012,00-0024204,Fred Jackson,149,<150,31,10.0,11.54,115.4,16.0,14.66875,234.7,False
2001,00-0020430,James Jackson,202,200-249,25,11.0,7.090909090909091,78.0,6.0,1.5666666666666669,9.4,False
2019,00-0034440,Justin Jackson,38,<150,23,7.0,4.457142857142857,31.2,8.0,8.1625,65.3,False
2011,00-0022736,Steven Jackson,302,300-349,28,15.0,14.92,223.8,16.0,12.5375,200.6,False
2009,00-0023545,Brandon Jacobs,242,200-249,27,15.0,10.26,153.9,16.0,9.075,145.2,False
2021,00-0035700,Josh Jacobs,271,250-299,23,15.0,15.066666666666666,226.0,17.0,19.311764705882357,328.3,False
2006,00-0008241,Edgerrin James,375,350+,28,16.0,12.85,205.6,16.0,13.1125,209.8,False
2014,00-0027155,Rashad Jennings,197,150-199,29,11.0,12.590909090909092,138.5,16.0,10.30625,164.9,False
2014,00-0026164,Chris Johnson,179,150-199,29,16.0,7.2125,115.4,11.0,9.745454545454546,107.2,False
2020,00-0035628,D'Ernest Johnson,36,<150,24,8.0,2.625,21.0,12.0,8.674999999999999,104.1,False
2020,00-0032187,David Johnson,180,150-199,29,12.0,14.958333333333334,179.5,13.0,6.253846153846154,81.3,False
2006,00-0021976,Larry Johnson,457,350+,27,16.0,23.18125,370.9,8.0,15.8125,126.5,False
2018,00-0032257,Duke Johnson,87,<150,25,16.0,8.275,132.4,16.0,9.625,154.0,False
2005,00-0020407,Rudi Johnson,360,350+,26,16.0,15.6125,249.8,16.0,14.6375,234.2,False
2021,00-0035537,Ty Johnson,95,<150,24,15.0,7.8,117.0,10.0,4.279999999999999,42.8,False
2012,00-0028841,Will Johnson,17,<150,24,13.0,2.723076923076923,35.4,9.0,2.011111111111111,18.1,False
2021,00-0033293,Aaron Jones,223,200-249,27,15.0,15.266666666666667,229.0,17.0,14.623529411764704,248.6,False
2010,00-0026162,Felix Jones,233,200-249,23,16.0,11.41875,182.7,12.0,9.8,117.6,False
2007,00-0022840,Julius Jones,189,150-199,26,16.0,7.10625,113.7,14.0,7.028571428571429,98.4,False
2005,00-0022782,Kevin Jones,206,200-249,23,13.0,9.792307692307691,127.3,12.0,18.325,219.9,False
2019,00-0034816,Ronald Jones,203,200-249,22,16.0,10.39375,166.3,14.0,13.30714285714286,186.3,False
2008,00-0019641,Thomas Jones,326,300-349,30,16.0,17.24375,275.9,16.0,15.0,240.0,False
2011,00-0024275,Maurice Jones-Drew,386,350+,26,16.0,19.0625,305.0,6.0,12.666666666666666,76.0,False
2006,00-0020462,LaMont Jordan,124,<150,28,9.0,7.866666666666666,70.8,11.0,11.418181818181818,125.6,False
2021,00-0033906,Alvin Kamara,287,250-299,26,13.0,18.053846153846152,234.7,15.0,14.113333333333332,211.7,False
2017,00-0032780,Jordan Howard,299,250-299,23,16.0,12.48125,199.7,16.0,11.25,180.0,False
2020,00-0033923,Kareem Hunt,236,200-249,25,16.0,13.65625,218.5,8.0,13.75,110.0,False
2017,00-0031045,Carlos Hyde,299,250-299,27,16.0,14.6125,233.8,14.0,7.028571428571429,98.4,False
2018,00-0027966,Mark Ingram,159,150-199,29,12.0,11.875,142.5,15.0,16.193333333333335,242.9,False
2014,00-0027531,Chris Ivory,216,200-249,26,16.0,9.525,152.4,15.0,13.513333333333332,202.7,False
2011,00-0024204,Fred Jackson,209,200-249,30,10.0,20.86,208.6,10.0,11.54,115.4,False
2018,00-0034440,Justin Jackson,65,<150,22,8.0,7.6375,61.1,7.0,4.457142857142857,31.2,False
2010,00-0022736,Steven Jackson,376,350+,27,16.0,15.09375,241.5,15.0,14.92,223.8,False
2008,00-0023545,Brandon Jacobs,225,200-249,26,13.0,15.884615384615383,206.5,15.0,10.26,153.9,False
2020,00-0035700,Josh Jacobs,306,300-349,22,15.0,15.42,231.3,15.0,15.066666666666666,226.0,False
2005,00-0008241,Edgerrin James,404,350+,27,15.0,20.686666666666667,310.3,16.0,12.85,205.6,False
2013,00-0027155,Rashad Jennings,199,150-199,28,15.0,11.673333333333334,175.1,11.0,12.590909090909092,138.5,False
2013,00-0026164,Chris Johnson,321,300-349,28,16.0,15.0125,240.2,16.0,7.2125,115.4,False
2019,00-0032187,David Johnson,129,<150,28,12.0,11.791666666666666,141.5,12.0,14.958333333333334,179.5,False
2005,00-0021976,Larry Johnson,369,350+,26,16.0,22.51875,360.3,16.0,23.18125,370.9,False
2017,00-0032257,Duke Johnson,156,150-199,24,16.0,13.50625,216.1,16.0,8.275,132.4,False
2004,00-0020407,Rudi Johnson,377,350+,25,16.0,14.56875,233.1,16.0,15.6125,249.8,False
2020,00-0035537,Ty Johnson,70,<150,23,10.0,6.33,63.3,15.0,7.8,117.0,False
2020,00-0033293,Aaron Jones,248,200-249,26,14.0,18.49285714285714,258.9,15.0,15.266666666666667,229.0,False
2009,00-0026162,Felix Jones,135,<150,22,14.0,8.242857142857144,115.4,16.0,11.41875,182.7,False
2006,00-0022840,Julius Jones,276,250-299,25,16.0,9.6,153.6,16.0,7.10625,113.7,False
2004,00-0022782,Kevin Jones,269,250-299,22,15.0,12.886666666666668,193.3,13.0,9.792307692307691,127.3,False
2018,00-0034816,Ronald Jones,30,<150,21,6.0,3.45,20.7,16.0,10.39375,166.3,False
2007,00-0019641,Thomas Jones,338,300-349,29,16.0,10.85,173.6,16.0,17.24375,275.9,False
2010,00-0024275,Maurice Jones-Drew,333,300-349,25,14.0,16.72142857142857,234.1,16.0,19.0625,305.0,False
2005,00-0020462,LaMont Jordan,342,300-349,27,14.0,21.071428571428573,295.0,9.0,7.866666666666666,70.8,False
2020,00-0033906,Alvin Kamara,270,250-299,25,15.0,25.186666666666667,377.8,13.0,18.053846153846152,234.7,False
2016,00-0032780,Jordan Howard,281,250-299,22,15.0,15.34,230.1,16.0,12.48125,199.7,False
2019,00-0033923,Kareem Hunt,80,<150,24,8.0,12.675,101.4,16.0,13.65625,218.5,False
2016,00-0031045,Carlos Hyde,244,200-249,26,13.0,14.792307692307691,192.3,16.0,14.6125,233.8,False
2017,00-0027966,Mark Ingram,288,250-299,28,16.0,17.375,278.0,12.0,11.875,142.5,False
2013,00-0027531,Chris Ivory,184,150-199,25,15.0,6.953333333333333,104.3,16.0,9.525,152.4,False
2010,00-0024204,Fred Jackson,253,250-299,29,16.0,11.45,183.2,10.0,20.86,208.6,False
2009,00-0022736,Steven Jackson,375,350+,26,15.0,16.253333333333334,243.8,16.0,15.09375,241.5,False
2007,00-0023545,Brandon Jacobs,223,200-249,25,11.0,15.409090909090908,169.5,13.0,15.884615384615383,206.5,False
2019,00-0035700,Josh Jacobs,262,250-299,21,13.0,14.738461538461538,191.6,15.0,15.42,231.3,False
2004,00-0008241,Edgerrin James,385,350+,26,16.0,19.14375,306.3,15.0,20.686666666666667,310.3,False
2012,00-0027155,Rashad Jennings,120,<150,27,10.0,7.229999999999999,72.3,15.0,11.673333333333334,175.1,False
2012,00-0026164,Chris Johnson,312,300-349,27,16.0,13.2625,212.2,16.0,15.0125,240.2,False
2018,00-0032187,David Johnson,308,300-349,27,16.0,15.425,246.8,12.0,11.791666666666666,141.5,False
2004,00-0021976,Larry Johnson,142,<150,25,8.0,21.7375,173.9,16.0,22.51875,360.3,False
2016,00-0032257,Duke Johnson,126,<150,23,16.0,9.0125,144.2,16.0,13.50625,216.1,False
2003,00-0020407,Rudi Johnson,235,200-249,24,13.0,14.330769230769231,186.3,16.0,14.56875,233.1,False
2019,00-0035537,Ty Johnson,87,<150,22,15.0,4.013333333333334,60.2,10.0,6.33,63.3,False
2019,00-0033293,Aaron Jones,285,250-299,25,16.0,19.675,314.8,14.0,18.49285714285714,258.9,False
2008,00-0026162,Felix Jones,32,<150,21,5.0,10.72,53.6,14.0,8.242857142857144,115.4,False
2005,00-0022840,Julius Jones,292,250-299,24,13.0,14.061538461538465,182.8,16.0,9.6,153.6,False
2006,00-0019641,Thomas Jones,333,300-349,28,16.0,12.85875,205.74,16.0,10.85,173.6,False
2009,00-0024275,Maurice Jones-Drew,365,350+,24,16.0,20.21875,323.5,14.0,16.72142857142857,234.1,False
2004,00-0020462,LaMont Jordan,108,<150,26,14.0,6.007142857142857,84.1,14.0,21.071428571428573,295.0,False
2019,00-0033906,Alvin Kamara,252,250-299,24,14.0,17.751428571428573,248.52,15.0,25.186666666666667,377.8,False
2018,00-0033923,Kareem Hunt,207,200-249,23,11.0,20.92727272727273,230.2,8.0,12.675,101.4,False
2015,00-0031045,Carlos Hyde,126,<150,25,7.0,11.614285714285714,81.3,13.0,14.792307692307691,192.3,False
2016,00-0027966,Mark Ingram,251,250-299,27,16.0,15.1625,242.6,16.0,17.375,278.0,False
2012,00-0027531,Chris Ivory,42,<150,24,6.0,6.2,37.2,15.0,6.953333333333333,104.3,False
2009,00-0024204,Fred Jackson,284,250-299,28,16.0,13.38,214.08,16.0,11.45,183.2,False
2008,00-0022736,Steven Jackson,294,250-299,25,12.0,18.683333333333334,224.2,15.0,16.253333333333334,243.8,False
2006,00-0023545,Brandon Jacobs,107,<150,24,15.0,8.013333333333334,120.2,11.0,15.409090909090908,169.5,False
2003,00-0008241,Edgerrin James,360,350+,25,13.0,20.45384615384615,265.9,16.0,19.14375,306.3,False
2009,00-0027155,Rashad Jennings,55,<150,24,15.0,3.4866666666666664,52.3,12.0,9.841666666666669,118.1,False
2011,00-0026164,Chris Johnson,319,300-349,26,16.0,14.09375,225.5,16.0,13.2625,212.2,False
2015,00-0032187,David Johnson,161,150-199,24,16.0,13.6125,217.8,16.0,25.4875,407.8,False
2003,00-0021976,Larry Johnson,21,<150,24,5.0,3.14,15.7,8.0,21.7375,173.9,False
2015,00-0032257,Duke Johnson,165,150-199,22,16.0,10.26875,164.3,16.0,9.0125,144.2,False
2002,00-0020407,Rudi Johnson,23,<150,23,4.0,4.025,16.1,13.0,14.330769230769231,186.3,False
2018,00-0033293,Aaron Jones,159,150-199,24,12.0,14.283333333333331,171.4,16.0,19.675,314.8,False
2004,00-0022840,Julius Jones,214,200-249,23,8.0,18.225,145.8,13.0,14.061538461538465,182.8,False
2005,00-0019641,Thomas Jones,340,300-349,27,15.0,14.92,223.8,16.0,12.85875,205.74,False
2008,00-0024275,Maurice Jones-Drew,259,250-299,23,16.0,17.575,281.2,16.0,20.21875,323.5,False
2003,00-0020462,LaMont Jordan,57,<150,25,12.0,5.341666666666666,64.1,14.0,6.007142857142857,84.1,False
2018,00-0033906,Alvin Kamara,275,250-299,23,15.0,23.65333333333333,354.8,14.0,17.751428571428573,248.52,False
2017,00-0033923,Kareem Hunt,325,300-349,22,16.0,18.45,295.2,11.0,20.92727272727273,230.2,False
2014,00-0031045,Carlos Hyde,95,<150,24,14.0,5.292857142857143,74.1,7.0,11.614285714285714,81.3,False
2015,00-0027966,Mark Ingram,216,200-249,26,12.0,16.966666666666665,203.6,16.0,15.1625,242.6,False
2011,00-0027531,Chris Ivory,79,<150,23,6.0,7.233333333333333,43.4,6.0,6.2,37.2,False
2008,00-0024204,Fred Jackson,166,150-199,27,15.0,9.38,140.7,16.0,13.38,214.08,False
2007,00-0022736,Steven Jackson,275,250-299,24,12.0,16.781666666666666,201.38,12.0,18.683333333333334,224.2,False
2005,00-0023545,Brandon Jacobs,38,<150,23,13.0,3.838461538461538,49.9,15.0,8.013333333333334,120.2,False
2002,00-0008241,Edgerrin James,338,300-349,24,14.0,15.107142857142858,211.5,13.0,20.45384615384615,265.9,False
2010,00-0026164,Chris Johnson,360,350+,25,16.0,17.05625,272.9,16.0,14.09375,225.5,False
2017,00-0033293,Aaron Jones,90,<150,23,10.0,8.0,80.0,12.0,14.283333333333331,171.4,False
2004,00-0019641,Thomas Jones,296,250-299,26,14.0,16.678571428571427,233.5,15.0,14.92,223.8,False
2007,00-0024275,Maurice Jones-Drew,207,200-249,22,15.0,14.233333333333333,213.5,16.0,17.575,281.2,False
2002,00-0020462,LaMont Jordan,101,<150,24,13.0,6.046153846153846,78.6,12.0,5.341666666666666,64.1,False
2017,00-0033906,Alvin Kamara,201,200-249,22,16.0,20.0375,320.6,15.0,23.65333333333333,354.8,False
2014,00-0027966,Mark Ingram,255,250-299,25,13.0,14.761538461538462,191.9,12.0,16.966666666666665,203.6,False
2010,00-0027531,Chris Ivory,138,<150,22,12.0,8.358333333333333,100.3,6.0,7.233333333333333,43.4,False
2007,00-0024204,Fred Jackson,80,<150,26,8.0,8.875,71.0,15.0,9.38,140.7,False
2006,00-0022736,Steven Jackson,436,350+,23,16.0,25.9625,415.4,12.0,16.781666666666666,201.38,False
2001,00-0008241,Edgerrin James,175,150-199,23,6.0,20.916666666666668,125.5,14.0,15.107142857142858,211.5,False
2009,00-0026164,Chris Johnson,408,350+,24,16.0,24.56875,393.1,16.0,17.05625,272.9,False
2003,00-0019641,Thomas Jones,161,150-199,25,15.0,7.913333333333333,118.7,14.0,16.678571428571427,233.5,False
2006,00-0024275,Maurice Jones-Drew,212,200-249,21,16.0,17.35625,277.7,15.0,14.233333333333333,213.5,False
2001,00-0020462,LaMont Jordan,46,<150,23,13.0,4.046153846153846,52.6,13.0,6.046153846153846,78.6,False
2013,00-0027966,Mark Ingram,85,<150,24,11.0,5.309090909090909,58.4,13.0,14.761538461538462,191.9,False
2005,00-0022736,Steven Jackson,297,250-299,22,15.0,15.573333333333332,233.6,16.0,25.9625,415.4,False
2008,00-0026164,Chris Johnson,294,250-299,23,15.0,16.653333333333332,249.8,16.0,24.56875,393.1,False
2002,00-0019641,Thomas Jones,158,150-199,24,9.0,10.044444444444444,90.4,15.0,7.913333333333333,118.7,False
2012,00-0027966,Mark Ingram,162,150-199,23,16.0,6.19375,99.1,11.0,5.309090909090909,58.4,False
2004,00-0022736,Steven Jackson,153,150-199,21,14.0,9.242857142857144,129.4,15.0,15.573333333333332,233.6,False
2001,00-0019641,Thomas Jones,133,<150,23,16.0,6.38125,102.1,9.0,10.044444444444444,90.4,False
2011,00-0027966,Mark Ingram,134,<150,22,10.0,9.88,98.8,16.0,6.19375,99.1,False
2007,00-0022206,Kenton Keith,134,<150,27,16.0,6.125,98.0,0,0.0,0.0,True
2023,00-0036370,Joshua Kelley,115,<150,26,17.0,3.6294117647058814,61.7,0,0.0,0.0,True
2017,00-0032371,Rob Kelley,66,<150,25,7.0,6.171428571428572,43.2,0,0.0,0.0,True
2002,00-0009288,Terry Kirby,33,<150,32,6.0,6.933333333333334,41.6,0,0.0,0.0,True
2022,00-0037157,Bam Knight,98,<150,21,7.0,8.428571428571429,59.0,0,0.0,0.0,True
2017,00-0030485,Eddie Lacy,75,<150,27,9.0,3.177777777777778,28.6,0,0.0,0.0,True
2020,00-0035342,Patrick Laird,23,<150,25,9.0,2.4444444444444446,22.0,0,0.0,0.0,True
2016,00-0031569,Jeremy Langford,81,<150,25,12.0,6.1000000000000005,73.2,0,0.0,0.0,True
2006,00-0021673,ReShard Lee,41,<150,26,12.0,4.25,51.0,0,0.0,0.0,True
2013,00-0025439,Brian Leonard,76,<150,29,16.0,4.06875,65.1,0,0.0,0.0,True
2012,00-0027995,Mikel Leshoure,249,200-249,22,14.0,13.085714285714284,183.2,0,0.0,0.0,True
2004,00-0009829,Dorsey Levens,103,<150,34,13.0,6.4,83.2,0,0.0,0.0,True
2012,00-0028087,Dion Lewis,15,<150,22,6.0,2.8833333333333333,17.3,0,0.0,0.0,True
2009,00-0019693,Jamal Lewis,151,150-199,30,9.0,7.666666666666667,69.0,0,0.0,0.0,True
2021,00-0034109,Phillip Lindsay,92,<150,27,14.0,3.242857142857143,45.4,0,0.0,0.0,True
2019,00-0033789,T.J. Logan,5,<150,25,5.0,0.86,4.3,0,0.0,0.0,True
2002,00-0017896,Nicolas Luchey,19,<150,25,6.0,4.916666666666667,29.5,0,0.0,0.0,True
2011,00-0026029,Kregg Lumpkin,72,<150,27,15.0,5.373333333333333,80.6,0,0.0,0.0,True
2006,00-0024384,Wali Lundy,157,150-199,23,12.0,10.416666666666666,125.0,0,0.0,0.0,True
2015,00-0025399,Marshawn Lynch,124,<150,29,7.0,11.842857142857143,82.9,0,0.0,0.0,True
2019,00-0033951,Marlon Mack,261,250-299,23,14.0,12.964285714285714,181.5,0,0.0,0.0,True
2003,00-0010240,Stacey Mack,102,<150,28,8.0,7.225,57.8,0,0.0,0.0,True
2011,00-0028574,Mossis Madu,25,<150,24,5.0,4.54,22.7,0,0.0,0.0,True
2005,00-0021509,Reno Mahe,32,<150,25,6.0,4.583333333333333,27.5,0,0.0,0.0,True
2011,00-0028062,Owen Marecic,9,<150,23,6.0,1.4833333333333334,8.9,0,0.0,0.0,True
2007,00-0024236,Laurence Maroney,189,150-199,22,13.0,10.561538461538465,137.3,0,0.0,0.0,True
2018,00-0032964,Byron Marshall,7,<150,24,4.0,1.975,7.9,0,0.0,0.0,True
2002,00-0010436,Cecil Martin,16,<150,27,13.0,1.9384615384615385,25.2,0,0.0,0.0,True
2005,00-0010442,Curtis Martin,244,200-249,32,12.0,11.441666666666668,137.3,0,0.0,0.0,True
2018,00-0029613,Doug Martin,190,150-199,29,16.0,7.49375,119.9,0,0.0,0.0,True
2003,00-0021387,Jamar Martin,6,<150,23,4.0,0.9,3.6,0,0.0,0.0,True
2024,00-0037525,Jordan Mason,164,150-199,25,12.0,9.575,114.9,16.0,8.05625,128.9,False
2009,00-0024561,Marcus Mason,38,<150,25,9.0,2.7222222222222223,24.5,0,0.0,0.0,True
2015,00-0031391,Tre Mason,93,<150,22,13.0,3.9615384615384617,51.5,0,0.0,0.0,True
2016,00-0027864,Ryan Mathews,168,150-199,29,13.0,11.153846153846152,145.0,0,0.0,0.0,True
2022,00-0036370,Joshua Kelley,83,<150,25,12.0,5.4,64.8,17.0,3.6294117647058814,61.7,False
2016,00-0032371,Rob Kelley,180,150-199,24,14.0,9.471428571428572,132.6,7.0,6.171428571428572,43.2,False
2001,00-0009288,Terry Kirby,19,<150,31,8.0,3.2625,26.1,6.0,6.933333333333334,41.6,False
2016,00-0030485,Eddie Lacy,75,<150,26,5.0,8.559999999999999,42.8,9.0,3.177777777777778,28.6,False
2019,00-0035342,Patrick Laird,85,<150,24,8.0,8.525,68.2,9.0,2.4444444444444446,22.0,False
2015,00-0031569,Jeremy Langford,170,150-199,24,15.0,9.853333333333332,147.8,12.0,6.1000000000000005,73.2,False
2005,00-0021673,ReShard Lee,12,<150,25,4.0,0.275,1.1,12.0,4.25,51.0,False
2007,00-0025439,Brian Leonard,116,<150,23,15.0,5.239999999999999,78.6,0,0.0,0.0,True
2003,00-0009829,Dorsey Levens,73,<150,33,11.0,4.236363636363636,46.6,13.0,6.4,83.2,False
2020,00-0028087,Dion Lewis,48,<150,30,16.0,3.7,59.2,0,0.0,0.0,True
2008,00-0019693,Jamal Lewis,302,300-349,29,16.0,10.1875,163.0,9.0,7.666666666666667,69.0,False
2020,00-0034109,Phillip Lindsay,125,<150,26,11.0,6.0,66.0,14.0,3.242857142857143,45.4,False
2018,00-0033789,T.J. Logan,9,<150,24,4.0,2.725,10.9,5.0,0.86,4.3,False
2004,00-0017896,Nicolas Luchey,12,<150,27,8.0,0.8,6.4,0,0.0,0.0,True
2018,00-0025399,Marshawn Lynch,105,<150,32,6.0,13.166666666666666,79.0,0,0.0,0.0,True
2022,00-0033951,Marlon Mack,24,<150,26,5.0,7.659999999999999,38.3,0,0.0,0.0,True
2002,00-0010240,Stacey Mack,109,<150,27,15.0,7.766666666666667,116.5,8.0,7.225,57.8,False
2004,00-0021509,Reno Mahe,37,<150,24,9.0,3.933333333333333,35.4,6.0,4.583333333333333,27.5,False
2010,00-0024236,Laurence Maroney,40,<150,25,4.0,4.1,16.4,0,0.0,0.0,True
2001,00-0010436,Cecil Martin,33,<150,26,15.0,3.4066666666666667,51.1,13.0,1.9384615384615385,25.2,False
2004,00-0010442,Curtis Martin,412,350+,31,16.0,19.95,319.2,12.0,11.441666666666668,137.3,False
2017,00-0029613,Doug Martin,147,<150,28,11.0,6.927272727272728,76.2,16.0,7.49375,119.9,False
2023,00-0037525,Jordan Mason,43,<150,24,9.0,4.966666666666667,44.7,12.0,9.575,114.9,False
2014,00-0031391,Tre Mason,195,150-199,21,12.0,11.275,135.3,13.0,3.9615384615384617,51.5,False
2015,00-0027864,Ryan Mathews,126,<150,28,13.0,9.576923076923077,124.5,13.0,11.153846153846152,145.0,False
2021,00-0036370,Joshua Kelley,38,<150,24,8.0,2.125,17.0,12.0,5.4,64.8,False
2015,00-0030485,Eddie Lacy,207,200-249,25,15.0,9.373333333333331,140.6,5.0,8.559999999999999,42.8,False
2004,00-0021673,ReShard Lee,28,<150,24,8.0,2.525,20.2,4.0,0.275,1.1,False
2012,00-0025439,Brian Leonard,44,<150,28,12.0,2.3583333333333334,28.3,16.0,4.06875,65.1,False
2002,00-0009829,Dorsey Levens,94,<150,32,16.0,5.15625,82.5,11.0,4.236363636363636,46.6,False
2019,00-0028087,Dion Lewis,79,<150,29,15.0,4.42,66.3,16.0,3.7,59.2,False
2007,00-0019693,Jamal Lewis,329,300-349,28,15.0,16.473333333333333,247.1,16.0,10.1875,163.0,False
2019,00-0034109,Phillip Lindsay,259,250-299,25,16.0,12.35625,197.7,11.0,6.0,66.0,False
2017,00-0025399,Marshawn Lynch,227,200-249,31,15.0,10.946666666666664,164.2,6.0,13.166666666666666,79.0,False
2021,00-0033951,Marlon Mack,30,<150,25,5.0,2.58,12.9,5.0,7.659999999999999,38.3,False
2001,00-0010240,Stacey Mack,236,200-249,26,16.0,11.575,185.2,15.0,7.766666666666667,116.5,False
2009,00-0024236,Laurence Maroney,208,200-249,24,15.0,9.706666666666669,145.6,4.0,4.1,16.4,False
2003,00-0010442,Curtis Martin,365,350+,30,16.0,12.9375,207.0,16.0,19.95,319.2,False
2016,00-0029613,Doug Martin,158,150-199,27,8.0,10.6875,85.5,11.0,6.927272727272728,76.2,False
2022,00-0037525,Jordan Mason,43,<150,23,8.0,3.975,31.8,9.0,4.966666666666667,44.7,False
2014,00-0027864,Ryan Mathews,83,<150,27,6.0,11.15,66.9,13.0,9.576923076923077,124.5,False
2020,00-0036370,Joshua Kelley,134,<150,23,13.0,6.246153846153846,81.2,8.0,2.125,17.0,False
2014,00-0030485,Eddie Lacy,288,250-299,24,16.0,17.0375,272.6,15.0,9.373333333333331,140.6,False
2011,00-0025439,Brian Leonard,39,<150,27,13.0,3.9615384615384617,51.5,12.0,2.3583333333333334,28.3,False
2001,00-0009829,Dorsey Levens,68,<150,31,15.0,4.16,62.4,16.0,5.15625,82.5,False
2018,00-0028087,Dion Lewis,214,200-249,28,16.0,10.04375,160.7,15.0,4.42,66.3,False
2006,00-0019693,Jamal Lewis,332,300-349,27,16.0,12.04375,192.7,15.0,16.473333333333333,247.1,False
2018,00-0034109,Phillip Lindsay,227,200-249,24,15.0,14.853333333333332,222.8,16.0,12.35625,197.7,False
2014,00-0025399,Marshawn Lynch,317,300-349,28,16.0,18.89375,302.3,7.0,11.842857142857143,82.9,False
2018,00-0033951,Marlon Mack,212,200-249,22,12.0,14.875,178.5,14.0,12.964285714285714,181.5,False
2006,00-0024236,Laurence Maroney,197,150-199,21,14.0,11.135714285714286,155.9,13.0,10.561538461538465,137.3,False
2002,00-0010442,Curtis Martin,310,300-349,29,16.0,14.925,238.8,16.0,12.9375,207.0,False
2015,00-0029613,Doug Martin,321,300-349,26,16.0,14.51875,232.3,8.0,10.6875,85.5,False
2013,00-0027864,Ryan Mathews,311,300-349,26,16.0,13.15,210.4,6.0,11.15,66.9,False
2013,00-0030485,Eddie Lacy,319,300-349,23,15.0,16.166666666666668,242.5,16.0,17.0375,272.6,False
2010,00-0025439,Brian Leonard,29,<150,26,11.0,4.163636363636363,45.8,13.0,3.9615384615384617,51.5,False
2017,00-0028087,Dion Lewis,212,200-249,27,16.0,12.6875,203.0,16.0,10.04375,160.7,False
2005,00-0019693,Jamal Lewis,301,300-349,26,15.0,10.38,155.7,16.0,12.04375,192.7,False
2013,00-0025399,Marshawn Lynch,337,300-349,27,16.0,17.20625,275.3,16.0,18.89375,302.3,False
2017,00-0033951,Marlon Mack,114,<150,21,14.0,7.378571428571428,103.3,12.0,14.875,178.5,False
2001,00-0010442,Curtis Martin,386,350+,28,16.0,18.495,295.92,16.0,14.925,238.8,False
2014,00-0029613,Doug Martin,147,<150,25,11.0,7.345454545454545,80.8,16.0,14.51875,232.3,False
2012,00-0027864,Ryan Mathews,223,200-249,25,12.0,11.408333333333331,136.9,16.0,13.15,210.4,False
2009,00-0025439,Brian Leonard,57,<150,25,14.0,4.292857142857143,60.1,11.0,4.163636363636363,45.8,False
2016,00-0028087,Dion Lewis,81,<150,26,7.0,7.814285714285715,54.7,16.0,12.6875,203.0,False
2004,00-0019693,Jamal Lewis,245,200-249,25,12.0,13.683333333333332,164.2,15.0,10.38,155.7,False
2012,00-0025399,Marshawn Lynch,338,300-349,26,16.0,16.85,269.6,16.0,17.20625,275.3,False
2013,00-0029613,Doug Martin,139,<150,24,6.0,11.7,70.2,11.0,7.345454545454545,80.8,False
2011,00-0027864,Ryan Mathews,272,250-299,24,14.0,16.9,236.6,12.0,11.408333333333331,136.9,False
2015,00-0028087,Dion Lewis,85,<150,25,7.0,17.17142857142857,120.2,7.0,7.814285714285715,54.7,False
2003,00-0019693,Jamal Lewis,414,350+,24,16.0,20.175,322.8,12.0,13.683333333333332,164.2,False
2011,00-0025399,Marshawn Lynch,312,300-349,25,15.0,16.24,243.6,16.0,16.85,269.6,False
2012,00-0029613,Doug Martin,368,350+,23,16.0,19.475,311.6,6.0,11.7,70.2,False
2010,00-0027864,Ryan Mathews,179,150-199,23,12.0,11.666666666666666,140.0,14.0,16.9,236.6,False
2011,00-0028087,Dion Lewis,24,<150,21,8.0,2.1125,16.9,6.0,2.8833333333333333,17.3,False
2002,00-0019693,Jamal Lewis,355,350+,23,16.0,15.74375,251.9,16.0,20.175,322.8,False
2010,00-0025399,Marshawn Lynch,224,200-249,24,16.0,8.6375,138.2,15.0,16.24,243.6,False
2009,00-0025399,Marshawn Lynch,148,<150,23,13.0,7.884615384615385,102.5,16.0,8.6375,138.2,False
2008,00-0025399,Marshawn Lynch,298,250-299,22,15.0,15.58,233.7,13.0,7.884615384615385,102.5,False
2007,00-0025399,Marshawn Lynch,298,250-299,21,13.0,14.955384615384617,194.42,15.0,15.58,233.7,False
2024,00-0034972,Alexander Mattison,168,150-199,26,14.0,9.828571428571427,137.6,0,0.0,0.0,True
2006,00-0020527,Deuce McAllister,275,250-299,28,15.0,14.66,219.9,0,0.0,0.0,True
2019,00-0033280,Christian McCaffrey,403,350+,23,16.0,29.4625,471.4,0,0.0,0.0,True
2024,00-0037509,Sincere McCormick,45,<150,24,4.0,6.8,27.2,0,0.0,0.0,True
2020,00-0027029,LeSean McCoy,25,<150,32,8.0,3.525,28.2,0,0.0,0.0,True
2002,00-0010747,Fred McCrary,24,<150,30,13.0,3.6692307692307695,47.7,0,0.0,0.0,True
2001,00-0019268,Kevin McDougal,18,<150,24,5.0,1.8,9.0,0,0.0,0.0,True
2015,00-0026144,Darren McFadden,279,250-299,28,16.0,12.23125,195.7,0,0.0,0.0,True
2020,00-0036336,Anthony McFarland,39,<150,21,11.0,2.0636363636363635,22.7,0,0.0,0.0,True
2013,00-0022178,Willis McGahee,146,<150,32,11.0,5.245454545454546,57.7,0,0.0,0.0,True
2018,00-0033295,Elijah McGuire,111,<150,24,8.0,10.7375,85.9,0,0.0,0.0,True
2024,00-0038636,Kenny McIntosh,34,<150,24,7.0,3.2,22.4,0,0.0,0.0,True
2009,00-0020805,Jason McKie,5,<150,29,8.0,0.7875,6.3,0,0.0,0.0,True
2023,00-0031376,Jerick McKinnon,46,<150,31,12.0,7.03,84.36,0,0.0,0.0,True
2017,00-0032602,J.D. McKissic,80,<150,24,12.0,8.108333333333333,97.3,0,0.0,0.0,True
2012,00-0027712,Joe McKnight,31,<150,24,12.0,2.725,32.7,0,0.0,0.0,True
2024,00-0038794,Jaleel McLaughlin,137,<150,24,16.0,6.075,97.2,8.0,3.925,31.4,False
2021,00-0033955,Jeremy McNichols,69,<150,26,13.0,5.661538461538461,73.6,0,0.0,0.0,True
2013,00-0026163,Rashard Mendenhall,235,200-249,26,15.0,9.62,144.3,0,0.0,0.0,True
2016,00-0030432,Christine Michael,170,150-199,26,15.0,9.133333333333333,137.0,0,0.0,0.0,True
2022,00-0034845,Sony Michel,45,<150,27,10.0,2.49,24.9,0,0.0,0.0,True
2024,00-0038551,Kendre Miller,44,<150,22,6.0,4.8500000000000005,29.1,7.0,4.757142857142857,33.3,False
2018,00-0029615,Lamar Miller,235,200-249,27,14.0,12.328571428571427,172.6,0,0.0,0.0,True
2024,00-0038678,Jordan Mims,32,<150,25,7.0,3.7285714285714286,26.1,0,0.0,0.0,True
2008,00-0020448,Travis Minor,18,<150,29,5.0,2.28,11.4,0,0.0,0.0,True
2006,00-0022773,Brandon Miree,9,<150,25,4.0,3.675,14.7,0,0.0,0.0,True
2001,00-0011399,Brian Mitchell,13,<150,33,4.0,6.275,25.1,0,0.0,0.0,True
2023,00-0036567,Elijah Mitchell,81,<150,25,11.0,4.318181818181818,47.5,0,0.0,0.0,True
2023,00-0038454,Keaton Mitchell,56,<150,21,7.0,9.985714285714286,69.9,0,0.0,0.0,True
2024,00-0033897,Joe Mixon,281,250-299,28,14.0,17.178571428571427,240.5,0,0.0,0.0,True
2018,00-0033373,Taquan Mizzell,17,<150,25,8.0,2.925,23.4,0,0.0,0.0,True
2009,00-0023512,Ryan Moats,114,<150,27,8.0,11.075,88.6,0,0.0,0.0,True
2024,00-0035685,David Montgomery,221,200-249,27,14.0,15.837142857142856,221.72,17.0,9.830588235294115,167.12,False
2013,00-0028876,Collin Mooney,6,<150,27,5.0,1.84,9.2,0,0.0,0.0,True
2012,00-0022217,Mewelde Moore,19,<150,30,9.0,2.1888888888888887,19.7,0,0.0,0.0,True
2007,00-0023508,Vernand Morency,59,<150,27,10.0,6.07,60.7,0,0.0,0.0,True
2013,00-0026988,Knowshon Moreno,301,300-349,26,16.0,18.5375,296.6,0,0.0,0.0,True
2020,00-0029141,Alfred Morris,58,<150,32,9.0,4.522222222222222,40.7,0,0.0,0.0,True
2011,00-0021182,Maurice Morris,109,<150,32,13.0,7.3076923076923075,95.0,0,0.0,0.0,True
2010,00-0019484,Sammy Morris,27,<150,33,14.0,1.45,20.3,0,0.0,0.0,True
2003,00-0019590,Chad Morton,63,<150,26,13.0,5.253846153846154,68.3,0,0.0,0.0,True
2024,00-0036251,Zack Moss,97,<150,27,8.0,10.2375,81.9,0,0.0,0.0,True
2020,00-0031687,Raheem Mostert,120,<150,28,8.0,12.4625,99.7,0,0.0,0.0,True
2005,00-0020700,James Mungro,10,<150,27,6.0,1.2166666666666666,7.3,0,0.0,0.0,True
2018,00-0031959,Marcus Murphy,63,<150,27,9.0,4.288888888888889,38.6,0,0.0,0.0,True
2012,00-0028416,Richard Murphy,23,<150,26,4.0,2.3,9.2,0,0.0,0.0,True
2017,00-0028009,DeMarco Murray,223,200-249,29,15.0,11.433333333333334,171.5,0,0.0,0.0,True
2023,00-0030513,Latavius Murray,96,<150,33,15.0,5.526666666666667,82.9,0,0.0,0.0,True
2020,00-0034597,Ryan Nall,11,<150,25,6.0,3.45,20.7,0,0.0,0.0,True
2010,00-0027201,Dimitri Nance,39,<150,22,8.0,1.9375,15.5,0,0.0,0.0,True
2023,00-0034972,Alexander Mattison,210,200-249,25,16.0,8.325,133.2,14.0,9.828571428571427,137.6,False
2008,00-0020527,Deuce McAllister,125,<150,30,13.0,8.353846153846153,108.6,0,0.0,0.0,True
2024,00-0033280,Christian McCaffrey,65,<150,28,4.0,11.95,47.8,17.0,24.38823529411765,414.6,False
2019,00-0027029,LeSean McCoy,129,<150,31,13.0,8.946153846153846,116.3,8.0,3.525,28.2,False
2001,00-0010747,Fred McCrary,15,<150,29,12.0,1.7,20.4,13.0,3.6692307692307695,47.7,False
2014,00-0026144,Darren McFadden,191,150-199,27,16.0,7.5375,120.6,16.0,12.23125,195.7,False
2012,00-0022178,Willis McGahee,193,150-199,31,10.0,13.919999999999998,139.2,11.0,5.245454545454546,57.7,False
2017,00-0033295,Elijah McGuire,105,<150,23,15.0,5.226666666666668,78.4,8.0,10.7375,85.9,False
2004,00-0020805,Jason McKie,14,<150,24,6.0,5.3500000000000005,32.1,0,0.0,0.0,True
2017,00-0031376,Jerick McKinnon,201,200-249,25,16.0,11.14375,178.3,0,0.0,0.0,True
2022,00-0032602,J.D. McKissic,49,<150,29,8.0,6.975,55.8,0,0.0,0.0,True
2011,00-0027712,Joe McKnight,56,<150,23,10.0,4.63,46.3,12.0,2.725,32.7,False
2023,00-0038794,Jaleel McLaughlin,107,<150,23,17.0,6.235294117647059,106.0,16.0,6.075,97.2,False
2024,00-0033955,Jeremy McNichols,64,<150,29,14.0,4.571428571428571,64.0,16.0,4.55625,72.9,False
2012,00-0026163,Rashard Mendenhall,60,<150,25,6.0,6.233333333333333,37.4,15.0,9.62,144.3,False
2015,00-0030432,Christine Michael,57,<150,25,8.0,3.6125,28.9,15.0,9.133333333333333,137.0,False
2021,00-0034845,Sony Michel,229,200-249,26,17.0,8.605882352941178,146.3,10.0,2.49,24.9,False
2023,00-0038551,Kendre Miller,51,<150,21,7.0,6.185714285714285,43.3,6.0,4.8500000000000005,29.1,False
2017,00-0029615,Lamar Miller,274,250-299,26,16.0,12.09375,193.5,14.0,12.328571428571427,172.6,False
2004,00-0020448,Travis Minor,123,<150,25,11.0,7.090909090909091,78.0,0,0.0,0.0,True
2003,00-0011399,Brian Mitchell,8,<150,35,4.0,3.95,15.8,0,0.0,0.0,True
2022,00-0036567,Elijah Mitchell,48,<150,24,5.0,8.72,43.6,11.0,4.318181818181818,47.5,False
2023,00-0033897,Joe Mixon,309,300-349,27,17.0,15.705882352941176,267.0,14.0,17.178571428571427,240.5,False
2006,00-0023512,Ryan Moats,22,<150,24,5.0,1.38,6.9,0,0.0,0.0,True
2023,00-0035685,David Montgomery,235,200-249,26,14.0,14.814285714285717,207.4,14.0,15.837142857142856,221.72,False
2011,00-0022217,Mewelde Moore,33,<150,29,12.0,3.2583333333333333,39.1,9.0,2.1888888888888887,19.7,False
2006,00-0023508,Vernand Morency,113,<150,26,13.0,6.292307692307692,81.8,10.0,6.07,60.7,False
2012,00-0026988,Knowshon Moreno,159,150-199,25,8.0,14.025,112.2,16.0,18.5375,296.6,False
2018,00-0029141,Alfred Morris,119,<150,30,11.0,6.1909090909090905,68.1,0,0.0,0.0,True
2010,00-0021182,Maurice Morris,115,<150,31,10.0,10.56,105.6,13.0,7.3076923076923075,95.0,False
2009,00-0019484,Sammy Morris,92,<150,32,12.0,6.575,78.9,14.0,1.45,20.3,False
2002,00-0019590,Chad Morton,7,<150,25,4.0,4.425,17.7,13.0,5.253846153846154,68.3,False
2023,00-0036251,Zack Moss,210,200-249,26,14.0,12.114285714285714,169.6,8.0,10.2375,81.9,False
2024,00-0031687,Raheem Mostert,104,<150,32,12.0,5.908333333333334,70.9,12.0,2.45,29.4,False
2004,00-0020700,James Mungro,12,<150,26,8.0,3.8125,30.5,6.0,1.2166666666666666,7.3,False
2016,00-0028009,DeMarco Murray,346,300-349,28,16.0,18.3625,293.8,15.0,11.433333333333334,171.5,False
2022,00-0030513,Latavius Murray,198,150-199,32,13.0,11.876923076923076,154.4,15.0,5.526666666666667,82.9,False
2022,00-0034972,Alexander Mattison,89,<150,24,17.0,5.2,88.4,16.0,8.325,133.2,False
2005,00-0020527,Deuce McAllister,110,<150,27,5.0,16.04,80.2,15.0,14.66,219.9,False
2023,00-0033280,Christian McCaffrey,339,300-349,27,16.0,24.45625,391.3,4.0,11.95,47.8,False
2018,00-0027029,LeSean McCoy,195,150-199,30,14.0,9.085714285714284,127.2,13.0,8.946153846153846,116.3,False
2013,00-0026144,Darren McFadden,131,<150,26,10.0,9.834,98.34,16.0,7.5375,120.6,False
2011,00-0022178,Willis McGahee,261,250-299,30,15.0,10.88,163.2,10.0,13.919999999999998,139.2,False
2008,00-0020805,Jason McKie,22,<150,28,9.0,4.0,36.0,8.0,0.7875,6.3,False
2022,00-0031376,Jerick McKinnon,128,<150,30,17.0,11.547058823529412,196.3,12.0,7.03,84.36,False
2021,00-0032602,J.D. McKissic,91,<150,28,11.0,11.627272727272729,127.9,8.0,6.975,55.8,False
2010,00-0027712,Joe McKnight,42,<150,22,4.0,5.975,23.9,10.0,4.63,46.3,False
2020,00-0033955,Jeremy McNichols,59,<150,25,15.0,2.9266666666666667,43.9,13.0,5.661538461538461,73.6,False
2011,00-0026163,Rashard Mendenhall,246,200-249,24,15.0,11.88,178.2,6.0,6.233333333333333,37.4,False
2014,00-0030432,Christine Michael,35,<150,24,10.0,1.97,19.7,8.0,3.6125,28.9,False
2020,00-0034845,Sony Michel,86,<150,25,8.0,9.4125,75.3,17.0,8.605882352941178,146.3,False
2016,00-0029615,Lamar Miller,299,250-299,25,14.0,13.728571428571428,192.2,16.0,12.09375,193.5,False
2007,00-0020448,Travis Minor,29,<150,28,6.0,4.566666666666666,27.4,5.0,2.28,11.4,False
2021,00-0036567,Elijah Mitchell,226,200-249,23,11.0,15.0,165.0,5.0,8.72,43.6,False
2022,00-0033897,Joe Mixon,270,250-299,26,14.0,17.107142857142858,239.5,17.0,15.705882352941176,267.0,False
2008,00-0023512,Ryan Moats,29,<150,26,5.0,3.96,19.8,8.0,11.075,88.6,False
2022,00-0035685,David Montgomery,235,200-249,25,16.0,11.10625,177.7,14.0,14.814285714285717,207.4,False
2010,00-0022217,Mewelde Moore,59,<150,28,14.0,4.342857142857143,60.8,12.0,3.2583333333333333,39.1,False
2005,00-0023508,Vernand Morency,56,<150,25,6.0,8.183333333333334,49.1,13.0,6.292307692307692,81.8,False
2011,00-0026988,Knowshon Moreno,48,<150,24,7.0,6.142857142857143,43.0,8.0,14.025,112.2,False
2017,00-0029141,Alfred Morris,122,<150,29,13.0,5.553846153846154,72.2,11.0,6.1909090909090905,68.1,False
2009,00-0021182,Maurice Morris,119,<150,30,14.0,7.1000000000000005,99.4,10.0,10.56,105.6,False
2008,00-0019484,Sammy Morris,173,150-199,31,13.0,11.215384615384616,145.8,12.0,6.575,78.9,False
2022,00-0036251,Zack Moss,104,<150,25,13.0,4.961538461538462,64.5,14.0,12.114285714285714,169.6,False
2023,00-0031687,Raheem Mostert,234,200-249,31,15.0,17.846666666666668,267.7,12.0,5.908333333333334,70.9,False
2003,00-0020700,James Mungro,25,<150,25,4.0,5.15,20.6,8.0,3.8125,30.5,False
2015,00-0028009,DeMarco Murray,237,200-249,27,15.0,12.293333333333331,184.4,16.0,18.3625,293.8,False
2021,00-0030513,Latavius Murray,129,<150,31,14.0,7.399999999999999,103.6,13.0,11.876923076923076,154.4,False
2021,00-0034972,Alexander Mattison,166,150-199,23,16.0,7.86875,125.9,17.0,5.2,88.4,False
2004,00-0020527,Deuce McAllister,303,300-349,26,14.0,15.014285714285714,210.2,5.0,16.04,80.2,False
2022,00-0033280,Christian McCaffrey,329,300-349,26,17.0,20.938823529411764,355.96,16.0,24.45625,391.3,False
2017,00-0027029,LeSean McCoy,346,300-349,29,16.0,16.475,263.6,14.0,9.085714285714284,127.2,False
2012,00-0026144,Darren McFadden,258,250-299,25,12.0,12.708333333333334,152.5,10.0,9.834,98.34,False
2010,00-0022178,Willis McGahee,114,<150,29,15.0,5.966666666666667,89.5,15.0,10.88,163.2,False
2007,00-0020805,Jason McKie,15,<150,27,10.0,1.8,18.0,9.0,4.0,36.0,False
2021,00-0031376,Jerick McKinnon,25,<150,29,7.0,5.0,35.0,17.0,11.547058823529412,196.3,False
2020,00-0032602,J.D. McKissic,165,150-199,27,16.0,11.9625,191.4,11.0,11.627272727272729,127.9,False
2010,00-0026163,Rashard Mendenhall,347,300-349,23,16.0,15.0625,241.0,15.0,11.88,178.2,False
2019,00-0034845,Sony Michel,259,250-299,24,16.0,9.5375,152.6,8.0,9.4125,75.3,False
2015,00-0029615,Lamar Miller,241,200-249,24,16.0,14.49375,231.9,14.0,13.728571428571428,192.2,False
2006,00-0020448,Travis Minor,22,<150,27,4.0,2.65,10.6,6.0,4.566666666666666,27.4,False
2021,00-0033897,Joe Mixon,334,300-349,25,16.0,17.99375,287.9,14.0,17.107142857142858,239.5,False
2005,00-0023512,Ryan Moats,59,<150,23,6.0,8.083333333333334,48.5,5.0,1.38,6.9,False
2021,00-0035685,David Montgomery,267,250-299,24,13.0,15.0,195.0,16.0,11.10625,177.7,False
2009,00-0022217,Mewelde Moore,56,<150,27,15.0,4.289333333333333,64.34,14.0,4.342857142857143,60.8,False
2010,00-0026988,Knowshon Moreno,219,200-249,23,13.0,15.084615384615384,196.1,7.0,6.142857142857143,43.0,False
2016,00-0029141,Alfred Morris,72,<150,28,13.0,3.107692307692308,40.4,13.0,5.553846153846154,72.2,False
2008,00-0021182,Maurice Morris,151,150-199,29,13.0,7.6923076923076925,100.0,14.0,7.1000000000000005,99.4,False
2007,00-0019484,Sammy Morris,91,<150,30,6.0,10.983333333333334,65.9,13.0,11.215384615384616,145.8,False
2021,00-0036251,Zack Moss,119,<150,24,13.0,8.092307692307692,105.2,13.0,4.961538461538462,64.5,False
2022,00-0031687,Raheem Mostert,212,200-249,30,16.0,10.51875,168.3,15.0,17.846666666666668,267.7,False
2002,00-0020700,James Mungro,110,<150,24,9.0,10.966666666666669,98.7,4.0,5.15,20.6,False
2014,00-0028009,DeMarco Murray,449,350+,26,16.0,21.94375,351.1,15.0,12.293333333333331,184.4,False
2020,00-0030513,Latavius Murray,169,150-199,30,15.0,9.08,136.2,14.0,7.399999999999999,103.6,False
2020,00-0034972,Alexander Mattison,109,<150,22,13.0,6.684615384615385,86.9,16.0,7.86875,125.9,False
2003,00-0020527,Deuce McAllister,420,350+,25,16.0,20.2625,324.2,14.0,15.014285714285714,210.2,False
2021,00-0033280,Christian McCaffrey,136,<150,25,7.0,18.214285714285715,127.5,17.0,20.938823529411764,355.96,False
2016,00-0027029,LeSean McCoy,284,250-299,28,15.0,19.87333333333333,298.1,16.0,16.475,263.6,False
2011,00-0026144,Darren McFadden,132,<150,24,7.0,17.685714285714287,123.8,12.0,12.708333333333334,152.5,False
2009,00-0022178,Willis McGahee,124,<150,28,15.0,10.66,159.9,15.0,5.966666666666667,89.5,False
2006,00-0020805,Jason McKie,33,<150,26,13.0,3.3076923076923075,43.0,10.0,1.8,18.0,False
2020,00-0031376,Jerick McKinnon,114,<150,28,14.0,9.014285714285714,126.2,7.0,5.0,35.0,False
2019,00-0032602,J.D. McKissic,72,<150,26,15.0,5.586666666666667,83.8,16.0,11.9625,191.4,False
2009,00-0026163,Rashard Mendenhall,267,250-299,22,15.0,13.593333333333334,203.9,16.0,15.0625,241.0,False
2018,00-0034845,Sony Michel,216,200-249,23,13.0,10.7,139.1,16.0,9.5375,152.6,False
2014,00-0029615,Lamar Miller,254,250-299,23,16.0,14.00625,224.1,16.0,14.49375,231.9,False
2003,00-0020448,Travis Minor,45,<150,24,12.0,2.5500000000000003,30.6,11.0,7.090909090909091,78.0,False
2020,00-0033897,Joe Mixon,140,<150,24,6.0,16.599999999999998,99.6,16.0,17.99375,287.9,False
2020,00-0035685,David Montgomery,301,300-349,23,15.0,17.666666666666668,265.0,13.0,15.0,195.0,False
2008,00-0022217,Mewelde Moore,180,150-199,26,14.0,11.914285714285716,166.8,15.0,4.289333333333333,64.34,False
2009,00-0026988,Knowshon Moreno,275,250-299,22,16.0,11.875,190.0,13.0,15.084615384615384,196.1,False
2015,00-0029141,Alfred Morris,212,200-249,27,16.0,6.0375,96.6,13.0,3.107692307692308,40.4,False
2007,00-0021182,Maurice Morris,163,150-199,28,13.0,10.392307692307693,135.1,13.0,7.6923076923076925,100.0,False
2006,00-0019484,Sammy Morris,113,<150,29,12.0,6.6000000000000005,79.2,6.0,10.983333333333334,65.9,False
2020,00-0036251,Zack Moss,126,<150,23,13.0,7.815384615384615,101.6,13.0,8.092307692307692,105.2,False
2019,00-0031687,Raheem Mostert,151,150-199,27,15.0,11.146666666666668,167.2,8.0,12.4625,99.7,False
2013,00-0028009,DeMarco Murray,270,250-299,25,14.0,18.435714285714287,258.1,16.0,21.94375,351.1,False
2019,00-0030513,Latavius Murray,180,150-199,29,16.0,9.825,157.2,15.0,9.08,136.2,False
2019,00-0034972,Alexander Mattison,110,<150,21,13.0,5.261538461538462,68.4,13.0,6.684615384615385,86.9,False
2002,00-0020527,Deuce McAllister,372,350+,24,15.0,20.73333333333333,311.0,16.0,20.2625,324.2,False
2018,00-0033280,Christian McCaffrey,326,300-349,22,16.0,24.09375,385.5,16.0,29.4625,471.4,False
2015,00-0027029,LeSean McCoy,235,200-249,27,12.0,14.908333333333331,178.9,15.0,19.87333333333333,298.1,False
2010,00-0026144,Darren McFadden,270,250-299,23,13.0,20.569230769230767,267.4,7.0,17.685714285714287,123.8,False
2008,00-0022178,Willis McGahee,194,150-199,27,13.0,11.107692307692307,144.4,15.0,10.66,159.9,False
2016,00-0031376,Jerick McKinnon,202,200-249,24,15.0,9.906666666666666,148.6,16.0,11.14375,178.3,False
2013,00-0029615,Lamar Miller,203,200-249,22,16.0,7.74375,123.9,16.0,14.00625,224.1,False
2002,00-0020448,Travis Minor,44,<150,23,10.0,3.0,30.0,12.0,2.5500000000000003,30.6,False
2019,00-0033897,Joe Mixon,313,300-349,23,16.0,14.0875,225.4,6.0,16.599999999999998,99.6,False
2019,00-0035685,David Montgomery,267,250-299,22,16.0,10.65,170.4,15.0,17.666666666666668,265.0,False
2007,00-0022217,Mewelde Moore,26,<150,25,6.0,3.65,21.9,14.0,11.914285714285716,166.8,False
2014,00-0029141,Alfred Morris,282,250-299,26,16.0,11.74375,187.9,16.0,6.0375,96.6,False
2006,00-0021182,Maurice Morris,172,150-199,27,16.0,4.625,74.0,13.0,10.392307692307693,135.1,False
2005,00-0019484,Sammy Morris,24,<150,28,8.0,3.15,25.2,12.0,6.6000000000000005,79.2,False
2018,00-0031687,Raheem Mostert,40,<150,26,6.0,6.433333333333334,38.6,15.0,11.146666666666668,167.2,False
2012,00-0028009,DeMarco Murray,196,150-199,24,10.0,14.64,146.4,14.0,18.435714285714287,258.1,False
2018,00-0030513,Latavius Murray,162,150-199,28,16.0,8.24375,131.9,16.0,9.825,157.2,False
2001,00-0020527,Deuce McAllister,31,<150,23,14.0,4.0842857142857145,57.18,15.0,20.73333333333333,311.0,False
2017,00-0033280,Christian McCaffrey,197,150-199,21,16.0,14.2875,228.6,16.0,24.09375,385.5,False
2014,00-0027029,LeSean McCoy,340,300-349,26,16.0,12.4625,199.4,12.0,14.908333333333331,178.9,False
2009,00-0026144,Darren McFadden,125,<150,22,12.0,6.758333333333333,81.1,13.0,20.569230769230767,267.4,False
2007,00-0022178,Willis McGahee,337,300-349,26,15.0,15.253333333333334,228.8,13.0,11.107692307692307,144.4,False
2015,00-0031376,Jerick McKinnon,73,<150,23,16.0,5.2125,83.4,15.0,9.906666666666666,148.6,False
2012,00-0029615,Lamar Miller,57,<150,21,9.0,4.611111111111111,41.5,16.0,7.74375,123.9,False
2001,00-0020448,Travis Minor,88,<150,22,15.0,6.760000000000001,101.4,10.0,3.0,30.0,False
2018,00-0033897,Joe Mixon,280,250-299,22,14.0,17.385714285714286,243.4,16.0,14.0875,225.4,False
2006,00-0022217,Mewelde Moore,70,<150,24,16.0,7.65625,122.5,6.0,3.65,21.9,False
2013,00-0029141,Alfred Morris,285,250-299,25,16.0,11.14375,178.3,16.0,11.74375,187.9,False
2005,00-0021182,Maurice Morris,76,<150,26,11.0,4.054545454545455,44.6,16.0,4.625,74.0,False
2004,00-0019484,Sammy Morris,154,150-199,27,12.0,10.225,122.7,8.0,3.15,25.2,False
2011,00-0028009,DeMarco Murray,190,150-199,23,13.0,11.23076923076923,146.0,10.0,14.64,146.4,False
2017,00-0030513,Latavius Murray,231,200-249,27,16.0,9.84375,157.5,16.0,8.24375,131.9,False
2013,00-0027029,LeSean McCoy,366,350+,25,16.0,20.6625,330.6,16.0,12.4625,199.4,False
2008,00-0026144,Darren McFadden,142,<150,21,13.0,9.830769230769231,127.8,12.0,6.758333333333333,81.1,False
2006,00-0022178,Willis McGahee,277,250-299,25,14.0,11.757142857142856,164.6,15.0,15.253333333333334,228.8,False
2014,00-0031376,Jerick McKinnon,140,<150,22,11.0,8.572727272727272,94.3,16.0,5.2125,83.4,False
2017,00-0033897,Joe Mixon,208,200-249,21,14.0,10.092857142857143,141.3,14.0,17.385714285714286,243.4,False
2005,00-0022217,Mewelde Moore,192,150-199,23,14.0,11.364285714285714,159.1,16.0,7.65625,122.5,False
2012,00-0029141,Alfred Morris,346,300-349,24,16.0,15.75,252.0,16.0,11.14375,178.3,False
2004,00-0021182,Maurice Morris,39,<150,25,13.0,2.069230769230769,26.9,11.0,4.054545454545455,44.6,False
2003,00-0019484,Sammy Morris,33,<150,26,9.0,4.111111111111111,37.0,12.0,10.225,122.7,False
2016,00-0030513,Latavius Murray,228,200-249,26,14.0,14.87142857142857,208.2,16.0,9.84375,157.5,False
2012,00-0027029,LeSean McCoy,254,250-299,24,12.0,16.608333333333334,199.3,16.0,20.6625,330.6,False
2005,00-0022178,Willis McGahee,353,350+,24,16.0,12.40625,198.5,14.0,11.757142857142856,164.6,False
2004,00-0022217,Mewelde Moore,92,<150,22,7.0,12.671428571428573,88.7,14.0,11.364285714285714,159.1,False
2003,00-0021182,Maurice Morris,42,<150,24,13.0,2.853846153846154,37.1,13.0,2.069230769230769,26.9,False
2002,00-0019484,Sammy Morris,5,<150,25,5.0,1.66,8.3,9.0,4.111111111111111,37.0,False
2015,00-0030513,Latavius Murray,307,300-349,25,16.0,12.8,204.8,14.0,14.87142857142857,208.2,False
2011,00-0027029,LeSean McCoy,321,300-349,23,15.0,21.89333333333333,328.4,12.0,16.608333333333334,199.3,False
2004,00-0022178,Willis McGahee,306,300-349,23,15.0,15.046666666666663,225.7,16.0,12.40625,198.5,False
2002,00-0021182,Maurice Morris,35,<150,23,6.0,4.133333333333334,24.8,13.0,2.853846153846154,37.1,False
2001,00-0019484,Sammy Morris,27,<150,24,12.0,1.3166666666666669,15.8,5.0,1.66,8.3,False
2014,00-0030513,Latavius Murray,99,<150,24,10.0,8.57,85.7,16.0,12.8,204.8,False
2010,00-0027029,LeSean McCoy,285,250-299,22,15.0,19.71333333333333,295.7,15.0,21.89333333333333,328.4,False
2009,00-0027029,LeSean McCoy,195,150-199,21,16.0,9.90625,158.5,15.0,19.71333333333333,295.7,False
2011,00-0024294,Jerious Norwood,24,<150,28,7.0,0.5857142857142856,4.1,0,0.0,0.0,True
2021,00-0036842,Kene Nwangwu,17,<150,23,6.0,3.8333333333333335,23.0,0,0.0,0.0,True
2013,00-0027140,Chris Ogbonnaya,97,<150,27,16.0,7.14375,114.3,0,0.0,0.0,True
2024,00-0033854,Dare Ogunbowale,49,<150,30,15.0,3.733333333333333,56.0,9.0,2.677777777777778,24.1,False
2017,00-0031277,Branden Oliver,41,<150,26,8.0,2.1125,16.9,0,0.0,0.0,True
2021,00-0035273,Qadree Ollison,25,<150,25,6.0,3.283333333333333,19.7,0,0.0,0.0,True
2008,00-0024103,Montell Owens,4,<150,24,4.0,5.0,20.0,0,0.0,0.0,True
2020,00-0035184,Devine Ozigbo,10,<150,24,4.0,3.325,13.3,0,0.0,0.0,True
2024,00-0037197,Isiah Pacheco,95,<150,25,7.0,8.128571428571428,56.9,13.0,6.715384615384616,87.3,False
2009,00-0022250,Willie Parker,104,<150,29,13.0,4.253846153846154,55.3,0,0.0,0.0,True
2012,00-0026316,Jalen Parmele,47,<150,27,7.0,3.9,27.3,0,0.0,0.0,True
2005,00-0019533,Patrick Pass,76,<150,28,10.0,8.52,85.2,0,0.0,0.0,True
2024,00-0030578,Cordarrelle Patterson,44,<150,33,13.0,2.8846153846153846,37.5,0,0.0,0.0,True
2021,00-0036755,Jaret Patterson,78,<150,22,14.0,3.992857142857143,55.9,0,0.0,0.0,True
2005,00-0022255,Jarrett Payton,39,<150,25,9.0,3.5,31.5,0,0.0,0.0,True
2013,00-0029626,Isaiah Pead,18,<150,24,5.0,4.58,22.9,0,0.0,0.0,True
2006,00-0023561,Alvin Pearman,21,<150,24,6.0,3.016666666666667,18.1,0,0.0,0.0,True
2012,00-0026932,Cedric Peerman,45,<150,26,10.0,4.93,49.3,0,0.0,0.0,True
2019,00-0034750,Rashaad Penny,73,<150,23,9.0,8.366666666666667,75.3,0,0.0,0.0,True
2020,00-0036269,La'Mical Perine,75,<150,22,9.0,5.833333333333333,52.5,0,0.0,0.0,True
2018,00-0033526,Samaje Perine,11,<150,23,4.0,1.675,6.7,0,0.0,0.0,True
2017,00-0032417,Paul Perkins,49,<150,23,7.0,3.085714285714286,21.6,0,0.0,0.0,True
2020,00-0036245,Malcolm Perry,12,<150,23,8.0,3.0875,24.7,0,0.0,0.0,True
2008,00-0022926,Chris Perry,123,<150,27,11.0,5.545454545454546,61.0,0,0.0,0.0,True
2002,00-0021306,Adrian Peterson,22,<150,23,4.0,5.225,20.9,0,0.0,0.0,True
2021,00-0025394,Adrian Peterson,42,<150,36,4.0,6.65,26.6,0,0.0,0.0,True
2015,00-0029264,Bernard Pierce,9,<150,24,4.0,1.2,4.8,0,0.0,0.0,True
2024,00-0037258,Dameon Pierce,42,<150,24,9.0,4.833333333333333,43.5,0,0.0,0.0,True
2007,00-0022006,Artose Pinner,5,<150,29,4.0,1.15,4.6,0,0.0,0.0,True
2008,00-0025494,Antonio Pittman,96,<150,23,9.0,6.711111111111111,60.4,0,0.0,0.0,True
2008,00-0013013,Michael Pittman,86,<150,33,8.0,9.6625,77.3,0,0.0,0.0,True
2015,00-0029438,Chris Polk,115,<150,26,15.0,4.819999999999999,72.3,0,0.0,0.0,True
2024,00-0035261,Tony Pollard,301,300-349,27,16.0,12.55625,200.9,17.0,10.929411764705884,185.8,False
2016,00-0033164,Troymaine Pope,13,<150,23,4.0,1.475,5.9,0,0.0,0.0,True
2010,00-0021179,Clinton Portis,59,<150,29,5.0,9.04,45.2,0,0.0,0.0,True
2019,00-0028064,Bilal Powell,66,<150,31,12.0,2.766666666666667,33.2,0,0.0,0.0,True
2012,00-0028736,William Powell,79,<150,24,12.0,4.491666666666666,53.9,0,0.0,0.0,True
2001,00-0019609,Travis Prentice,15,<150,25,10.0,1.53,15.3,0,0.0,0.0,True
2003,00-0013262,Stanley Pritchett,39,<150,30,14.0,3.4,47.6,0,0.0,0.0,True
2017,00-0032393,C.J. Prosise,17,<150,23,4.0,4.25,17.0,0,0.0,0.0,True
2016,00-0029384,Bobby Rainey,37,<150,29,8.0,5.2,41.6,0,0.0,0.0,True
2012,00-0029140,Chris Rainey,40,<150,24,14.0,2.8714285714285714,40.2,0,0.0,0.0,True
2015,00-0030388,Joseph Randle,86,<150,24,6.0,12.35,74.1,0,0.0,0.0,True
2010,00-0021190,Antwaan Randle El,23,<150,31,12.0,4.765,57.18,0,0.0,0.0,True
2009,00-0025841,Louis Rankin,13,<150,24,4.0,2.475,9.9,0,0.0,0.0,True
2017,00-0031897,Thomas Rawls,67,<150,24,9.0,3.566666666666667,32.1,0,0.0,0.0,True
2001,00-0013467,Jamie Reader,2,<150,27,4.0,0.85,3.4,0,0.0,0.0,True
2014,00-0031123,Darrin Reaves,36,<150,21,5.0,3.18,15.9,0,0.0,0.0,True
2014,00-0031008,Silas Redd,24,<150,22,6.0,5.366666666666667,32.2,0,0.0,0.0,True
2012,00-0026566,Isaac Redman,129,<150,28,14.0,6.457142857142857,90.4,0,0.0,0.0,True
2001,00-0019722,J.R. Redmond,48,<150,24,10.0,3.81,38.1,0,0.0,0.0,True
2009,00-0024294,Jerious Norwood,95,<150,26,10.0,6.68,66.8,0,0.0,0.0,True
2012,00-0027140,Chris Ogbonnaya,32,<150,26,11.0,3.972727272727273,43.7,16.0,7.14375,114.3,False
2023,00-0033854,Dare Ogunbowale,10,<150,29,6.0,1.2166666666666666,7.3,15.0,3.733333333333333,56.0,False
2015,00-0031277,Branden Oliver,44,<150,24,6.0,5.833333333333333,35.0,0,0.0,0.0,True
2019,00-0035273,Qadree Ollison,23,<150,23,6.0,5.116666666666666,30.7,0,0.0,0.0,True
2012,00-0024103,Montell Owens,50,<150,28,5.0,9.68,48.4,0,0.0,0.0,True
2023,00-0037197,Isiah Pacheco,249,200-249,24,14.0,15.278571428571428,213.9,7.0,8.128571428571428,56.9,False
2008,00-0022250,Willie Parker,213,200-249,28,11.0,10.4,114.4,13.0,4.253846153846154,55.3,False
2001,00-0019533,Patrick Pass,7,<150,24,8.0,2.4125,19.3,0,0.0,0.0,True
2023,00-0030578,Cordarrelle Patterson,59,<150,32,12.0,3.075,36.9,13.0,2.8846153846153846,37.5,False
2012,00-0029626,Isaiah Pead,13,<150,23,8.0,1.25,10.0,5.0,4.58,22.9,False
2005,00-0023561,Alvin Pearman,71,<150,23,14.0,5.207142857142857,72.9,6.0,3.016666666666667,18.1,False
2014,00-0026932,Cedric Peerman,18,<150,28,6.0,1.6666666666666667,10.0,0,0.0,0.0,True
2022,00-0034750,Rashaad Penny,61,<150,26,5.0,10.44,52.2,0,0.0,0.0,True
2024,00-0033526,Samaje Perine,48,<150,29,17.0,4.641176470588236,78.9,14.0,5.564285714285715,77.9,False
2016,00-0032417,Paul Perkins,127,<150,22,13.0,5.907692307692307,76.8,7.0,3.085714285714286,21.6,False
2006,00-0022926,Chris Perry,19,<150,25,6.0,3.15,18.9,0,0.0,0.0,True
2008,00-0021306,Adrian Peterson,26,<150,29,7.0,2.9285714285714284,20.5,0,0.0,0.0,True
2013,00-0025394,Adrian Peterson,308,300-349,28,14.0,16.62142857142857,232.7,0,0.0,0.0,True
2014,00-0029264,Bernard Pierce,95,<150,23,13.0,3.838461538461538,49.9,4.0,1.2,4.8,False
2023,00-0037258,Dameon Pierce,158,150-199,23,13.0,6.361538461538462,82.7,9.0,4.833333333333333,43.5,False
2006,00-0022006,Artose Pinner,44,<150,28,8.0,4.8375,38.7,4.0,1.15,4.6,False
2007,00-0025494,Antonio Pittman,41,<150,22,9.0,2.0444444444444443,18.4,9.0,6.711111111111111,60.4,False
2007,00-0013013,Michael Pittman,95,<150,32,10.0,7.19,71.9,8.0,9.6625,77.3,False
2014,00-0029438,Chris Polk,48,<150,25,8.0,6.35,50.8,15.0,4.819999999999999,72.3,False
2023,00-0035261,Tony Pollard,307,300-349,26,17.0,13.105882352941178,222.8,16.0,12.55625,200.9,False
2020,00-0033164,Troymaine Pope,23,<150,27,4.0,4.95,19.8,0,0.0,0.0,True
2009,00-0021179,Clinton Portis,133,<150,28,8.0,9.2625,74.1,5.0,9.04,45.2,False
2018,00-0028064,Bilal Powell,91,<150,30,7.0,8.614285714285714,60.3,12.0,2.766666666666667,33.2,False
2002,00-0013262,Stanley Pritchett,20,<150,29,12.0,3.475,41.7,14.0,3.4,47.6,False
2020,00-0032393,C.J. Prosise,15,<150,26,5.0,2.54,12.7,0,0.0,0.0,True
2015,00-0029384,Bobby Rainey,8,<150,28,5.0,1.28,6.4,8.0,5.2,41.6,False
2014,00-0030388,Joseph Randle,55,<150,23,14.0,3.9,54.6,6.0,12.35,74.1,False
2009,00-0021190,Antwaan Randle El,50,<150,30,16.0,6.45,103.2,12.0,4.765,57.18,False
2016,00-0031897,Thomas Rawls,122,<150,23,9.0,8.38888888888889,75.5,9.0,3.566666666666667,32.1,False
2011,00-0026566,Isaac Redman,128,<150,27,16.0,5.48125,87.7,14.0,6.457142857142857,90.4,False
2004,00-0019722,J.R. Redmond,53,<150,27,15.0,4.346666666666667,65.2,0,0.0,0.0,True
2008,00-0024294,Jerious Norwood,130,<150,25,16.0,9.54375,152.7,10.0,6.68,66.8,False
2011,00-0027140,Chris Ogbonnaya,99,<150,25,12.0,6.458333333333333,77.5,11.0,3.972727272727273,43.7,False
2022,00-0033854,Dare Ogunbowale,62,<150,28,11.0,4.427272727272728,48.7,6.0,1.2166666666666666,7.3,False
2014,00-0031277,Branden Oliver,196,150-199,23,14.0,10.37857142857143,145.3,6.0,5.833333333333333,35.0,False
2011,00-0024103,Montell Owens,12,<150,27,5.0,1.22,6.1,5.0,9.68,48.4,False
2022,00-0037197,Isiah Pacheco,183,150-199,23,17.0,7.9411764705882355,135.0,14.0,15.278571428571428,213.9,False
2007,00-0022250,Willie Parker,344,300-349,27,15.0,11.8,177.0,11.0,10.4,114.4,False
2004,00-0019533,Patrick Pass,67,<150,27,12.0,5.3,63.6,10.0,8.52,85.2,False
2022,00-0030578,Cordarrelle Patterson,165,150-199,31,13.0,11.9,154.7,12.0,3.075,36.9,False
2021,00-0034750,Rashaad Penny,125,<150,25,10.0,12.17,121.7,5.0,10.44,52.2,False
2023,00-0033526,Samaje Perine,103,<150,28,17.0,7.135294117647058,121.3,17.0,4.641176470588236,78.9,False
2005,00-0022926,Chris Perry,112,<150,24,14.0,8.692857142857143,121.7,6.0,3.15,18.9,False
2007,00-0021306,Adrian Peterson,202,200-249,28,16.0,10.1475,162.36,7.0,2.9285714285714284,20.5,False
2015,00-0025394,Adrian Peterson,357,350+,30,16.0,16.29375,260.7,0,0.0,0.0,True
2013,00-0029264,Bernard Pierce,172,150-199,22,16.0,5.375,86.0,13.0,3.838461538461538,49.9,False
2022,00-0037258,Dameon Pierce,250,250-299,22,13.0,12.8,166.4,13.0,6.361538461538462,82.7,False
2005,00-0022006,Artose Pinner,127,<150,27,13.0,7.076923076923077,92.0,8.0,4.8375,38.7,False
2006,00-0013013,Michael Pittman,97,<150,31,16.0,7.375,118.0,10.0,7.19,71.9,False
2013,00-0029438,Chris Polk,15,<150,24,6.0,6.316666666666666,37.9,8.0,6.35,50.8,False
2022,00-0035261,Tony Pollard,232,200-249,25,16.0,15.55,248.8,17.0,13.105882352941178,222.8,False
2008,00-0021179,Clinton Portis,370,350+,27,16.0,15.40625,246.5,8.0,9.2625,74.1,False
2017,00-0028064,Bilal Powell,201,200-249,29,15.0,9.68,145.2,7.0,8.614285714285714,60.3,False
2019,00-0032393,C.J. Prosise,33,<150,25,8.0,3.6,28.8,5.0,2.54,12.7,False
2014,00-0029384,Bobby Rainey,127,<150,27,12.0,9.258333333333333,111.1,5.0,1.28,6.4,False
2013,00-0030388,Joseph Randle,62,<150,22,5.0,8.5,42.5,14.0,3.9,54.6,False
2008,00-0021190,Antwaan Randle El,54,<150,29,16.0,8.915,142.64,16.0,6.45,103.2,False
2015,00-0031897,Thomas Rawls,156,150-199,22,12.0,10.633333333333333,127.6,9.0,8.38888888888889,75.5,False
2010,00-0026566,Isaac Redman,61,<150,26,15.0,3.5266666666666664,52.9,16.0,5.48125,87.7,False
2007,00-0024294,Jerious Norwood,130,<150,24,15.0,8.213333333333333,123.2,16.0,9.54375,152.7,False
2021,00-0033854,Dare Ogunbowale,56,<150,27,10.0,5.01,50.1,11.0,4.427272727272728,48.7,False
2006,00-0022250,Willie Parker,368,350+,26,16.0,18.0375,288.6,15.0,11.8,177.0,False
2003,00-0019533,Patrick Pass,10,<150,26,4.0,2.2,8.8,12.0,5.3,63.6,False
2021,00-0030578,Cordarrelle Patterson,205,200-249,30,16.0,14.6625,234.6,13.0,11.9,154.7,False
2018,00-0034750,Rashaad Penny,94,<150,22,12.0,5.866666666666667,70.4,9.0,8.366666666666667,75.3,False
2022,00-0033526,Samaje Perine,133,<150,27,16.0,8.88125,142.1,17.0,7.135294117647058,121.3,False
2006,00-0021306,Adrian Peterson,16,<150,27,7.0,4.414285714285714,30.9,16.0,10.1475,162.36,False
2020,00-0025394,Adrian Peterson,168,150-199,35,16.0,7.78125,124.5,4.0,6.65,26.6,False
2012,00-0029264,Bernard Pierce,115,<150,21,15.0,4.726666666666668,70.9,16.0,5.375,86.0,False
2004,00-0022006,Artose Pinner,68,<150,26,7.0,6.8,47.6,13.0,7.076923076923077,92.0,False
2005,00-0013013,Michael Pittman,106,<150,30,15.0,8.106666666666666,121.6,16.0,7.375,118.0,False
2021,00-0035261,Tony Pollard,169,150-199,24,15.0,10.84,162.6,16.0,15.55,248.8,False
2007,00-0021179,Clinton Portis,372,350+,26,16.0,17.04375,272.7,16.0,15.40625,246.5,False
2016,00-0028064,Bilal Powell,189,150-199,28,16.0,11.8625,189.8,15.0,9.68,145.2,False
2016,00-0032393,C.J. Prosise,47,<150,22,6.0,10.166666666666666,61.0,4.0,4.25,17.0,False
2013,00-0029384,Bobby Rainey,165,150-199,26,12.0,9.183333333333334,110.2,12.0,9.258333333333333,111.1,False
2007,00-0021190,Antwaan Randle El,55,<150,28,14.0,9.447142857142856,132.26,16.0,8.915,142.64,False
2006,00-0024294,Jerious Norwood,112,<150,23,14.0,7.035714285714286,98.5,15.0,8.213333333333333,123.2,False
2020,00-0033854,Dare Ogunbowale,42,<150,26,7.0,4.271428571428571,29.9,10.0,5.01,50.1,False
2005,00-0022250,Willie Parker,273,250-299,25,15.0,12.666666666666666,190.0,16.0,18.0375,288.6,False
2020,00-0030578,Cordarrelle Patterson,85,<150,29,15.0,4.626666666666667,69.4,16.0,14.6625,234.6,False
2021,00-0033526,Samaje Perine,82,<150,26,15.0,5.546666666666667,83.2,16.0,8.88125,142.1,False
2005,00-0021306,Adrian Peterson,83,<150,26,13.0,4.838461538461538,62.9,7.0,4.414285714285714,30.9,False
2019,00-0025394,Adrian Peterson,228,200-249,34,15.0,9.8,147.0,16.0,7.78125,124.5,False
2004,00-0013013,Michael Pittman,260,250-299,29,13.0,16.976923076923075,220.7,15.0,8.106666666666666,121.6,False
2020,00-0035261,Tony Pollard,129,<150,23,16.0,7.55,120.8,15.0,10.84,162.6,False
2006,00-0021179,Clinton Portis,144,<150,25,8.0,16.0375,128.3,16.0,17.04375,272.7,False
2015,00-0028064,Bilal Powell,117,<150,27,11.0,12.28181818181818,135.1,16.0,11.8625,189.8,False
2006,00-0021190,Antwaan Randle El,51,<150,27,16.0,6.77625,108.42,14.0,9.447142857142856,132.26,False
2019,00-0033854,Dare Ogunbowale,46,<150,25,16.0,4.70625,75.3,7.0,4.271428571428571,29.9,False
2004,00-0022250,Willie Parker,35,<150,24,5.0,4.64,23.2,15.0,12.666666666666666,190.0,False
2019,00-0030578,Cordarrelle Patterson,28,<150,28,12.0,2.966666666666667,35.6,15.0,4.626666666666667,69.4,False
2020,00-0033526,Samaje Perine,74,<150,25,11.0,5.972727272727273,65.7,15.0,5.546666666666667,83.2,False
2018,00-0025394,Adrian Peterson,271,250-299,33,16.0,11.8125,189.0,15.0,9.8,147.0,False
2003,00-0013013,Michael Pittman,262,250-299,28,16.0,13.73125,219.7,13.0,16.976923076923075,220.7,False
2019,00-0035261,Tony Pollard,101,<150,22,14.0,6.385714285714286,89.4,16.0,7.55,120.8,False
2005,00-0021179,Clinton Portis,382,350+,24,16.0,16.9925,271.88,8.0,16.0375,128.3,False
2014,00-0028064,Bilal Powell,44,<150,26,14.0,2.878571428571429,40.3,11.0,12.28181818181818,135.1,False
2005,00-0021190,Antwaan Randle El,47,<150,26,15.0,8.052,120.78,16.0,6.77625,108.42,False
2018,00-0030578,Cordarrelle Patterson,63,<150,27,15.0,6.566666666666666,98.5,12.0,2.966666666666667,35.6,False
2017,00-0033526,Samaje Perine,197,150-199,22,13.0,8.346153846153847,108.5,4.0,1.675,6.7,False
2017,00-0025394,Adrian Peterson,167,150-199,32,10.0,7.890000000000001,78.9,16.0,11.8125,189.0,False
2002,00-0013013,Michael Pittman,263,250-299,27,16.0,11.28125,180.5,16.0,13.73125,219.7,False
2004,00-0021179,Clinton Portis,383,350+,23,15.0,15.573333333333332,233.6,16.0,16.9925,271.88,False
2013,00-0028064,Bilal Powell,212,200-249,25,16.0,8.75625,140.1,14.0,2.878571428571429,40.3,False
2004,00-0021190,Antwaan Randle El,51,<150,25,16.0,7.80625,124.9,15.0,8.052,120.78,False
2017,00-0030578,Cordarrelle Patterson,44,<150,26,15.0,5.706666666666666,85.6,15.0,6.566666666666666,98.5,False
2012,00-0025394,Adrian Peterson,388,350+,27,16.0,21.725,347.6,14.0,16.62142857142857,232.7,False
2001,00-0013013,Michael Pittman,283,250-299,26,15.0,11.933333333333334,179.0,16.0,11.28125,180.5,False
2003,00-0021179,Clinton Portis,328,300-349,22,13.0,24.053846153846152,312.7,15.0,15.573333333333332,233.6,False
2012,00-0028064,Bilal Powell,127,<150,24,14.0,7.05,98.7,16.0,8.75625,140.1,False
2003,00-0021190,Antwaan Randle El,51,<150,24,16.0,6.25875,100.14,16.0,7.80625,124.9,False
2016,00-0030578,Cordarrelle Patterson,59,<150,25,16.0,7.475,119.6,15.0,5.706666666666666,85.6,False
2011,00-0025394,Adrian Peterson,226,200-249,26,12.0,17.175,206.1,16.0,21.725,347.6,False
2002,00-0021179,Clinton Portis,306,300-349,21,16.0,19.7625,316.2,13.0,24.053846153846152,312.7,False
2002,00-0021190,Antwaan Randle El,66,<150,23,16.0,8.06875,129.1,16.0,6.25875,100.14,False
2015,00-0030578,Cordarrelle Patterson,4,<150,24,4.0,4.125,16.5,16.0,7.475,119.6,False
2010,00-0025394,Adrian Peterson,319,300-349,25,15.0,18.39333333333333,275.9,12.0,17.175,206.1,False
2014,00-0030578,Cordarrelle Patterson,43,<150,23,16.0,5.94375,95.1,4.0,4.125,16.5,False
2009,00-0025394,Adrian Peterson,358,350+,24,16.0,20.09375,321.5,15.0,18.39333333333333,275.9,False
2013,00-0030578,Cordarrelle Patterson,57,<150,22,16.0,10.10625,161.7,16.0,5.94375,95.1,False
2008,00-0025394,Adrian Peterson,385,350+,23,16.0,16.325,261.2,16.0,20.09375,321.5,False
2007,00-0025394,Adrian Peterson,257,250-299,22,14.0,17.992857142857144,251.9,16.0,16.325,261.2,False
2024,00-0035567,Craig Reynolds,34,<150,28,7.0,2.9857142857142853,20.9,0,0.0,0.0,True
2008,00-0019863,Dominic Rhodes,197,150-199,29,15.0,12.346666666666666,185.2,0,0.0,0.0,True
2004,00-0018588,Alan Ricard,21,<150,27,12.0,1.5416666666666667,18.5,0,0.0,0.0,True
2013,00-0026195,Ray Rice,272,250-299,26,15.0,11.886666666666668,178.3,0,0.0,0.0,True
2021,00-0033025,Jalen Richard,21,<150,28,8.0,2.9,23.2,0,0.0,0.0,True
2013,00-0029612,Daryl Richardson,83,<150,23,7.0,6.8,47.6,0,0.0,0.0,True
2020,00-0030107,Theo Riddick,11,<150,29,4.0,2.675,10.7,0,0.0,0.0,True
2015,00-0028011,Stevan Ridley,40,<150,26,8.0,1.6,12.8,0,0.0,0.0,True
2011,00-0027120,Javon Ringer,87,<150,24,12.0,5.766666666666667,69.2,0,0.0,0.0,True
2024,00-0037557,Ronnie Rivers,27,<150,25,5.0,3.66,18.3,0,0.0,0.0,True
2003,00-0020587,Jamal Robertson,32,<150,26,6.0,2.2666666666666666,13.6,0,0.0,0.0,True
2024,00-0038542,Bijan Robinson,365,350+,22,17.0,20.11176470588235,341.9,17.0,21.823529411764707,371.0,False
2024,00-0037746,Brian Robinson,207,200-249,25,14.0,11.414285714285716,159.8,16.0,3.90625,62.5,False
2016,00-0030547,Denard Robinson,44,<150,26,6.0,3.266666666666667,19.6,0,0.0,0.0,True
2022,00-0035831,James Robinson,121,<150,24,11.0,8.054545454545455,88.6,0,0.0,0.0,True
2015,00-0031611,Josh Robinson,23,<150,23,5.0,2.24,11.2,0,0.0,0.0,True
2015,00-0030348,Khiry Robinson,73,<150,26,8.0,8.8125,70.5,0,0.0,0.0,True
2018,00-0028083,Jacquizz Rodgers,71,<150,28,13.0,6.384615384615385,83.0,0,0.0,0.0,True
2024,00-0038611,Chris Rodriguez Jr.,36,<150,25,6.0,5.25,31.5,12.0,7.666666666666667,92.0,False
2021,00-0036650,Larry Rountree III,37,<150,22,8.0,1.95,15.6,0,0.0,0.0,True
2012,00-0028115,Evan Royster,38,<150,25,15.0,3.1133333333333337,46.7,0,0.0,0.0,True
2009,00-0024846,Gary Russell,15,<150,23,6.0,3.6,21.6,0,0.0,0.0,True
2011,00-0028602,Brandon Saine,27,<150,23,5.0,4.42,22.1,0,0.0,0.0,True
2004,00-0022449,B.J. Sams,5,<150,24,4.0,5.275,21.1,0,0.0,0.0,True
2020,00-0034331,Jaylen Samuels,18,<150,24,8.0,2.05,16.4,0,0.0,0.0,True
2024,00-0035243,Miles Sanders,79,<150,27,11.0,7.027272727272727,77.3,4.0,6.675,26.7,False
2015,00-0031413,Bishop Sankey,61,<150,23,11.0,5.381818181818182,59.2,0,0.0,0.0,True
2007,00-0021845,Cecil Sapp,32,<150,29,13.0,3.3076923076923075,43.0,0,0.0,0.0,True
2021,00-0036698,Mekhi Sargent,5,<150,24,4.0,0.275,1.1,0,0.0,0.0,True
2009,00-0026453,Dantrell Savage,17,<150,24,4.0,4.15,16.6,0,0.0,0.0,True
2019,00-0034432,Bo Scarbrough,90,<150,23,6.0,7.2,43.2,0,0.0,0.0,True
2004,00-0021098,Josh Scobey,45,<150,25,10.0,4.6,46.0,0,0.0,0.0,True
2011,00-0026941,Bernard Scott,125,<150,27,16.0,4.55,72.8,0,0.0,0.0,True
2023,00-0034414,Boston Scott,24,<150,28,10.0,1.78,17.8,0,0.0,0.0,True
2013,00-0028159,Da'Rel Scott,31,<150,25,5.0,6.9,34.5,0,0.0,0.0,True
2021,00-0036984,Trey Sermon,44,<150,22,5.0,5.66,28.3,0,0.0,0.0,True
2006,00-0023489,Eric Shelton,9,<150,23,4.0,0.975,3.9,0,0.0,0.0,True
2024,00-0039746,Will Shipley,34,<150,22,5.0,3.14,15.7,11.0,1.7727272727272727,19.5,False
2003,00-0020022,Marcel Shipp,258,250-299,25,16.0,7.8375,125.4,0,0.0,0.0,True
2002,00-0021031,John Simon,25,<150,24,9.0,6.5,58.5,0,0.0,0.0,True
2009,00-0025997,Chad Simpson,18,<150,24,7.0,4.471428571428572,31.3,0,0.0,0.0,True
2017,00-0031390,Charles Sims,56,<150,27,15.0,4.913333333333333,73.7,0,0.0,0.0,True
2024,00-0035250,Devin Singletary,134,<150,27,15.0,6.44,96.6,17.0,6.4,108.8,False
2011,00-0026229,Steve Slaton,27,<150,25,6.0,2.95,17.7,0,0.0,0.0,True
2019,00-0032782,Wendell Smallwood,31,<150,25,11.0,2.136363636363636,23.5,0,0.0,0.0,True
2003,00-0019453,Rod Smart,23,<150,26,6.0,2.5,15.0,0,0.0,0.0,True
2011,00-0027346,Alfonso Smith,33,<150,24,7.0,3.042857142857143,21.3,0,0.0,0.0,True
2014,00-0026855,Antone Smith,36,<150,29,10.0,7.76,77.6,0,0.0,0.0,True
2005,00-0015091,Antowain Smith,178,150-199,33,16.0,6.03125,96.5,0,0.0,0.0,True
2009,00-0026113,Clifton Smith,6,<150,24,4.0,0.275,1.1,0,0.0,0.0,True
2023,00-0035567,Craig Reynolds,46,<150,27,6.0,5.266666666666667,31.6,7.0,2.9857142857142853,20.9,False
2001,00-0019863,Dominic Rhodes,267,250-299,22,13.0,16.523076923076925,214.8,0,0.0,0.0,True
2003,00-0018588,Alan Ricard,28,<150,26,14.0,1.65,23.1,12.0,1.5416666666666667,18.5,False
2012,00-0026195,Ray Rice,318,300-349,25,16.0,17.69375,283.1,15.0,11.886666666666668,178.3,False
2020,00-0033025,Jalen Richard,41,<150,27,12.0,4.258333333333334,51.1,8.0,2.9,23.2,False
2012,00-0029612,Daryl Richardson,122,<150,22,16.0,5.375,86.0,7.0,6.8,47.6,False
2018,00-0030107,Theo Riddick,101,<150,27,14.0,8.321428571428571,116.5,0,0.0,0.0,True
2018,00-0028011,Stevan Ridley,32,<150,29,9.0,1.6444444444444446,14.8,0,0.0,0.0,True
2010,00-0027120,Javon Ringer,58,<150,23,16.0,2.95625,47.3,12.0,5.766666666666667,69.2,False
2023,00-0037557,Ronnie Rivers,37,<150,24,7.0,2.8714285714285714,20.1,5.0,3.66,18.3,False
2023,00-0038542,Bijan Robinson,272,250-299,21,17.0,14.488235294117649,246.3,17.0,20.11176470588235,341.9,False
2023,00-0037746,Brian Robinson,214,200-249,24,15.0,13.22,198.3,14.0,11.414285714285716,159.8,False
2015,00-0030547,Denard Robinson,88,<150,25,12.0,5.666666666666667,68.0,6.0,3.266666666666667,19.6,False
2021,00-0035831,James Robinson,195,150-199,23,14.0,12.421428571428573,173.9,11.0,8.054545454545455,88.6,False
2014,00-0030348,Khiry Robinson,84,<150,25,9.0,7.388888888888889,66.5,8.0,8.8125,70.5,False
2017,00-0028083,Jacquizz Rodgers,73,<150,27,13.0,3.6,46.8,13.0,6.384615384615385,83.0,False
2023,00-0038611,Chris Rodriguez Jr.,53,<150,24,8.0,4.7375,37.9,6.0,5.25,31.5,False
2011,00-0028115,Evan Royster,65,<150,24,6.0,8.1,48.6,15.0,3.1133333333333337,46.7,False
2008,00-0024846,Gary Russell,29,<150,22,9.0,2.9444444444444446,26.5,6.0,3.6,21.6,False
2019,00-0034331,Jaylen Samuels,113,<150,23,13.0,8.03076923076923,104.4,8.0,2.05,16.4,False
2023,00-0035243,Miles Sanders,156,150-199,26,16.0,5.475,87.6,11.0,7.027272727272727,77.3,False
2014,00-0031413,Bishop Sankey,170,150-199,22,16.0,6.0125,96.2,11.0,5.381818181818182,59.2,False
2006,00-0021845,Cecil Sapp,18,<150,28,9.0,2.1555555555555554,19.4,13.0,3.3076923076923075,43.0,False
2010,00-0026941,Bernard Scott,72,<150,26,14.0,3.778571428571429,52.9,16.0,4.55,72.8,False
2022,00-0034414,Boston Scott,59,<150,27,13.0,3.553846153846154,46.2,10.0,1.78,17.8,False
2011,00-0028159,Da'Rel Scott,7,<150,23,4.0,0.725,2.9,0,0.0,0.0,True
2024,00-0036984,Trey Sermon,72,<150,25,14.0,3.8428571428571434,53.8,0,0.0,0.0,True
2007,00-0020022,Marcel Shipp,19,<150,29,9.0,1.8444444444444448,16.6,0,0.0,0.0,True
2008,00-0025997,Chad Simpson,18,<150,23,4.0,4.125,16.5,7.0,4.471428571428572,31.3,False
2016,00-0031390,Charles Sims,75,<150,26,7.0,9.7,67.9,15.0,4.913333333333333,73.7,False
2023,00-0035250,Devin Singletary,246,200-249,26,17.0,9.90235294117647,168.34,15.0,6.44,96.6,False
2010,00-0026229,Steve Slaton,22,<150,24,5.0,2.68,13.4,6.0,2.95,17.7,False
2018,00-0032782,Wendell Smallwood,115,<150,24,13.0,9.2,119.6,11.0,2.136363636363636,23.5,False
2013,00-0027346,Alfonso Smith,28,<150,26,8.0,3.275,26.2,0,0.0,0.0,True
2013,00-0026855,Antone Smith,7,<150,28,4.0,7.375,29.5,10.0,7.76,77.6,False
2004,00-0015091,Antowain Smith,159,150-199,32,11.0,10.163636363636364,111.8,16.0,6.03125,96.5,False
2008,00-0026113,Clifton Smith,12,<150,23,4.0,4.6,18.4,4.0,0.275,1.1,False
2022,00-0035567,Craig Reynolds,32,<150,26,6.0,5.133333333333334,30.8,6.0,5.266666666666667,31.6,False
2007,00-0019863,Dominic Rhodes,86,<150,28,6.0,8.700000000000001,52.2,15.0,12.346666666666666,185.2,False
2002,00-0018588,Alan Ricard,24,<150,25,12.0,2.8166666666666664,33.8,14.0,1.65,23.1,False
2011,00-0026195,Ray Rice,367,350+,24,16.0,23.3025,372.84,16.0,17.69375,283.1,False
2019,00-0033025,Jalen Richard,75,<150,26,16.0,5.175,82.8,12.0,4.258333333333334,51.1,False
2017,00-0030107,Theo Riddick,137,<150,26,16.0,9.625,154.0,14.0,8.321428571428571,116.5,False
2014,00-0028011,Stevan Ridley,98,<150,25,6.0,8.666666666666666,52.0,8.0,1.6,12.8,False
2022,00-0037746,Brian Robinson,214,200-249,23,12.0,9.391666666666667,112.7,15.0,13.22,198.3,False
2014,00-0030547,Denard Robinson,158,150-199,24,13.0,8.738461538461538,113.6,12.0,5.666666666666667,68.0,False
2020,00-0035831,James Robinson,289,250-299,22,14.0,17.9,250.6,14.0,12.421428571428573,173.9,False
2013,00-0030348,Khiry Robinson,54,<150,24,10.0,2.84,28.4,9.0,7.388888888888889,66.5,False
2016,00-0028083,Jacquizz Rodgers,142,<150,26,10.0,9.08,90.8,13.0,3.6,46.8,False
2018,00-0034331,Jaylen Samuels,82,<150,22,9.0,9.944444444444445,89.5,13.0,8.03076923076923,104.4,False
2022,00-0035243,Miles Sanders,279,250-299,25,17.0,12.74705882352941,216.7,16.0,5.475,87.6,False
2009,00-0026941,Bernard Scott,79,<150,25,9.0,5.533333333333333,49.8,14.0,3.778571428571429,52.9,False
2021,00-0034414,Boston Scott,100,<150,26,9.0,10.955555555555556,98.6,13.0,3.553846153846154,46.2,False
2023,00-0036984,Trey Sermon,38,<150,24,8.0,2.5375,20.3,14.0,3.8428571428571434,53.8,False
2006,00-0020022,Marcel Shipp,23,<150,28,8.0,5.0125,40.1,9.0,1.8444444444444448,16.6,False
2015,00-0031390,Charles Sims,158,150-199,25,16.0,11.21875,179.5,7.0,9.7,67.9,False
2022,00-0035250,Devin Singletary,215,200-249,25,16.0,11.11875,177.9,17.0,9.90235294117647,168.34,False
2009,00-0026229,Steve Slaton,175,150-199,23,11.0,14.672727272727274,161.4,5.0,2.68,13.4,False
2017,00-0032782,Wendell Smallwood,60,<150,23,8.0,5.8375,46.7,13.0,9.2,119.6,False
2003,00-0015091,Antowain Smith,196,150-199,31,13.0,7.953846153846154,103.4,11.0,10.163636363636364,111.8,False
2021,00-0035567,Craig Reynolds,62,<150,25,5.0,7.040000000000001,35.2,6.0,5.133333333333334,30.8,False
2006,00-0019863,Dominic Rhodes,223,200-249,27,16.0,9.325,149.2,6.0,8.700000000000001,52.2,False
2010,00-0026195,Ray Rice,370,350+,23,16.0,17.2875,276.6,16.0,23.3025,372.84,False
2018,00-0033025,Jalen Richard,123,<150,25,16.0,9.7875,156.6,16.0,5.175,82.8,False
2016,00-0030107,Theo Riddick,145,<150,25,10.0,16.18,161.8,16.0,9.625,154.0,False
2013,00-0028011,Stevan Ridley,188,150-199,24,14.0,9.107142857142858,127.5,6.0,8.666666666666666,52.0,False
2013,00-0030547,Denard Robinson,20,<150,23,12.0,0.2166666666666666,2.6,13.0,8.738461538461538,113.6,False
2015,00-0028083,Jacquizz Rodgers,15,<150,25,5.0,1.22,6.1,10.0,9.08,90.8,False
2021,00-0035243,Miles Sanders,163,150-199,24,12.0,9.783333333333331,117.4,17.0,12.74705882352941,216.7,False
2020,00-0034414,Boston Scott,105,<150,25,16.0,5.975,95.6,9.0,10.955555555555556,98.6,False
2005,00-0020022,Marcel Shipp,192,150-199,27,15.0,6.64,99.6,8.0,5.0125,40.1,False
2014,00-0031390,Charles Sims,85,<150,24,8.0,7.5625,60.5,16.0,11.21875,179.5,False
2021,00-0035250,Devin Singletary,228,200-249,24,17.0,11.63529411764706,197.8,16.0,11.11875,177.9,False
2008,00-0026229,Steve Slaton,318,300-349,22,16.0,16.99375,271.9,11.0,14.672727272727274,161.4,False
2016,00-0032782,Wendell Smallwood,83,<150,22,12.0,4.391666666666667,52.7,8.0,5.8375,46.7,False
2002,00-0015091,Antowain Smith,283,250-299,30,16.0,12.60625,201.7,13.0,7.953846153846154,103.4,False
2005,00-0019863,Dominic Rhodes,53,<150,26,10.0,5.79,57.9,16.0,9.325,149.2,False
2009,00-0026195,Ray Rice,332,300-349,22,16.0,20.25625,324.1,16.0,17.2875,276.6,False
2017,00-0033025,Jalen Richard,83,<150,24,15.0,6.073333333333333,91.1,16.0,9.7875,156.6,False
2015,00-0030107,Theo Riddick,123,<150,24,16.0,11.1875,179.0,10.0,16.18,161.8,False
2012,00-0028011,Stevan Ridley,296,250-299,23,16.0,12.8375,205.4,14.0,9.107142857142858,127.5,False
2014,00-0028083,Jacquizz Rodgers,87,<150,24,16.0,5.0,80.0,5.0,1.22,6.1,False
2020,00-0035243,Miles Sanders,192,150-199,23,12.0,14.233333333333334,170.8,12.0,9.783333333333331,117.4,False
2019,00-0034414,Boston Scott,85,<150,24,8.0,12.3625,98.9,16.0,5.975,95.6,False
2002,00-0020022,Marcel Shipp,226,200-249,24,14.0,14.907142857142857,208.7,16.0,7.8375,125.4,False
2020,00-0035250,Devin Singletary,194,150-199,23,16.0,8.975,143.6,17.0,11.63529411764706,197.8,False
2001,00-0015091,Antowain Smith,306,300-349,29,16.0,13.99375,223.9,16.0,12.60625,201.7,False
2004,00-0019863,Dominic Rhodes,55,<150,25,11.0,3.6181818181818177,39.8,10.0,5.79,57.9,False
2008,00-0026195,Ray Rice,140,<150,21,12.0,8.483333333333333,101.8,16.0,20.25625,324.1,False
2016,00-0033025,Jalen Richard,112,<150,23,16.0,7.21875,115.5,15.0,6.073333333333333,91.1,False
2014,00-0030107,Theo Riddick,54,<150,23,13.0,7.284615384615384,94.7,16.0,11.1875,179.0,False
2011,00-0028011,Stevan Ridley,90,<150,22,12.0,4.533333333333333,54.4,16.0,12.8375,205.4,False
2013,00-0028083,Jacquizz Rodgers,148,<150,23,15.0,9.413333333333332,141.2,16.0,5.0,80.0,False
2019,00-0035243,Miles Sanders,229,200-249,22,16.0,13.68125,218.9,12.0,14.233333333333334,170.8,False
2019,00-0035250,Devin Singletary,180,150-199,22,12.0,12.325,147.9,16.0,8.975,143.6,False
2003,00-0019863,Dominic Rhodes,43,<150,24,11.0,3.0818181818181816,33.9,11.0,3.6181818181818177,39.8,False
2013,00-0030107,Theo Riddick,13,<150,22,9.0,1.6777777777777778,15.1,13.0,7.284615384615384,94.7,False
2012,00-0028083,Jacquizz Rodgers,147,<150,22,16.0,8.8375,141.4,15.0,9.413333333333332,141.2,False
2011,00-0028083,Jacquizz Rodgers,78,<150,21,16.0,4.39375,70.3,16.0,8.8375,141.4,False
2004,00-0015165,Emmitt Smith,282,250-299,35,15.0,11.736,176.04,0,0.0,0.0,True
2012,00-0026204,Kevin Smith,47,<150,26,9.0,4.811111111111111,43.3,0,0.0,0.0,True
2009,00-0025535,Kolby Smith,17,<150,25,4.0,1.55,6.2,0,0.0,0.0,True
2003,00-0015242,Lamar Smith,12,<150,33,4.0,1.825,7.3,0,0.0,0.0,True
2001,00-0018977,Maurice Smith,256,250-299,25,14.0,10.857142857142858,152.0,0,0.0,0.0,True
2004,00-0022130,Musa Smith,14,<150,22,4.0,2.475,9.9,0,0.0,0.0,True
2004,00-0022138,Onterrio Smith,160,150-199,24,11.0,13.981818181818182,153.8,0,0.0,0.0,True
2005,00-0019673,Paul Smith,10,<150,27,5.0,2.1,10.5,0,0.0,0.0,True
2018,00-0031900,Rod Smith,53,<150,26,13.0,2.5923076923076924,33.7,0,0.0,0.0,True
2020,00-0035957,Rodney Smith,50,<150,24,7.0,5.214285714285714,36.5,0,0.0,0.0,True
2020,00-0034378,Ito Smith,80,<150,25,14.0,4.092857142857143,57.3,0,0.0,0.0,True
2021,00-0035217,Benny Snell,38,<150,23,13.0,1.0076923076923077,13.1,0,0.0,0.0,True
2024,00-0039032,Tyjae Spears,114,<150,23,12.0,9.466666666666669,113.6,13.0,8.592307692307692,111.7,False
2016,00-0027861,C.J. Spiller,12,<150,29,5.0,3.76,18.8,0,0.0,0.0,True
2023,00-0038045,Isaiah Spiller,43,<150,22,9.0,2.111111111111111,19.0,0,0.0,0.0,True
2016,00-0023564,Darren Sproles,146,<150,33,15.0,10.833333333333334,162.5,0,0.0,0.0,True
2003,00-0020849,Charles Stackhouse,7,<150,23,4.0,2.25,9.0,0,0.0,0.0,True
2015,00-0030536,Zac Stacy,40,<150,24,6.0,5.066666666666666,30.4,0,0.0,0.0,True
2005,00-0015523,Duce Staley,44,<150,30,4.0,7.55,30.2,0,0.0,0.0,True
2016,00-0027791,James Starks,82,<150,30,9.0,6.544444444444444,58.9,0,0.0,0.0,True
2008,00-0015601,Aaron Stecker,17,<150,33,6.0,4.083333333333333,24.5,0,0.0,0.0,True
2024,00-0039325,Carson Steele,63,<150,22,12.0,1.9916666666666665,23.9,0,0.0,0.0,True
2012,00-0026956,LaRod Stephens-Howling,127,<150,25,14.0,6.228571428571429,87.2,0,0.0,0.0,True
2024,00-0036875,Rhamondre Stevenson,240,200-249,26,15.0,11.7,175.5,14.0,12.785714285714286,179.0,False
2002,00-0015698,James Stewart,277,250-299,31,14.0,15.528571428571428,217.4,0,0.0,0.0,True
2012,00-0029441,Jeremy Stewart,33,<150,23,4.0,6.075,24.3,0,0.0,0.0,True
2017,00-0026153,Jonathan Stewart,206,200-249,30,15.0,7.813333333333333,117.2,0,0.0,0.0,True
2024,00-0038098,Pierre Strong,40,<150,26,11.0,3.2,35.2,0,0.0,0.0,True
2005,00-0022180,Lee Suggs,14,<150,25,5.0,2.02,10.1,0,0.0,0.0,True
2010,00-0026790,Tyrell Sutton,25,<150,24,4.0,6.525,26.1,0,0.0,0.0,True
2024,00-0036275,D'Andre Swift,295,250-299,25,17.0,12.617647058823527,214.5,16.0,14.23125,227.7,False
2014,00-0031066,Lorenzo Taliaferro,76,<150,23,10.0,7.06,70.6,0,0.0,0.0,True
2013,00-0028613,Phillip Tanner,12,<150,25,5.0,2.7,13.5,0,0.0,0.0,True
2004,00-0022797,Thomas Tapeh,14,<150,24,4.0,1.925,7.7,0,0.0,0.0,True
2014,00-0027890,Ben Tate,128,<150,26,11.0,6.918181818181818,76.1,0,0.0,0.0,True
2011,00-0021314,Chester Taylor,34,<150,32,11.0,3.345454545454545,36.8,0,0.0,0.0,True
2010,00-0016098,Fred Taylor,45,<150,34,7.0,2.585714285714286,18.1,0,0.0,0.0,True
2021,00-0036096,J.J. Taylor,23,<150,23,5.0,3.7,18.5,0,0.0,0.0,True
2024,00-0036223,Jonathan Taylor,321,300-349,25,14.0,17.478571428571428,244.7,17.0,21.323529411764707,362.5,False
2024,00-0035973,Patrick Taylor,42,<150,26,5.0,5.96,29.8,0,0.0,0.0,True
2015,00-0030282,Stepfan Taylor,18,<150,24,6.0,1.2,7.2,0,0.0,0.0,True
2007,00-0020403,Anthony Thomas,51,<150,30,8.0,4.925,39.4,0,0.0,0.0,True
2015,00-0024813,Pierre Thomas,24,<150,31,4.0,5.95,23.8,0,0.0,0.0,True
2014,00-0028000,Daniel Thomas,57,<150,27,12.0,4.508333333333334,54.1,0,0.0,0.0,True
2018,00-0034221,Roc Thomas,10,<150,23,5.0,1.42,7.1,0,0.0,0.0,True
2001,00-0016321,Rodney Thomas,39,<150,28,8.0,2.15,17.2,0,0.0,0.0,True
2020,00-0030404,Chris Thompson,27,<150,30,6.0,7.1000000000000005,42.6,0,0.0,0.0,True
2020,00-0035148,Darwin Thompson,34,<150,23,5.0,6.640000000000001,33.2,0,0.0,0.0,True
2016,00-0030705,Juwan Thompson,8,<150,24,4.0,2.15,8.6,0,0.0,0.0,True
2005,00-0023192,Tyson Thompson,49,<150,24,8.0,2.85,22.8,0,0.0,0.0,True
2015,00-0030855,Zurlon Tipton,10,<150,26,4.0,3.175,12.7,0,0.0,0.0,True
2014,00-0028121,Jordan Todman,57,<150,24,15.0,5.026666666666667,75.4,0,0.0,0.0,True
2005,00-0022057,LaBrandon Toefield,39,<150,25,6.0,7.15,42.9,0,0.0,0.0,True
2011,00-0020536,LaDainian Tomlinson,117,<150,32,14.0,9.492857142857144,132.9,0,0.0,0.0,True
2011,00-0026279,Ryan Torain,65,<150,25,8.0,4.2875,34.3,0,0.0,0.0,True
2010,00-0027257,Keith Toston,21,<150,23,5.0,2.06,10.3,0,0.0,0.0,True
2016,00-0031332,Fitzgerald Toussaint,17,<150,26,6.0,2.0166666666666666,12.1,0,0.0,0.0,True
2024,00-0039384,Tyrone Tracy Jr.,230,200-249,25,17.0,10.723529411764709,182.3,15.0,10.72,160.8,False
2001,00-0020094,Stephen Trejo,5,<150,24,5.0,2.22,11.1,0,0.0,0.0,True
2024,00-0038951,Sean Tucker,59,<150,23,11.0,6.245454545454546,68.7,14.0,6.528571428571429,91.4,False
2017,00-0029273,Robert Turbin,32,<150,28,6.0,4.316666666666666,25.9,0,0.0,0.0,True
2003,00-0015165,Emmitt Smith,104,<150,34,10.0,6.23,62.3,15.0,11.736,176.04,False
2011,00-0026204,Kevin Smith,98,<150,25,7.0,18.085714285714285,126.6,9.0,4.811111111111111,43.3,False
2008,00-0025535,Kolby Smith,45,<150,24,7.0,4.457142857142857,31.2,4.0,1.55,6.2,False
2002,00-0015242,Lamar Smith,229,200-249,32,11.0,13.490909090909092,148.4,4.0,1.825,7.3,False
2007,00-0022130,Musa Smith,102,<150,25,16.0,5.2875,84.6,0,0.0,0.0,True
2003,00-0022138,Onterrio Smith,122,<150,23,10.0,11.78,117.8,11.0,13.981818181818182,153.8,False
2002,00-0019673,Paul Smith,23,<150,24,4.0,4.325,17.3,0,0.0,0.0,True
2017,00-0031900,Rod Smith,74,<150,25,10.0,9.24,92.4,13.0,2.5923076923076924,33.7,False
2019,00-0034378,Ito Smith,33,<150,24,7.0,5.185714285714285,36.3,14.0,4.092857142857143,57.3,False
2020,00-0035217,Benny Snell,121,<150,22,15.0,4.993333333333334,74.9,13.0,1.0076923076923077,13.1,False
2023,00-0039032,Tyjae Spears,152,150-199,22,17.0,9.047058823529412,153.8,12.0,9.466666666666669,113.6,False
2015,00-0027861,C.J. Spiller,70,<150,28,13.0,6.238461538461538,81.1,5.0,3.76,18.8,False
2022,00-0038045,Isaiah Spiller,21,<150,21,5.0,1.6800000000000002,8.4,9.0,2.111111111111111,19.0,False
2005,00-0023564,Darren Sproles,11,<150,22,7.0,1.2857142857142858,9.0,0,0.0,0.0,True
2002,00-0020849,Charles Stackhouse,13,<150,22,13.0,2.907692307692308,37.8,4.0,2.25,9.0,False
2014,00-0030536,Zac Stacy,94,<150,23,9.0,7.166666666666667,64.5,6.0,5.066666666666666,30.4,False
2004,00-0015523,Duce Staley,198,150-199,29,10.0,9.65,96.5,4.0,7.55,30.2,False
2015,00-0027791,James Starks,191,150-199,29,16.0,10.31875,165.1,9.0,6.544444444444444,58.9,False
2007,00-0015601,Aaron Stecker,151,150-199,32,14.0,9.35,130.9,6.0,4.083333333333333,24.5,False
2011,00-0026956,LaRod Stephens-Howling,56,<150,24,14.0,4.65,65.1,14.0,6.228571428571429,87.2,False
2023,00-0036875,Rhamondre Stevenson,194,150-199,25,12.0,12.141666666666666,145.7,15.0,11.7,175.5,False
2001,00-0015698,James Stewart,166,150-199,30,11.0,11.60909090909091,127.7,14.0,15.528571428571428,217.4,False
2016,00-0026153,Jonathan Stewart,226,200-249,29,13.0,11.261538461538462,146.4,15.0,7.813333333333333,117.2,False
2023,00-0038098,Pierre Strong,68,<150,25,13.0,3.292307692307692,42.8,11.0,3.2,35.2,False
2004,00-0022180,Lee Suggs,219,200-249,24,10.0,12.42,124.2,5.0,2.02,10.1,False
2009,00-0026790,Tyrell Sutton,18,<150,23,6.0,3.1666666666666665,19.0,4.0,6.525,26.1,False
2023,00-0036275,D'Andre Swift,268,250-299,24,16.0,12.45625,199.3,17.0,12.617647058823527,214.5,False
2012,00-0028613,Phillip Tanner,29,<150,24,5.0,2.84,14.2,5.0,2.7,13.5,False
2007,00-0022797,Thomas Tapeh,13,<150,27,8.0,1.85,14.8,0,0.0,0.0,True
2013,00-0027890,Ben Tate,215,200-249,25,14.0,10.364285714285714,145.1,11.0,6.918181818181818,76.1,False
2010,00-0021314,Chester Taylor,132,<150,31,16.0,4.9125,78.6,11.0,3.345454545454545,36.8,False
2009,00-0016098,Fred Taylor,65,<150,33,6.0,8.766666666666667,52.6,7.0,2.585714285714286,18.1,False
2020,00-0036096,J.J. Taylor,24,<150,22,5.0,2.48,12.4,5.0,3.7,18.5,False
2023,00-0036223,Jonathan Taylor,188,150-199,24,10.0,15.64,156.4,14.0,17.478571428571428,244.7,False
2023,00-0035973,Patrick Taylor,43,<150,25,10.0,3.0,30.0,5.0,5.96,29.8,False
2014,00-0030282,Stepfan Taylor,74,<150,23,12.0,5.491666666666667,65.9,6.0,1.2,7.2,False
2006,00-0020403,Anthony Thomas,129,<150,29,14.0,5.978571428571429,83.7,8.0,4.925,39.4,False
2014,00-0024813,Pierre Thomas,90,<150,30,11.0,11.181818181818182,123.0,4.0,5.95,23.8,False
2013,00-0028000,Daniel Thomas,124,<150,26,15.0,6.526666666666667,97.9,12.0,4.508333333333334,54.1,False
2019,00-0030404,Chris Thompson,79,<150,29,11.0,8.509090909090908,93.6,6.0,7.1000000000000005,42.6,False
2019,00-0035148,Darwin Thompson,46,<150,22,10.0,3.21,32.1,5.0,6.640000000000001,33.2,False
2015,00-0030705,Juwan Thompson,24,<150,23,7.0,2.271428571428572,15.9,4.0,2.15,8.6,False
2007,00-0023192,Tyson Thompson,14,<150,26,4.0,1.35,5.4,0,0.0,0.0,True
2016,00-0028121,Jordan Todman,9,<150,26,4.0,2.975,11.9,0,0.0,0.0,True
2004,00-0022057,LaBrandon Toefield,79,<150,24,14.0,4.571428571428571,64.0,6.0,7.15,42.9,False
2010,00-0020536,LaDainian Tomlinson,271,250-299,31,15.0,14.413333333333332,216.2,14.0,9.492857142857144,132.9,False
2010,00-0026279,Ryan Torain,182,150-199,24,10.0,13.87,138.7,8.0,4.2875,34.3,False
2016,00-0029273,Robert Turbin,73,<150,27,15.0,7.22,108.3,6.0,4.316666666666666,25.9,False
2002,00-0015165,Emmitt Smith,270,250-299,33,16.0,9.4,150.4,10.0,6.23,62.3,False
2010,00-0026204,Kevin Smith,44,<150,24,6.0,5.966666666666666,35.8,7.0,18.085714285714285,126.6,False
2007,00-0025535,Kolby Smith,134,<150,23,9.0,10.233333333333333,92.1,7.0,4.457142857142857,31.2,False
2001,00-0015242,Lamar Smith,343,300-349,31,16.0,11.7625,188.2,11.0,13.490909090909092,148.4,False
2006,00-0022130,Musa Smith,58,<150,24,12.0,4.066666666666666,48.8,16.0,5.2875,84.6,False
2018,00-0034378,Ito Smith,117,<150,23,13.0,7.515384615384615,97.7,7.0,5.185714285714285,36.3,False
2019,00-0035217,Benny Snell,111,<150,21,11.0,5.263636363636364,57.9,15.0,4.993333333333334,74.9,False
2014,00-0027861,C.J. Spiller,97,<150,27,9.0,7.944444444444445,71.5,13.0,6.238461538461538,81.1,False
2019,00-0023564,Darren Sproles,23,<150,36,6.0,2.8666666666666667,17.2,0,0.0,0.0,True
2013,00-0030536,Zac Stacy,276,250-299,22,13.0,14.107692307692307,183.4,9.0,7.166666666666667,64.5,False
2003,00-0015523,Duce Staley,133,<150,28,16.0,9.86875,157.9,10.0,9.65,96.5,False
2014,00-0027791,James Starks,103,<150,28,14.0,5.521428571428571,77.3,16.0,10.31875,165.1,False
2006,00-0015601,Aaron Stecker,23,<150,31,7.0,5.585714285714286,39.1,14.0,9.35,130.9,False
2010,00-0026956,LaRod Stephens-Howling,39,<150,23,12.0,4.7,56.4,14.0,4.65,65.1,False
2022,00-0036875,Rhamondre Stevenson,279,250-299,24,17.0,14.53529411764706,247.1,12.0,12.141666666666666,145.7,False
2015,00-0026153,Jonathan Stewart,258,250-299,28,13.0,12.523076923076925,162.8,13.0,11.261538461538462,146.4,False
2022,00-0038098,Pierre Strong,17,<150,24,4.0,6.8,27.2,13.0,3.292307692307692,42.8,False
2003,00-0022180,Lee Suggs,58,<150,23,4.0,10.225,40.9,10.0,12.42,124.2,False
2022,00-0036275,D'Andre Swift,147,<150,23,14.0,13.564285714285717,189.9,16.0,12.45625,199.3,False
2011,00-0028613,Phillip Tanner,24,<150,23,4.0,4.375,17.5,5.0,2.84,14.2,False
2006,00-0022797,Thomas Tapeh,21,<150,26,12.0,2.6166666666666667,31.4,8.0,1.85,14.8,False
2012,00-0027890,Ben Tate,76,<150,24,11.0,4.890909090909091,53.8,14.0,10.364285714285714,145.1,False
2009,00-0021314,Chester Taylor,137,<150,30,16.0,8.00625,128.1,16.0,4.9125,78.6,False
2008,00-0016098,Fred Taylor,159,150-199,32,13.0,6.56923076923077,85.4,6.0,8.766666666666667,52.6,False
2022,00-0036223,Jonathan Taylor,220,200-249,23,11.0,13.30909090909091,146.4,10.0,15.64,156.4,False
2022,00-0035973,Patrick Taylor,11,<150,24,4.0,1.45,5.8,10.0,3.0,30.0,False
2013,00-0030282,Stepfan Taylor,44,<150,22,11.0,2.4181818181818184,26.6,12.0,5.491666666666667,65.9,False
2005,00-0020403,Anthony Thomas,47,<150,28,9.0,1.6111111111111112,14.5,14.0,5.978571428571429,83.7,False
2013,00-0024813,Pierre Thomas,224,200-249,29,16.0,13.325,213.2,11.0,11.181818181818182,123.0,False
2012,00-0028000,Daniel Thomas,106,<150,25,12.0,6.925,83.1,15.0,6.526666666666667,97.9,False
2018,00-0030404,Chris Thompson,84,<150,28,10.0,9.12,91.2,11.0,8.509090909090908,93.6,False
2014,00-0030705,Juwan Thompson,58,<150,22,12.0,4.308333333333334,51.7,7.0,2.271428571428572,15.9,False
2013,00-0028121,Jordan Todman,90,<150,23,15.0,4.613333333333333,69.2,15.0,5.026666666666667,75.4,False
2003,00-0022057,LaBrandon Toefield,67,<150,23,15.0,4.332,64.98,14.0,4.571428571428571,64.0,False
2009,00-0020536,LaDainian Tomlinson,243,200-249,30,14.0,12.6,176.4,15.0,14.413333333333332,216.2,False
2015,00-0029273,Robert Turbin,57,<150,26,10.0,3.5200000000000005,35.2,15.0,7.22,108.3,False
2001,00-0015165,Emmitt Smith,278,250-299,32,14.0,10.478571428571428,146.7,16.0,9.4,150.4,False
2009,00-0026204,Kevin Smith,257,250-299,23,13.0,13.96923076923077,181.6,6.0,5.966666666666666,35.8,False
2013,00-0027861,C.J. Spiller,235,200-249,26,15.0,10.32,154.8,9.0,7.944444444444445,71.5,False
2018,00-0023564,Darren Sproles,44,<150,35,6.0,10.166666666666666,61.0,6.0,2.8666666666666667,17.2,False
2002,00-0015523,Duce Staley,320,300-349,27,16.0,16.1375,258.2,16.0,9.86875,157.9,False
2013,00-0027791,James Starks,99,<150,27,13.0,7.092307692307693,92.2,14.0,5.521428571428571,77.3,False
2005,00-0015601,Aaron Stecker,130,<150,30,13.0,7.338461538461539,95.4,7.0,5.585714285714286,39.1,False
2009,00-0026956,LaRod Stephens-Howling,16,<150,22,13.0,2.292307692307692,29.8,12.0,4.7,56.4,False
2021,00-0036875,Rhamondre Stevenson,147,<150,23,12.0,9.575,114.9,17.0,14.53529411764706,247.1,False
2014,00-0026153,Jonathan Stewart,200,200-249,27,13.0,11.23076923076923,146.0,13.0,12.523076923076925,162.8,False
2021,00-0036275,D'Andre Swift,213,200-249,22,13.0,16.053846153846152,208.7,14.0,13.564285714285717,189.9,False
2011,00-0027890,Ben Tate,188,150-199,23,15.0,9.0,135.0,11.0,4.890909090909091,53.8,False
2008,00-0021314,Chester Taylor,146,<150,29,16.0,10.06,160.96,16.0,8.00625,128.1,False
2007,00-0016098,Fred Taylor,232,200-249,31,15.0,10.866666666666667,163.0,13.0,6.56923076923077,85.4,False
2021,00-0036223,Jonathan Taylor,372,350+,22,17.0,21.947058823529414,373.1,11.0,13.30909090909091,146.4,False
2021,00-0035973,Patrick Taylor,25,<150,23,4.0,4.3,17.2,4.0,1.45,5.8,False
2004,00-0020403,Anthony Thomas,139,<150,27,12.0,6.716666666666666,80.6,9.0,1.6111111111111112,14.5,False
2012,00-0024813,Pierre Thomas,144,<150,28,15.0,8.913333333333332,133.7,16.0,13.325,213.2,False
2011,00-0028000,Daniel Thomas,177,150-199,24,13.0,6.253846153846154,81.3,12.0,6.925,83.1,False
2017,00-0030404,Chris Thompson,103,<150,27,10.0,15.54,155.4,10.0,9.12,91.2,False
2008,00-0020536,LaDainian Tomlinson,344,300-349,29,16.0,17.25,276.0,14.0,12.6,176.4,False
2014,00-0029273,Robert Turbin,90,<150,25,16.0,4.725,75.6,10.0,3.5200000000000005,35.2,False
2008,00-0026204,Kevin Smith,278,250-299,22,16.0,13.19375,211.1,13.0,13.96923076923077,181.6,False
2012,00-0027861,C.J. Spiller,250,250-299,25,16.0,15.95625,255.3,15.0,10.32,154.8,False
2015,00-0023564,Darren Sproles,138,<150,32,16.0,10.09375,161.5,15.0,10.833333333333334,162.5,False
2001,00-0015523,Duce Staley,229,200-249,26,13.0,16.0,208.0,16.0,16.1375,258.2,False
2012,00-0027791,James Starks,75,<150,26,6.0,6.433333333333334,38.6,13.0,7.092307692307693,92.2,False
2004,00-0015601,Aaron Stecker,87,<150,29,14.0,6.2,86.8,13.0,7.338461538461539,95.4,False
2013,00-0026153,Jonathan Stewart,55,<150,26,6.0,4.9,29.4,13.0,11.23076923076923,146.0,False
2020,00-0036275,D'Andre Swift,160,150-199,21,13.0,14.6,189.8,13.0,16.053846153846152,208.7,False
2007,00-0021314,Chester Taylor,186,150-199,28,14.0,12.564285714285717,175.9,16.0,10.06,160.96,False
2006,00-0016098,Fred Taylor,254,250-299,30,15.0,12.92,193.8,15.0,10.866666666666667,163.0,False
2020,00-0036223,Jonathan Taylor,268,250-299,21,15.0,16.853333333333335,252.8,17.0,21.947058823529414,373.1,False
2003,00-0020403,Anthony Thomas,253,250-299,26,13.0,11.615384615384617,151.0,12.0,6.716666666666666,80.6,False
2011,00-0024813,Pierre Thomas,160,150-199,27,16.0,11.41875,182.7,15.0,8.913333333333332,133.7,False
2016,00-0030404,Chris Thompson,117,<150,26,16.0,9.23125,147.7,10.0,15.54,155.4,False
2007,00-0020536,LaDainian Tomlinson,375,350+,28,16.0,22.97375,367.58,16.0,17.25,276.0,False
2013,00-0029273,Robert Turbin,85,<150,24,15.0,2.6933333333333334,40.4,16.0,4.725,75.6,False
2011,00-0027861,C.J. Spiller,146,<150,24,16.0,9.8875,158.2,16.0,15.95625,255.3,False
2014,00-0023564,Darren Sproles,97,<150,31,15.0,10.506666666666666,157.6,16.0,10.09375,161.5,False
2011,00-0027791,James Starks,162,150-199,25,13.0,8.646153846153847,112.4,6.0,6.433333333333334,38.6,False
2003,00-0015601,Aaron Stecker,46,<150,28,12.0,2.6916666666666664,32.3,14.0,6.2,86.8,False
2012,00-0026153,Jonathan Stewart,110,<150,25,9.0,8.7,78.3,6.0,4.9,29.4,False
2006,00-0021314,Chester Taylor,346,300-349,27,15.0,14.813333333333333,222.2,14.0,12.564285714285717,175.9,False
2005,00-0016098,Fred Taylor,207,200-249,29,11.0,10.727272727272728,118.0,15.0,12.92,193.8,False
2002,00-0020403,Anthony Thomas,238,200-249,25,12.0,11.866666666666667,142.4,13.0,11.615384615384617,151.0,False
2010,00-0024813,Pierre Thomas,112,<150,26,6.0,14.666666666666666,88.0,16.0,11.41875,182.7,False
2015,00-0030404,Chris Thompson,70,<150,25,13.0,7.123076923076923,92.6,16.0,9.23125,147.7,False
2006,00-0020536,LaDainian Tomlinson,405,350+,27,16.0,30.06875,481.1,16.0,22.97375,367.58,False
2012,00-0029273,Robert Turbin,99,<150,23,15.0,4.833333333333333,72.5,15.0,2.6933333333333334,40.4,False
2010,00-0027861,C.J. Spiller,98,<150,23,14.0,5.571428571428571,78.0,16.0,9.8875,158.2,False
2013,00-0023564,Darren Sproles,124,<150,30,15.0,11.693333333333332,175.4,15.0,10.506666666666666,157.6,False
2002,00-0015601,Aaron Stecker,41,<150,27,12.0,2.9416666666666664,35.3,12.0,2.6916666666666664,32.3,False
2011,00-0026153,Jonathan Stewart,189,150-199,24,16.0,12.15,194.4,9.0,8.7,78.3,False
2005,00-0021314,Chester Taylor,158,150-199,26,14.0,8.607142857142858,120.5,15.0,14.813333333333333,222.2,False
2004,00-0016098,Fred Taylor,296,250-299,28,14.0,14.778571428571428,206.9,11.0,10.727272727272728,118.0,False
2001,00-0020403,Anthony Thomas,300,300-349,24,14.0,14.45,202.3,12.0,11.866666666666667,142.4,False
2009,00-0024813,Pierre Thomas,186,150-199,25,14.0,13.892857142857142,194.5,6.0,14.666666666666666,88.0,False
2005,00-0020536,LaDainian Tomlinson,391,350+,26,16.0,22.8925,366.28,16.0,30.06875,481.1,False
2012,00-0023564,Darren Sproles,123,<150,29,13.0,16.638461538461538,216.3,15.0,11.693333333333332,175.4,False
2001,00-0015601,Aaron Stecker,34,<150,26,7.0,5.614285714285714,39.3,12.0,2.9416666666666664,35.3,False
2010,00-0026153,Jonathan Stewart,186,150-199,23,14.0,7.521428571428571,105.3,16.0,12.15,194.4,False
2004,00-0021314,Chester Taylor,190,150-199,25,16.0,8.1125,129.8,14.0,8.607142857142858,120.5,False
2003,00-0016098,Fred Taylor,393,350+,27,16.0,17.2625,276.2,14.0,14.778571428571428,206.9,False
2008,00-0024813,Pierre Thomas,160,150-199,24,14.0,13.707142857142856,191.9,14.0,13.892857142857142,194.5,False
2004,00-0020536,LaDainian Tomlinson,392,350+,25,15.0,22.27466666666667,334.12,16.0,22.8925,366.28,False
2011,00-0023564,Darren Sproles,174,150-199,28,16.0,17.3375,277.4,13.0,16.638461538461538,216.3,False
2009,00-0026153,Jonathan Stewart,239,200-249,22,16.0,12.95,207.2,14.0,7.521428571428571,105.3,False
2003,00-0021314,Chester Taylor,83,<150,24,16.0,4.425,70.8,16.0,8.1125,129.8,False
2002,00-0016098,Fred Taylor,336,300-349,26,16.0,16.8375,269.4,16.0,17.2625,276.2,False
2007,00-0024813,Pierre Thomas,69,<150,23,9.0,8.166666666666666,73.5,14.0,13.707142857142856,191.9,False
2003,00-0020536,LaDainian Tomlinson,413,350+,24,16.0,27.74,443.84,15.0,22.27466666666667,334.12,False
2010,00-0023564,Darren Sproles,110,<150,27,16.0,9.25,148.0,16.0,17.3375,277.4,False
2008,00-0026153,Jonathan Stewart,191,150-199,21,16.0,9.6375,154.2,16.0,12.95,207.2,False
2002,00-0021314,Chester Taylor,47,<150,23,15.0,3.553333333333333,53.3,16.0,4.425,70.8,False
2002,00-0020536,LaDainian Tomlinson,451,350+,23,16.0,24.0125,384.2,16.0,27.74,443.84,False
2009,00-0023564,Darren Sproles,138,<150,26,16.0,11.0625,177.0,16.0,9.25,148.0,False
2001,00-0020536,LaDainian Tomlinson,398,350+,22,16.0,16.83125,269.3,16.0,24.0125,384.2,False
2008,00-0023564,Darren Sproles,90,<150,25,15.0,9.346666666666666,140.2,16.0,11.0625,177.0,False
2007,00-0023564,Darren Sproles,47,<150,24,8.0,6.6875,53.5,15.0,9.346666666666666,140.2,False
2012,00-0022821,Michael Turner,241,200-249,30,16.0,10.9875,175.8,0,0.0,0.0,True
2024,00-0039364,Sione Vaki,9,<150,23,4.0,2.025,8.1,0,0.0,0.0,True
2024,00-0038622,Deuce Vaughn,20,<150,23,5.0,2.3600000000000003,11.8,0,0.0,0.0,True
2023,00-0036450,Ke'Shawn Vaughn,26,<150,26,5.0,1.28,6.4,0,0.0,0.0,True
2017,00-0027994,Shane Vereen,89,<150,28,15.0,5.58,83.7,0,0.0,0.0,True
2024,00-0039391,Kimani Vidal,48,<150,23,9.0,3.6333333333333337,32.7,12.0,9.825,117.9,False
2007,00-0024850,Darius Walker,71,<150,22,4.0,13.925,55.7,0,0.0,0.0,True
2024,00-0038134,Kenneth Walker III,199,150-199,24,11.0,16.472727272727273,181.2,17.0,11.288235294117648,191.9,False
2021,00-0035187,Austin Walter,28,<150,25,4.0,4.75,19.0,0,0.0,0.0,True
2011,00-0022770,Derrick Ward,45,<150,31,5.0,5.48,27.4,0,0.0,0.0,True
2021,00-0035924,Jonathan Ward,12,<150,24,6.0,1.6166666666666665,9.7,0,0.0,0.0,True
2017,00-0031682,Terron Ward,33,<150,25,4.0,3.825,15.3,0,0.0,0.0,True
2012,00-0024559,D.J. Ware,25,<150,27,14.0,2.0785714285714287,29.1,0,0.0,0.0,True
2018,00-0030414,Spencer Ware,71,<150,27,11.0,7.181818181818182,79.0,0,0.0,0.0,True
2024,00-0037228,Jaylen Warren,158,150-199,26,15.0,8.273333333333333,124.1,16.0,13.56875,217.1,False
2001,00-0017218,Lamont Warren,101,<150,28,16.0,7.29375,116.7,0,0.0,0.0,True
2020,00-0032940,DeAndre Washington,36,<150,27,4.0,4.275,17.1,0,0.0,0.0,True
2019,00-0032450,Dwayne Washington,9,<150,25,4.0,1.9,7.6,0,0.0,0.0,True
2012,00-0024332,Leon Washington,27,<150,30,11.0,2.4909090909090907,27.4,0,0.0,0.0,True
2004,00-0019808,Kenny Watson,50,<150,26,15.0,4.126666666666667,61.9,0,0.0,0.0,True
2017,00-0031793,Terrell Watson,5,<150,24,5.0,0.16,0.8,0,0.0,0.0,True
2001,00-0017322,Ricky Watters,83,<150,32,5.0,11.9,59.5,0,0.0,0.0,True
2014,00-0030985,Trey Watts,10,<150,23,4.0,1.95,7.8,0,0.0,0.0,True
2012,00-0027007,Chris Wells,89,<150,24,8.0,6.85,54.8,0,0.0,0.0,True
2002,00-0021223,Jonathan Wells,206,200-249,23,16.0,5.16875,82.7,0,0.0,0.0,True
2017,00-0030668,Charcandrick West,45,<150,26,12.0,6.1000000000000005,73.2,0,0.0,0.0,True
2017,00-0031375,Terrance West,41,<150,26,5.0,5.62,28.1,0,0.0,0.0,True
2010,00-0021216,Brian Westbrook,93,<150,31,13.0,7.3076923076923075,95.0,0,0.0,0.0,True
2004,00-0017486,Tyrone Wheatley,100,<150,32,8.0,9.9375,79.5,0,0.0,0.0,True
2009,00-0024260,LenDale White,67,<150,25,13.0,2.815384615384616,36.6,0,0.0,0.0,True
2004,00-0019057,Jamel White,33,<150,26,10.0,1.63,16.3,0,0.0,0.0,True
2020,00-0031062,James White,84,<150,28,14.0,8.328571428571427,116.6,0,0.0,0.0,True
2011,00-0028071,Johnny White,13,<150,23,4.0,1.125,4.5,0,0.0,0.0,True
2024,00-0037256,Rachaad White,195,150-199,25,15.0,13.306666666666668,199.6,17.0,8.411764705882353,143.0,False
2024,00-0038040,Zamir White,71,<150,25,8.0,3.6625,29.3,5.0,1.92,9.6,False
2017,00-0029731,Fozzy Whittaker,12,<150,28,8.0,2.1875,17.5,0,0.0,0.0,True
2019,00-0035596,Kerrith Whyte,25,<150,23,6.0,2.35,14.1,0,0.0,0.0,True
2002,00-0019614,Michael Wiley,35,<150,24,16.0,3.1375,50.2,0,0.0,0.0,True
2020,00-0034400,Jordan Wilkins,96,<150,26,12.0,5.125,61.5,0,0.0,0.0,True
2015,00-0031055,Andre Williams,89,<150,23,16.0,2.225,35.6,0,0.0,0.0,True
2022,00-0036950,Avery Williams,35,<150,24,14.0,2.571428571428572,36.0,0,0.0,0.0,True
2011,00-0023440,Cadillac Williams,101,<150,29,11.0,5.763636363636364,63.4,0,0.0,0.0,True
2019,00-0030874,Damien Williams,141,<150,27,11.0,12.827272727272726,141.1,0,0.0,0.0,True
2022,00-0034301,Darrel Williams,25,<150,27,5.0,4.220000000000001,21.1,0,0.0,0.0,True
2016,00-0024242,DeAngelo Williams,116,<150,33,8.0,12.5125,100.1,0,0.0,0.0,True
2005,00-0021979,Domanick Williams,269,250-299,25,11.0,18.572727272727278,204.3,0,0.0,0.0,True
2003,00-0017915,Ricky Williams,442,350+,26,16.0,17.01875,272.3,0,0.0,0.0,True
2024,00-0033948,Jamaal Williams,57,<150,29,13.0,2.853846153846154,37.1,0,0.0,0.0,True
2024,00-0036997,Javonte Williams,191,150-199,24,17.0,9.288235294117648,157.9,16.0,15.175,242.8,False
2016,00-0032975,Jonathan Williams,28,<150,22,8.0,1.55,12.4,0,0.0,0.0,True
2015,00-0032152,Karlos Williams,104,<150,22,11.0,11.3,124.3,0,0.0,0.0,True
2011,00-0027214,Keiland Williams,66,<150,25,12.0,3.641666666666667,43.7,0,0.0,0.0,True
2017,00-0030117,Kerwynn Williams,130,<150,26,15.0,4.526666666666667,67.9,0,0.0,0.0,True
2024,00-0037840,Kyren Williams,350,350+,24,16.0,17.00625,272.1,17.0,15.488235294117649,263.3,False
2005,00-0017892,Moe Williams,21,<150,31,5.0,3.04,15.2,0,0.0,0.0,True
2003,00-0020739,Ricky Williams,70,<150,25,8.0,8.4,67.2,0,0.0,0.0,True
2012,00-0027976,Ryan Williams,65,<150,22,5.0,4.76,23.8,0,0.0,0.0,True
2005,00-0022538,Shaud Williams,62,<150,25,14.0,3.192857142857143,44.7,0,0.0,0.0,True
2023,00-0035291,Trayveon Williams,22,<150,26,14.0,1.0642857142857145,14.9,0,0.0,0.0,True
2021,00-0036457,Ty'Son Williams,44,<150,25,7.0,5.985714285714286,41.9,0,0.0,0.0,True
2013,00-0029251,David Wilson,46,<150,22,5.0,3.88,19.4,0,0.0,0.0,True
2024,00-0038797,Emanuel Wilson,114,<150,25,17.0,5.647058823529412,96.0,16.0,5.90625,94.5,False
2024,00-0034115,Jeff Wilson,19,<150,29,7.0,1.5142857142857142,10.6,0,0.0,0.0,True
2018,00-0034621,Shaun Wilson,9,<150,23,5.0,1.28,6.4,0,0.0,0.0,True
2014,00-0030247,George Winn,19,<150,24,5.0,1.46,7.3,0,0.0,0.0,True
2011,00-0022821,Michael Turner,318,300-349,29,16.0,14.3625,229.8,16.0,10.9875,175.8,False
2023,00-0038622,Deuce Vaughn,30,<150,22,6.0,2.5,15.0,5.0,2.3600000000000003,11.8,False
2022,00-0036450,Ke'Shawn Vaughn,20,<150,25,5.0,2.04,10.2,5.0,1.28,6.4,False
2016,00-0027994,Shane Vereen,44,<150,27,5.0,7.640000000000001,38.2,15.0,5.58,83.7,False
2023,00-0038134,Kenneth Walker III,248,200-249,23,15.0,13.293333333333331,199.4,11.0,16.472727272727273,181.2,False
2005,00-0022770,Derrick Ward,37,<150,25,10.0,1.56,15.6,0,0.0,0.0,True
2016,00-0031682,Terron Ward,32,<150,24,5.0,3.44,17.2,4.0,3.825,15.3,False
2011,00-0024559,D.J. Ware,73,<150,26,15.0,4.3133333333333335,64.7,14.0,2.0785714285714287,29.1,False
2016,00-0030414,Spencer Ware,247,200-249,25,14.0,13.842857142857143,193.8,0,0.0,0.0,True
2023,00-0037228,Jaylen Warren,210,200-249,25,17.0,11.552941176470588,196.4,15.0,8.273333333333333,124.1,False
2019,00-0032940,DeAndre Washington,144,<150,26,16.0,7.61875,121.9,4.0,4.275,17.1,False
2018,00-0032450,Dwayne Washington,27,<150,24,4.0,3.85,15.4,4.0,1.9,7.6,False
2014,00-0024332,Leon Washington,35,<150,32,11.0,5.054545454545455,55.6,0,0.0,0.0,True
2002,00-0019808,Kenny Watson,148,<150,24,15.0,8.18,122.7,0,0.0,0.0,True
2011,00-0027007,Chris Wells,255,250-299,23,14.0,12.564285714285717,175.9,8.0,6.85,54.8,False
2005,00-0021223,Jonathan Wells,112,<150,26,13.0,7.415384615384616,96.4,0,0.0,0.0,True
2016,00-0030668,Charcandrick West,116,<150,25,15.0,6.2733333333333325,94.1,12.0,6.1000000000000005,73.2,False
2016,00-0031375,Terrance West,227,200-249,25,16.0,10.6875,171.0,5.0,5.62,28.1,False
2009,00-0021216,Brian Westbrook,86,<150,30,8.0,10.3125,82.5,13.0,7.3076923076923075,95.0,False
2003,00-0017486,Tyrone Wheatley,171,150-199,31,15.0,7.453333333333333,111.8,8.0,9.9375,79.5,False
2008,00-0024260,LenDale White,205,200-249,24,16.0,10.74375,171.9,13.0,2.815384615384616,36.6,False
2003,00-0019057,Jamel White,116,<150,25,16.0,7.05625,112.9,10.0,1.63,16.3,False
2019,00-0031062,James White,139,<150,27,15.0,13.493333333333334,202.4,14.0,8.328571428571427,116.6,False
2023,00-0037256,Rachaad White,336,300-349,24,17.0,15.758823529411764,267.9,15.0,13.306666666666668,199.6,False
2023,00-0038040,Zamir White,119,<150,24,13.0,5.684615384615385,73.9,8.0,3.6625,29.3,False
2016,00-0029731,Fozzy Whittaker,82,<150,27,16.0,4.50625,72.1,8.0,2.1875,17.5,False
2001,00-0019614,Michael Wiley,50,<150,23,15.0,3.773333333333333,56.6,16.0,3.1375,50.2,False
2022,00-0034400,Jordan Wilkins,19,<150,28,4.0,3.675,14.7,0,0.0,0.0,True
2014,00-0031055,Andre Williams,235,200-249,22,16.0,9.06875,145.1,16.0,2.225,35.6,False
2010,00-0023440,Cadillac Williams,171,150-199,28,16.0,8.825,141.2,11.0,5.763636363636364,63.4,False
2021,00-0030874,Damien Williams,56,<150,29,10.0,6.07,60.7,0,0.0,0.0,True
2021,00-0034301,Darrel Williams,191,150-199,26,17.0,11.529411764705882,196.0,5.0,4.220000000000001,21.1,False
2015,00-0024242,DeAngelo Williams,240,200-249,32,16.0,14.5875,233.4,8.0,12.5125,100.1,False
2004,00-0021979,Domanick Williams,370,350+,24,15.0,21.506666666666668,322.6,11.0,18.572727272727278,204.3,False
2005,00-0017915,Ricky Williams,185,150-199,28,12.0,11.216666666666669,134.6,0,0.0,0.0,True
2023,00-0033948,Jamaal Williams,124,<150,28,13.0,4.676923076923076,60.8,13.0,2.853846153846154,37.1,False
2023,00-0036997,Javonte Williams,264,250-299,23,16.0,11.2125,179.4,17.0,9.288235294117648,157.9,False
2019,00-0032975,Jonathan Williams,54,<150,25,4.0,10.1,40.4,0,0.0,0.0,True
2010,00-0027214,Keiland Williams,104,<150,24,14.0,8.857142857142858,124.0,12.0,3.641666666666667,43.7,False
2016,00-0030117,Kerwynn Williams,19,<150,25,4.0,7.325,29.3,15.0,4.526666666666667,67.9,False
2023,00-0037840,Kyren Williams,260,250-299,23,12.0,21.25,255.0,16.0,17.00625,272.1,False
2004,00-0017892,Moe Williams,51,<150,30,13.0,6.492307692307692,84.4,5.0,3.04,15.2,False
2004,00-0022538,Shaud Williams,45,<150,24,4.0,8.4,33.6,14.0,3.192857142857143,44.7,False
2020,00-0035291,Trayveon Williams,31,<150,23,6.0,3.6166666666666663,21.7,0,0.0,0.0,True
2012,00-0029251,David Wilson,75,<150,21,14.0,5.514285714285714,77.2,5.0,3.88,19.4,False
2023,00-0038797,Emanuel Wilson,18,<150,24,5.0,2.96,14.8,17.0,5.647058823529412,96.0,False
2023,00-0034115,Jeff Wilson,55,<150,28,9.0,4.588888888888889,41.3,7.0,1.5142857142857142,10.6,False
2010,00-0022821,Michael Turner,346,300-349,28,16.0,14.1,225.6,16.0,14.3625,229.8,False
2021,00-0036450,Ke'Shawn Vaughn,40,<150,24,6.0,6.1000000000000005,36.6,5.0,2.04,10.2,False
2015,00-0027994,Shane Vereen,120,<150,26,16.0,9.9,158.4,5.0,7.640000000000001,38.2,False
2022,00-0038134,Kenneth Walker III,255,250-299,22,15.0,13.5,202.5,15.0,13.293333333333331,199.4,False
2010,00-0022770,Derrick Ward,58,<150,30,14.0,4.914285714285714,68.8,5.0,5.48,27.4,False
2015,00-0031682,Terron Ward,38,<150,23,10.0,3.18,31.8,5.0,3.44,17.2,False
2010,00-0024559,D.J. Ware,27,<150,25,7.0,3.0,21.0,15.0,4.3133333333333335,64.7,False
2015,00-0030414,Spencer Ware,78,<150,24,9.0,9.2,82.8,14.0,13.842857142857143,193.8,False
2022,00-0037228,Jaylen Warren,105,<150,24,16.0,5.83125,93.3,17.0,11.552941176470588,196.4,False
2018,00-0032940,DeAndre Washington,31,<150,25,8.0,1.425,11.4,16.0,7.61875,121.9,False
2017,00-0032450,Dwayne Washington,22,<150,23,5.0,1.56,7.8,4.0,3.85,15.4,False
2011,00-0024332,Leon Washington,63,<150,29,16.0,2.85,45.6,11.0,2.4909090909090907,27.4,False
2008,00-0019808,Kenny Watson,17,<150,30,7.0,1.2714285714285716,8.9,0,0.0,0.0,True
2010,00-0027007,Chris Wells,121,<150,22,13.0,4.93076923076923,64.1,14.0,12.564285714285717,175.9,False
2004,00-0021223,Jonathan Wells,93,<150,25,13.0,6.076923076923077,79.0,13.0,7.415384615384616,96.4,False
2015,00-0030668,Charcandrick West,180,150-199,24,13.0,10.215384615384616,132.8,15.0,6.2733333333333325,94.1,False
2015,00-0031375,Terrance West,66,<150,24,8.0,3.15,25.2,16.0,10.6875,171.0,False
2008,00-0021216,Brian Westbrook,287,250-299,29,14.0,19.25714285714286,269.6,8.0,10.3125,82.5,False
2002,00-0017486,Tyrone Wheatley,120,<150,30,14.0,5.214285714285714,73.0,15.0,7.453333333333333,111.8,False
2007,00-0024260,LenDale White,324,300-349,23,16.0,11.0125,176.2,16.0,10.74375,171.9,False
2002,00-0019057,Jamel White,169,150-199,24,14.0,12.37142857142857,173.2,16.0,7.05625,112.9,False
2018,00-0031062,James White,181,150-199,26,16.0,17.2875,276.6,15.0,13.493333333333334,202.4,False
2022,00-0037256,Rachaad White,179,150-199,23,16.0,8.75625,140.1,17.0,15.758823529411764,267.9,False
2022,00-0038040,Zamir White,17,<150,23,11.0,0.6363636363636364,7.0,13.0,5.684615384615385,73.9,False
2015,00-0029731,Fozzy Whittaker,37,<150,26,13.0,2.707692307692308,35.2,16.0,4.50625,72.1,False
2019,00-0034400,Jordan Wilkins,58,<150,25,12.0,4.5,54.0,12.0,5.125,61.5,False
2009,00-0023440,Cadillac Williams,238,200-249,27,16.0,10.90625,174.5,16.0,8.825,141.2,False
2018,00-0030874,Damien Williams,73,<150,26,10.0,9.86,98.6,11.0,12.827272727272726,141.1,False
2020,00-0034301,Darrel Williams,57,<150,25,13.0,4.1923076923076925,54.5,17.0,11.529411764705882,196.0,False
2014,00-0024242,DeAngelo Williams,67,<150,31,6.0,4.883333333333334,29.3,16.0,14.5875,233.4,False
2003,00-0021979,Domanick Williams,285,250-299,23,14.0,16.228571428571428,227.2,15.0,21.506666666666668,322.6,False
2011,00-0017915,Ricky Williams,121,<150,34,16.0,4.60625,73.7,0,0.0,0.0,True
2022,00-0033948,Jamaal Williams,274,250-299,27,17.0,13.3,226.1,13.0,4.676923076923076,60.8,False
2022,00-0036997,Javonte Williams,63,<150,22,4.0,10.5,42.0,16.0,11.2125,179.4,False
2022,00-0032975,Jonathan Williams,44,<150,28,7.0,3.742857142857143,26.2,0,0.0,0.0,True
2015,00-0030117,Kerwynn Williams,29,<150,24,5.0,4.36,21.8,4.0,7.325,29.3,False
2022,00-0037840,Kyren Williams,44,<150,22,8.0,3.8125,30.5,12.0,21.25,255.0,False
2003,00-0017892,Moe Williams,239,200-249,29,16.0,15.0875,241.4,13.0,6.492307692307692,84.4,False
2022,00-0035291,Trayveon Williams,8,<150,25,4.0,2.0,8.0,14.0,1.0642857142857145,14.9,False
2022,00-0034115,Jeff Wilson,198,150-199,27,16.0,9.90625,158.5,9.0,4.588888888888889,41.3,False
2009,00-0022821,Michael Turner,183,150-199,27,11.0,13.78181818181818,151.6,16.0,14.1,225.6,False
2020,00-0036450,Ke'Shawn Vaughn,31,<150,23,6.0,3.883333333333333,23.3,6.0,6.1000000000000005,36.6,False
2014,00-0027994,Shane Vereen,148,<150,25,16.0,10.3625,165.8,16.0,9.9,158.4,False
2009,00-0022770,Derrick Ward,135,<150,29,14.0,6.742857142857143,94.4,14.0,4.914285714285714,68.8,False
2009,00-0024559,D.J. Ware,16,<150,24,4.0,3.95,15.8,7.0,3.0,21.0,False
2017,00-0032940,DeAndre Washington,91,<150,24,15.0,5.666666666666667,85.0,8.0,1.425,11.4,False
2016,00-0032450,Dwayne Washington,100,<150,22,11.0,4.427272727272728,48.7,5.0,1.56,7.8,False
2010,00-0024332,Leon Washington,36,<150,28,14.0,3.6357142857142857,50.9,16.0,2.85,45.6,False
2007,00-0019808,Kenny Watson,230,200-249,29,15.0,13.573333333333332,203.6,7.0,1.2714285714285716,8.9,False
2009,00-0027007,Chris Wells,188,150-199,21,16.0,8.975,143.6,13.0,4.93076923076923,64.1,False
2014,00-0031375,Terrance West,182,150-199,23,14.0,8.05,112.7,8.0,3.15,25.2,False
2007,00-0021216,Brian Westbrook,368,350+,28,15.0,24.69333333333333,370.4,14.0,19.25714285714286,269.6,False
2001,00-0017486,Tyrone Wheatley,100,<150,29,11.0,7.245454545454546,79.7,14.0,5.214285714285714,73.0,False
2006,00-0024260,LenDale White,75,<150,22,13.0,3.4153846153846152,44.4,16.0,11.0125,176.2,False
2001,00-0019057,Jamel White,170,150-199,23,16.0,10.39375,166.3,14.0,12.37142857142857,173.2,False
2017,00-0031062,James White,99,<150,25,14.0,9.571428571428571,134.0,16.0,17.2875,276.6,False
2014,00-0029731,Fozzy Whittaker,37,<150,25,8.0,4.6875,37.5,13.0,2.707692307692308,35.2,False
2018,00-0034400,Jordan Wilkins,76,<150,24,13.0,4.623076923076924,60.1,12.0,4.5,54.0,False
2008,00-0023440,Cadillac Williams,70,<150,26,6.0,9.766666666666667,58.6,16.0,10.90625,174.5,False
2017,00-0030874,Damien Williams,66,<150,25,10.0,5.96,59.6,10.0,9.86,98.6,False
2019,00-0034301,Darrel Williams,56,<150,24,9.0,7.533333333333333,67.8,13.0,4.1923076923076925,54.5,False
2013,00-0024242,DeAngelo Williams,227,200-249,30,15.0,10.906666666666666,163.6,6.0,4.883333333333334,29.3,False
2010,00-0017915,Ricky Williams,178,150-199,33,16.0,7.15,114.4,16.0,4.60625,73.7,False
2021,00-0033948,Jamaal Williams,179,150-199,26,13.0,9.215384615384616,119.8,17.0,13.3,226.1,False
2021,00-0036997,Javonte Williams,246,200-249,21,17.0,12.052941176470588,204.9,4.0,10.5,42.0,False
2021,00-0032975,Jonathan Williams,21,<150,27,5.0,4.14,20.7,7.0,3.742857142857143,26.2,False
2014,00-0030117,Kerwynn Williams,55,<150,23,4.0,6.925,27.7,5.0,4.36,21.8,False
2002,00-0017892,Moe Williams,111,<150,28,16.0,9.80625,156.9,16.0,15.0875,241.4,False
2021,00-0034115,Jeff Wilson,86,<150,26,6.0,8.583333333333334,51.5,16.0,9.90625,158.5,False
2008,00-0022821,Michael Turner,383,350+,26,16.0,17.375,278.0,11.0,13.78181818181818,151.6,False
2013,00-0027994,Shane Vereen,91,<150,24,8.0,16.8125,134.5,16.0,10.3625,165.8,False
2008,00-0022770,Derrick Ward,223,200-249,28,16.0,12.11875,193.9,14.0,6.742857142857143,94.4,False
2016,00-0032940,DeAndre Washington,104,<150,23,13.0,6.553846153846154,85.2,15.0,5.666666666666667,85.0,False
2009,00-0024332,Leon Washington,86,<150,27,7.0,8.442857142857143,59.1,14.0,3.6357142857142857,50.9,False
2006,00-0019808,Kenny Watson,48,<150,28,15.0,4.2733333333333325,64.1,15.0,13.573333333333332,203.6,False
2006,00-0021216,Brian Westbrook,317,300-349,27,15.0,22.040000000000003,330.6,15.0,24.69333333333333,370.4,False
2016,00-0031062,James White,99,<150,24,16.0,10.10625,161.7,14.0,9.571428571428571,134.0,False
2013,00-0029731,Fozzy Whittaker,49,<150,24,9.0,6.266666666666667,56.4,8.0,4.6875,37.5,False
2007,00-0023440,Cadillac Williams,57,<150,25,4.0,9.875,39.5,6.0,9.766666666666667,58.6,False
2016,00-0030874,Damien Williams,58,<150,24,15.0,6.226666666666668,93.4,10.0,5.96,59.6,False
2012,00-0024242,DeAngelo Williams,186,150-199,29,16.0,8.875,142.0,15.0,10.906666666666666,163.6,False
2009,00-0017915,Ricky Williams,276,250-299,32,16.0,15.48125,247.7,16.0,7.15,114.4,False
2020,00-0033948,Jamaal Williams,150,150-199,25,14.0,9.107142857142858,127.5,13.0,9.215384615384616,119.8,False
2001,00-0017892,Moe Williams,88,<150,27,13.0,5.4692307692307685,71.1,16.0,9.80625,156.9,False
2020,00-0034115,Jeff Wilson,139,<150,25,11.0,12.936363636363636,142.3,6.0,8.583333333333334,51.5,False
2007,00-0022821,Michael Turner,75,<150,25,14.0,2.942857142857143,41.2,16.0,17.375,278.0,False
2012,00-0027994,Shane Vereen,70,<150,23,11.0,6.363636363636363,70.0,8.0,16.8125,134.5,False
2007,00-0022770,Derrick Ward,151,150-199,27,8.0,15.7625,126.1,16.0,12.11875,193.9,False
2008,00-0024332,Leon Washington,123,<150,26,16.0,11.41875,182.7,7.0,8.442857142857143,59.1,False
2005,00-0021216,Brian Westbrook,218,200-249,26,12.0,19.0,228.0,15.0,22.040000000000003,330.6,False
2015,00-0031062,James White,62,<150,23,12.0,10.216666666666669,122.6,16.0,10.10625,161.7,False
2006,00-0023440,Cadillac Williams,255,250-299,24,14.0,9.242857142857144,129.4,4.0,9.875,39.5,False
2015,00-0030874,Damien Williams,37,<150,23,13.0,3.4692307692307693,45.1,15.0,6.226666666666668,93.4,False
2011,00-0024242,DeAngelo Williams,171,150-199,28,16.0,9.6625,154.6,16.0,8.875,142.0,False
2008,00-0017915,Ricky Williams,190,150-199,31,16.0,8.90625,142.5,16.0,15.48125,247.7,False
2019,00-0033948,Jamaal Williams,146,<150,24,14.0,10.45,146.3,14.0,9.107142857142858,127.5,False
2019,00-0034115,Jeff Wilson,30,<150,24,8.0,5.8625,46.9,11.0,12.936363636363636,142.3,False
2006,00-0022821,Michael Turner,83,<150,24,13.0,5.376923076923077,69.9,14.0,2.942857142857143,41.2,False
2007,00-0024332,Leon Washington,107,<150,25,15.0,8.669333333333332,130.04,16.0,11.41875,182.7,False
2004,00-0021216,Brian Westbrook,251,250-299,25,13.0,21.23846153846154,276.1,12.0,19.0,228.0,False
2005,00-0023440,Cadillac Williams,310,300-349,23,14.0,12.707142857142856,177.9,14.0,9.242857142857144,129.4,False
2014,00-0030874,Damien Williams,57,<150,22,12.0,4.825,57.9,13.0,3.4692307692307693,45.1,False
2010,00-0024242,DeAngelo Williams,98,<150,27,6.0,9.566666666666666,57.4,16.0,9.6625,154.6,False
2002,00-0017915,Ricky Williams,430,350+,25,16.0,22.5375,360.6,16.0,17.01875,272.3,False
2018,00-0033948,Jamaal Williams,148,<150,23,16.0,7.15,114.4,14.0,10.45,146.3,False
2018,00-0034115,Jeff Wilson,78,<150,23,6.0,7.399999999999999,44.4,8.0,5.8625,46.9,False
2005,00-0022821,Michael Turner,57,<150,23,11.0,4.681818181818182,51.5,13.0,5.376923076923077,69.9,False
2006,00-0024332,Leon Washington,176,150-199,24,15.0,9.433333333333334,141.5,15.0,8.669333333333332,130.04,False
2003,00-0021216,Brian Westbrook,154,150-199,24,15.0,14.033333333333331,210.5,13.0,21.23846153846154,276.1,False
2009,00-0024242,DeAngelo Williams,245,200-249,26,13.0,15.7,204.1,6.0,9.566666666666666,57.4,False
2001,00-0017915,Ricky Williams,373,350+,24,16.0,16.6,265.6,16.0,22.5375,360.6,False
2017,00-0033948,Jamaal Williams,178,150-199,22,14.0,10.2,142.8,16.0,7.15,114.4,False
2002,00-0021216,Brian Westbrook,55,<150,23,14.0,2.707142857142857,37.9,15.0,14.033333333333331,210.5,False
2008,00-0024242,DeAngelo Williams,296,250-299,25,16.0,19.25625,308.1,13.0,15.7,204.1,False
2007,00-0024242,DeAngelo Williams,168,150-199,24,16.0,8.6125,137.8,16.0,19.25625,308.1,False
2006,00-0024242,DeAngelo Williams,154,150-199,23,13.0,9.723076923076924,126.4,16.0,8.6125,137.8,False
2009,00-0025480,Garrett Wolfe,24,<150,25,6.0,3.533333333333333,21.2,0,0.0,0.0,True
2017,00-0026019,Danny Woodhead,47,<150,32,8.0,7.325,58.6,0,0.0,0.0,True
2007,00-0025498,Dwayne Wright,32,<150,24,10.0,1.21,12.1,0,0.0,0.0,True
2010,00-0022288,Jason Wright,14,<150,28,8.0,1.875,15.0,0,0.0,0.0,True
2024,00-0039874,Jaylen Wright,71,<150,21,13.0,2.0538461538461537,26.7,9.0,5.355555555555556,48.2,False
2007,00-0025615,DeShawn Wynn,59,<150,24,7.0,8.657142857142857,60.6,0,0.0,0.0,True
2019,00-0032209,T.J. Yeldon,30,<150,26,4.0,7.425,29.7,0,0.0,0.0,True
2008,00-0024549,Selvin Young,64,<150,25,8.0,4.8625,38.9,0,0.0,0.0,True
2018,00-0031665,Zach Zenner,62,<150,27,7.0,8.157142857142857,57.1,0,0.0,0.0,True
2004,00-0018501,Amos Zereoue,151,150-199,28,15.0,8.393333333333334,125.9,0,0.0,0.0,True
2008,00-0025480,Garrett Wolfe,15,<150,24,5.0,1.38,6.9,6.0,3.533333333333333,21.2,False
2013,00-0026019,Danny Woodhead,182,150-199,28,16.0,13.81875,221.1,0,0.0,0.0,True
2009,00-0022288,Jason Wright,12,<150,27,10.0,2.8,28.0,8.0,1.875,15.0,False
2018,00-0032209,T.J. Yeldon,159,150-199,25,14.0,12.264285714285714,171.7,4.0,7.425,29.7,False
2007,00-0024549,Selvin Young,175,150-199,24,15.0,9.0,135.0,8.0,4.8625,38.9,False
2017,00-0031665,Zach Zenner,14,<150,26,7.0,1.2285714285714284,8.6,7.0,8.157142857142857,57.1,False
2003,00-0018501,Amos Zereoue,172,150-199,27,16.0,7.89375,126.3,15.0,8.393333333333334,125.9,False
2007,00-0025480,Garrett Wolfe,40,<150,23,9.0,3.2444444444444445,29.2,5.0,1.38,6.9,False
2015,00-0026019,Danny Woodhead,178,150-199,30,16.0,15.19375,243.1,0,0.0,0.0,True
2008,00-0022288,Jason Wright,45,<150,26,12.0,4.341666666666667,52.1,10.0,2.8,28.0,False
2017,00-0032209,T.J. Yeldon,79,<150,24,10.0,8.77,87.7,14.0,12.264285714285714,171.7,False
2016,00-0031665,Zach Zenner,106,<150,25,11.0,8.454545454545455,93.0,7.0,1.2285714285714284,8.6,False
2002,00-0018501,Amos Zereoue,235,200-249,26,16.0,10.76875,172.3,16.0,7.89375,126.3,False
2012,00-0026019,Danny Woodhead,116,<150,27,15.0,10.446666666666664,156.7,16.0,13.81875,221.1,False
2007,00-0022288,Jason Wright,84,<150,25,15.0,5.260000000000001,78.9,12.0,4.341666666666667,52.1,False
2016,00-0032209,T.J. Yeldon,180,150-199,23,15.0,9.18,137.7,10.0,8.77,87.7,False
2015,00-0031665,Zach Zenner,19,<150,24,4.0,2.275,9.1,11.0,8.454545454545455,93.0,False
2001,00-0018501,Amos Zereoue,98,<150,25,13.0,6.1923076923076925,80.5,16.0,10.76875,172.3,False
2011,00-0026019,Danny Woodhead,95,<150,26,14.0,5.671428571428572,79.4,15.0,10.446666666666664,156.7,False
2006,00-0022288,Jason Wright,68,<150,24,8.0,3.8875,31.1,15.0,5.260000000000001,78.9,False
2015,00-0032209,T.J. Yeldon,218,200-249,22,12.0,12.991666666666667,155.9,15.0,9.18,137.7,False
2010,00-0026019,Danny Woodhead,131,<150,25,14.0,11.471428571428572,160.6,14.0,5.671428571428572,79.4,False
2009,00-0026019,Danny Woodhead,23,<150,24,7.0,3.3000000000000003,23.1,14.0,11.471428571428572,160.6,False
