season,team,owner,general_manager,gm_notes,head_coach
1898,ARI,Chris O'Brien,No distinct GM position,Owner Chris O'Brien directed team,(unknown)
1899,ARI,Chris O'Brien,No distinct GM position,Owner Chris O'Brien directed team,(unknown)
1900,ARI,Chris O'Brien,No distinct GM position,Owner Chris O'Brien directed team,(unknown)
1901,ARI,Chris O'Brien,No distinct GM position,Owner Chris O'Brien directed team,(unknown)
1902,ARI,Chris O'Brien,No distinct GM position,Owner Chris O'Brien directed team,(unknown)
1903,ARI,Chris O'Brien,No distinct GM position,Owner Chris O'Brien directed team,(unknown)
1904,ARI,Chris O'Brien,No distinct GM position,Owner Chris O'Brien directed team,(unknown)
1905,ARI,Chris O'Brien,No distinct GM position,Owner Chris O'Brien directed team,(unknown)
1906,ARI,Chris O'Brien,No distinct GM position,Owner Chris O'Brien directed team,(unknown)
1907,ARI,Chris O'Brien,No distinct GM position,Owner Chris O'Brien directed team,(unknown)
1908,ARI,Chris O'Brien,No distinct GM position,Owner Chris O'Brien directed team,(unknown)
1909,ARI,Chris O'Brien,No distinct GM position,Owner Chris O'Brien directed team,(unknown)
1910,ARI,Chris O'Brien,No distinct GM position,Owner Chris O'Brien directed team,(unknown)
1911,ARI,Chris O'Brien,No distinct GM position,Owner Chris O'Brien directed team,(unknown)
1912,ARI,Chris O'Brien,No distinct GM position,Owner Chris O'Brien directed team,(unknown)
1913,ARI,Chris O'Brien,No distinct GM position,Owner Chris O'Brien directed team,(unknown)
1914,ARI,Chris O'Brien,No distinct GM position,Owner Chris O'Brien directed team,(unknown)
1915,ARI,Chris O'Brien,No distinct GM position,Owner Chris O'Brien directed team,(unknown)
1916,ARI,Chris O'Brien,No distinct GM position,Owner Chris O'Brien directed team,(unknown)
1917,ARI,Chris O'Brien,No distinct GM position,Owner Chris O'Brien directed team,(unknown)
1918,ARI,Chris O'Brien,No distinct GM position,Owner Chris O'Brien directed team,(unknown)
1919,ARI,Chris O'Brien,No distinct GM position,Owner Chris O'Brien directed team,(unknown)
1920,ARI,Chris O'Brien,No distinct GM position,Owner Chris O'Brien directed team,Paddy Driscoll
1921,ARI,Chris O'Brien,No distinct GM position,Owner Chris O'Brien directed team,Paddy Driscoll
1922,ARI,Chris O'Brien,No distinct GM position,Owner Chris O'Brien directed team,Paddy Driscoll
1923,ARI,Chris O'Brien,No distinct GM position,Owner Chris O'Brien directed team,Arnie Horween
1924,ARI,Chris O'Brien,No distinct GM position,Owner Chris O'Brien directed team,Arnie Horween
1925,ARI,Chris O'Brien,No distinct GM position,Owner Chris O'Brien directed team,Norman Barry
1926,ARI,Chris O'Brien,No distinct GM position,Owner Chris O'Brien directed team,Norman Barry
1927,ARI,Chris O'Brien,No distinct GM position,Owner Chris O'Brien directed team,Guy Chamberlin
1928,ARI,Chris O'Brien,No distinct GM position,Owner Chris O'Brien directed team,Fred Gillies
1929,ARI,David Jones,No distinct GM position,Owner David Jones directed team,Dewey Scanlon
1930,ARI,David Jones,No distinct GM position,Owner David Jones directed team,Ernie Nevers
1931,ARI,David Jones,No distinct GM position,Owner David Jones directed team,Roy Andrews
1932,ARI,David Jones,No distinct GM position,Owner David Jones directed team,Jack Chevigny
1933,ARI,Charles Bidwill Sr.,No distinct GM position,Owner Charles Bidwill directed team,Paul Schissler
1934,ARI,Charles Bidwill Sr.,No distinct GM position,Owner Charles Bidwill directed team,Paul Schissler
1935,ARI,Charles Bidwill Sr.,No distinct GM position,Owner Charles Bidwill directed team,Milan Creighton
1936,ARI,Charles Bidwill Sr.,Arch Wolfe,General Manager,Milan Creighton
1937,ARI,Charles Bidwill Sr.,Arch Wolfe,General Manager,Milan Creighton
1938,ARI,Charles Bidwill Sr.,Arch Wolfe,General Manager,Milan Creighton
1939,ARI,Charles Bidwill Sr.,Arch Wolfe,General Manager,Ernie Nevers (2nd stint)
1940,ARI,Charles Bidwill Sr.,Arch Wolfe,General Manager,Jimmy Conzelman
1941,ARI,Charles Bidwill Sr.,Arch Wolfe,General Manager,Jimmy Conzelman
1942,ARI,Charles Bidwill Sr.,Arch Wolfe,General Manager,Jimmy Conzelman
1943,ARI,Charles Bidwill Sr.,Arch Wolfe,General Manager,"Phil Handler (""Card-Pitt"" merger w/ Pittsburgh; co-coached 1944 with Kiesling)"
1944,ARI,Charles Bidwill Sr.,Arch Wolfe,General Manager,"Phil Handler (""Card-Pitt"" merger w/ Pittsburgh; co-coached 1944 with Kiesling)"
1945,ARI,Charles Bidwill Sr.,Arch Wolfe,General Manager,"Phil Handler (""Card-Pitt"" merger w/ Pittsburgh; co-coached 1944 with Kiesling)"
1946,ARI,Charles Bidwill Sr.,Arch Wolfe,General Manager,Jimmy Conzelman (2nd stint)
1947,ARI,Violet Bidwill Wolfner,Ray Bennigsen,President/de facto GM,Jimmy Conzelman (2nd stint)
1948,ARI,Violet Bidwill Wolfner,Ray Bennigsen,President/de facto GM,Jimmy Conzelman (2nd stint)
1949,ARI,Violet Bidwill Wolfner,Ray Bennigsen,President/de facto GM,Buddy Parker
1950,ARI,Violet Bidwill Wolfner,Ray Bennigsen,President/de facto GM,Curly Lambeau
1951,ARI,Violet Bidwill Wolfner,Walter Wolfner,Managing Director,Cecil Isbell (interim)
1952,ARI,Violet Bidwill Wolfner,Walter Wolfner,Managing Director,Joe Kuharich
1953,ARI,Violet Bidwill Wolfner,Walter Wolfner,Managing Director,Joe Stydahar
1954,ARI,Violet Bidwill Wolfner,Walter Wolfner,Managing Director,Joe Stydahar
1955,ARI,Violet Bidwill Wolfner,Walter Wolfner,Managing Director,Ray Richards
1956,ARI,Violet Bidwill Wolfner,Walter Wolfner,Managing Director,Ray Richards
1957,ARI,Violet Bidwill Wolfner,Walter Wolfner,Managing Director,Ray Richards
1958,ARI,Violet Bidwill Wolfner,Walter Wolfner,Managing Director,Pop Ivy
1959,ARI,Violet Bidwill Wolfner,Walter Wolfner,Managing Director,Pop Ivy
1960,ARI,Violet Bidwill Wolfner,Walter Wolfner,Managing Director,Pop Ivy
1961,ARI,Violet Bidwill Wolfner,Walter Wolfner,Managing Director,Chuck Drulis / Ray Prochaska / Ray Willsey (3-man interim committee)
1962,ARI,Charles Bidwill Jr. & Bill Bidwill,No distinct GM position,Owner Bill Bidwill directed team,Wally Lemm
1963,ARI,Charles Bidwill Jr. & Bill Bidwill,No distinct GM position,Owner Bill Bidwill directed team,Wally Lemm
1964,ARI,Charles Bidwill Jr. & Bill Bidwill,No distinct GM position,Owner Bill Bidwill directed team,Wally Lemm
1965,ARI,Charles Bidwill Jr. & Bill Bidwill,No distinct GM position,Owner Bill Bidwill directed team,Wally Lemm
1966,ARI,Charles Bidwill Jr. & Bill Bidwill,No distinct GM position,Owner Bill Bidwill directed team,Charley Winner
1967,ARI,Charles Bidwill Jr. & Bill Bidwill,No distinct GM position,Owner Bill Bidwill directed team,Charley Winner
1968,ARI,Charles Bidwill Jr. & Bill Bidwill,No distinct GM position,Owner Bill Bidwill directed team,Charley Winner
1969,ARI,Charles Bidwill Jr. & Bill Bidwill,No distinct GM position,Owner Bill Bidwill directed team,Charley Winner
1970,ARI,Charles Bidwill Jr. & Bill Bidwill,No distinct GM position,Owner Bill Bidwill directed team,Charley Winner
1971,ARI,Charles Bidwill Jr. & Bill Bidwill,No distinct GM position,Owner Bill Bidwill directed team,Bob Hollway
1972,ARI,Bill Bidwill,No distinct GM position,Owner Bill Bidwill directed team,Bob Hollway
1973,ARI,Bill Bidwill,No distinct GM position,Owner Bill Bidwill directed team,Don Coryell
1974,ARI,Bill Bidwill,No distinct GM position,Owner Bill Bidwill directed team,Don Coryell
1975,ARI,Bill Bidwill,No distinct GM position,Owner Bill Bidwill directed team,Don Coryell
1976,ARI,Bill Bidwill,No distinct GM position,Owner Bill Bidwill directed team,Don Coryell
1977,ARI,Bill Bidwill,Larry Wilson,VP & General Manager,Don Coryell
1978,ARI,Bill Bidwill,Larry Wilson,VP & General Manager,Bud Wilkinson
1979,ARI,Bill Bidwill,Larry Wilson,VP & General Manager,Larry Wilson (interim)
1980,ARI,Bill Bidwill,Larry Wilson,VP & General Manager,Jim Hanifan
1981,ARI,Bill Bidwill,Larry Wilson,VP & General Manager,Jim Hanifan
1982,ARI,Bill Bidwill,Larry Wilson,VP & General Manager,Jim Hanifan
1983,ARI,Bill Bidwill,Larry Wilson,VP & General Manager,Jim Hanifan
1984,ARI,Bill Bidwill,Larry Wilson,VP & General Manager,Jim Hanifan
1985,ARI,Bill Bidwill,Larry Wilson,VP & General Manager,Jim Hanifan
1986,ARI,Bill Bidwill,Larry Wilson,VP & General Manager,Gene Stallings
1987,ARI,Bill Bidwill,Larry Wilson,VP & General Manager,Gene Stallings
1988,ARI,Bill Bidwill,Larry Wilson,VP & General Manager,Gene Stallings
1989,ARI,Bill Bidwill,Larry Wilson,VP & General Manager,Hank Kuhlmann (interim)
1990,ARI,Bill Bidwill,Larry Wilson,VP & General Manager,Joe Bugel
1991,ARI,Bill Bidwill,Larry Wilson,VP & General Manager,Joe Bugel
1992,ARI,Bill Bidwill,Larry Wilson,VP & General Manager,Joe Bugel
1993,ARI,Bill Bidwill,Larry Wilson,VP & General Manager,Joe Bugel
1994,ARI,Bill Bidwill,Buddy Ryan,Head Coach & General Manager,Buddy Ryan
1995,ARI,Bill Bidwill,Buddy Ryan,Head Coach & General Manager,Buddy Ryan
1996,ARI,Bill Bidwill,Bob Ferguson,Dir./VP Player Personnel (GM title from 1999),Vince Tobin
1997,ARI,Bill Bidwill,Bob Ferguson,Dir./VP Player Personnel (GM title from 1999),Vince Tobin
1998,ARI,Bill Bidwill,Bob Ferguson,Dir./VP Player Personnel (GM title from 1999),Vince Tobin
1999,ARI,Bill Bidwill,Bob Ferguson,Dir./VP Player Personnel (GM title from 1999),Vince Tobin
2000,ARI,Bill Bidwill,Bob Ferguson,Dir./VP Player Personnel (GM title from 1999),Dave McGinnis
2001,ARI,Bill Bidwill,Bob Ferguson,Dir./VP Player Personnel (GM title from 1999),Dave McGinnis
2002,ARI,Bill Bidwill,Bob Ferguson,Dir./VP Player Personnel (GM title from 1999),Dave McGinnis
2003,ARI,Bill Bidwill,Rod Graves,General Manager/VP Football Operations,Dave McGinnis
2004,ARI,Bill Bidwill,Rod Graves,General Manager/VP Football Operations,Dennis Green
2005,ARI,Bill Bidwill,Rod Graves,General Manager/VP Football Operations,Dennis Green
2006,ARI,Bill Bidwill,Rod Graves,General Manager/VP Football Operations,Dennis Green
2007,ARI,Bill Bidwill,Rod Graves,General Manager/VP Football Operations,Ken Whisenhunt
2008,ARI,Bill Bidwill,Rod Graves,General Manager/VP Football Operations,Ken Whisenhunt
2009,ARI,Bill Bidwill,Rod Graves,General Manager/VP Football Operations,Ken Whisenhunt
2010,ARI,Bill Bidwill,Rod Graves,General Manager/VP Football Operations,Ken Whisenhunt
2011,ARI,Bill Bidwill,Rod Graves,General Manager/VP Football Operations,Ken Whisenhunt
2012,ARI,Bill Bidwill,Rod Graves,General Manager/VP Football Operations,Ken Whisenhunt
2013,ARI,Bill Bidwill,Steve Keim,General Manager,Bruce Arians
2014,ARI,Bill Bidwill,Steve Keim,General Manager,Bruce Arians
2015,ARI,Bill Bidwill,Steve Keim,General Manager,Bruce Arians
2016,ARI,Bill Bidwill,Steve Keim,General Manager,Bruce Arians
2017,ARI,Bill Bidwill,Steve Keim,General Manager,Bruce Arians
2018,ARI,Bill Bidwill,Steve Keim,General Manager,Steve Wilks
2019,ARI,Michael Bidwill,Steve Keim,General Manager,Kliff Kingsbury
2020,ARI,Michael Bidwill,Steve Keim,General Manager,Kliff Kingsbury
2021,ARI,Michael Bidwill,Steve Keim,General Manager,Kliff Kingsbury
2022,ARI,Michael Bidwill,Quentin Harris & Adrian Wilson,Interim Co-General Managers,Kliff Kingsbury
2023,ARI,Michael Bidwill,Monti Ossenfort,General Manager,Jonathan Gannon
2024,ARI,Michael Bidwill,Monti Ossenfort,General Manager,Jonathan Gannon
2025,ARI,Michael Bidwill,Monti Ossenfort,General Manager,Jonathan Gannon
2026,ARI,Michael Bidwill,Monti Ossenfort,General Manager,Jonathan Gannon
1966,ATL,Rankin M. Smith Sr.,No distinct GM position,President Rankin Smith Sr./VP Frank Wall,Norb Hecker
1967,ATL,Rankin M. Smith Sr.,Frank E. Wall,General Manager,Norb Hecker
1968,ATL,Rankin M. Smith Sr.,Frank E. Wall,General Manager,Norm Van Brocklin
1969,ATL,Rankin M. Smith Sr.,Frank E. Wall,General Manager,Norm Van Brocklin
1970,ATL,Rankin M. Smith Sr.,Norm Van Brocklin,Head Coach & General Manager,Norm Van Brocklin
1971,ATL,Rankin M. Smith Sr.,Norm Van Brocklin,Head Coach & General Manager,Norm Van Brocklin
1972,ATL,Rankin M. Smith Sr.,Norm Van Brocklin,Head Coach & General Manager,Norm Van Brocklin
1973,ATL,Rankin M. Smith Sr.,Norm Van Brocklin,Head Coach & General Manager,Norm Van Brocklin
1974,ATL,Rankin M. Smith Sr.,Norm Van Brocklin,Head Coach & General Manager,Marion Campbell (1st stint)
1975,ATL,Rankin M. Smith Sr.,Pat Peppler,General Manager,Marion Campbell (1st stint)
1976,ATL,Rankin M. Smith Sr.,Pat Peppler,General Manager,Pat Peppler (interim)
1977,ATL,Rankin M. Smith Sr.,Eddie LeBaron,General Manager,Leeman Bennett
1978,ATL,Rankin M. Smith Sr.,Eddie LeBaron,General Manager,Leeman Bennett
1979,ATL,Rankin M. Smith Sr.,Eddie LeBaron,General Manager,Leeman Bennett
1980,ATL,Rankin M. Smith Sr.,Eddie LeBaron,General Manager,Leeman Bennett
1981,ATL,Rankin M. Smith Sr.,Eddie LeBaron,General Manager,Leeman Bennett
1982,ATL,Rankin M. Smith Sr.,Tom Braatz,General Manager,Leeman Bennett
1983,ATL,Rankin M. Smith Sr.,Tom Braatz,General Manager,Dan Henning
1984,ATL,Rankin M. Smith Sr.,Tom Braatz,General Manager,Dan Henning
1985,ATL,Rankin M. Smith Sr.,Tom Braatz,General Manager,Dan Henning
1986,ATL,Rankin M. Smith Sr.,Tom Braatz,General Manager,Dan Henning
1987,ATL,Rankin M. Smith Sr.,Ken Herock,Director/VP of Player Personnel,Marion Campbell (2nd stint)
1988,ATL,Rankin M. Smith Sr.,Ken Herock,Director/VP of Player Personnel,Marion Campbell (2nd stint)
1989,ATL,Rankin M. Smith Sr.,Ken Herock,Director/VP of Player Personnel,Jim Hanifan (interim)
1990,ATL,Rankin M. Smith Sr.,Ken Herock,Director/VP of Player Personnel,Jerry Glanville
1991,ATL,Rankin M. Smith Sr.,Ken Herock,Director/VP of Player Personnel,Jerry Glanville
1992,ATL,Rankin M. Smith Sr.,Ken Herock,Director/VP of Player Personnel,Jerry Glanville
1993,ATL,Rankin M. Smith Sr.,Ken Herock,Director/VP of Player Personnel,Jerry Glanville
1994,ATL,Rankin M. Smith Sr.,Ken Herock,Director/VP of Player Personnel,June Jones
1995,ATL,Rankin M. Smith Sr.,Ken Herock,Director/VP of Player Personnel,June Jones
1996,ATL,Rankin M. Smith Sr.,Ken Herock,Director/VP of Player Personnel,June Jones
1997,ATL,Taylor Smith,Dan Reeves,EVP of Football Ops (also Head Coach),Dan Reeves
1998,ATL,Taylor Smith,Harold Richardson,General Manager,Dan Reeves
1999,ATL,Taylor Smith,Harold Richardson,General Manager,Dan Reeves
2000,ATL,Taylor Smith,Harold Richardson,General Manager,Dan Reeves
2001,ATL,Taylor Smith,Harold Richardson,General Manager,Dan Reeves
2002,ATL,Arthur Blank,No distinct GM position,"Ron Hill, VP of Football Operations",Dan Reeves
2003,ATL,Arthur Blank,Rich McKay,President & General Manager,Wade Phillips (interim)
2004,ATL,Arthur Blank,Rich McKay,President & General Manager,Jim Mora Jr.
2005,ATL,Arthur Blank,Rich McKay,President & General Manager,Jim Mora Jr.
2006,ATL,Arthur Blank,Rich McKay,President & General Manager,Jim Mora Jr.
2007,ATL,Arthur Blank,Rich McKay,President & General Manager,"Bobby Petrino (resigned mid-season) / Emmitt Thomas (interim, finished season)"
2008,ATL,Arthur Blank,Thomas Dimitroff,General Manager,Mike Smith
2009,ATL,Arthur Blank,Thomas Dimitroff,General Manager,Mike Smith
2010,ATL,Arthur Blank,Thomas Dimitroff,General Manager,Mike Smith
2011,ATL,Arthur Blank,Thomas Dimitroff,General Manager,Mike Smith
2012,ATL,Arthur Blank,Thomas Dimitroff,General Manager,Mike Smith
2013,ATL,Arthur Blank,Thomas Dimitroff,General Manager,Mike Smith
2014,ATL,Arthur Blank,Thomas Dimitroff,General Manager,Mike Smith
2015,ATL,Arthur Blank,Thomas Dimitroff,General Manager,Dan Quinn
2016,ATL,Arthur Blank,Thomas Dimitroff,General Manager,Dan Quinn
2017,ATL,Arthur Blank,Thomas Dimitroff,General Manager,Dan Quinn
2018,ATL,Arthur Blank,Thomas Dimitroff,General Manager,Dan Quinn
2019,ATL,Arthur Blank,Thomas Dimitroff,General Manager,Dan Quinn
2020,ATL,Arthur Blank,Rich McKay,Interim General Manager,"Raheem Morris (interim, 1st stint)"
2021,ATL,Arthur Blank,Terry Fontenot,General Manager,Arthur Smith
2022,ATL,Arthur Blank,Terry Fontenot,General Manager,Arthur Smith
2023,ATL,Arthur Blank,Terry Fontenot,General Manager,Arthur Smith
2024,ATL,Arthur Blank,Terry Fontenot,General Manager,"Raheem Morris (2nd stint, full-time)"
2025,ATL,Arthur Blank,Terry Fontenot,General Manager,"Raheem Morris (2nd stint, full-time)"
2026,ATL,Arthur Blank,Ian Cunningham,General Manager,Kevin Stefanski
1996,BAL,Art Modell,Ozzie Newsome,General Manager,Ted Marchibroda
1997,BAL,Art Modell,Ozzie Newsome,General Manager,Ted Marchibroda
1998,BAL,Art Modell,Ozzie Newsome,General Manager,Ted Marchibroda
1999,BAL,Art Modell,Ozzie Newsome,General Manager,Brian Billick
2000,BAL,Art Modell,Ozzie Newsome,General Manager,Brian Billick
2001,BAL,Art Modell,Ozzie Newsome,General Manager,Brian Billick
2002,BAL,Art Modell,Ozzie Newsome,General Manager,Brian Billick
2003,BAL,Art Modell,Ozzie Newsome,General Manager,Brian Billick
2004,BAL,Steve Bisciotti,Ozzie Newsome,General Manager,Brian Billick
2005,BAL,Steve Bisciotti,Ozzie Newsome,General Manager,Brian Billick
2006,BAL,Steve Bisciotti,Ozzie Newsome,General Manager,Brian Billick
2007,BAL,Steve Bisciotti,Ozzie Newsome,General Manager,Brian Billick
2008,BAL,Steve Bisciotti,Ozzie Newsome,General Manager,John Harbaugh
2009,BAL,Steve Bisciotti,Ozzie Newsome,General Manager,John Harbaugh
2010,BAL,Steve Bisciotti,Ozzie Newsome,General Manager,John Harbaugh
2011,BAL,Steve Bisciotti,Ozzie Newsome,General Manager,John Harbaugh
2012,BAL,Steve Bisciotti,Ozzie Newsome,General Manager,John Harbaugh
2013,BAL,Steve Bisciotti,Ozzie Newsome,General Manager,John Harbaugh
2014,BAL,Steve Bisciotti,Ozzie Newsome,General Manager,John Harbaugh
2015,BAL,Steve Bisciotti,Ozzie Newsome,General Manager,John Harbaugh
2016,BAL,Steve Bisciotti,Ozzie Newsome,General Manager,John Harbaugh
2017,BAL,Steve Bisciotti,Ozzie Newsome,General Manager,John Harbaugh
2018,BAL,Steve Bisciotti,Ozzie Newsome,General Manager,John Harbaugh
2019,BAL,Steve Bisciotti,Eric DeCosta,General Manager,John Harbaugh
2020,BAL,Steve Bisciotti,Eric DeCosta,General Manager,John Harbaugh
2021,BAL,Steve Bisciotti,Eric DeCosta,General Manager,John Harbaugh
2022,BAL,Steve Bisciotti,Eric DeCosta,General Manager,John Harbaugh
2023,BAL,Steve Bisciotti,Eric DeCosta,General Manager,John Harbaugh
2024,BAL,Steve Bisciotti,Eric DeCosta,General Manager,John Harbaugh
2025,BAL,Steve Bisciotti,Eric DeCosta,General Manager,John Harbaugh
2026,BAL,Steve Bisciotti,Eric DeCosta,General Manager,Jesse Minter
1960,BUF,Ralph Wilson,Dick Gallagher,,Buster Ramsey
1961,BUF,Ralph Wilson,Dick Gallagher,,Buster Ramsey
1962,BUF,Ralph Wilson,Dick Gallagher,,Lou Saban
1963,BUF,Ralph Wilson,Dick Gallagher,,Lou Saban
1964,BUF,Ralph Wilson,Dick Gallagher,,Lou Saban
1965,BUF,Ralph Wilson,Dick Gallagher,,Lou Saban
1966,BUF,Ralph Wilson,Dick Gallagher,,Joe Collier
1967,BUF,Ralph Wilson,Bob Lustig,VP & General Manager,Joe Collier
1968,BUF,Ralph Wilson,Bob Lustig,VP & General Manager,Harvey Johnson (interim)
1969,BUF,Ralph Wilson,Bob Lustig,VP & General Manager,John Rauch
1970,BUF,Ralph Wilson,Bob Lustig,VP & General Manager,John Rauch
1971,BUF,Ralph Wilson,Bob Lustig,VP & General Manager,Harvey Johnson (2nd stint)
1972,BUF,Ralph Wilson,Bob Lustig,VP & General Manager,Lou Saban (2nd stint)
1973,BUF,Ralph Wilson,Bob Lustig,VP & General Manager,Lou Saban (2nd stint)
1974,BUF,Ralph Wilson,Bob Lustig,VP & General Manager,Lou Saban (2nd stint)
1975,BUF,Ralph Wilson,Bob Lustig,VP & General Manager,Lou Saban (2nd stint)
1976,BUF,Ralph Wilson,Bob Lustig,VP & General Manager,Jim Ringo
1977,BUF,Ralph Wilson,Bob Lustig,VP & General Manager,Jim Ringo
1978,BUF,Ralph Wilson,Bob Lustig,VP & General Manager,Chuck Knox
1979,BUF,Ralph Wilson,Stew Barber,"VP, Administration",Chuck Knox
1980,BUF,Ralph Wilson,Stew Barber,"VP, Administration",Chuck Knox
1981,BUF,Ralph Wilson,Stew Barber,"VP, Administration",Chuck Knox
1982,BUF,Ralph Wilson,Stew Barber,"VP, Administration",Chuck Knox
1983,BUF,Ralph Wilson,Pat McGroder,Front-office chief (no formal GM title),Kay Stephenson
1984,BUF,Ralph Wilson,Terry Bledsoe,,Kay Stephenson
1985,BUF,Ralph Wilson,Terry Bledsoe,,Hank Bullough
1986,BUF,Ralph Wilson,Bill Polian,,Marv Levy
1987,BUF,Ralph Wilson,Bill Polian,,Marv Levy
1988,BUF,Ralph Wilson,Bill Polian,,Marv Levy
1989,BUF,Ralph Wilson,Bill Polian,,Marv Levy
1990,BUF,Ralph Wilson,Bill Polian,,Marv Levy
1991,BUF,Ralph Wilson,Bill Polian,,Marv Levy
1992,BUF,Ralph Wilson,Bill Polian,,Marv Levy
1993,BUF,Ralph Wilson,John Butler,EVP & General Manager,Marv Levy
1994,BUF,Ralph Wilson,John Butler,EVP & General Manager,Marv Levy
1995,BUF,Ralph Wilson,John Butler,EVP & General Manager,Marv Levy
1996,BUF,Ralph Wilson,John Butler,EVP & General Manager,Marv Levy
1997,BUF,Ralph Wilson,John Butler,EVP & General Manager,Marv Levy
1998,BUF,Ralph Wilson,John Butler,EVP & General Manager,Wade Phillips
1999,BUF,Ralph Wilson,John Butler,EVP & General Manager,Wade Phillips
2000,BUF,Ralph Wilson,John Butler,EVP & General Manager,Wade Phillips
2001,BUF,Ralph Wilson,Tom Donahoe,President/General Manager,Gregg Williams
2002,BUF,Ralph Wilson,Tom Donahoe,President/General Manager,Gregg Williams
2003,BUF,Ralph Wilson,Tom Donahoe,President/General Manager,Gregg Williams
2004,BUF,Ralph Wilson,Tom Donahoe,President/General Manager,Mike Mularkey
2005,BUF,Ralph Wilson,Tom Donahoe,President/General Manager,Mike Mularkey
2006,BUF,Ralph Wilson,Marv Levy,General Manager,Dick Jauron
2007,BUF,Ralph Wilson,Marv Levy,General Manager,Dick Jauron
2008,BUF,Ralph Wilson,Russ Brandon,COO overseeing football operations,Dick Jauron
2009,BUF,Ralph Wilson,Russ Brandon,COO overseeing football operations,Perry Fewell (interim)
2010,BUF,Ralph Wilson,Buddy Nix,,Chan Gailey
2011,BUF,Ralph Wilson,Buddy Nix,,Chan Gailey
2012,BUF,Ralph Wilson,Buddy Nix,,Chan Gailey
2013,BUF,Ralph Wilson,Doug Whaley,,Doug Marrone
2014,BUF,Terry & Kim Pegula,Doug Whaley,,Doug Marrone
2015,BUF,Terry & Kim Pegula,Doug Whaley,,Rex Ryan
2016,BUF,Terry & Kim Pegula,Doug Whaley,,Anthony Lynn (interim)
2017,BUF,Terry & Kim Pegula,Brandon Beane,General Manager (also Pres. Football Ops from 2026),Sean McDermott
2018,BUF,Terry & Kim Pegula,Brandon Beane,General Manager (also Pres. Football Ops from 2026),Sean McDermott
2019,BUF,Terry & Kim Pegula,Brandon Beane,General Manager (also Pres. Football Ops from 2026),Sean McDermott
2020,BUF,Terry & Kim Pegula,Brandon Beane,General Manager (also Pres. Football Ops from 2026),Sean McDermott
2021,BUF,Terry & Kim Pegula,Brandon Beane,General Manager (also Pres. Football Ops from 2026),Sean McDermott
2022,BUF,Terry & Kim Pegula,Brandon Beane,General Manager (also Pres. Football Ops from 2026),Sean McDermott
2023,BUF,Terry & Kim Pegula,Brandon Beane,General Manager (also Pres. Football Ops from 2026),Sean McDermott
2024,BUF,Terry & Kim Pegula,Brandon Beane,General Manager (also Pres. Football Ops from 2026),Sean McDermott
2025,BUF,Terry & Kim Pegula,Brandon Beane,General Manager (also Pres. Football Ops from 2026),Sean McDermott
2026,BUF,Terry & Kim Pegula,Brandon Beane,General Manager (also Pres. Football Ops from 2026),Joe Brady
1995,CAR,Jerry Richardson,Bill Polian,General Manager,Dom Capers
1996,CAR,Jerry Richardson,Bill Polian,General Manager,Dom Capers
1997,CAR,Jerry Richardson,Bill Polian,General Manager,Dom Capers
1998,CAR,Jerry Richardson,No distinct GM position,"Marty Hurney, Dir. Football Ops/Admin",Dom Capers
1999,CAR,Jerry Richardson,No distinct GM position,"Marty Hurney, Dir. Football Ops/Admin",George Seifert
2000,CAR,Jerry Richardson,No distinct GM position,"Marty Hurney, Dir. Football Ops/Admin",George Seifert
2001,CAR,Jerry Richardson,No distinct GM position,"Marty Hurney, Dir. Football Ops/Admin",George Seifert
2002,CAR,Jerry Richardson,Marty Hurney,General Manager,John Fox
2003,CAR,Jerry Richardson,Marty Hurney,General Manager,John Fox
2004,CAR,Jerry Richardson,Marty Hurney,General Manager,John Fox
2005,CAR,Jerry Richardson,Marty Hurney,General Manager,John Fox
2006,CAR,Jerry Richardson,Marty Hurney,General Manager,John Fox
2007,CAR,Jerry Richardson,Marty Hurney,General Manager,John Fox
2008,CAR,Jerry Richardson,Marty Hurney,General Manager,John Fox
2009,CAR,Jerry Richardson,Marty Hurney,General Manager,John Fox
2010,CAR,Jerry Richardson,Marty Hurney,General Manager,John Fox
2011,CAR,Jerry Richardson,Marty Hurney,General Manager,Ron Rivera
2012,CAR,Jerry Richardson,Marty Hurney,General Manager,Ron Rivera
2013,CAR,Jerry Richardson,Dave Gettleman,General Manager,Ron Rivera
2014,CAR,Jerry Richardson,Dave Gettleman,General Manager,Ron Rivera
2015,CAR,Jerry Richardson,Dave Gettleman,General Manager,Ron Rivera
2016,CAR,Jerry Richardson,Dave Gettleman,General Manager,Ron Rivera
2017,CAR,Jerry Richardson,Marty Hurney,General Manager (2nd stint),Ron Rivera
2018,CAR,David Tepper,Marty Hurney,General Manager (2nd stint),Ron Rivera
2019,CAR,David Tepper,Marty Hurney,General Manager (2nd stint),Perry Fewell (interim)
2020,CAR,David Tepper,Marty Hurney,General Manager (2nd stint),Matt Rhule
2021,CAR,David Tepper,Scott Fitterer,General Manager,Matt Rhule
2022,CAR,David Tepper,Scott Fitterer,General Manager,Steve Wilks (interim)
2023,CAR,David Tepper,Scott Fitterer,General Manager,"Frank Reich (fired mid-season) / Chris Tabor (interim, finished season)"
2024,CAR,David Tepper,Dan Morgan,President of Football Ops/General Manager,Dave Canales
2025,CAR,David Tepper,Dan Morgan,President of Football Ops/General Manager,Dave Canales
2026,CAR,David Tepper,Dan Morgan,President of Football Ops/General Manager,Dave Canales
1919,CHI,A.E. Staley Manufacturing Company,George Halas,"Owner/Head Coach, de facto GM",Robert E. Brannan
1920,CHI,A.E. Staley Manufacturing Company,George Halas,"Owner/Head Coach, de facto GM",George Halas (1st stint)
1921,CHI,"George Halas & Edward ""Dutch"" Sternaman",George Halas,"Owner/Head Coach, de facto GM",George Halas (1st stint)
1922,CHI,"George Halas & Edward ""Dutch"" Sternaman",George Halas,"Owner/Head Coach, de facto GM",George Halas (1st stint)
1923,CHI,"George Halas & Edward ""Dutch"" Sternaman",George Halas,"Owner/Head Coach, de facto GM",George Halas (1st stint)
1924,CHI,"George Halas & Edward ""Dutch"" Sternaman",George Halas,"Owner/Head Coach, de facto GM",George Halas (1st stint)
1925,CHI,"George Halas & Edward ""Dutch"" Sternaman",George Halas,"Owner/Head Coach, de facto GM",George Halas (1st stint)
1926,CHI,"George Halas & Edward ""Dutch"" Sternaman",George Halas,"Owner/Head Coach, de facto GM",George Halas (1st stint)
1927,CHI,"George Halas & Edward ""Dutch"" Sternaman",George Halas,"Owner/Head Coach, de facto GM",George Halas (1st stint)
1928,CHI,"George Halas & Edward ""Dutch"" Sternaman",George Halas,"Owner/Head Coach, de facto GM",George Halas (1st stint)
1929,CHI,"George Halas & Edward ""Dutch"" Sternaman",George Halas,"Owner/Head Coach, de facto GM",George Halas (1st stint)
1930,CHI,"George Halas & Edward ""Dutch"" Sternaman",George Halas,"Owner/Head Coach, de facto GM",Ralph Jones
1931,CHI,"George Halas & Edward ""Dutch"" Sternaman",George Halas,"Owner/Head Coach, de facto GM",Ralph Jones
1932,CHI,"George Halas & Edward ""Dutch"" Sternaman",George Halas,"Owner/Head Coach, de facto GM",Ralph Jones
1933,CHI,George Halas,George Halas,"Owner/Head Coach, de facto GM",George Halas (2nd stint)
1934,CHI,George Halas,George Halas,"Owner/Head Coach, de facto GM",George Halas (2nd stint)
1935,CHI,George Halas,George Halas,"Owner/Head Coach, de facto GM",George Halas (2nd stint)
1936,CHI,George Halas,George Halas,"Owner/Head Coach, de facto GM",George Halas (2nd stint)
1937,CHI,George Halas,George Halas,"Owner/Head Coach, de facto GM",George Halas (2nd stint)
1938,CHI,George Halas,George Halas,"Owner/Head Coach, de facto GM",George Halas (2nd stint)
1939,CHI,George Halas,George Halas,"Owner/Head Coach, de facto GM",George Halas (2nd stint)
1940,CHI,George Halas,George Halas,"Owner/Head Coach, de facto GM",George Halas (2nd stint)
1941,CHI,George Halas,George Halas,"Owner/Head Coach, de facto GM",George Halas (2nd stint)
1942,CHI,George Halas,Ralph Brizzolara,"General Manager, Acting President",Hunk Anderson & Luke Johnsos (co-HC)
1943,CHI,George Halas,Ralph Brizzolara,"General Manager, Acting President",Hunk Anderson & Luke Johnsos (co-HC)
1944,CHI,George Halas,Ralph Brizzolara,"General Manager, Acting President",Hunk Anderson & Luke Johnsos (co-HC)
1945,CHI,George Halas,George Halas,"Owner, de facto GM",Hunk Anderson & Luke Johnsos (co-HC)
1946,CHI,George Halas,George Halas,"Owner, de facto GM",George Halas (3rd stint)
1947,CHI,George Halas,George Halas,"Owner, de facto GM",George Halas (3rd stint)
1948,CHI,George Halas,George Halas,"Owner, de facto GM",George Halas (3rd stint)
1949,CHI,George Halas,George Halas,"Owner, de facto GM",George Halas (3rd stint)
1950,CHI,George Halas,George Halas,"Owner, de facto GM",George Halas (3rd stint)
1951,CHI,George Halas,George Halas,"Owner, de facto GM",George Halas (3rd stint)
1952,CHI,George Halas,George Halas,"Owner, de facto GM",George Halas (3rd stint)
1953,CHI,George Halas,George Halas,"Owner, de facto GM",George Halas (3rd stint)
1954,CHI,George Halas,George Halas,"Owner, de facto GM",George Halas (3rd stint)
1955,CHI,George Halas,George Halas,"Owner, de facto GM",George Halas (3rd stint)
1956,CHI,George Halas,George Halas,"Owner, de facto GM",Paddy Driscoll
1957,CHI,George Halas,George Halas,"Owner, de facto GM",Paddy Driscoll
1958,CHI,George Halas,George Halas,"Owner, de facto GM",George Halas (4th stint)
1959,CHI,George Halas,George Halas,"Owner, de facto GM",George Halas (4th stint)
1960,CHI,George Halas,George Halas,"Owner, de facto GM",George Halas (4th stint)
1961,CHI,George Halas,George Halas,"Owner, de facto GM",George Halas (4th stint)
1962,CHI,George Halas,George Halas,"Owner, de facto GM",George Halas (4th stint)
1963,CHI,George Halas,George Halas,"Owner, de facto GM",George Halas (4th stint)
1964,CHI,George Halas,George Halas,"Owner, de facto GM",George Halas (4th stint)
1965,CHI,George Halas,George Halas,"Owner, de facto GM",George Halas (4th stint)
1966,CHI,George Halas,George Halas,"Owner, de facto GM",George Halas (4th stint)
1967,CHI,George Halas,George Halas,"Owner, de facto GM",George Halas (4th stint)
1968,CHI,George Halas,George Halas,"Owner, de facto GM",Jim Dooley
1969,CHI,George Halas,George Halas,"Owner, de facto GM",Jim Dooley
1970,CHI,George Halas,George Halas,"Owner, de facto GM",Jim Dooley
1971,CHI,George Halas,George Halas,"Owner, de facto GM",Jim Dooley
1972,CHI,George Halas,George Halas,"Owner, de facto GM",Abe Gibron
1973,CHI,George Halas,George Halas,"Owner, de facto GM",Abe Gibron
1974,CHI,George Halas,Jim Finks,General Manager,Abe Gibron
1975,CHI,George Halas,Jim Finks,General Manager,Jack Pardee
1976,CHI,George Halas,Jim Finks,General Manager,Jack Pardee
1977,CHI,George Halas,Jim Finks,General Manager,Jack Pardee
1978,CHI,George Halas,Jim Finks,General Manager,Neill Armstrong
1979,CHI,George Halas,Jim Finks,General Manager,Neill Armstrong
1980,CHI,George Halas,Jim Finks,General Manager,Neill Armstrong
1981,CHI,George Halas,Jim Finks,General Manager,Neill Armstrong
1982,CHI,George Halas,Jim Finks,General Manager,Mike Ditka
1983,CHI,Virginia Halas McCaskey,Jerry Vainisi,General Manager,Mike Ditka
1984,CHI,Virginia Halas McCaskey,Jerry Vainisi,General Manager,Mike Ditka
1985,CHI,Virginia Halas McCaskey,Jerry Vainisi,General Manager,Mike Ditka
1986,CHI,Virginia Halas McCaskey,Jerry Vainisi,General Manager,Mike Ditka
1987,CHI,Virginia Halas McCaskey,Bill Tobin,Director of Player Personnel,Mike Ditka
1988,CHI,Virginia Halas McCaskey,Bill Tobin,Director of Player Personnel,Mike Ditka
1989,CHI,Virginia Halas McCaskey,Bill Tobin,Director of Player Personnel,Mike Ditka
1990,CHI,Virginia Halas McCaskey,Bill Tobin,Director of Player Personnel,Mike Ditka
1991,CHI,Virginia Halas McCaskey,Bill Tobin,Director of Player Personnel,Mike Ditka
1992,CHI,Virginia Halas McCaskey,Bill Tobin,Director of Player Personnel,Mike Ditka
1993,CHI,Virginia Halas McCaskey,Bill Tobin,Director of Player Personnel,Dave Wannstedt
1994,CHI,Virginia Halas McCaskey,Rod Graves,Director of Player Personnel,Dave Wannstedt
1995,CHI,Virginia Halas McCaskey,Rod Graves,Director of Player Personnel,Dave Wannstedt
1996,CHI,Virginia Halas McCaskey,Rod Graves,Director of Player Personnel,Dave Wannstedt
1997,CHI,Virginia Halas McCaskey,Mark Hatley,VP of Player Personnel,Dave Wannstedt
1998,CHI,Virginia Halas McCaskey,Mark Hatley,VP of Player Personnel,Dave Wannstedt
1999,CHI,Virginia Halas McCaskey,Mark Hatley,VP of Player Personnel,Dick Jauron
2000,CHI,Virginia Halas McCaskey,Mark Hatley,VP of Player Personnel,Dick Jauron
2001,CHI,Virginia Halas McCaskey,Jerry Angelo,General Manager,Dick Jauron
2002,CHI,Virginia Halas McCaskey,Jerry Angelo,General Manager,Dick Jauron
2003,CHI,Virginia Halas McCaskey,Jerry Angelo,General Manager,Dick Jauron
2004,CHI,Virginia Halas McCaskey,Jerry Angelo,General Manager,Lovie Smith
2005,CHI,Virginia Halas McCaskey,Jerry Angelo,General Manager,Lovie Smith
2006,CHI,Virginia Halas McCaskey,Jerry Angelo,General Manager,Lovie Smith
2007,CHI,Virginia Halas McCaskey,Jerry Angelo,General Manager,Lovie Smith
2008,CHI,Virginia Halas McCaskey,Jerry Angelo,General Manager,Lovie Smith
2009,CHI,Virginia Halas McCaskey,Jerry Angelo,General Manager,Lovie Smith
2010,CHI,Virginia Halas McCaskey,Jerry Angelo,General Manager,Lovie Smith
2011,CHI,Virginia Halas McCaskey,Jerry Angelo,General Manager,Lovie Smith
2012,CHI,Virginia Halas McCaskey,Phil Emery,General Manager,Lovie Smith
2013,CHI,Virginia Halas McCaskey,Phil Emery,General Manager,Marc Trestman
2014,CHI,Virginia Halas McCaskey,Phil Emery,General Manager,Marc Trestman
2015,CHI,Virginia Halas McCaskey,Ryan Pace,General Manager,John Fox
2016,CHI,Virginia Halas McCaskey,Ryan Pace,General Manager,John Fox
2017,CHI,Virginia Halas McCaskey,Ryan Pace,General Manager,John Fox
2018,CHI,Virginia Halas McCaskey,Ryan Pace,General Manager,Matt Nagy
2019,CHI,Virginia Halas McCaskey,Ryan Pace,General Manager,Matt Nagy
2020,CHI,Virginia Halas McCaskey,Ryan Pace,General Manager,Matt Nagy
2021,CHI,Virginia Halas McCaskey,Ryan Pace,General Manager,Matt Nagy
2022,CHI,Virginia Halas McCaskey,Ryan Poles,General Manager,Matt Eberflus
2023,CHI,Virginia Halas McCaskey,Ryan Poles,General Manager,Matt Eberflus
2024,CHI,Virginia Halas McCaskey,Ryan Poles,General Manager,Thomas Brown (interim)
2025,CHI,George McCaskey,Ryan Poles,General Manager,Ben Johnson
2026,CHI,George McCaskey,Ryan Poles,General Manager,Ben Johnson
1968,CIN,Paul Brown,Paul Brown,General Manager (also Head Coach 1968-75),Paul Brown
1969,CIN,Paul Brown,Paul Brown,General Manager (also Head Coach 1968-75),Paul Brown
1970,CIN,Paul Brown,Paul Brown,General Manager (also Head Coach 1968-75),Paul Brown
1971,CIN,Paul Brown,Paul Brown,General Manager (also Head Coach 1968-75),Paul Brown
1972,CIN,Paul Brown,Paul Brown,General Manager (also Head Coach 1968-75),Paul Brown
1973,CIN,Paul Brown,Paul Brown,General Manager (also Head Coach 1968-75),Paul Brown
1974,CIN,Paul Brown,Paul Brown,General Manager (also Head Coach 1968-75),Paul Brown
1975,CIN,Paul Brown,Paul Brown,General Manager (also Head Coach 1968-75),Paul Brown
1976,CIN,Paul Brown,Paul Brown,General Manager (also Head Coach 1968-75),"Bill ""Tiger"" Johnson"
1977,CIN,Paul Brown,Paul Brown,General Manager (also Head Coach 1968-75),"Bill ""Tiger"" Johnson"
1978,CIN,Paul Brown,Paul Brown,General Manager (also Head Coach 1968-75),Homer Rice
1979,CIN,Paul Brown,Paul Brown,General Manager (also Head Coach 1968-75),Homer Rice
1980,CIN,Paul Brown,Paul Brown,General Manager (also Head Coach 1968-75),Forrest Gregg
1981,CIN,Paul Brown,Paul Brown,General Manager (also Head Coach 1968-75),Forrest Gregg
1982,CIN,Paul Brown,Paul Brown,General Manager (also Head Coach 1968-75),Forrest Gregg
1983,CIN,Paul Brown,Paul Brown,General Manager (also Head Coach 1968-75),Forrest Gregg
1984,CIN,Paul Brown,Paul Brown,General Manager (also Head Coach 1968-75),Sam Wyche
1985,CIN,Paul Brown,Paul Brown,General Manager (also Head Coach 1968-75),Sam Wyche
1986,CIN,Paul Brown,Paul Brown,General Manager (also Head Coach 1968-75),Sam Wyche
1987,CIN,Paul Brown,Paul Brown,General Manager (also Head Coach 1968-75),Sam Wyche
1988,CIN,Paul Brown,Paul Brown,General Manager (also Head Coach 1968-75),Sam Wyche
1989,CIN,Paul Brown,Paul Brown,General Manager (also Head Coach 1968-75),Sam Wyche
1990,CIN,Paul Brown,Paul Brown,General Manager (also Head Coach 1968-75),Sam Wyche
1991,CIN,Mike Brown,No distinct GM position,Owner Mike Brown directed personnel,Sam Wyche
1992,CIN,Mike Brown,No distinct GM position,Owner Mike Brown directed personnel,Dave Shula
1993,CIN,Mike Brown,No distinct GM position,Owner Mike Brown directed personnel,Dave Shula
1994,CIN,Mike Brown,No distinct GM position,Owner Mike Brown directed personnel,Dave Shula
1995,CIN,Mike Brown,No distinct GM position,Owner Mike Brown directed personnel,Dave Shula
1996,CIN,Mike Brown,No distinct GM position,Owner Mike Brown directed personnel,Bruce Coslet
1997,CIN,Mike Brown,No distinct GM position,Owner Mike Brown directed personnel,Bruce Coslet
1998,CIN,Mike Brown,No distinct GM position,Owner Mike Brown directed personnel,Bruce Coslet
1999,CIN,Mike Brown,Duke Tobin,Director of Player Personnel/de facto GM,Bruce Coslet
2000,CIN,Mike Brown,Duke Tobin,Director of Player Personnel/de facto GM,Dick LeBeau
2001,CIN,Mike Brown,Duke Tobin,Director of Player Personnel/de facto GM,Dick LeBeau
2002,CIN,Mike Brown,Duke Tobin,Director of Player Personnel/de facto GM,Dick LeBeau
2003,CIN,Mike Brown,Duke Tobin,Director of Player Personnel/de facto GM,Marvin Lewis
2004,CIN,Mike Brown,Duke Tobin,Director of Player Personnel/de facto GM,Marvin Lewis
2005,CIN,Mike Brown,Duke Tobin,Director of Player Personnel/de facto GM,Marvin Lewis
2006,CIN,Mike Brown,Duke Tobin,Director of Player Personnel/de facto GM,Marvin Lewis
2007,CIN,Mike Brown,Duke Tobin,Director of Player Personnel/de facto GM,Marvin Lewis
2008,CIN,Mike Brown,Duke Tobin,Director of Player Personnel/de facto GM,Marvin Lewis
2009,CIN,Mike Brown,Duke Tobin,Director of Player Personnel/de facto GM,Marvin Lewis
2010,CIN,Mike Brown,Duke Tobin,Director of Player Personnel/de facto GM,Marvin Lewis
2011,CIN,Mike Brown,Duke Tobin,Director of Player Personnel/de facto GM,Marvin Lewis
2012,CIN,Mike Brown,Duke Tobin,Director of Player Personnel/de facto GM,Marvin Lewis
2013,CIN,Mike Brown,Duke Tobin,Director of Player Personnel/de facto GM,Marvin Lewis
2014,CIN,Mike Brown,Duke Tobin,Director of Player Personnel/de facto GM,Marvin Lewis
2015,CIN,Mike Brown,Duke Tobin,Director of Player Personnel/de facto GM,Marvin Lewis
2016,CIN,Mike Brown,Duke Tobin,Director of Player Personnel/de facto GM,Marvin Lewis
2017,CIN,Mike Brown,Duke Tobin,Director of Player Personnel/de facto GM,Marvin Lewis
2018,CIN,Mike Brown,Duke Tobin,Director of Player Personnel/de facto GM,Marvin Lewis
2019,CIN,Mike Brown,Duke Tobin,Director of Player Personnel/de facto GM,Zac Taylor
2020,CIN,Mike Brown,Duke Tobin,Director of Player Personnel/de facto GM,Zac Taylor
2021,CIN,Mike Brown,Duke Tobin,Director of Player Personnel/de facto GM,Zac Taylor
2022,CIN,Mike Brown,Duke Tobin,Director of Player Personnel/de facto GM,Zac Taylor
2023,CIN,Mike Brown,Duke Tobin,Director of Player Personnel/de facto GM,Zac Taylor
2024,CIN,Mike Brown,Duke Tobin,Director of Player Personnel/de facto GM,Zac Taylor
2025,CIN,Mike Brown,Duke Tobin,Director of Player Personnel/de facto GM,Zac Taylor
2026,CIN,Mike Brown,Duke Tobin,Director of Player Personnel/de facto GM,Zac Taylor
1946,CLE,Arthur B. McBride,Paul Brown,Head Coach/General Manager,Paul Brown
1947,CLE,Arthur B. McBride,Paul Brown,Head Coach/General Manager,Paul Brown
1948,CLE,Arthur B. McBride,Paul Brown,Head Coach/General Manager,Paul Brown
1949,CLE,Arthur B. McBride,Paul Brown,Head Coach/General Manager,Paul Brown
1950,CLE,Arthur B. McBride,Paul Brown,Head Coach/General Manager,Paul Brown
1951,CLE,Arthur B. McBride,Paul Brown,Head Coach/General Manager,Paul Brown
1952,CLE,Arthur B. McBride,Paul Brown,Head Coach/General Manager,Paul Brown
1953,CLE,Cleveland investor group,Paul Brown,Head Coach/General Manager,Paul Brown
1954,CLE,Cleveland investor group,Paul Brown,Head Coach/General Manager,Paul Brown
1955,CLE,Cleveland investor group,Paul Brown,Head Coach/General Manager,Paul Brown
1956,CLE,Cleveland investor group,Paul Brown,Head Coach/General Manager,Paul Brown
1957,CLE,Cleveland investor group,Paul Brown,Head Coach/General Manager,Paul Brown
1958,CLE,Cleveland investor group,Paul Brown,Head Coach/General Manager,Paul Brown
1959,CLE,Cleveland investor group,Paul Brown,Head Coach/General Manager,Paul Brown
1960,CLE,Cleveland investor group,Paul Brown,Head Coach/General Manager,Paul Brown
1961,CLE,Art Modell,Paul Brown,Head Coach/General Manager,Paul Brown
1962,CLE,Art Modell,Paul Brown,Head Coach/General Manager,Paul Brown
1963,CLE,Art Modell,Harold Sauerbrei,General Manager,Blanton Collier
1964,CLE,Art Modell,Harold Sauerbrei,General Manager,Blanton Collier
1965,CLE,Art Modell,Harold Sauerbrei,General Manager,Blanton Collier
1966,CLE,Art Modell,Harold Sauerbrei,General Manager,Blanton Collier
1967,CLE,Art Modell,Harold Sauerbrei,General Manager,Blanton Collier
1968,CLE,Art Modell,Harold Sauerbrei,General Manager,Blanton Collier
1969,CLE,Art Modell,Harold Sauerbrei,General Manager,Blanton Collier
1970,CLE,Art Modell,Harold Sauerbrei,General Manager,Blanton Collier
1971,CLE,Art Modell,Harold Sauerbrei,General Manager,Nick Skorich
1972,CLE,Art Modell,Harold Sauerbrei,General Manager,Nick Skorich
1973,CLE,Art Modell,Harold Sauerbrei,General Manager,Nick Skorich
1974,CLE,Art Modell,No distinct GM position,Owner Art Modell directed football ops,Nick Skorich
1975,CLE,Art Modell,No distinct GM position,Owner Art Modell directed football ops,Forrest Gregg
1976,CLE,Art Modell,Peter Hadhazy,General Manager,Forrest Gregg
1977,CLE,Art Modell,Peter Hadhazy,General Manager,Dick Modzelewski (interim)
1978,CLE,Art Modell,Peter Hadhazy,General Manager,Sam Rutigliano
1979,CLE,Art Modell,Peter Hadhazy,General Manager,Sam Rutigliano
1980,CLE,Art Modell,Peter Hadhazy,General Manager,Sam Rutigliano
1981,CLE,Art Modell,No distinct GM position,Owner Art Modell directed football ops,Sam Rutigliano
1982,CLE,Art Modell,No distinct GM position,Owner Art Modell directed football ops,Sam Rutigliano
1983,CLE,Art Modell,No distinct GM position,Owner Art Modell directed football ops,Sam Rutigliano
1984,CLE,Art Modell,No distinct GM position,Owner Art Modell directed football ops,Marty Schottenheimer
1985,CLE,Art Modell,Ernie Accorsi,General Manager,Marty Schottenheimer
1986,CLE,Art Modell,Ernie Accorsi,General Manager,Marty Schottenheimer
1987,CLE,Art Modell,Ernie Accorsi,General Manager,Marty Schottenheimer
1988,CLE,Art Modell,Ernie Accorsi,General Manager,Marty Schottenheimer
1989,CLE,Art Modell,Ernie Accorsi,General Manager,Bud Carson
1990,CLE,Art Modell,Ernie Accorsi,General Manager,Jim Shofner (interim)
1991,CLE,Art Modell,Ernie Accorsi,General Manager,Bill Belichick
1992,CLE,Art Modell,Bill Belichick,Head Coach/de facto GM,Bill Belichick
1993,CLE,Art Modell,Bill Belichick,Head Coach/de facto GM,Bill Belichick
1994,CLE,Art Modell,Bill Belichick,Head Coach/de facto GM,Bill Belichick
1995,CLE,Art Modell,Bill Belichick,Head Coach/de facto GM,Bill Belichick
1996,CLE,(inactive - Team did not play - personnel/staff relocated to Baltimore to start the Ravens (new franchise); Browns name/history stayed in Cleveland per the NFL's 1996 ruling),(inactive - Team did not play - personnel/staff relocated to Baltimore to start the Ravens (new franchise); Browns name/history stayed in Cleveland per the NFL's 1996 ruling),,(inactive - Team did not play - personnel/staff relocated to Baltimore to start the Ravens (new franchise); Browns name/history stayed in Cleveland per the NFL's 1996 ruling)
1997,CLE,(inactive - Team did not play - personnel/staff relocated to Baltimore to start the Ravens (new franchise); Browns name/history stayed in Cleveland per the NFL's 1996 ruling),(inactive - Team did not play - personnel/staff relocated to Baltimore to start the Ravens (new franchise); Browns name/history stayed in Cleveland per the NFL's 1996 ruling),,(inactive - Team did not play - personnel/staff relocated to Baltimore to start the Ravens (new franchise); Browns name/history stayed in Cleveland per the NFL's 1996 ruling)
1998,CLE,(inactive - Team did not play - personnel/staff relocated to Baltimore to start the Ravens (new franchise); Browns name/history stayed in Cleveland per the NFL's 1996 ruling),(inactive - Team did not play - personnel/staff relocated to Baltimore to start the Ravens (new franchise); Browns name/history stayed in Cleveland per the NFL's 1996 ruling),,(inactive - Team did not play - personnel/staff relocated to Baltimore to start the Ravens (new franchise); Browns name/history stayed in Cleveland per the NFL's 1996 ruling)
1999,CLE,Al Lerner,Dwight Clark,EVP/Director of Football Operations,Chris Palmer
2000,CLE,Al Lerner,Dwight Clark,EVP/Director of Football Operations,Chris Palmer
2001,CLE,Al Lerner,Dwight Clark,EVP/Director of Football Operations,Butch Davis
2002,CLE,Randy Lerner,Butch Davis,Head Coach/de facto GM,Butch Davis
2003,CLE,Randy Lerner,Butch Davis,Head Coach/de facto GM,Butch Davis
2004,CLE,Randy Lerner,Butch Davis,Head Coach/de facto GM,Terry Robiskie (interim)
2005,CLE,Randy Lerner,Phil Savage,Senior VP & General Manager,Romeo Crennel
2006,CLE,Randy Lerner,Phil Savage,Senior VP & General Manager,Romeo Crennel
2007,CLE,Randy Lerner,Phil Savage,Senior VP & General Manager,Romeo Crennel
2008,CLE,Randy Lerner,Phil Savage,Senior VP & General Manager,Romeo Crennel
2009,CLE,Randy Lerner,George Kokinis,General Manager,Eric Mangini
2010,CLE,Randy Lerner,Tom Heckert,General Manager,Eric Mangini
2011,CLE,Randy Lerner,Tom Heckert,General Manager,Pat Shurmur
2012,CLE,Jimmy & Dee Haslam,Tom Heckert,General Manager,Pat Shurmur
2013,CLE,Jimmy & Dee Haslam,Michael Lombardi,General Manager,Rob Chudzinski
2014,CLE,Jimmy & Dee Haslam,Ray Farmer,General Manager,Mike Pettine
2015,CLE,Jimmy & Dee Haslam,Ray Farmer,General Manager,Mike Pettine
2016,CLE,Jimmy & Dee Haslam,Sashi Brown,EVP of Football Operations,Hue Jackson
2017,CLE,Jimmy & Dee Haslam,Sashi Brown,EVP of Football Operations,Hue Jackson
2018,CLE,Jimmy & Dee Haslam,John Dorsey,General Manager,Gregg Williams (interim)
2019,CLE,Jimmy & Dee Haslam,John Dorsey,General Manager,Freddie Kitchens
2020,CLE,Jimmy & Dee Haslam,Andrew Berry,EVP of Football Operations/General Manager,Kevin Stefanski
2021,CLE,Jimmy & Dee Haslam,Andrew Berry,EVP of Football Operations/General Manager,Kevin Stefanski
2022,CLE,Jimmy & Dee Haslam,Andrew Berry,EVP of Football Operations/General Manager,Kevin Stefanski
2023,CLE,Jimmy & Dee Haslam,Andrew Berry,EVP of Football Operations/General Manager,Kevin Stefanski
2024,CLE,Jimmy & Dee Haslam,Andrew Berry,EVP of Football Operations/General Manager,Kevin Stefanski
2025,CLE,Jimmy & Dee Haslam,Andrew Berry,EVP of Football Operations/General Manager,Kevin Stefanski
2026,CLE,Jimmy & Dee Haslam,Andrew Berry,EVP of Football Operations/General Manager,Todd Monken
1960,DAL,Clint Murchison Jr.,Tex Schramm,President & General Manager,Tom Landry
1961,DAL,Clint Murchison Jr.,Tex Schramm,President & General Manager,Tom Landry
1962,DAL,Clint Murchison Jr.,Tex Schramm,President & General Manager,Tom Landry
1963,DAL,Clint Murchison Jr.,Tex Schramm,President & General Manager,Tom Landry
1964,DAL,Clint Murchison Jr.,Tex Schramm,President & General Manager,Tom Landry
1965,DAL,Clint Murchison Jr.,Tex Schramm,President & General Manager,Tom Landry
1966,DAL,Clint Murchison Jr.,Tex Schramm,President & General Manager,Tom Landry
1967,DAL,Clint Murchison Jr.,Tex Schramm,President & General Manager,Tom Landry
1968,DAL,Clint Murchison Jr.,Tex Schramm,President & General Manager,Tom Landry
1969,DAL,Clint Murchison Jr.,Tex Schramm,President & General Manager,Tom Landry
1970,DAL,Clint Murchison Jr.,Tex Schramm,President & General Manager,Tom Landry
1971,DAL,Clint Murchison Jr.,Tex Schramm,President & General Manager,Tom Landry
1972,DAL,Clint Murchison Jr.,Tex Schramm,President & General Manager,Tom Landry
1973,DAL,Clint Murchison Jr.,Tex Schramm,President & General Manager,Tom Landry
1974,DAL,Clint Murchison Jr.,Tex Schramm,President & General Manager,Tom Landry
1975,DAL,Clint Murchison Jr.,Tex Schramm,President & General Manager,Tom Landry
1976,DAL,Clint Murchison Jr.,Tex Schramm,President & General Manager,Tom Landry
1977,DAL,Clint Murchison Jr.,Tex Schramm,President & General Manager,Tom Landry
1978,DAL,Clint Murchison Jr.,Tex Schramm,President & General Manager,Tom Landry
1979,DAL,Clint Murchison Jr.,Tex Schramm,President & General Manager,Tom Landry
1980,DAL,Clint Murchison Jr.,Tex Schramm,President & General Manager,Tom Landry
1981,DAL,Clint Murchison Jr.,Tex Schramm,President & General Manager,Tom Landry
1982,DAL,Clint Murchison Jr.,Tex Schramm,President & General Manager,Tom Landry
1983,DAL,Clint Murchison Jr.,Tex Schramm,President & General Manager,Tom Landry
1984,DAL,"H.R. ""Bum"" Bright",Tex Schramm,President & General Manager,Tom Landry
1985,DAL,"H.R. ""Bum"" Bright",Tex Schramm,President & General Manager,Tom Landry
1986,DAL,"H.R. ""Bum"" Bright",Tex Schramm,President & General Manager,Tom Landry
1987,DAL,"H.R. ""Bum"" Bright",Tex Schramm,President & General Manager,Tom Landry
1988,DAL,"H.R. ""Bum"" Bright",Tex Schramm,President & General Manager,Tom Landry
1989,DAL,Jerry Jones,Jerry Jones,Owner acting as de facto GM (no separate GM hired),Jimmy Johnson
1990,DAL,Jerry Jones,Jerry Jones,Owner acting as de facto GM (no separate GM hired),Jimmy Johnson
1991,DAL,Jerry Jones,Jerry Jones,Owner acting as de facto GM (no separate GM hired),Jimmy Johnson
1992,DAL,Jerry Jones,Jerry Jones,Owner acting as de facto GM (no separate GM hired),Jimmy Johnson
1993,DAL,Jerry Jones,Jerry Jones,Owner acting as de facto GM (no separate GM hired),Jimmy Johnson
1994,DAL,Jerry Jones,Jerry Jones,Owner acting as de facto GM (no separate GM hired),Barry Switzer
1995,DAL,Jerry Jones,Jerry Jones,Owner acting as de facto GM (no separate GM hired),Barry Switzer
1996,DAL,Jerry Jones,Jerry Jones,Owner acting as de facto GM (no separate GM hired),Barry Switzer
1997,DAL,Jerry Jones,Jerry Jones,Owner acting as de facto GM (no separate GM hired),Barry Switzer
1998,DAL,Jerry Jones,Jerry Jones,Owner acting as de facto GM (no separate GM hired),Chan Gailey
1999,DAL,Jerry Jones,Jerry Jones,Owner acting as de facto GM (no separate GM hired),Chan Gailey
2000,DAL,Jerry Jones,Jerry Jones,Owner acting as de facto GM (no separate GM hired),Dave Campo
2001,DAL,Jerry Jones,Jerry Jones,Owner acting as de facto GM (no separate GM hired),Dave Campo
2002,DAL,Jerry Jones,Jerry Jones,Owner acting as de facto GM (no separate GM hired),Dave Campo
2003,DAL,Jerry Jones,Jerry Jones,Owner acting as de facto GM (no separate GM hired),Bill Parcells
2004,DAL,Jerry Jones,Jerry Jones,Owner acting as de facto GM (no separate GM hired),Bill Parcells
2005,DAL,Jerry Jones,Jerry Jones,Owner acting as de facto GM (no separate GM hired),Bill Parcells
2006,DAL,Jerry Jones,Jerry Jones,Owner acting as de facto GM (no separate GM hired),Bill Parcells
2007,DAL,Jerry Jones,Jerry Jones,Owner acting as de facto GM (no separate GM hired),Wade Phillips
2008,DAL,Jerry Jones,Jerry Jones,Owner acting as de facto GM (no separate GM hired),Wade Phillips
2009,DAL,Jerry Jones,Jerry Jones,Owner acting as de facto GM (no separate GM hired),Wade Phillips
2010,DAL,Jerry Jones,Jerry Jones,Owner acting as de facto GM (no separate GM hired),Jason Garrett
2011,DAL,Jerry Jones,Jerry Jones,Owner acting as de facto GM (no separate GM hired),Jason Garrett
2012,DAL,Jerry Jones,Jerry Jones,Owner acting as de facto GM (no separate GM hired),Jason Garrett
2013,DAL,Jerry Jones,Jerry Jones,Owner acting as de facto GM (no separate GM hired),Jason Garrett
2014,DAL,Jerry Jones,Jerry Jones,Owner acting as de facto GM (no separate GM hired),Jason Garrett
2015,DAL,Jerry Jones,Jerry Jones,Owner acting as de facto GM (no separate GM hired),Jason Garrett
2016,DAL,Jerry Jones,Jerry Jones,Owner acting as de facto GM (no separate GM hired),Jason Garrett
2017,DAL,Jerry Jones,Jerry Jones,Owner acting as de facto GM (no separate GM hired),Jason Garrett
2018,DAL,Jerry Jones,Jerry Jones,Owner acting as de facto GM (no separate GM hired),Jason Garrett
2019,DAL,Jerry Jones,Jerry Jones,Owner acting as de facto GM (no separate GM hired),Jason Garrett
2020,DAL,Jerry Jones,Jerry Jones,Owner acting as de facto GM (no separate GM hired),Mike McCarthy
2021,DAL,Jerry Jones,Jerry Jones,Owner acting as de facto GM (no separate GM hired),Mike McCarthy
2022,DAL,Jerry Jones,Jerry Jones,Owner acting as de facto GM (no separate GM hired),Mike McCarthy
2023,DAL,Jerry Jones,Jerry Jones,Owner acting as de facto GM (no separate GM hired),Mike McCarthy
2024,DAL,Jerry Jones,Jerry Jones,Owner acting as de facto GM (no separate GM hired),Mike McCarthy
2025,DAL,Jerry Jones,Jerry Jones,Owner acting as de facto GM (no separate GM hired),Brian Schottenheimer
2026,DAL,Jerry Jones,Jerry Jones,Owner acting as de facto GM (no separate GM hired),Brian Schottenheimer
1960,DEN,Bob Howsam,Dean Griffing,,Frank Filchock
1961,DEN,Group of Denver businessmen,Dean Griffing,,Frank Filchock
1962,DEN,Group of Denver businessmen,Jack Faulkner,GM (also Head Coach),Jack Faulkner
1963,DEN,Group of Denver businessmen,Jack Faulkner,GM (also Head Coach),Jack Faulkner
1964,DEN,Group of Denver businessmen,Jack Faulkner,GM (also Head Coach),Mac Speedie
1965,DEN,Gerald Phipps,Fred Gehrke,1st stint,Mac Speedie
1966,DEN,Gerald Phipps,Jim Burris,,Ray Malavasi
1967,DEN,Gerald Phipps,Lou Saban,,Lou Saban
1968,DEN,Gerald Phipps,Lou Saban,,Lou Saban
1969,DEN,Gerald Phipps,Lou Saban,,Lou Saban
1970,DEN,Gerald Phipps,Lou Saban,,Lou Saban
1971,DEN,Gerald Phipps,Lou Saban,,Jerry Smith
1972,DEN,Gerald Phipps,John Ralston,GM (also Head Coach),John Ralston
1973,DEN,Gerald Phipps,John Ralston,GM (also Head Coach),John Ralston
1974,DEN,Gerald Phipps,John Ralston,GM (also Head Coach),John Ralston
1975,DEN,Gerald Phipps,John Ralston,GM (also Head Coach),John Ralston
1976,DEN,Gerald Phipps,John Ralston,GM (also Head Coach),John Ralston
1977,DEN,Gerald Phipps,Fred Gehrke,2nd stint,Red Miller
1978,DEN,Gerald Phipps,Fred Gehrke,2nd stint,Red Miller
1979,DEN,Gerald Phipps,Fred Gehrke,2nd stint,Red Miller
1980,DEN,Gerald Phipps,Fred Gehrke,2nd stint,Red Miller
1981,DEN,Edgar F. Kaiser Jr.,Grady Alderman,,Dan Reeves
1982,DEN,Edgar F. Kaiser Jr.,Grady Alderman,,Dan Reeves
1983,DEN,Edgar F. Kaiser Jr.,Hein Poulus,,Dan Reeves
1984,DEN,Pat Bowlen,John Beake,,Dan Reeves
1985,DEN,Pat Bowlen,John Beake,,Dan Reeves
1986,DEN,Pat Bowlen,John Beake,,Dan Reeves
1987,DEN,Pat Bowlen,John Beake,,Dan Reeves
1988,DEN,Pat Bowlen,John Beake,,Dan Reeves
1989,DEN,Pat Bowlen,John Beake,,Dan Reeves
1990,DEN,Pat Bowlen,John Beake,,Dan Reeves
1991,DEN,Pat Bowlen,John Beake,,Dan Reeves
1992,DEN,Pat Bowlen,John Beake,,Dan Reeves
1993,DEN,Pat Bowlen,John Beake,,Wade Phillips
1994,DEN,Pat Bowlen,John Beake,,Wade Phillips
1995,DEN,Pat Bowlen,John Beake,,Mike Shanahan
1996,DEN,Pat Bowlen,John Beake,,Mike Shanahan
1997,DEN,Pat Bowlen,John Beake,,Mike Shanahan
1998,DEN,Pat Bowlen,John Beake,,Mike Shanahan
1999,DEN,Pat Bowlen,Neal Dahlen,,Mike Shanahan
2000,DEN,Pat Bowlen,Neal Dahlen,,Mike Shanahan
2001,DEN,Pat Bowlen,Neal Dahlen,,Mike Shanahan
2002,DEN,Pat Bowlen,Ted Sundquist,,Mike Shanahan
2003,DEN,Pat Bowlen,Ted Sundquist,,Mike Shanahan
2004,DEN,Pat Bowlen,Ted Sundquist,,Mike Shanahan
2005,DEN,Pat Bowlen,Ted Sundquist,,Mike Shanahan
2006,DEN,Pat Bowlen,Ted Sundquist,,Mike Shanahan
2007,DEN,Pat Bowlen,Ted Sundquist,,Mike Shanahan
2008,DEN,Pat Bowlen,Jim Goodman,VP of Football Ops/Player Personnel,Mike Shanahan
2009,DEN,Pat Bowlen,Brian Xanders,,Josh McDaniels
2010,DEN,Pat Bowlen,Brian Xanders,,Eric Studesville (interim)
2011,DEN,Pat Bowlen,John Elway,EVP of Football Operations/GM,John Fox
2012,DEN,Pat Bowlen,John Elway,EVP of Football Operations/GM,John Fox
2013,DEN,Pat Bowlen,John Elway,EVP of Football Operations/GM,John Fox
2014,DEN,Pat Bowlen,John Elway,EVP of Football Operations/GM,John Fox
2015,DEN,Pat Bowlen,John Elway,EVP of Football Operations/GM,Gary Kubiak
2016,DEN,Pat Bowlen,John Elway,EVP of Football Operations/GM,Gary Kubiak
2017,DEN,Pat Bowlen,John Elway,EVP of Football Operations/GM,Vance Joseph
2018,DEN,Pat Bowlen,John Elway,EVP of Football Operations/GM,Vance Joseph
2019,DEN,Pat Bowlen Trust,John Elway,EVP of Football Operations/GM,Vic Fangio
2020,DEN,Pat Bowlen Trust,John Elway,EVP of Football Operations/GM,Vic Fangio
2021,DEN,Pat Bowlen Trust,George Paton,,Vic Fangio
2022,DEN,Walton-Penner Family Ownership Group,George Paton,,"Nathaniel Hackett (fired) / Jerry Rosburg (interim, finished season)"
2023,DEN,Walton-Penner Family Ownership Group,George Paton,,Sean Payton
2024,DEN,Walton-Penner Family Ownership Group,George Paton,,Sean Payton
2025,DEN,Walton-Penner Family Ownership Group,George Paton,,Sean Payton
2026,DEN,Walton-Penner Family Ownership Group,George Paton,,Sean Payton
1929,DET,Harry N. Snyder / Portsmouth National League Football Corp.,No distinct GM position,Owner/head coach ran football ops,(unknown)
1930,DET,Harry N. Snyder / Portsmouth National League Football Corp.,No distinct GM position,Owner/head coach ran football ops,Hal Griffen
1931,DET,Harry N. Snyder / Portsmouth National League Football Corp.,No distinct GM position,Owner/head coach ran football ops,"George ""Potsy"" Clark (1st stint)"
1932,DET,Harry N. Snyder / Portsmouth National League Football Corp.,No distinct GM position,Owner/head coach ran football ops,"George ""Potsy"" Clark (1st stint)"
1933,DET,Harry N. Snyder / Portsmouth National League Football Corp.,No distinct GM position,Owner/head coach ran football ops,"George ""Potsy"" Clark (1st stint)"
1934,DET,George A. Richards,No distinct GM position,Owner/head coach ran football ops,"George ""Potsy"" Clark (1st stint)"
1935,DET,George A. Richards,No distinct GM position,Owner/head coach ran football ops,"George ""Potsy"" Clark (1st stint)"
1936,DET,George A. Richards,No distinct GM position,Owner/head coach ran football ops,"George ""Potsy"" Clark (1st stint)"
1937,DET,George A. Richards,No distinct GM position,Owner/head coach ran football ops,Dutch (Earl) Clark
1938,DET,George A. Richards,No distinct GM position,Owner/head coach ran football ops,Dutch (Earl) Clark
1939,DET,George A. Richards,No distinct GM position,Owner/head coach ran football ops,Gus Henderson
1940,DET,Fred L. Mandel Jr.,No distinct GM position,Owner/head coach ran football ops,"George ""Potsy"" Clark (2nd stint)"
1941,DET,Fred L. Mandel Jr.,No distinct GM position,Owner/head coach ran football ops,Bill Edwards
1942,DET,Fred L. Mandel Jr.,No distinct GM position,Owner/head coach ran football ops,Bull Karcis (interim)
1943,DET,Fred L. Mandel Jr.,No distinct GM position,Owner/head coach ran football ops,Gus Dorais
1944,DET,Fred L. Mandel Jr.,No distinct GM position,Owner/head coach ran football ops,Gus Dorais
1945,DET,Fred L. Mandel Jr.,No distinct GM position,Owner/head coach ran football ops,Gus Dorais
1946,DET,Fred L. Mandel Jr.,No distinct GM position,Owner/head coach ran football ops,Gus Dorais
1947,DET,Fred L. Mandel Jr.,No distinct GM position,Owner/head coach ran football ops,Gus Dorais
1948,DET,Detroit Football Company syndicate,Nick Kerbawy,Business Manager/Asst. GM,Bo McMillin
1949,DET,Detroit Football Company syndicate,Nick Kerbawy,Business Manager/Asst. GM,Bo McMillin
1950,DET,Detroit Football Company syndicate,Nick Kerbawy,Business Manager/Asst. GM,Bo McMillin
1951,DET,Detroit Football Company syndicate,Nick Kerbawy,General Manager,Buddy Parker
1952,DET,Detroit Football Company syndicate,Nick Kerbawy,General Manager,Buddy Parker
1953,DET,Detroit Football Company syndicate,Nick Kerbawy,General Manager,Buddy Parker
1954,DET,Detroit Football Company syndicate,Nick Kerbawy,General Manager,Buddy Parker
1955,DET,Detroit Football Company syndicate,Nick Kerbawy,General Manager,Buddy Parker
1956,DET,Detroit Football Company syndicate,Nick Kerbawy,General Manager,Buddy Parker
1957,DET,Detroit Football Company syndicate,Nick Kerbawy,General Manager,George Wilson
1958,DET,Detroit Football Company syndicate,Edwin J. Anderson,General Manager,George Wilson
1959,DET,Detroit Football Company syndicate,Edwin J. Anderson,General Manager,George Wilson
1960,DET,Detroit Football Company syndicate,Edwin J. Anderson,General Manager,George Wilson
1961,DET,Detroit Football Company syndicate,Edwin J. Anderson,General Manager,George Wilson
1962,DET,Detroit Football Company syndicate,Edwin J. Anderson,General Manager,George Wilson
1963,DET,William Clay Ford Sr.,Edwin J. Anderson,General Manager,George Wilson
1964,DET,William Clay Ford Sr.,Russ Thomas,Director of Player Personnel/de facto GM,George Wilson
1965,DET,William Clay Ford Sr.,Russ Thomas,Director of Player Personnel/de facto GM,Harry Gilmer
1966,DET,William Clay Ford Sr.,Russ Thomas,Director of Player Personnel/de facto GM,Harry Gilmer
1967,DET,William Clay Ford Sr.,Russ Thomas,General Manager,Joe Schmidt
1968,DET,William Clay Ford Sr.,Russ Thomas,General Manager,Joe Schmidt
1969,DET,William Clay Ford Sr.,Russ Thomas,General Manager,Joe Schmidt
1970,DET,William Clay Ford Sr.,Russ Thomas,General Manager,Joe Schmidt
1971,DET,William Clay Ford Sr.,Russ Thomas,General Manager,Joe Schmidt
1972,DET,William Clay Ford Sr.,Russ Thomas,General Manager,Joe Schmidt
1973,DET,William Clay Ford Sr.,Russ Thomas,General Manager,Don McCafferty
1974,DET,William Clay Ford Sr.,Russ Thomas,General Manager,Rick Forzano
1975,DET,William Clay Ford Sr.,Russ Thomas,General Manager,Rick Forzano
1976,DET,William Clay Ford Sr.,Russ Thomas,General Manager,Tommy Hudspeth
1977,DET,William Clay Ford Sr.,Russ Thomas,General Manager,Tommy Hudspeth
1978,DET,William Clay Ford Sr.,Russ Thomas,General Manager,Monte Clark
1979,DET,William Clay Ford Sr.,Russ Thomas,General Manager,Monte Clark
1980,DET,William Clay Ford Sr.,Russ Thomas,General Manager,Monte Clark
1981,DET,William Clay Ford Sr.,Russ Thomas,General Manager,Monte Clark
1982,DET,William Clay Ford Sr.,Russ Thomas,General Manager,Monte Clark
1983,DET,William Clay Ford Sr.,Russ Thomas,General Manager,Monte Clark
1984,DET,William Clay Ford Sr.,Russ Thomas,General Manager,Monte Clark
1985,DET,William Clay Ford Sr.,Russ Thomas,General Manager,Darryl Rogers
1986,DET,William Clay Ford Sr.,Russ Thomas,General Manager,Darryl Rogers
1987,DET,William Clay Ford Sr.,Russ Thomas,General Manager,Darryl Rogers
1988,DET,William Clay Ford Sr.,Russ Thomas,General Manager,Wayne Fontes
1989,DET,William Clay Ford Sr.,Chuck Schmidt,General Manager,Wayne Fontes
1990,DET,William Clay Ford Sr.,Chuck Schmidt,General Manager,Wayne Fontes
1991,DET,William Clay Ford Sr.,Chuck Schmidt,General Manager,Wayne Fontes
1992,DET,William Clay Ford Sr.,Chuck Schmidt,General Manager,Wayne Fontes
1993,DET,William Clay Ford Sr.,Chuck Schmidt,General Manager,Wayne Fontes
1994,DET,William Clay Ford Sr.,Chuck Schmidt,General Manager,Wayne Fontes
1995,DET,William Clay Ford Sr.,Chuck Schmidt,General Manager,Wayne Fontes
1996,DET,William Clay Ford Sr.,Chuck Schmidt,General Manager,Wayne Fontes
1997,DET,William Clay Ford Sr.,Chuck Schmidt,General Manager,Bobby Ross
1998,DET,William Clay Ford Sr.,Chuck Schmidt,General Manager,Bobby Ross
1999,DET,William Clay Ford Sr.,Chuck Schmidt,General Manager,Bobby Ross
2000,DET,William Clay Ford Sr.,Chuck Schmidt,General Manager,Gary Moeller (interim)
2001,DET,William Clay Ford Sr.,Matt Millen,President & CEO/de facto GM,Marty Mornhinweg
2002,DET,William Clay Ford Sr.,Matt Millen,President & CEO/de facto GM,Marty Mornhinweg
2003,DET,William Clay Ford Sr.,Matt Millen,President & CEO/de facto GM,Steve Mariucci
2004,DET,William Clay Ford Sr.,Matt Millen,President & CEO/de facto GM,Steve Mariucci
2005,DET,William Clay Ford Sr.,Matt Millen,President & CEO/de facto GM,Dick Jauron (interim)
2006,DET,William Clay Ford Sr.,Matt Millen,President & CEO/de facto GM,Rod Marinelli
2007,DET,William Clay Ford Sr.,Matt Millen,President & CEO/de facto GM,Rod Marinelli
2008,DET,William Clay Ford Sr.,Martin Mayhew,General Manager,Rod Marinelli
2009,DET,William Clay Ford Sr.,Martin Mayhew,General Manager,Jim Schwartz
2010,DET,William Clay Ford Sr.,Martin Mayhew,General Manager,Jim Schwartz
2011,DET,William Clay Ford Sr.,Martin Mayhew,General Manager,Jim Schwartz
2012,DET,William Clay Ford Sr.,Martin Mayhew,General Manager,Jim Schwartz
2013,DET,William Clay Ford Sr.,Martin Mayhew,General Manager,Jim Schwartz
2014,DET,Martha Firestone Ford,Martin Mayhew,General Manager,Jim Caldwell
2015,DET,Martha Firestone Ford,Martin Mayhew,General Manager,Jim Caldwell
2016,DET,Martha Firestone Ford,Bob Quinn,General Manager,Jim Caldwell
2017,DET,Martha Firestone Ford,Bob Quinn,General Manager,Jim Caldwell
2018,DET,Martha Firestone Ford,Bob Quinn,General Manager,Matt Patricia
2019,DET,Martha Firestone Ford,Bob Quinn,General Manager,Matt Patricia
2020,DET,Sheila Ford Hamp,Bob Quinn,General Manager,Darrell Bevell (interim)
2021,DET,Sheila Ford Hamp,Brad Holmes,General Manager,Dan Campbell
2022,DET,Sheila Ford Hamp,Brad Holmes,General Manager,Dan Campbell
2023,DET,Sheila Ford Hamp,Brad Holmes,General Manager,Dan Campbell
2024,DET,Sheila Ford Hamp,Brad Holmes,General Manager,Dan Campbell
2025,DET,Sheila Ford Hamp,Brad Holmes,General Manager,Dan Campbell
2026,DET,Sheila Ford Hamp,Brad Holmes,General Manager,Dan Campbell
1919,GB,Curly Lambeau & George Calhoun,Curly Lambeau,"Founder/Head Coach, de facto GM",(unknown)
1920,GB,Curly Lambeau & George Calhoun,Curly Lambeau,"Founder/Head Coach, de facto GM",(unknown)
1921,GB,Acme Packing Company,Curly Lambeau,"Founder/Head Coach, de facto GM",Curly Lambeau
1922,GB,"Green Bay Football Club, Inc. (Lambeau, president)",Curly Lambeau,"Founder/Head Coach, de facto GM",Curly Lambeau
1923,GB,Publicly owned - President Andrew B. Turnbull,Curly Lambeau,"Founder/Head Coach, de facto GM",Curly Lambeau
1924,GB,Publicly owned - President Andrew B. Turnbull,Curly Lambeau,"Founder/Head Coach, de facto GM",Curly Lambeau
1925,GB,Publicly owned - President Andrew B. Turnbull,Curly Lambeau,"Founder/Head Coach, de facto GM",Curly Lambeau
1926,GB,Publicly owned - President Andrew B. Turnbull,Curly Lambeau,"Founder/Head Coach, de facto GM",Curly Lambeau
1927,GB,Publicly owned - President Andrew B. Turnbull,Curly Lambeau,"Founder/Head Coach, de facto GM",Curly Lambeau
1928,GB,Publicly owned - President Ray Evrard,Curly Lambeau,"Founder/Head Coach, de facto GM",Curly Lambeau
1929,GB,Publicly owned - President W. Webber Kelly,Curly Lambeau,"Founder/Head Coach, de facto GM",Curly Lambeau
1930,GB,Publicly owned - President Leland H. Joannes,Curly Lambeau,"Founder/Head Coach, de facto GM",Curly Lambeau
1931,GB,Publicly owned - President Leland H. Joannes,Curly Lambeau,"Founder/Head Coach, de facto GM",Curly Lambeau
1932,GB,Publicly owned - President Leland H. Joannes,Curly Lambeau,"Founder/Head Coach, de facto GM",Curly Lambeau
1933,GB,Publicly owned - President Leland H. Joannes,Curly Lambeau,"Founder/Head Coach, de facto GM",Curly Lambeau
1934,GB,Publicly owned - President Leland H. Joannes,Curly Lambeau,"Founder/Head Coach, de facto GM",Curly Lambeau
1935,GB,Publicly owned - President Leland H. Joannes,Curly Lambeau,"Founder/Head Coach, de facto GM",Curly Lambeau
1936,GB,Publicly owned - President Leland H. Joannes,Curly Lambeau,"Founder/Head Coach, de facto GM",Curly Lambeau
1937,GB,Publicly owned - President Leland H. Joannes,Curly Lambeau,"Founder/Head Coach, de facto GM",Curly Lambeau
1938,GB,Publicly owned - President Leland H. Joannes,Curly Lambeau,"Founder/Head Coach, de facto GM",Curly Lambeau
1939,GB,Publicly owned - President Leland H. Joannes,Curly Lambeau,"Founder/Head Coach, de facto GM",Curly Lambeau
1940,GB,Publicly owned - President Leland H. Joannes,Curly Lambeau,"Founder/Head Coach, de facto GM",Curly Lambeau
1941,GB,Publicly owned - President Leland H. Joannes,Curly Lambeau,"Founder/Head Coach, de facto GM",Curly Lambeau
1942,GB,Publicly owned - President Leland H. Joannes,Curly Lambeau,"Founder/Head Coach, de facto GM",Curly Lambeau
1943,GB,Publicly owned - President Leland H. Joannes,Curly Lambeau,"Founder/Head Coach, de facto GM",Curly Lambeau
1944,GB,Publicly owned - President Leland H. Joannes,Curly Lambeau,"Founder/Head Coach, de facto GM",Curly Lambeau
1945,GB,Publicly owned - President Leland H. Joannes,Curly Lambeau,"Founder/Head Coach, de facto GM",Curly Lambeau
1946,GB,Publicly owned - President Leland H. Joannes,Curly Lambeau,"Founder/Head Coach, de facto GM",Curly Lambeau
1947,GB,Publicly owned - President Leland H. Joannes,Curly Lambeau,"Founder/Head Coach, de facto GM",Curly Lambeau
1948,GB,Publicly owned - President Emil Fischer,Curly Lambeau,"Founder/Head Coach, de facto GM",Curly Lambeau
1949,GB,Publicly owned - President Emil Fischer,Curly Lambeau,"Founder/Head Coach, de facto GM",Curly Lambeau
1950,GB,Publicly owned - President Emil Fischer,No distinct GM position,Run by Executive Committee,Gene Ronzani
1951,GB,Publicly owned - President Emil Fischer,No distinct GM position,Run by Executive Committee,Gene Ronzani
1952,GB,Publicly owned - President Emil Fischer,No distinct GM position,Run by Executive Committee,Gene Ronzani
1953,GB,Publicly owned - President Russ Bogda,No distinct GM position,Run by Executive Committee,"Hugh Devore & Ray ""Scooter"" McLean (co-interim)"
1954,GB,Publicly owned - President Russ Bogda,Verne Lewellen,General Manager,Lisle Blackbourn
1955,GB,Publicly owned - President Russ Bogda,Verne Lewellen,General Manager,Lisle Blackbourn
1956,GB,Publicly owned - President Russ Bogda,Verne Lewellen,General Manager,Lisle Blackbourn
1957,GB,Publicly owned - President Russ Bogda,Verne Lewellen,General Manager,Lisle Blackbourn
1958,GB,Publicly owned - President Dominic Olejniczak,Verne Lewellen,General Manager,Ray McLean
1959,GB,Publicly owned - President Dominic Olejniczak,Vince Lombardi,Head Coach & General Manager,Vince Lombardi
1960,GB,Publicly owned - President Dominic Olejniczak,Vince Lombardi,Head Coach & General Manager,Vince Lombardi
1961,GB,Publicly owned - President Dominic Olejniczak,Vince Lombardi,Head Coach & General Manager,Vince Lombardi
1962,GB,Publicly owned - President Dominic Olejniczak,Vince Lombardi,Head Coach & General Manager,Vince Lombardi
1963,GB,Publicly owned - President Dominic Olejniczak,Vince Lombardi,Head Coach & General Manager,Vince Lombardi
1964,GB,Publicly owned - President Dominic Olejniczak,Vince Lombardi,Head Coach & General Manager,Vince Lombardi
1965,GB,Publicly owned - President Dominic Olejniczak,Vince Lombardi,Head Coach & General Manager,Vince Lombardi
1966,GB,Publicly owned - President Dominic Olejniczak,Vince Lombardi,Head Coach & General Manager,Vince Lombardi
1967,GB,Publicly owned - President Dominic Olejniczak,Vince Lombardi,Head Coach & General Manager,Vince Lombardi
1968,GB,Publicly owned - President Dominic Olejniczak,Vince Lombardi,Head Coach & General Manager,Phil Bengtson
1969,GB,Publicly owned - President Dominic Olejniczak,No distinct GM position,Run by Executive Committee,Phil Bengtson
1970,GB,Publicly owned - President Dominic Olejniczak,No distinct GM position,Run by Executive Committee,Phil Bengtson
1971,GB,Publicly owned - President Dominic Olejniczak,Dan Devine,Head Coach & General Manager,Dan Devine
1972,GB,Publicly owned - President Dominic Olejniczak,Dan Devine,Head Coach & General Manager,Dan Devine
1973,GB,Publicly owned - President Dominic Olejniczak,Dan Devine,Head Coach & General Manager,Dan Devine
1974,GB,Publicly owned - President Dominic Olejniczak,Dan Devine,Head Coach & General Manager,Dan Devine
1975,GB,Publicly owned - President Dominic Olejniczak,Bart Starr,Head Coach & General Manager,Bart Starr
1976,GB,Publicly owned - President Dominic Olejniczak,Bart Starr,Head Coach & General Manager,Bart Starr
1977,GB,Publicly owned - President Dominic Olejniczak,Bart Starr,Head Coach & General Manager,Bart Starr
1978,GB,Publicly owned - President Dominic Olejniczak,Bart Starr,Head Coach & General Manager,Bart Starr
1979,GB,Publicly owned - President Dominic Olejniczak,Bart Starr,Head Coach & General Manager,Bart Starr
1980,GB,Publicly owned - President Dominic Olejniczak,Bart Starr,Head Coach & General Manager,Bart Starr
1981,GB,Publicly owned - President Dominic Olejniczak,No distinct GM position,Exec. Committee/Dick Corrick shared authority,Bart Starr
1982,GB,Publicly owned - President Robert J. Parins,No distinct GM position,Exec. Committee/Dick Corrick shared authority,Bart Starr
1983,GB,Publicly owned - President Robert J. Parins,No distinct GM position,Exec. Committee/Dick Corrick shared authority,Bart Starr
1984,GB,Publicly owned - President Robert J. Parins,Forrest Gregg,Head Coach & General Manager,Forrest Gregg
1985,GB,Publicly owned - President Robert J. Parins,Forrest Gregg,Head Coach & General Manager,Forrest Gregg
1986,GB,Publicly owned - President Robert J. Parins,Forrest Gregg,Head Coach & General Manager,Forrest Gregg
1987,GB,Publicly owned - President Robert J. Parins,Tom Braatz,"EVP, Football Operations/de facto GM",Forrest Gregg
1988,GB,Publicly owned - President Robert J. Parins,Tom Braatz,"EVP, Football Operations/de facto GM",Lindy Infante
1989,GB,Publicly owned - President Bob Harlan,Tom Braatz,"EVP, Football Operations/de facto GM",Lindy Infante
1990,GB,Publicly owned - President Bob Harlan,Tom Braatz,"EVP, Football Operations/de facto GM",Lindy Infante
1991,GB,Publicly owned - President Bob Harlan,Ron Wolf,General Manager,Lindy Infante
1992,GB,Publicly owned - President Bob Harlan,Ron Wolf,General Manager,Mike Holmgren
1993,GB,Publicly owned - President Bob Harlan,Ron Wolf,General Manager,Mike Holmgren
1994,GB,Publicly owned - President Bob Harlan,Ron Wolf,General Manager,Mike Holmgren
1995,GB,Publicly owned - President Bob Harlan,Ron Wolf,General Manager,Mike Holmgren
1996,GB,Publicly owned - President Bob Harlan,Ron Wolf,General Manager,Mike Holmgren
1997,GB,Publicly owned - President Bob Harlan,Ron Wolf,General Manager,Mike Holmgren
1998,GB,Publicly owned - President Bob Harlan,Ron Wolf,General Manager,Mike Holmgren
1999,GB,Publicly owned - President Bob Harlan,Ron Wolf,General Manager,Ray Rhodes
2000,GB,Publicly owned - President Bob Harlan,Ron Wolf,General Manager,Mike Sherman
2001,GB,Publicly owned - President Bob Harlan,Mike Sherman,Head Coach & General Manager,Mike Sherman
2002,GB,Publicly owned - President Bob Harlan,Mike Sherman,Head Coach & General Manager,Mike Sherman
2003,GB,Publicly owned - President Bob Harlan,Mike Sherman,Head Coach & General Manager,Mike Sherman
2004,GB,Publicly owned - President Bob Harlan,Mike Sherman,Head Coach & General Manager,Mike Sherman
2005,GB,Publicly owned - President Bob Harlan,Ted Thompson,General Manager,Mike Sherman
2006,GB,Publicly owned - President Bob Harlan,Ted Thompson,General Manager,Mike McCarthy
2007,GB,Publicly owned - President Bob Harlan,Ted Thompson,General Manager,Mike McCarthy
2008,GB,Publicly owned - President Mark Murphy,Ted Thompson,General Manager,Mike McCarthy
2009,GB,Publicly owned - President Mark Murphy,Ted Thompson,General Manager,Mike McCarthy
2010,GB,Publicly owned - President Mark Murphy,Ted Thompson,General Manager,Mike McCarthy
2011,GB,Publicly owned - President Mark Murphy,Ted Thompson,General Manager,Mike McCarthy
2012,GB,Publicly owned - President Mark Murphy,Ted Thompson,General Manager,Mike McCarthy
2013,GB,Publicly owned - President Mark Murphy,Ted Thompson,General Manager,Mike McCarthy
2014,GB,Publicly owned - President Mark Murphy,Ted Thompson,General Manager,Mike McCarthy
2015,GB,Publicly owned - President Mark Murphy,Ted Thompson,General Manager,Mike McCarthy
2016,GB,Publicly owned - President Mark Murphy,Ted Thompson,General Manager,Mike McCarthy
2017,GB,Publicly owned - President Mark Murphy,Ted Thompson,General Manager,Mike McCarthy
2018,GB,Publicly owned - President Mark Murphy,Brian Gutekunst,General Manager,Joe Philbin (interim)
2019,GB,Publicly owned - President Mark Murphy,Brian Gutekunst,General Manager,Matt LaFleur
2020,GB,Publicly owned - President Mark Murphy,Brian Gutekunst,General Manager,Matt LaFleur
2021,GB,Publicly owned - President Mark Murphy,Brian Gutekunst,General Manager,Matt LaFleur
2022,GB,Publicly owned - President Mark Murphy,Brian Gutekunst,General Manager,Matt LaFleur
2023,GB,Publicly owned - President Mark Murphy,Brian Gutekunst,General Manager,Matt LaFleur
2024,GB,Publicly owned - President Mark Murphy,Brian Gutekunst,General Manager,Matt LaFleur
2025,GB,Publicly owned - President Ed Policy,Brian Gutekunst,General Manager,Matt LaFleur
2026,GB,Publicly owned - President Ed Policy,Brian Gutekunst,General Manager,Matt LaFleur
2002,HOU,Bob McNair,Charley Casserly,General Manager,Dom Capers
2003,HOU,Bob McNair,Charley Casserly,General Manager,Dom Capers
2004,HOU,Bob McNair,Charley Casserly,General Manager,Dom Capers
2005,HOU,Bob McNair,Charley Casserly,General Manager,Dom Capers
2006,HOU,Bob McNair,Rick Smith,EVP/General Manager,Gary Kubiak
2007,HOU,Bob McNair,Rick Smith,EVP/General Manager,Gary Kubiak
2008,HOU,Bob McNair,Rick Smith,EVP/General Manager,Gary Kubiak
2009,HOU,Bob McNair,Rick Smith,EVP/General Manager,Gary Kubiak
2010,HOU,Bob McNair,Rick Smith,EVP/General Manager,Gary Kubiak
2011,HOU,Bob McNair,Rick Smith,EVP/General Manager,Gary Kubiak
2012,HOU,Bob McNair,Rick Smith,EVP/General Manager,Gary Kubiak
2013,HOU,Bob McNair,Rick Smith,EVP/General Manager,Wade Phillips (interim)
2014,HOU,Bob McNair,Rick Smith,EVP/General Manager,Bill O'Brien
2015,HOU,Bob McNair,Rick Smith,EVP/General Manager,Bill O'Brien
2016,HOU,Bob McNair,Rick Smith,EVP/General Manager,Bill O'Brien
2017,HOU,Bob McNair,Rick Smith,EVP/General Manager,Bill O'Brien
2018,HOU,Janice McNair,Brian Gaine,General Manager,Bill O'Brien
2019,HOU,Janice McNair,Bill O'Brien,Head Coach/General Manager,Bill O'Brien
2020,HOU,Janice McNair,Bill O'Brien,Head Coach/General Manager,Romeo Crennel (interim)
2021,HOU,Janice McNair,Nick Caserio,EVP/General Manager,David Culley
2022,HOU,Janice McNair,Nick Caserio,EVP/General Manager,Lovie Smith
2023,HOU,Janice McNair,Nick Caserio,EVP/General Manager,DeMeco Ryans
2024,HOU,Cal McNair,Nick Caserio,EVP/General Manager,DeMeco Ryans
2025,HOU,Cal McNair,Nick Caserio,EVP/General Manager,DeMeco Ryans
2026,HOU,Cal McNair,Nick Caserio,EVP/General Manager,DeMeco Ryans
1953,IND,Carroll Rosenbloom,Don Kellett,President/General Manager,Keith Molesworth
1954,IND,Carroll Rosenbloom,Don Kellett,President/General Manager,Weeb Ewbank
1955,IND,Carroll Rosenbloom,Don Kellett,President/General Manager,Weeb Ewbank
1956,IND,Carroll Rosenbloom,Don Kellett,President/General Manager,Weeb Ewbank
1957,IND,Carroll Rosenbloom,Don Kellett,President/General Manager,Weeb Ewbank
1958,IND,Carroll Rosenbloom,Don Kellett,President/General Manager,Weeb Ewbank
1959,IND,Carroll Rosenbloom,Don Kellett,President/General Manager,Weeb Ewbank
1960,IND,Carroll Rosenbloom,Don Kellett,President/General Manager,Weeb Ewbank
1961,IND,Carroll Rosenbloom,Don Kellett,President/General Manager,Weeb Ewbank
1962,IND,Carroll Rosenbloom,Don Kellett,President/General Manager,Weeb Ewbank
1963,IND,Carroll Rosenbloom,Don Kellett,President/General Manager,Don Shula
1964,IND,Carroll Rosenbloom,Don Kellett,President/General Manager,Don Shula
1965,IND,Carroll Rosenbloom,Don Kellett,President/General Manager,Don Shula
1966,IND,Carroll Rosenbloom,Joe Campanella,VP/General Manager,Don Shula
1967,IND,Carroll Rosenbloom,Harry Hulmes,Acting General Manager,Don Shula
1968,IND,Carroll Rosenbloom,Harry Hulmes,Acting General Manager,Don Shula
1969,IND,Carroll Rosenbloom,Harry Hulmes,Acting General Manager,Don Shula
1970,IND,Carroll Rosenbloom,Don Klosterman,General Manager,Don McCafferty
1971,IND,Carroll Rosenbloom,Don Klosterman,General Manager,Don McCafferty
1972,IND,Robert Irsay,Joe Thomas,Head Coach/General Manager,John Sandusky (interim)
1973,IND,Robert Irsay,Joe Thomas,Head Coach/General Manager,Howard Schnellenberger
1974,IND,Robert Irsay,Joe Thomas,Head Coach/General Manager,Joe Thomas (interim)
1975,IND,Robert Irsay,Joe Thomas,Head Coach/General Manager,Ted Marchibroda (1st stint)
1976,IND,Robert Irsay,Joe Thomas,Head Coach/General Manager,Ted Marchibroda (1st stint)
1977,IND,Robert Irsay,Dick Szymanski,EVP/General Manager,Ted Marchibroda (1st stint)
1978,IND,Robert Irsay,Dick Szymanski,EVP/General Manager,Ted Marchibroda (1st stint)
1979,IND,Robert Irsay,Dick Szymanski,EVP/General Manager,Ted Marchibroda (1st stint)
1980,IND,Robert Irsay,Dick Szymanski,EVP/General Manager,Mike McCormack
1981,IND,Robert Irsay,Dick Szymanski,EVP/General Manager,Mike McCormack
1982,IND,Robert Irsay,Ernie Accorsi,General Manager,Frank Kush
1983,IND,Robert Irsay,Ernie Accorsi,General Manager,Frank Kush
1984,IND,Robert Irsay,Jim Irsay,VP/General Manager,Hal Hunter (interim)
1985,IND,Robert Irsay,Jim Irsay,VP/General Manager,Rod Dowhower
1986,IND,Robert Irsay,Jim Irsay,VP/General Manager,Ron Meyer
1987,IND,Robert Irsay,Jim Irsay,VP/General Manager,Ron Meyer
1988,IND,Robert Irsay,Jim Irsay,VP/General Manager,Ron Meyer
1989,IND,Robert Irsay,Jim Irsay,VP/General Manager,Ron Meyer
1990,IND,Robert Irsay,Jim Irsay,VP/General Manager,Ron Meyer
1991,IND,Robert Irsay,Jim Irsay,VP/General Manager,Rick Venturi (interim)
1992,IND,Robert Irsay,Jim Irsay,VP/General Manager,Ted Marchibroda (2nd stint)
1993,IND,Robert Irsay,Jim Irsay,VP/General Manager,Ted Marchibroda (2nd stint)
1994,IND,Robert Irsay,Bill Tobin,Director of Football Operations,Ted Marchibroda (2nd stint)
1995,IND,Robert Irsay,Bill Tobin,Director of Football Operations,Ted Marchibroda (2nd stint)
1996,IND,Robert Irsay,Bill Tobin,Director of Football Operations,Lindy Infante
1997,IND,Jim Irsay,Bill Tobin,Director of Football Operations,Lindy Infante
1998,IND,Jim Irsay,Bill Polian,President/General Manager,Jim Mora
1999,IND,Jim Irsay,Bill Polian,President/General Manager,Jim Mora
2000,IND,Jim Irsay,Bill Polian,President/General Manager,Jim Mora
2001,IND,Jim Irsay,Bill Polian,President/General Manager,Jim Mora
2002,IND,Jim Irsay,Bill Polian,President/General Manager,Tony Dungy
2003,IND,Jim Irsay,Bill Polian,President/General Manager,Tony Dungy
2004,IND,Jim Irsay,Bill Polian,President/General Manager,Tony Dungy
2005,IND,Jim Irsay,Bill Polian,President/General Manager,Tony Dungy
2006,IND,Jim Irsay,Bill Polian,President/General Manager,Tony Dungy
2007,IND,Jim Irsay,Bill Polian,President/General Manager,Tony Dungy
2008,IND,Jim Irsay,Bill Polian,President/General Manager,Tony Dungy
2009,IND,Jim Irsay,Chris Polian,VP Football Ops/General Manager,Jim Caldwell
2010,IND,Jim Irsay,Chris Polian,VP Football Ops/General Manager,Jim Caldwell
2011,IND,Jim Irsay,Chris Polian,VP Football Ops/General Manager,Jim Caldwell
2012,IND,Jim Irsay,Ryan Grigson,General Manager,Chuck Pagano
2013,IND,Jim Irsay,Ryan Grigson,General Manager,Chuck Pagano
2014,IND,Jim Irsay,Ryan Grigson,General Manager,Chuck Pagano
2015,IND,Jim Irsay,Ryan Grigson,General Manager,Chuck Pagano
2016,IND,Jim Irsay,Ryan Grigson,General Manager,Chuck Pagano
2017,IND,Jim Irsay,Chris Ballard,General Manager,Chuck Pagano
2018,IND,Jim Irsay,Chris Ballard,General Manager,Frank Reich
2019,IND,Jim Irsay,Chris Ballard,General Manager,Frank Reich
2020,IND,Jim Irsay,Chris Ballard,General Manager,Frank Reich
2021,IND,Jim Irsay,Chris Ballard,General Manager,Frank Reich
2022,IND,Jim Irsay,Chris Ballard,General Manager,Jeff Saturday (interim)
2023,IND,Jim Irsay,Chris Ballard,General Manager,Shane Steichen
2024,IND,Jim Irsay,Chris Ballard,General Manager,Shane Steichen
2025,IND,Carlie Irsay-Gordon,Chris Ballard,General Manager,Shane Steichen
2026,IND,Carlie Irsay-Gordon,Chris Ballard,General Manager,Shane Steichen
1995,JAX,Wayne Weaver,Tom Coughlin,Head Coach/de facto GM,Tom Coughlin
1996,JAX,Wayne Weaver,Tom Coughlin,Head Coach/de facto GM,Tom Coughlin
1997,JAX,Wayne Weaver,Tom Coughlin,Head Coach/de facto GM,Tom Coughlin
1998,JAX,Wayne Weaver,Tom Coughlin,Head Coach/de facto GM,Tom Coughlin
1999,JAX,Wayne Weaver,Tom Coughlin,Head Coach/de facto GM,Tom Coughlin
2000,JAX,Wayne Weaver,Tom Coughlin,Head Coach/de facto GM,Tom Coughlin
2001,JAX,Wayne Weaver,Tom Coughlin,Head Coach/de facto GM,Tom Coughlin
2002,JAX,Wayne Weaver,Tom Coughlin,Head Coach/de facto GM,Tom Coughlin
2003,JAX,Wayne Weaver,James Harris,VP of Player Personnel,Jack Del Rio
2004,JAX,Wayne Weaver,James Harris,VP of Player Personnel,Jack Del Rio
2005,JAX,Wayne Weaver,James Harris,VP of Player Personnel,Jack Del Rio
2006,JAX,Wayne Weaver,James Harris,VP of Player Personnel,Jack Del Rio
2007,JAX,Wayne Weaver,James Harris,VP of Player Personnel,Jack Del Rio
2008,JAX,Wayne Weaver,James Harris,VP of Player Personnel,Jack Del Rio
2009,JAX,Wayne Weaver,Gene Smith,General Manager,Jack Del Rio
2010,JAX,Wayne Weaver,Gene Smith,General Manager,Jack Del Rio
2011,JAX,Wayne Weaver,Gene Smith,General Manager,Mel Tucker (interim)
2012,JAX,Shahid Khan,Gene Smith,General Manager,Mike Mularkey
2013,JAX,Shahid Khan,Dave Caldwell,General Manager,Gus Bradley
2014,JAX,Shahid Khan,Dave Caldwell,General Manager,Gus Bradley
2015,JAX,Shahid Khan,Dave Caldwell,General Manager,Gus Bradley
2016,JAX,Shahid Khan,Dave Caldwell,General Manager,"Doug Marrone (interim, then permanent 2017)"
2017,JAX,Shahid Khan,Dave Caldwell,General Manager,"Doug Marrone (interim, then permanent 2017)"
2018,JAX,Shahid Khan,Dave Caldwell,General Manager,"Doug Marrone (interim, then permanent 2017)"
2019,JAX,Shahid Khan,Dave Caldwell,General Manager,"Doug Marrone (interim, then permanent 2017)"
2020,JAX,Shahid Khan,Dave Caldwell,General Manager,"Doug Marrone (interim, then permanent 2017)"
2021,JAX,Shahid Khan,Trent Baalke,General Manager,"Urban Meyer (fired Dec.) / Darrell Bevell (interim, finished season)"
2022,JAX,Shahid Khan,Trent Baalke,General Manager,Doug Pederson
2023,JAX,Shahid Khan,Trent Baalke,General Manager,Doug Pederson
2024,JAX,Shahid Khan,Trent Baalke,General Manager,Doug Pederson
2025,JAX,Shahid Khan,James Gladstone,General Manager,Liam Coen
2026,JAX,Shahid Khan,James Gladstone,General Manager,Liam Coen
1960,KC,Lamar Hunt,Jack Steadman,EVP/General Manager,Hank Stram
1961,KC,Lamar Hunt,Jack Steadman,EVP/General Manager,Hank Stram
1962,KC,Lamar Hunt,Jack Steadman,EVP/General Manager,Hank Stram
1963,KC,Lamar Hunt,Jack Steadman,EVP/General Manager,Hank Stram
1964,KC,Lamar Hunt,Jack Steadman,EVP/General Manager,Hank Stram
1965,KC,Lamar Hunt,Jack Steadman,EVP/General Manager,Hank Stram
1966,KC,Lamar Hunt,Jack Steadman,EVP/General Manager,Hank Stram
1967,KC,Lamar Hunt,Jack Steadman,EVP/General Manager,Hank Stram
1968,KC,Lamar Hunt,Jack Steadman,EVP/General Manager,Hank Stram
1969,KC,Lamar Hunt,Jack Steadman,EVP/General Manager,Hank Stram
1970,KC,Lamar Hunt,Jack Steadman,EVP/General Manager,Hank Stram
1971,KC,Lamar Hunt,Jack Steadman,EVP/General Manager,Hank Stram
1972,KC,Lamar Hunt,Jack Steadman,EVP/General Manager,Hank Stram
1973,KC,Lamar Hunt,Jack Steadman,EVP/General Manager,Hank Stram
1974,KC,Lamar Hunt,Jack Steadman,EVP/General Manager,Hank Stram
1975,KC,Lamar Hunt,Jack Steadman,EVP/General Manager,Paul Wiggin
1976,KC,Lamar Hunt,Jim Schaaf,(Steadman moved up to team President),Paul Wiggin
1977,KC,Lamar Hunt,Jim Schaaf,(Steadman moved up to team President),Tom Bettis (interim)
1978,KC,Lamar Hunt,Jim Schaaf,(Steadman moved up to team President),Marv Levy
1979,KC,Lamar Hunt,Jim Schaaf,(Steadman moved up to team President),Marv Levy
1980,KC,Lamar Hunt,Jim Schaaf,(Steadman moved up to team President),Marv Levy
1981,KC,Lamar Hunt,Jim Schaaf,(Steadman moved up to team President),Marv Levy
1982,KC,Lamar Hunt,Jim Schaaf,(Steadman moved up to team President),Marv Levy
1983,KC,Lamar Hunt,Jim Schaaf,(Steadman moved up to team President),John Mackovic
1984,KC,Lamar Hunt,Jim Schaaf,(Steadman moved up to team President),John Mackovic
1985,KC,Lamar Hunt,Jim Schaaf,(Steadman moved up to team President),John Mackovic
1986,KC,Lamar Hunt,Jim Schaaf,(Steadman moved up to team President),John Mackovic
1987,KC,Lamar Hunt,Jim Schaaf,(Steadman moved up to team President),Frank Gansz
1988,KC,Lamar Hunt,Jim Schaaf,(Steadman moved up to team President),Frank Gansz
1989,KC,Lamar Hunt,Carl Peterson,President/General Manager,Marty Schottenheimer
1990,KC,Lamar Hunt,Carl Peterson,President/General Manager,Marty Schottenheimer
1991,KC,Lamar Hunt,Carl Peterson,President/General Manager,Marty Schottenheimer
1992,KC,Lamar Hunt,Carl Peterson,President/General Manager,Marty Schottenheimer
1993,KC,Lamar Hunt,Carl Peterson,President/General Manager,Marty Schottenheimer
1994,KC,Lamar Hunt,Carl Peterson,President/General Manager,Marty Schottenheimer
1995,KC,Lamar Hunt,Carl Peterson,President/General Manager,Marty Schottenheimer
1996,KC,Lamar Hunt,Carl Peterson,President/General Manager,Marty Schottenheimer
1997,KC,Lamar Hunt,Carl Peterson,President/General Manager,Marty Schottenheimer
1998,KC,Lamar Hunt,Carl Peterson,President/General Manager,Marty Schottenheimer
1999,KC,Lamar Hunt,Carl Peterson,President/General Manager,Gunther Cunningham
2000,KC,Lamar Hunt,Carl Peterson,President/General Manager,Gunther Cunningham
2001,KC,Lamar Hunt,Carl Peterson,President/General Manager,Dick Vermeil
2002,KC,Lamar Hunt,Carl Peterson,President/General Manager,Dick Vermeil
2003,KC,Lamar Hunt,Carl Peterson,President/General Manager,Dick Vermeil
2004,KC,Lamar Hunt,Carl Peterson,President/General Manager,Dick Vermeil
2005,KC,Lamar Hunt,Carl Peterson,President/General Manager,Dick Vermeil
2006,KC,Clark Hunt,Carl Peterson,President/General Manager,Herman Edwards
2007,KC,Clark Hunt,Carl Peterson,President/General Manager,Herman Edwards
2008,KC,Clark Hunt,Carl Peterson,President/General Manager,Herman Edwards
2009,KC,Clark Hunt,Scott Pioli,,Todd Haley
2010,KC,Clark Hunt,Scott Pioli,,Todd Haley
2011,KC,Clark Hunt,Scott Pioli,,Romeo Crennel
2012,KC,Clark Hunt,Scott Pioli,,Romeo Crennel
2013,KC,Clark Hunt,John Dorsey,,Andy Reid
2014,KC,Clark Hunt,John Dorsey,,Andy Reid
2015,KC,Clark Hunt,John Dorsey,,Andy Reid
2016,KC,Clark Hunt,John Dorsey,,Andy Reid
2017,KC,Clark Hunt,Brett Veach,,Andy Reid
2018,KC,Clark Hunt,Brett Veach,,Andy Reid
2019,KC,Clark Hunt,Brett Veach,,Andy Reid
2020,KC,Clark Hunt,Brett Veach,,Andy Reid
2021,KC,Clark Hunt,Brett Veach,,Andy Reid
2022,KC,Clark Hunt,Brett Veach,,Andy Reid
2023,KC,Clark Hunt,Brett Veach,,Andy Reid
2024,KC,Clark Hunt,Brett Veach,,Andy Reid
2025,KC,Clark Hunt,Brett Veach,,Andy Reid
2026,KC,Clark Hunt,Brett Veach,,Andy Reid
1960,LV,Founding syndicate (Y.C. Soda et al.),Unknown / no distinct GM documented,,Eddie Erdelatz
1961,LV,F. Wayne Valley & Ed McGah,Unknown / no distinct GM documented,,Marty Feldman
1962,LV,F. Wayne Valley & Ed McGah,Unknown / no distinct GM documented,,Bill Conkright (interim)
1963,LV,F. Wayne Valley & Ed McGah,Al Davis,"Head Coach & GM (1963-65), then de facto GM as owner",Al Davis
1964,LV,F. Wayne Valley & Ed McGah,Al Davis,"Head Coach & GM (1963-65), then de facto GM as owner",Al Davis
1965,LV,F. Wayne Valley & Ed McGah,Al Davis,"Head Coach & GM (1963-65), then de facto GM as owner",Al Davis
1966,LV,"Valley, McGah & Al Davis",Al Davis,"Head Coach & GM (1963-65), then de facto GM as owner",John Rauch
1967,LV,"Valley, McGah & Al Davis",Al Davis,"Head Coach & GM (1963-65), then de facto GM as owner",John Rauch
1968,LV,"Valley, McGah & Al Davis",Al Davis,"Head Coach & GM (1963-65), then de facto GM as owner",John Rauch
1969,LV,"Valley, McGah & Al Davis",Al Davis,"Head Coach & GM (1963-65), then de facto GM as owner",John Madden
1970,LV,"Valley, McGah & Al Davis",Al Davis,"Head Coach & GM (1963-65), then de facto GM as owner",John Madden
1971,LV,"Valley, McGah & Al Davis",Al Davis,"Head Coach & GM (1963-65), then de facto GM as owner",John Madden
1972,LV,Al Davis (managing general partner),Al Davis,"Head Coach & GM (1963-65), then de facto GM as owner",John Madden
1973,LV,Al Davis (managing general partner),Al Davis,"Head Coach & GM (1963-65), then de facto GM as owner",John Madden
1974,LV,Al Davis (managing general partner),Al Davis,"Head Coach & GM (1963-65), then de facto GM as owner",John Madden
1975,LV,Al Davis (managing general partner),Al Davis,"Head Coach & GM (1963-65), then de facto GM as owner",John Madden
1976,LV,Al Davis (managing general partner),Al Davis,"Head Coach & GM (1963-65), then de facto GM as owner",John Madden
1977,LV,Al Davis (managing general partner),Al Davis,"Head Coach & GM (1963-65), then de facto GM as owner",John Madden
1978,LV,Al Davis (managing general partner),Al Davis,"Head Coach & GM (1963-65), then de facto GM as owner",John Madden
1979,LV,Al Davis (managing general partner),Al Davis,"Head Coach & GM (1963-65), then de facto GM as owner",Tom Flores
1980,LV,Al Davis (managing general partner),Al Davis,"Head Coach & GM (1963-65), then de facto GM as owner",Tom Flores
1981,LV,Al Davis (managing general partner),Al Davis,"Head Coach & GM (1963-65), then de facto GM as owner",Tom Flores
1982,LV,Al Davis (managing general partner),Al Davis,"Head Coach & GM (1963-65), then de facto GM as owner",Tom Flores
1983,LV,Al Davis (managing general partner),Al Davis,"Head Coach & GM (1963-65), then de facto GM as owner",Tom Flores
1984,LV,Al Davis (managing general partner),Al Davis,"Head Coach & GM (1963-65), then de facto GM as owner",Tom Flores
1985,LV,Al Davis (managing general partner),Al Davis,"Head Coach & GM (1963-65), then de facto GM as owner",Tom Flores
1986,LV,Al Davis (managing general partner),Al Davis,"Head Coach & GM (1963-65), then de facto GM as owner",Tom Flores
1987,LV,Al Davis (managing general partner),Al Davis,"Head Coach & GM (1963-65), then de facto GM as owner",Tom Flores
1988,LV,Al Davis (managing general partner),Al Davis,"Head Coach & GM (1963-65), then de facto GM as owner",Mike Shanahan
1989,LV,Al Davis (managing general partner),Al Davis,"Head Coach & GM (1963-65), then de facto GM as owner",Art Shell (1st stint)
1990,LV,Al Davis (managing general partner),Al Davis,"Head Coach & GM (1963-65), then de facto GM as owner",Art Shell (1st stint)
1991,LV,Al Davis (managing general partner),Al Davis,"Head Coach & GM (1963-65), then de facto GM as owner",Art Shell (1st stint)
1992,LV,Al Davis (managing general partner),Al Davis,"Head Coach & GM (1963-65), then de facto GM as owner",Art Shell (1st stint)
1993,LV,Al Davis (managing general partner),Al Davis,"Head Coach & GM (1963-65), then de facto GM as owner",Art Shell (1st stint)
1994,LV,Al Davis (managing general partner),Al Davis,"Head Coach & GM (1963-65), then de facto GM as owner",Art Shell (1st stint)
1995,LV,Al Davis (managing general partner),Al Davis,"Head Coach & GM (1963-65), then de facto GM as owner",Mike White
1996,LV,Al Davis (managing general partner),Al Davis,"Head Coach & GM (1963-65), then de facto GM as owner",Mike White
1997,LV,Al Davis (managing general partner),Al Davis,"Head Coach & GM (1963-65), then de facto GM as owner",Joe Bugel
1998,LV,Al Davis (managing general partner),Al Davis,"Head Coach & GM (1963-65), then de facto GM as owner",Jon Gruden (1st stint)
1999,LV,Al Davis (managing general partner),Al Davis,"Head Coach & GM (1963-65), then de facto GM as owner",Jon Gruden (1st stint)
2000,LV,Al Davis (managing general partner),Al Davis,"Head Coach & GM (1963-65), then de facto GM as owner",Jon Gruden (1st stint)
2001,LV,Al Davis (managing general partner),Al Davis,"Head Coach & GM (1963-65), then de facto GM as owner",Jon Gruden (1st stint)
2002,LV,Al Davis (managing general partner),Al Davis,"Head Coach & GM (1963-65), then de facto GM as owner",Bill Callahan
2003,LV,Al Davis (managing general partner),Al Davis,"Head Coach & GM (1963-65), then de facto GM as owner",Bill Callahan
2004,LV,Al Davis (managing general partner),Al Davis,"Head Coach & GM (1963-65), then de facto GM as owner",Norv Turner
2005,LV,Al Davis (majority owner),Al Davis,"Head Coach & GM (1963-65), then de facto GM as owner",Norv Turner
2006,LV,Al Davis (majority owner),Al Davis,"Head Coach & GM (1963-65), then de facto GM as owner",Art Shell (2nd stint)
2007,LV,Al Davis (majority owner),Al Davis,"Head Coach & GM (1963-65), then de facto GM as owner",Lane Kiffin
2008,LV,Al Davis (majority owner),Al Davis,"Head Coach & GM (1963-65), then de facto GM as owner",Tom Cable
2009,LV,Al Davis (majority owner),Al Davis,"Head Coach & GM (1963-65), then de facto GM as owner",Tom Cable
2010,LV,Al Davis (majority owner),Al Davis,"Head Coach & GM (1963-65), then de facto GM as owner",Tom Cable
2011,LV,Mark Davis,Al Davis,"Head Coach & GM (1963-65), then de facto GM as owner",Hue Jackson
2012,LV,Mark Davis,Reggie McKenzie,General Manager,Dennis Allen (1st stint)
2013,LV,Mark Davis,Reggie McKenzie,General Manager,Dennis Allen (1st stint)
2014,LV,Mark Davis,Reggie McKenzie,General Manager,Tony Sparano (interim)
2015,LV,Mark Davis,Reggie McKenzie,General Manager,Jack Del Rio
2016,LV,Mark Davis,Reggie McKenzie,General Manager,Jack Del Rio
2017,LV,Mark Davis,Reggie McKenzie,General Manager,Jack Del Rio
2018,LV,Mark Davis,Reggie McKenzie,General Manager,Jon Gruden (2nd stint)
2019,LV,Mark Davis,Mike Mayock,General Manager,Jon Gruden (2nd stint)
2020,LV,Mark Davis,Mike Mayock,General Manager,Jon Gruden (2nd stint)
2021,LV,Mark Davis,Mike Mayock,General Manager,Rich Bisaccia (interim)
2022,LV,Mark Davis,Dave Ziegler,General Manager,Josh McDaniels
2023,LV,Mark Davis,Champ Kelly,Interim General Manager,"Antonio Pierce (interim, then permanent)"
2024,LV,Mark Davis,Tom Telesco,General Manager,"Antonio Pierce (interim, then permanent)"
2025,LV,Mark Davis,John Spytek,General Manager,Pete Carroll
2026,LV,Mark Davis,John Spytek,General Manager,Klint Kubiak
1960,LAC,Barron Hilton,Frank Leahy,,Sid Gillman (1st stint)
1961,LAC,Barron Hilton,Sid Gillman,GM (also Head Coach),Sid Gillman (1st stint)
1962,LAC,Barron Hilton,Sid Gillman,GM (also Head Coach),Sid Gillman (1st stint)
1963,LAC,Barron Hilton,Sid Gillman,GM (also Head Coach),Sid Gillman (1st stint)
1964,LAC,Barron Hilton,Sid Gillman,GM (also Head Coach),Sid Gillman (1st stint)
1965,LAC,Barron Hilton,Sid Gillman,GM (also Head Coach),Sid Gillman (1st stint)
1966,LAC,Eugene Klein,Sid Gillman,GM (also Head Coach),Sid Gillman (1st stint)
1967,LAC,Eugene Klein,Sid Gillman,GM (also Head Coach),Sid Gillman (1st stint)
1968,LAC,Eugene Klein,Sid Gillman,GM (also Head Coach),Sid Gillman (1st stint)
1969,LAC,Eugene Klein,Sid Gillman,GM (also Head Coach),Charlie Waller
1970,LAC,Eugene Klein,Sid Gillman,GM (also Head Coach),Charlie Waller
1971,LAC,Eugene Klein,Harland Svare,,Harland Svare
1972,LAC,Eugene Klein,Harland Svare,,Harland Svare
1973,LAC,Eugene Klein,Harland Svare,,Ron Waller
1974,LAC,Eugene Klein,Harland Svare,,Tommy Prothro
1975,LAC,Eugene Klein,Harland Svare,,Tommy Prothro
1976,LAC,Eugene Klein,Johnny Sanders,,Tommy Prothro
1977,LAC,Eugene Klein,Johnny Sanders,,Tommy Prothro
1978,LAC,Eugene Klein,Johnny Sanders,,Don Coryell
1979,LAC,Eugene Klein,Johnny Sanders,,Don Coryell
1980,LAC,Eugene Klein,Johnny Sanders,,Don Coryell
1981,LAC,Eugene Klein,Johnny Sanders,,Don Coryell
1982,LAC,Eugene Klein,Johnny Sanders,,Don Coryell
1983,LAC,Eugene Klein,Johnny Sanders,,Don Coryell
1984,LAC,Alex Spanos,Johnny Sanders,,Don Coryell
1985,LAC,Alex Spanos,Johnny Sanders,,Don Coryell
1986,LAC,Alex Spanos,Johnny Sanders,,Al Saunders
1987,LAC,Alex Spanos,Steve Ortmayer,,Al Saunders
1988,LAC,Alex Spanos,Steve Ortmayer,,Al Saunders
1989,LAC,Alex Spanos,Steve Ortmayer,,Dan Henning
1990,LAC,Alex Spanos,Bobby Beathard,,Dan Henning
1991,LAC,Alex Spanos,Bobby Beathard,,Dan Henning
1992,LAC,Alex Spanos,Bobby Beathard,,Bobby Ross
1993,LAC,Alex Spanos,Bobby Beathard,,Bobby Ross
1994,LAC,Alex Spanos,Bobby Beathard,,Bobby Ross
1995,LAC,Alex Spanos,Bobby Beathard,,Bobby Ross
1996,LAC,Alex Spanos,Bobby Beathard,,Bobby Ross
1997,LAC,Alex Spanos,Bobby Beathard,,Kevin Gilbride
1998,LAC,Alex Spanos,Bobby Beathard,,June Jones (interim)
1999,LAC,Alex Spanos,Bobby Beathard,,Mike Riley
2000,LAC,Alex Spanos,Bobby Beathard,,Mike Riley
2001,LAC,Alex Spanos,John Butler,,Mike Riley
2002,LAC,Alex Spanos,John Butler,,Marty Schottenheimer
2003,LAC,Alex Spanos,A.J. Smith,,Marty Schottenheimer
2004,LAC,Alex Spanos,A.J. Smith,,Marty Schottenheimer
2005,LAC,Alex Spanos,A.J. Smith,,Marty Schottenheimer
2006,LAC,Alex Spanos,A.J. Smith,,Marty Schottenheimer
2007,LAC,Alex Spanos,A.J. Smith,,Norv Turner
2008,LAC,Alex Spanos,A.J. Smith,,Norv Turner
2009,LAC,Alex Spanos,A.J. Smith,,Norv Turner
2010,LAC,Alex Spanos,A.J. Smith,,Norv Turner
2011,LAC,Alex Spanos,A.J. Smith,,Norv Turner
2012,LAC,Alex Spanos,A.J. Smith,,Norv Turner
2013,LAC,Alex Spanos,Tom Telesco,,Mike McCoy
2014,LAC,Alex Spanos,Tom Telesco,,Mike McCoy
2015,LAC,Alex Spanos,Tom Telesco,,Mike McCoy
2016,LAC,Alex Spanos,Tom Telesco,,Mike McCoy
2017,LAC,Alex Spanos,Tom Telesco,,Anthony Lynn
2018,LAC,Dean Spanos,Tom Telesco,,Anthony Lynn
2019,LAC,Dean Spanos,Tom Telesco,,Anthony Lynn
2020,LAC,Dean Spanos,Tom Telesco,,Anthony Lynn
2021,LAC,Dean Spanos,Tom Telesco,,Brandon Staley
2022,LAC,Dean Spanos,Tom Telesco,,Brandon Staley
2023,LAC,Dean Spanos,JoJo Wooden,Interim General Manager,Giff Smith (interim)
2024,LAC,Dean Spanos,Joe Hortiz,,Jim Harbaugh
2025,LAC,Dean Spanos,Joe Hortiz,,Jim Harbaugh
2026,LAC,Dean Spanos,Joe Hortiz,,Jim Harbaugh
1936,LAR,Homer Marshman & investor group,Buzz Wetzel,GM (also player-coach),"Damon ""Buzz"" Wetzel"
1937,LAR,Homer Marshman & investor group,Buzz Wetzel,GM (also player-coach),Hugo Bezdek
1938,LAR,Homer Marshman & investor group,Buzz Wetzel,GM (also player-coach),Art Lewis (interim)
1939,LAR,Homer Marshman & investor group,No distinct GM position,Team suspended operations in 1943,Dutch Clark
1940,LAR,Homer Marshman & investor group,No distinct GM position,Team suspended operations in 1943,Dutch Clark
1941,LAR,Dan Reeves,No distinct GM position,Team suspended operations in 1943,Dutch Clark
1942,LAR,Dan Reeves,No distinct GM position,Team suspended operations in 1943,Dutch Clark
1943,LAR,(inactive - Team suspended operations for the 1943 season (WWII player/staff shortages)),(inactive - Team suspended operations for the 1943 season (WWII player/staff shortages)),,(inactive - Team suspended operations for the 1943 season (WWII player/staff shortages))
1944,LAR,Dan Reeves,Chile Walsh,General Manager,Aldo Donelli
1945,LAR,Dan Reeves,Chile Walsh,General Manager,Adam Walsh
1946,LAR,Dan Reeves,Chile Walsh,General Manager,Adam Walsh
1947,LAR,Dan Reeves,Tex Schramm,General Manager,Bob Snyder
1948,LAR,Dan Reeves,Tex Schramm,General Manager,Clark Shaughnessy
1949,LAR,Dan Reeves,Tex Schramm,General Manager,Clark Shaughnessy
1950,LAR,Dan Reeves,Tex Schramm,General Manager,Joe Stydahar
1951,LAR,Dan Reeves,Tex Schramm,General Manager,Joe Stydahar
1952,LAR,Dan Reeves,Tex Schramm,General Manager,Hamp Pool
1953,LAR,Dan Reeves,Tex Schramm,General Manager,Hamp Pool
1954,LAR,Dan Reeves,Tex Schramm,General Manager,Hamp Pool
1955,LAR,Dan Reeves,Tex Schramm,General Manager,Sid Gillman
1956,LAR,Dan Reeves,Tex Schramm,General Manager,Sid Gillman
1957,LAR,Dan Reeves,Pete Rozelle,General Manager,Sid Gillman
1958,LAR,Dan Reeves,Pete Rozelle,General Manager,Sid Gillman
1959,LAR,Dan Reeves,Pete Rozelle,General Manager,Sid Gillman
1960,LAR,Dan Reeves,Elroy Hirsch,General Manager,Bob Waterfield
1961,LAR,Dan Reeves,Elroy Hirsch,General Manager,Bob Waterfield
1962,LAR,Dan Reeves,Elroy Hirsch,General Manager,Harland Svare
1963,LAR,Dan Reeves,Dan Reeves (owner),de facto GM,Harland Svare
1964,LAR,Dan Reeves,Dan Reeves (owner),de facto GM,Harland Svare
1965,LAR,Dan Reeves,Dan Reeves (owner),de facto GM,Harland Svare
1966,LAR,Dan Reeves,Dan Reeves (owner),de facto GM,George Allen
1967,LAR,Dan Reeves,Dan Reeves (owner),de facto GM,George Allen
1968,LAR,Dan Reeves,Dan Reeves (owner),de facto GM,George Allen
1969,LAR,Dan Reeves,Dan Reeves (owner),de facto GM,George Allen
1970,LAR,Dan Reeves,Jack Teele,Executive Officer/de facto GM,George Allen
1971,LAR,Reeves Estate,Bill Barnes,President/GM (overseeing Reeves estate),Tommy Prothro
1972,LAR,Carroll Rosenbloom,Don Klosterman,General Manager,Tommy Prothro
1973,LAR,Carroll Rosenbloom,Don Klosterman,General Manager,Chuck Knox
1974,LAR,Carroll Rosenbloom,Don Klosterman,General Manager,Chuck Knox
1975,LAR,Carroll Rosenbloom,Don Klosterman,General Manager,Chuck Knox
1976,LAR,Carroll Rosenbloom,Don Klosterman,General Manager,Chuck Knox
1977,LAR,Carroll Rosenbloom,Don Klosterman,General Manager,Chuck Knox
1978,LAR,Carroll Rosenbloom,Don Klosterman,General Manager,Ray Malavasi
1979,LAR,Georgia Frontiere,Don Klosterman,General Manager,Ray Malavasi
1980,LAR,Georgia Frontiere,Don Klosterman,General Manager,Ray Malavasi
1981,LAR,Georgia Frontiere,Don Klosterman,General Manager,Ray Malavasi
1982,LAR,Georgia Frontiere,Don Klosterman,General Manager,Ray Malavasi
1983,LAR,Georgia Frontiere,Ray Nagel,General Manager,John Robinson
1984,LAR,Georgia Frontiere,Ray Nagel,General Manager,John Robinson
1985,LAR,Georgia Frontiere,John Shaw,President/General Manager,John Robinson
1986,LAR,Georgia Frontiere,John Shaw,President/General Manager,John Robinson
1987,LAR,Georgia Frontiere,John Shaw,President/General Manager,John Robinson
1988,LAR,Georgia Frontiere,John Shaw,President/General Manager,John Robinson
1989,LAR,Georgia Frontiere,John Shaw,President/General Manager,John Robinson
1990,LAR,Georgia Frontiere,John Shaw,President/General Manager,John Robinson
1991,LAR,Georgia Frontiere,John Shaw,President/General Manager,John Robinson
1992,LAR,Georgia Frontiere,John Shaw,President/General Manager,Chuck Knox (2nd stint)
1993,LAR,Georgia Frontiere,John Shaw,President/General Manager,Chuck Knox (2nd stint)
1994,LAR,Georgia Frontiere,John Shaw,President/General Manager,Chuck Knox (2nd stint)
1995,LAR,Georgia Frontiere,Steve Ortmayer,General Manager,Rich Brooks
1996,LAR,Georgia Frontiere,Steve Ortmayer,General Manager,Rich Brooks
1997,LAR,Georgia Frontiere,Dick Vermeil,Head Coach/General Manager,Dick Vermeil
1998,LAR,Georgia Frontiere,Dick Vermeil,Head Coach/General Manager,Dick Vermeil
1999,LAR,Georgia Frontiere,Dick Vermeil,Head Coach/General Manager,Dick Vermeil
2000,LAR,Georgia Frontiere,Charley Armey,General Manager,Mike Martz
2001,LAR,Georgia Frontiere,Charley Armey,General Manager,Mike Martz
2002,LAR,Georgia Frontiere,Charley Armey,General Manager,Mike Martz
2003,LAR,Georgia Frontiere,Charley Armey,General Manager,Mike Martz
2004,LAR,Georgia Frontiere,Charley Armey,General Manager,Mike Martz
2005,LAR,Georgia Frontiere,Charley Armey,General Manager,Joe Vitt (interim)
2006,LAR,Georgia Frontiere,Jay Zygmunt,GM/President of Football Operations,Scott Linehan
2007,LAR,Georgia Frontiere,Jay Zygmunt,GM/President of Football Operations,Scott Linehan
2008,LAR,Chip Rosenbloom & Lucia Rodriguez,Billy Devaney,General Manager,Jim Haslett (interim)
2009,LAR,Chip Rosenbloom & Lucia Rodriguez,Billy Devaney,General Manager,Steve Spagnuolo
2010,LAR,Stan Kroenke,Billy Devaney,General Manager,Steve Spagnuolo
2011,LAR,Stan Kroenke,Billy Devaney,General Manager,Steve Spagnuolo
2012,LAR,Stan Kroenke,Les Snead,General Manager,Jeff Fisher
2013,LAR,Stan Kroenke,Les Snead,General Manager,Jeff Fisher
2014,LAR,Stan Kroenke,Les Snead,General Manager,Jeff Fisher
2015,LAR,Stan Kroenke,Les Snead,General Manager,Jeff Fisher
2016,LAR,Stan Kroenke,Les Snead,General Manager,John Fassel (interim)
2017,LAR,Stan Kroenke,Les Snead,General Manager,Sean McVay
2018,LAR,Stan Kroenke,Les Snead,General Manager,Sean McVay
2019,LAR,Stan Kroenke,Les Snead,General Manager,Sean McVay
2020,LAR,Stan Kroenke,Les Snead,General Manager,Sean McVay
2021,LAR,Stan Kroenke,Les Snead,General Manager,Sean McVay
2022,LAR,Stan Kroenke,Les Snead,General Manager,Sean McVay
2023,LAR,Stan Kroenke,Les Snead,General Manager,Sean McVay
2024,LAR,Stan Kroenke,Les Snead,General Manager,Sean McVay
2025,LAR,Stan Kroenke,Les Snead,General Manager,Sean McVay
2026,LAR,Stan Kroenke,Les Snead,General Manager,Sean McVay
1966,MIA,Joe Robbie,Joe Thomas,Director of Player Personnel,George Wilson
1967,MIA,Joe Robbie,Joe Thomas,Director of Player Personnel,George Wilson
1968,MIA,Joe Robbie,Joe Thomas,Director of Player Personnel,George Wilson
1969,MIA,Joe Robbie,Joe Thomas,Director of Player Personnel,George Wilson
1970,MIA,Joe Robbie,Joe Thomas,Director of Player Personnel,Don Shula
1971,MIA,Joe Robbie,Joe Thomas,Director of Player Personnel,Don Shula
1972,MIA,Joe Robbie,Bobby Beathard,Director of Player Personnel,Don Shula
1973,MIA,Joe Robbie,Bobby Beathard,Director of Player Personnel,Don Shula
1974,MIA,Joe Robbie,Bobby Beathard,Director of Player Personnel,Don Shula
1975,MIA,Joe Robbie,Bobby Beathard,Director of Player Personnel,Don Shula
1976,MIA,Joe Robbie,Bobby Beathard,Director of Player Personnel,Don Shula
1977,MIA,Joe Robbie,Bobby Beathard,Director of Player Personnel,Don Shula
1978,MIA,Joe Robbie,No distinct GM position,Shula (HC) & owner Robbie ran personnel,Don Shula
1979,MIA,Joe Robbie,No distinct GM position,Shula (HC) & owner Robbie ran personnel,Don Shula
1980,MIA,Joe Robbie,No distinct GM position,Shula (HC) & owner Robbie ran personnel,Don Shula
1981,MIA,Joe Robbie,No distinct GM position,Shula (HC) & owner Robbie ran personnel,Don Shula
1982,MIA,Joe Robbie,No distinct GM position,Shula (HC) & owner Robbie ran personnel,Don Shula
1983,MIA,Joe Robbie,No distinct GM position,Shula (HC) & owner Robbie ran personnel,Don Shula
1984,MIA,Joe Robbie,No distinct GM position,Shula (HC) & owner Robbie ran personnel,Don Shula
1985,MIA,Joe Robbie,No distinct GM position,Shula (HC) & owner Robbie ran personnel,Don Shula
1986,MIA,Joe Robbie,No distinct GM position,Shula (HC) & owner Robbie ran personnel,Don Shula
1987,MIA,Joe Robbie,No distinct GM position,Shula (HC) & owner Robbie ran personnel,Don Shula
1988,MIA,Joe Robbie,No distinct GM position,Shula (HC) & owner Robbie ran personnel,Don Shula
1989,MIA,Joe Robbie,No distinct GM position,Shula (HC) & owner Robbie ran personnel,Don Shula
1990,MIA,Wayne Huizenga,Eddie Jones,EVP & General Manager,Don Shula
1991,MIA,Wayne Huizenga,Eddie Jones,EVP & General Manager,Don Shula
1992,MIA,Wayne Huizenga,Eddie Jones,EVP & General Manager,Don Shula
1993,MIA,Wayne Huizenga,Eddie Jones,EVP & General Manager,Don Shula
1994,MIA,Wayne Huizenga,Eddie Jones,EVP & General Manager,Don Shula
1995,MIA,Wayne Huizenga,Eddie Jones,EVP & General Manager,Don Shula
1996,MIA,Wayne Huizenga,No distinct GM position,HC Jimmy Johnson controlled personnel,Jimmy Johnson
1997,MIA,Wayne Huizenga,No distinct GM position,HC Jimmy Johnson controlled personnel,Jimmy Johnson
1998,MIA,Wayne Huizenga,No distinct GM position,HC Jimmy Johnson controlled personnel,Jimmy Johnson
1999,MIA,Wayne Huizenga,No distinct GM position,HC Jimmy Johnson controlled personnel,Jimmy Johnson
2000,MIA,Wayne Huizenga,Rick Spielman,VP/Sr. VP Player Personnel,Dave Wannstedt
2001,MIA,Wayne Huizenga,Rick Spielman,VP/Sr. VP Player Personnel,Dave Wannstedt
2002,MIA,Wayne Huizenga,Rick Spielman,VP/Sr. VP Player Personnel,Dave Wannstedt
2003,MIA,Wayne Huizenga,Rick Spielman,VP/Sr. VP Player Personnel,Dave Wannstedt
2004,MIA,Wayne Huizenga,Rick Spielman,General Manager,Jim Bates (interim)
2005,MIA,Wayne Huizenga,Randy Mueller,General Manager,Nick Saban
2006,MIA,Wayne Huizenga,Randy Mueller,General Manager,Nick Saban
2007,MIA,Wayne Huizenga,Randy Mueller,General Manager,Cam Cameron
2008,MIA,Wayne Huizenga,Jeff Ireland,General Manager,Tony Sparano
2009,MIA,Stephen M. Ross,Jeff Ireland,General Manager,Tony Sparano
2010,MIA,Stephen M. Ross,Jeff Ireland,General Manager,Tony Sparano
2011,MIA,Stephen M. Ross,Jeff Ireland,General Manager,Todd Bowles (interim)
2012,MIA,Stephen M. Ross,Jeff Ireland,General Manager,Joe Philbin
2013,MIA,Stephen M. Ross,Jeff Ireland,General Manager,Joe Philbin
2014,MIA,Stephen M. Ross,Dennis Hickey,General Manager,Joe Philbin
2015,MIA,Stephen M. Ross,Dennis Hickey,General Manager,Dan Campbell (interim)
2016,MIA,Stephen M. Ross,Chris Grier,General Manager,Adam Gase
2017,MIA,Stephen M. Ross,Chris Grier,General Manager,Adam Gase
2018,MIA,Stephen M. Ross,Chris Grier,General Manager,Adam Gase
2019,MIA,Stephen M. Ross,Chris Grier,General Manager,Brian Flores
2020,MIA,Stephen M. Ross,Chris Grier,General Manager,Brian Flores
2021,MIA,Stephen M. Ross,Chris Grier,General Manager,Brian Flores
2022,MIA,Stephen M. Ross,Chris Grier,General Manager,Mike McDaniel
2023,MIA,Stephen M. Ross,Chris Grier,General Manager,Mike McDaniel
2024,MIA,Stephen M. Ross,Chris Grier,General Manager,Mike McDaniel
2025,MIA,Stephen M. Ross,Champ Kelly,Interim General Manager,Mike McDaniel
2026,MIA,Stephen M. Ross,Jon-Eric Sullivan,General Manager,Jeff Hafley
1961,MIN,"Minnesota Pro Football, Inc. (Boyer/Winter/Skoglund group)",Bert Rose,General Manager,Norm Van Brocklin
1962,MIN,"Minnesota Pro Football, Inc. (Boyer/Winter/Skoglund group)",Bert Rose,General Manager,Norm Van Brocklin
1963,MIN,"Minnesota Pro Football, Inc. (Boyer/Winter/Skoglund group)",Bert Rose,General Manager,Norm Van Brocklin
1964,MIN,"Minnesota Pro Football, Inc. (Boyer/Winter/Skoglund group)",Jim Finks,General Manager,Norm Van Brocklin
1965,MIN,"Minnesota Pro Football, Inc. (Boyer/Winter/Skoglund group)",Jim Finks,General Manager,Norm Van Brocklin
1966,MIN,"Minnesota Pro Football, Inc. (Boyer/Winter/Skoglund group)",Jim Finks,General Manager,Norm Van Brocklin
1967,MIN,"Minnesota Pro Football, Inc. (Boyer/Winter/Skoglund group)",Jim Finks,General Manager,Bud Grant (1st stint)
1968,MIN,"Minnesota Pro Football, Inc. (Boyer/Winter/Skoglund group)",Jim Finks,General Manager,Bud Grant (1st stint)
1969,MIN,"Minnesota Pro Football, Inc. (Boyer/Winter/Skoglund group)",Jim Finks,General Manager,Bud Grant (1st stint)
1970,MIN,"Minnesota Pro Football, Inc. (Boyer/Winter/Skoglund group)",Jim Finks,General Manager,Bud Grant (1st stint)
1971,MIN,"Minnesota Pro Football, Inc. (Boyer/Winter/Skoglund group)",Jim Finks,General Manager,Bud Grant (1st stint)
1972,MIN,"Minnesota Pro Football, Inc. (Boyer/Winter/Skoglund group)",Jim Finks,General Manager,Bud Grant (1st stint)
1973,MIN,"Minnesota Pro Football, Inc. (Boyer/Winter/Skoglund group)",Jim Finks,General Manager,Bud Grant (1st stint)
1974,MIN,"Minnesota Pro Football, Inc. (Boyer/Winter/Skoglund group)",Jim Finks,General Manager,Bud Grant (1st stint)
1975,MIN,"Minnesota Pro Football, Inc. (Boyer/Winter/Skoglund group)",Mike Lynn,General Manager,Bud Grant (1st stint)
1976,MIN,"Minnesota Pro Football, Inc. (Boyer/Winter/Skoglund group)",Mike Lynn,General Manager,Bud Grant (1st stint)
1977,MIN,"Minnesota Pro Football, Inc. (Boyer/Winter/Skoglund group)",Mike Lynn,General Manager,Bud Grant (1st stint)
1978,MIN,"Minnesota Pro Football, Inc. (Boyer/Winter/Skoglund group)",Mike Lynn,General Manager,Bud Grant (1st stint)
1979,MIN,"Minnesota Pro Football, Inc. (Boyer/Winter/Skoglund group)",Mike Lynn,General Manager,Bud Grant (1st stint)
1980,MIN,"Minnesota Pro Football, Inc. (Boyer/Winter/Skoglund group)",Mike Lynn,General Manager,Bud Grant (1st stint)
1981,MIN,"Minnesota Pro Football, Inc. (Boyer/Winter/Skoglund group)",Mike Lynn,General Manager,Bud Grant (1st stint)
1982,MIN,"Minnesota Pro Football, Inc. (Boyer/Winter/Skoglund group)",Mike Lynn,General Manager,Bud Grant (1st stint)
1983,MIN,"Minnesota Pro Football, Inc. (Boyer/Winter/Skoglund group)",Mike Lynn,General Manager,Bud Grant (1st stint)
1984,MIN,Contested ownership (Pohlad/Jacobs vs. Lynn faction),Mike Lynn,General Manager,Les Steckel
1985,MIN,Contested ownership (Pohlad/Jacobs vs. Lynn faction),Mike Lynn,General Manager,Bud Grant (2nd stint)
1986,MIN,Contested ownership (Pohlad/Jacobs vs. Lynn faction),Mike Lynn,General Manager,Jerry Burns
1987,MIN,Contested ownership (Pohlad/Jacobs vs. Lynn faction),Mike Lynn,General Manager,Jerry Burns
1988,MIN,Contested ownership (Pohlad/Jacobs vs. Lynn faction),Mike Lynn,General Manager,Jerry Burns
1989,MIN,Contested ownership (Pohlad/Jacobs vs. Lynn faction),Mike Lynn,General Manager,Jerry Burns
1990,MIN,Contested ownership (Pohlad/Jacobs vs. Lynn faction),Mike Lynn,General Manager,Jerry Burns
1991,MIN,Mike Lynn/Whitney/Dyer ownership group,Unknown / no single de facto GM documented,,Jerry Burns
1992,MIN,Mike Lynn/Whitney/Dyer ownership group,Unknown / no single de facto GM documented,,Dennis Green
1993,MIN,Mike Lynn/Whitney/Dyer ownership group,Unknown / no single de facto GM documented,,Dennis Green
1994,MIN,Mike Lynn/Whitney/Dyer ownership group,Unknown / no single de facto GM documented,,Dennis Green
1995,MIN,Mike Lynn/Whitney/Dyer ownership group,Unknown / no single de facto GM documented,,Dennis Green
1996,MIN,Mike Lynn/Whitney/Dyer ownership group,Unknown / no single de facto GM documented,,Dennis Green
1997,MIN,Mike Lynn/Whitney/Dyer ownership group,Unknown / no single de facto GM documented,,Dennis Green
1998,MIN,Red McCombs,Unknown / no single de facto GM documented,,Dennis Green
1999,MIN,Red McCombs,Unknown / no single de facto GM documented,,Dennis Green
2000,MIN,Red McCombs,Unknown / no single de facto GM documented,,Dennis Green
2001,MIN,Red McCombs,Unknown / no single de facto GM documented,,Mike Tice (interim)
2002,MIN,Red McCombs,Unknown / no single de facto GM documented,,Mike Tice (interim)
2003,MIN,Red McCombs,Unknown / no single de facto GM documented,,Mike Tice (interim)
2004,MIN,Red McCombs,Unknown / no single de facto GM documented,,Mike Tice (interim)
2005,MIN,Zygi Wilf / Wilf family,Unknown / no single de facto GM documented,,Mike Tice (interim)
2006,MIN,Zygi Wilf / Wilf family,Rick Spielman,VP Player Personnel (GM title from 2012),Brad Childress
2007,MIN,Zygi Wilf / Wilf family,Rick Spielman,VP Player Personnel (GM title from 2012),Brad Childress
2008,MIN,Zygi Wilf / Wilf family,Rick Spielman,VP Player Personnel (GM title from 2012),Brad Childress
2009,MIN,Zygi Wilf / Wilf family,Rick Spielman,VP Player Personnel (GM title from 2012),Brad Childress
2010,MIN,Zygi Wilf / Wilf family,Rick Spielman,VP Player Personnel (GM title from 2012),Leslie Frazier (interim)
2011,MIN,Zygi Wilf / Wilf family,Rick Spielman,VP Player Personnel (GM title from 2012),Leslie Frazier (interim)
2012,MIN,Zygi Wilf / Wilf family,Rick Spielman,VP Player Personnel (GM title from 2012),Leslie Frazier (interim)
2013,MIN,Zygi Wilf / Wilf family,Rick Spielman,VP Player Personnel (GM title from 2012),Leslie Frazier (interim)
2014,MIN,Zygi Wilf / Wilf family,Rick Spielman,VP Player Personnel (GM title from 2012),Mike Zimmer
2015,MIN,Zygi Wilf / Wilf family,Rick Spielman,VP Player Personnel (GM title from 2012),Mike Zimmer
2016,MIN,Zygi Wilf / Wilf family,Rick Spielman,VP Player Personnel (GM title from 2012),Mike Zimmer
2017,MIN,Zygi Wilf / Wilf family,Rick Spielman,VP Player Personnel (GM title from 2012),Mike Zimmer
2018,MIN,Zygi Wilf / Wilf family,Rick Spielman,VP Player Personnel (GM title from 2012),Mike Zimmer
2019,MIN,Zygi Wilf / Wilf family,Rick Spielman,VP Player Personnel (GM title from 2012),Mike Zimmer
2020,MIN,Zygi Wilf / Wilf family,Rick Spielman,VP Player Personnel (GM title from 2012),Mike Zimmer
2021,MIN,Zygi Wilf / Wilf family,Rick Spielman,VP Player Personnel (GM title from 2012),Mike Zimmer
2022,MIN,Zygi Wilf / Wilf family,Rick Spielman,VP Player Personnel (GM title from 2012),Kevin O'Connell
2023,MIN,Zygi Wilf / Wilf family,Rick Spielman,VP Player Personnel (GM title from 2012),Kevin O'Connell
2024,MIN,Zygi Wilf / Wilf family,Rick Spielman,VP Player Personnel (GM title from 2012),Kevin O'Connell
2025,MIN,Zygi Wilf / Wilf family,Rick Spielman,VP Player Personnel (GM title from 2012),Kevin O'Connell
2026,MIN,Zygi Wilf / Wilf family,Rick Spielman,VP Player Personnel (GM title from 2012),Kevin O'Connell
1960,NE,Billy Sullivan,Ed McKeever,General Manager,Lou Saban
1961,NE,Billy Sullivan,Mike Holovak,Head Coach & General Manager,Mike Holovak
1962,NE,Billy Sullivan,Mike Holovak,Head Coach & General Manager,Mike Holovak
1963,NE,Billy Sullivan,Mike Holovak,Head Coach & General Manager,Mike Holovak
1964,NE,Billy Sullivan,Mike Holovak,Head Coach & General Manager,Mike Holovak
1965,NE,Billy Sullivan,Mike Holovak,Head Coach & General Manager,Mike Holovak
1966,NE,Billy Sullivan,Mike Holovak,Head Coach & General Manager,Mike Holovak
1967,NE,Billy Sullivan,Mike Holovak,Head Coach & General Manager,Mike Holovak
1968,NE,Billy Sullivan,Mike Holovak,Head Coach & General Manager,Mike Holovak
1969,NE,Billy Sullivan,George Sauer Sr.,General Manager,Clive Rush
1970,NE,Billy Sullivan,George Sauer Sr.,General Manager,John Mazur
1971,NE,Billy Sullivan,Upton Bell,General Manager,John Mazur
1972,NE,Billy Sullivan,Peter Hadhazy,Acting General Manager,Phil Bengtson (interim)
1973,NE,Billy Sullivan,Chuck Fairbanks,Head Coach/de facto GM,Chuck Fairbanks
1974,NE,Billy Sullivan,Chuck Fairbanks,Head Coach/de facto GM,Chuck Fairbanks
1975,NE,Billy Sullivan,Chuck Fairbanks,Head Coach/de facto GM,Chuck Fairbanks
1976,NE,Billy Sullivan,Chuck Fairbanks,Head Coach/de facto GM,Chuck Fairbanks
1977,NE,Billy Sullivan,Chuck Fairbanks,Head Coach/de facto GM,Chuck Fairbanks
1978,NE,Billy Sullivan,Chuck Fairbanks,Head Coach/de facto GM,Chuck Fairbanks
1979,NE,Billy Sullivan,Bucko Kilroy,General Manager,Ron Erhardt
1980,NE,Billy Sullivan,Bucko Kilroy,General Manager,Ron Erhardt
1981,NE,Billy Sullivan,Bucko Kilroy,General Manager,Ron Erhardt
1982,NE,Billy Sullivan,Bucko Kilroy,General Manager,Ron Meyer
1983,NE,Billy Sullivan,Pat Sullivan,General Manager,Ron Meyer
1984,NE,Billy Sullivan,Pat Sullivan,General Manager,Raymond Berry
1985,NE,Billy Sullivan,Pat Sullivan,General Manager,Raymond Berry
1986,NE,Billy Sullivan,Pat Sullivan,General Manager,Raymond Berry
1987,NE,Billy Sullivan,Pat Sullivan,General Manager,Raymond Berry
1988,NE,Victor Kiam,Pat Sullivan,General Manager,Raymond Berry
1989,NE,Victor Kiam,Pat Sullivan,General Manager,Raymond Berry
1990,NE,Victor Kiam,Pat Sullivan,General Manager,Rod Rust
1991,NE,Victor Kiam,Joe Mendes,VP of Player Operations,Dick MacPherson
1992,NE,James Orthwein,Charley Armey,Director of Player Personnel,Dick MacPherson
1993,NE,James Orthwein,Bill Parcells,Head Coach/de facto GM,Bill Parcells
1994,NE,Robert Kraft,Bill Parcells,Head Coach/de facto GM,Bill Parcells
1995,NE,Robert Kraft,Bill Parcells,Head Coach/de facto GM,Bill Parcells
1996,NE,Robert Kraft,Bill Parcells,Head Coach/de facto GM,Bill Parcells
1997,NE,Robert Kraft,Bobby Grier,Director of Player Personnel/de facto GM,Pete Carroll
1998,NE,Robert Kraft,Bobby Grier,Director of Player Personnel/de facto GM,Pete Carroll
1999,NE,Robert Kraft,Bobby Grier,Director of Player Personnel/de facto GM,Pete Carroll
2000,NE,Robert Kraft,Bill Belichick,Head Coach/de facto GM,Bill Belichick
2001,NE,Robert Kraft,Bill Belichick,Head Coach/de facto GM,Bill Belichick
2002,NE,Robert Kraft,Bill Belichick,Head Coach/de facto GM,Bill Belichick
2003,NE,Robert Kraft,Bill Belichick,Head Coach/de facto GM,Bill Belichick
2004,NE,Robert Kraft,Bill Belichick,Head Coach/de facto GM,Bill Belichick
2005,NE,Robert Kraft,Bill Belichick,Head Coach/de facto GM,Bill Belichick
2006,NE,Robert Kraft,Bill Belichick,Head Coach/de facto GM,Bill Belichick
2007,NE,Robert Kraft,Bill Belichick,Head Coach/de facto GM,Bill Belichick
2008,NE,Robert Kraft,Bill Belichick,Head Coach/de facto GM,Bill Belichick
2009,NE,Robert Kraft,Bill Belichick,Head Coach/de facto GM,Bill Belichick
2010,NE,Robert Kraft,Bill Belichick,Head Coach/de facto GM,Bill Belichick
2011,NE,Robert Kraft,Bill Belichick,Head Coach/de facto GM,Bill Belichick
2012,NE,Robert Kraft,Bill Belichick,Head Coach/de facto GM,Bill Belichick
2013,NE,Robert Kraft,Bill Belichick,Head Coach/de facto GM,Bill Belichick
2014,NE,Robert Kraft,Bill Belichick,Head Coach/de facto GM,Bill Belichick
2015,NE,Robert Kraft,Bill Belichick,Head Coach/de facto GM,Bill Belichick
2016,NE,Robert Kraft,Bill Belichick,Head Coach/de facto GM,Bill Belichick
2017,NE,Robert Kraft,Bill Belichick,Head Coach/de facto GM,Bill Belichick
2018,NE,Robert Kraft,Bill Belichick,Head Coach/de facto GM,Bill Belichick
2019,NE,Robert Kraft,Bill Belichick,Head Coach/de facto GM,Bill Belichick
2020,NE,Robert Kraft,Bill Belichick,Head Coach/de facto GM,Bill Belichick
2021,NE,Robert Kraft,Bill Belichick,Head Coach/de facto GM,Bill Belichick
2022,NE,Robert Kraft,Bill Belichick,Head Coach/de facto GM,Bill Belichick
2023,NE,Robert Kraft,Bill Belichick,Head Coach/de facto GM,Bill Belichick
2024,NE,Robert Kraft,Eliot Wolf,EVP of Player Personnel/de facto GM,Jerod Mayo
2025,NE,Robert Kraft,Eliot Wolf,EVP of Player Personnel/de facto GM,Mike Vrabel
2026,NE,Robert Kraft,Eliot Wolf,EVP of Player Personnel/de facto GM,Mike Vrabel
1967,NO,John W. Mecom Jr.,Bert Rose,General Manager,Tom Fears
1968,NO,John W. Mecom Jr.,Vic Schwenk,General Manager,Tom Fears
1969,NO,John W. Mecom Jr.,Vic Schwenk,General Manager,Tom Fears
1970,NO,John W. Mecom Jr.,Vic Schwenk,General Manager,J.D. Roberts
1971,NO,John W. Mecom Jr.,Vic Schwenk,General Manager,J.D. Roberts
1972,NO,John W. Mecom Jr.,Unknown / no distinct GM,,J.D. Roberts
1973,NO,John W. Mecom Jr.,Unknown / no distinct GM,,John North
1974,NO,John W. Mecom Jr.,Unknown / no distinct GM,,John North
1975,NO,John W. Mecom Jr.,Unknown / no distinct GM,,Ernie Hefferle (interim)
1976,NO,John W. Mecom Jr.,Unknown / no distinct GM,,Hank Stram
1977,NO,John W. Mecom Jr.,Unknown / no distinct GM,,Hank Stram
1978,NO,John W. Mecom Jr.,Unknown / no distinct GM,,Dick Nolan
1979,NO,John W. Mecom Jr.,Unknown / no distinct GM,,Dick Nolan
1980,NO,John W. Mecom Jr.,Unknown / no distinct GM,,Dick Stanfel (interim)
1981,NO,John W. Mecom Jr.,Unknown / no distinct GM,,Bum Phillips
1982,NO,John W. Mecom Jr.,Bum Phillips,Head Coach/General Manager,Bum Phillips
1983,NO,John W. Mecom Jr.,Bum Phillips,Head Coach/General Manager,Bum Phillips
1984,NO,John W. Mecom Jr.,Bum Phillips,Head Coach/General Manager,Bum Phillips
1985,NO,Tom Benson,Bum Phillips,Head Coach/General Manager,Wade Phillips (interim)
1986,NO,Tom Benson,Jim Finks,President/General Manager,Jim Mora
1987,NO,Tom Benson,Jim Finks,President/General Manager,Jim Mora
1988,NO,Tom Benson,Jim Finks,President/General Manager,Jim Mora
1989,NO,Tom Benson,Jim Finks,President/General Manager,Jim Mora
1990,NO,Tom Benson,Jim Finks,President/General Manager,Jim Mora
1991,NO,Tom Benson,Jim Finks,President/General Manager,Jim Mora
1992,NO,Tom Benson,Jim Finks,President/General Manager,Jim Mora
1993,NO,Tom Benson,Jim Finks,President/General Manager,Jim Mora
1994,NO,Tom Benson,Bill Kuharich,VP of Football Operations,Jim Mora
1995,NO,Tom Benson,Bill Kuharich,General Manager,Jim Mora
1996,NO,Tom Benson,Bill Kuharich,General Manager,Rick Venturi (interim)
1997,NO,Tom Benson,Bill Kuharich,General Manager,Mike Ditka
1998,NO,Tom Benson,Bill Kuharich,General Manager,Mike Ditka
1999,NO,Tom Benson,Bill Kuharich,General Manager,Mike Ditka
2000,NO,Tom Benson,Randy Mueller,General Manager,Jim Haslett
2001,NO,Tom Benson,Randy Mueller,General Manager,Jim Haslett
2002,NO,Tom Benson,Mickey Loomis,General Manager (EVP & GM title from 2013),Jim Haslett
2003,NO,Tom Benson,Mickey Loomis,General Manager (EVP & GM title from 2013),Jim Haslett
2004,NO,Tom Benson,Mickey Loomis,General Manager (EVP & GM title from 2013),Jim Haslett
2005,NO,Tom Benson,Mickey Loomis,General Manager (EVP & GM title from 2013),Jim Haslett
2006,NO,Tom Benson,Mickey Loomis,General Manager (EVP & GM title from 2013),Sean Payton
2007,NO,Tom Benson,Mickey Loomis,General Manager (EVP & GM title from 2013),Sean Payton
2008,NO,Tom Benson,Mickey Loomis,General Manager (EVP & GM title from 2013),Sean Payton
2009,NO,Tom Benson,Mickey Loomis,General Manager (EVP & GM title from 2013),Sean Payton
2010,NO,Tom Benson,Mickey Loomis,General Manager (EVP & GM title from 2013),Sean Payton
2011,NO,Tom Benson,Mickey Loomis,General Manager (EVP & GM title from 2013),Sean Payton
2012,NO,Tom Benson,Mickey Loomis,General Manager (EVP & GM title from 2013),"Aaron Kromer (interim, games 1-6) / Joe Vitt (interim, games 7-16) - Payton suspended (Bountygate), not fired"
2013,NO,Tom Benson,Mickey Loomis,General Manager (EVP & GM title from 2013),Sean Payton (resumed)
2014,NO,Tom Benson,Mickey Loomis,General Manager (EVP & GM title from 2013),Sean Payton (resumed)
2015,NO,Tom Benson,Mickey Loomis,General Manager (EVP & GM title from 2013),Sean Payton (resumed)
2016,NO,Tom Benson,Mickey Loomis,General Manager (EVP & GM title from 2013),Sean Payton (resumed)
2017,NO,Tom Benson,Mickey Loomis,General Manager (EVP & GM title from 2013),Sean Payton (resumed)
2018,NO,Gayle Benson,Mickey Loomis,General Manager (EVP & GM title from 2013),Sean Payton (resumed)
2019,NO,Gayle Benson,Mickey Loomis,General Manager (EVP & GM title from 2013),Sean Payton (resumed)
2020,NO,Gayle Benson,Mickey Loomis,General Manager (EVP & GM title from 2013),Sean Payton (resumed)
2021,NO,Gayle Benson,Mickey Loomis,General Manager (EVP & GM title from 2013),Sean Payton (resumed)
2022,NO,Gayle Benson,Mickey Loomis,General Manager (EVP & GM title from 2013),Dennis Allen
2023,NO,Gayle Benson,Mickey Loomis,General Manager (EVP & GM title from 2013),Dennis Allen
2024,NO,Gayle Benson,Mickey Loomis,General Manager (EVP & GM title from 2013),Darren Rizzi (interim)
2025,NO,Gayle Benson,Mickey Loomis,General Manager (EVP & GM title from 2013),Kellen Moore
2026,NO,Gayle Benson,Mickey Loomis,General Manager (EVP & GM title from 2013),Kellen Moore
1925,NYG,Tim Mara,No distinct GM position,Ownership made personnel decisions,Bob Folwell
1926,NYG,Tim Mara,No distinct GM position,Ownership made personnel decisions,Doc (Joe) Alexander
1927,NYG,Tim Mara,No distinct GM position,Ownership made personnel decisions,Earl Potteiger
1928,NYG,Tim Mara,No distinct GM position,Ownership made personnel decisions,Earl Potteiger
1929,NYG,Tim Mara,No distinct GM position,Ownership made personnel decisions,LeRoy Andrews
1930,NYG,Tim Mara,No distinct GM position,Ownership made personnel decisions,Steve Owen
1931,NYG,Tim Mara,No distinct GM position,Ownership made personnel decisions,Steve Owen
1932,NYG,Tim Mara,No distinct GM position,Ownership made personnel decisions,Steve Owen
1933,NYG,Tim Mara,No distinct GM position,Ownership made personnel decisions,Steve Owen
1934,NYG,Tim Mara,No distinct GM position,Ownership made personnel decisions,Steve Owen
1935,NYG,Tim Mara,No distinct GM position,Ownership made personnel decisions,Steve Owen
1936,NYG,Tim Mara,No distinct GM position,Ownership made personnel decisions,Steve Owen
1937,NYG,Tim Mara,No distinct GM position,Ownership made personnel decisions,Steve Owen
1938,NYG,Tim Mara,No distinct GM position,Ownership made personnel decisions,Steve Owen
1939,NYG,Tim Mara,No distinct GM position,Ownership made personnel decisions,Steve Owen
1940,NYG,Tim Mara,No distinct GM position,Ownership made personnel decisions,Steve Owen
1941,NYG,Tim Mara,No distinct GM position,Ownership made personnel decisions,Steve Owen
1942,NYG,Tim Mara,No distinct GM position,Ownership made personnel decisions,Steve Owen
1943,NYG,Tim Mara,No distinct GM position,Ownership made personnel decisions,Steve Owen
1944,NYG,Tim Mara,No distinct GM position,Ownership made personnel decisions,Steve Owen
1945,NYG,Tim Mara,No distinct GM position,Ownership made personnel decisions,Steve Owen
1946,NYG,Tim Mara,No distinct GM position,Ownership made personnel decisions,Steve Owen
1947,NYG,Tim Mara,No distinct GM position,Ownership made personnel decisions,Steve Owen
1948,NYG,Tim Mara,No distinct GM position,Ownership made personnel decisions,Steve Owen
1949,NYG,Tim Mara,No distinct GM position,Ownership made personnel decisions,Steve Owen
1950,NYG,Tim Mara,No distinct GM position,Ownership made personnel decisions,Steve Owen
1951,NYG,Tim Mara,No distinct GM position,Ownership made personnel decisions,Steve Owen
1952,NYG,Tim Mara,No distinct GM position,Ownership made personnel decisions,Steve Owen
1953,NYG,Tim Mara,No distinct GM position,Ownership made personnel decisions,Steve Owen
1954,NYG,Tim Mara,No distinct GM position,Ownership made personnel decisions,Jim Lee Howell
1955,NYG,Tim Mara,No distinct GM position,Ownership made personnel decisions,Jim Lee Howell
1956,NYG,Tim Mara,No distinct GM position,Ownership made personnel decisions,Jim Lee Howell
1957,NYG,Tim Mara,No distinct GM position,Ownership made personnel decisions,Jim Lee Howell
1958,NYG,Tim Mara,No distinct GM position,Ownership made personnel decisions,Jim Lee Howell
1959,NYG,Wellington Mara,No distinct GM position,Ownership made personnel decisions,Jim Lee Howell
1960,NYG,Wellington Mara,No distinct GM position,Ownership made personnel decisions,Jim Lee Howell
1961,NYG,Wellington Mara,No distinct GM position,Ownership made personnel decisions,Allie Sherman
1962,NYG,Wellington Mara,No distinct GM position,Ownership made personnel decisions,Allie Sherman
1963,NYG,Wellington Mara,No distinct GM position,Ownership made personnel decisions,Allie Sherman
1964,NYG,Wellington Mara,No distinct GM position,Ownership made personnel decisions,Allie Sherman
1965,NYG,Wellington Mara,No distinct GM position,Ownership made personnel decisions,Allie Sherman
1966,NYG,Wellington Mara,No distinct GM position,Ownership made personnel decisions,Allie Sherman
1967,NYG,Wellington Mara,No distinct GM position,Ownership made personnel decisions,Allie Sherman
1968,NYG,Wellington Mara,No distinct GM position,Ownership made personnel decisions,Allie Sherman
1969,NYG,Wellington Mara,No distinct GM position,Ownership made personnel decisions,Alex Webster
1970,NYG,Wellington Mara,No distinct GM position,Ownership made personnel decisions,Alex Webster
1971,NYG,Wellington Mara,No distinct GM position,Ownership made personnel decisions,Alex Webster
1972,NYG,Wellington Mara,No distinct GM position,Ownership made personnel decisions,Alex Webster
1973,NYG,Wellington Mara,No distinct GM position,Ownership made personnel decisions,Alex Webster
1974,NYG,Wellington Mara,Andy Robustelli,Director of Operations,Bill Arnsparger
1975,NYG,Wellington Mara,Andy Robustelli,Director of Operations,Bill Arnsparger
1976,NYG,Wellington Mara,Andy Robustelli,Director of Operations,John McVay
1977,NYG,Wellington Mara,Andy Robustelli,Director of Operations,John McVay
1978,NYG,Wellington Mara,Andy Robustelli,Director of Operations,John McVay
1979,NYG,Wellington Mara,George Young,General Manager,Ray Perkins
1980,NYG,Wellington Mara,George Young,General Manager,Ray Perkins
1981,NYG,Wellington Mara,George Young,General Manager,Ray Perkins
1982,NYG,Wellington Mara,George Young,General Manager,Ray Perkins
1983,NYG,Wellington Mara,George Young,General Manager,Bill Parcells
1984,NYG,Wellington Mara,George Young,General Manager,Bill Parcells
1985,NYG,Wellington Mara,George Young,General Manager,Bill Parcells
1986,NYG,Wellington Mara,George Young,General Manager,Bill Parcells
1987,NYG,Wellington Mara,George Young,General Manager,Bill Parcells
1988,NYG,Wellington Mara,George Young,General Manager,Bill Parcells
1989,NYG,Wellington Mara,George Young,General Manager,Bill Parcells
1990,NYG,Wellington Mara,George Young,General Manager,Bill Parcells
1991,NYG,Wellington Mara & Preston R. Tisch,George Young,General Manager,Ray Handley
1992,NYG,Wellington Mara & Preston R. Tisch,George Young,General Manager,Ray Handley
1993,NYG,Wellington Mara & Preston R. Tisch,George Young,General Manager,Dan Reeves
1994,NYG,Wellington Mara & Preston R. Tisch,George Young,General Manager,Dan Reeves
1995,NYG,Wellington Mara & Preston R. Tisch,George Young,General Manager,Dan Reeves
1996,NYG,Wellington Mara & Preston R. Tisch,George Young,General Manager,Dan Reeves
1997,NYG,Wellington Mara & Preston R. Tisch,George Young,General Manager,Jim Fassel
1998,NYG,Wellington Mara & Preston R. Tisch,Ernie Accorsi,General Manager,Jim Fassel
1999,NYG,Wellington Mara & Preston R. Tisch,Ernie Accorsi,General Manager,Jim Fassel
2000,NYG,Wellington Mara & Preston R. Tisch,Ernie Accorsi,General Manager,Jim Fassel
2001,NYG,Wellington Mara & Preston R. Tisch,Ernie Accorsi,General Manager,Jim Fassel
2002,NYG,Wellington Mara & Preston R. Tisch,Ernie Accorsi,General Manager,Jim Fassel
2003,NYG,Wellington Mara & Preston R. Tisch,Ernie Accorsi,General Manager,Jim Fassel
2004,NYG,Wellington Mara & Preston R. Tisch,Ernie Accorsi,General Manager,Tom Coughlin
2005,NYG,John Mara & Steve Tisch,Ernie Accorsi,General Manager,Tom Coughlin
2006,NYG,John Mara & Steve Tisch,Ernie Accorsi,General Manager,Tom Coughlin
2007,NYG,John Mara & Steve Tisch,Jerry Reese,General Manager,Tom Coughlin
2008,NYG,John Mara & Steve Tisch,Jerry Reese,General Manager,Tom Coughlin
2009,NYG,John Mara & Steve Tisch,Jerry Reese,General Manager,Tom Coughlin
2010,NYG,John Mara & Steve Tisch,Jerry Reese,General Manager,Tom Coughlin
2011,NYG,John Mara & Steve Tisch,Jerry Reese,General Manager,Tom Coughlin
2012,NYG,John Mara & Steve Tisch,Jerry Reese,General Manager,Tom Coughlin
2013,NYG,John Mara & Steve Tisch,Jerry Reese,General Manager,Tom Coughlin
2014,NYG,John Mara & Steve Tisch,Jerry Reese,General Manager,Tom Coughlin
2015,NYG,John Mara & Steve Tisch,Jerry Reese,General Manager,Tom Coughlin
2016,NYG,John Mara & Steve Tisch,Jerry Reese,General Manager,Ben McAdoo
2017,NYG,John Mara & Steve Tisch,Jerry Reese,General Manager,Steve Spagnuolo (interim)
2018,NYG,John Mara & Steve Tisch,Dave Gettleman,General Manager,Pat Shurmur
2019,NYG,John Mara & Steve Tisch,Dave Gettleman,General Manager,Pat Shurmur
2020,NYG,John Mara & Steve Tisch,Dave Gettleman,General Manager,Joe Judge
2021,NYG,John Mara & Steve Tisch,Dave Gettleman,General Manager,Joe Judge
2022,NYG,John Mara & Steve Tisch,Joe Schoen,General Manager,Brian Daboll
2023,NYG,John Mara & Steve Tisch,Joe Schoen,General Manager,Brian Daboll
2024,NYG,John Mara & Steve Tisch,Joe Schoen,General Manager,Brian Daboll
2025,NYG,John Mara & Steve Tisch,Joe Schoen,General Manager,Mike Kafka (interim)
2026,NYG,John Mara & Steve Tisch,Joe Schoen,General Manager,John Harbaugh
1960,NYJ,Harry Wismer,Steve Sebo,General Manager,Sammy Baugh (Titans)
1961,NYJ,Harry Wismer,Steve Sebo,General Manager,Sammy Baugh (Titans)
1962,NYJ,Harry Wismer,George Sauer Sr.,General Manager,"Clyde ""Bulldog"" Turner (Titans)"
1963,NYJ,Sonny Werblin-led syndicate,Weeb Ewbank,Head Coach & General Manager,Weeb Ewbank
1964,NYJ,Sonny Werblin-led syndicate,Weeb Ewbank,Head Coach & General Manager,Weeb Ewbank
1965,NYJ,Sonny Werblin-led syndicate,Weeb Ewbank,Head Coach & General Manager,Weeb Ewbank
1966,NYJ,Sonny Werblin-led syndicate,Weeb Ewbank,Head Coach & General Manager,Weeb Ewbank
1967,NYJ,Sonny Werblin-led syndicate,Weeb Ewbank,Head Coach & General Manager,Weeb Ewbank
1968,NYJ,Leon Hess,Weeb Ewbank,Head Coach & General Manager,Weeb Ewbank
1969,NYJ,Leon Hess,Weeb Ewbank,Head Coach & General Manager,Weeb Ewbank
1970,NYJ,Leon Hess,Weeb Ewbank,Head Coach & General Manager,Weeb Ewbank
1971,NYJ,Leon Hess,Weeb Ewbank,Head Coach & General Manager,Weeb Ewbank
1972,NYJ,Leon Hess,Weeb Ewbank,Head Coach & General Manager,Weeb Ewbank
1973,NYJ,Leon Hess,Weeb Ewbank,Head Coach & General Manager,Weeb Ewbank
1974,NYJ,Leon Hess,Weeb Ewbank,Head Coach & General Manager,Charley Winner
1975,NYJ,Leon Hess,Al Ward,General Manager,Ken Shipp (interim)
1976,NYJ,Leon Hess,Al Ward,General Manager,"Lou Holtz (resigned wk 17) / Mike Holovak (interim, finished season)"
1977,NYJ,Leon Hess,Jim Kensil,President/General Manager,Walt Michaels
1978,NYJ,Leon Hess,Jim Kensil,President/General Manager,Walt Michaels
1979,NYJ,Leon Hess,Jim Kensil,President/General Manager,Walt Michaels
1980,NYJ,Leon Hess,Jim Kensil,President/General Manager,Walt Michaels
1981,NYJ,Leon Hess,Jim Kensil,President/General Manager,Walt Michaels
1982,NYJ,Leon Hess,Jim Kensil,President/General Manager,Walt Michaels
1983,NYJ,Leon Hess,Jim Kensil,President/General Manager,Joe Walton
1984,NYJ,Leon Hess,Jim Kensil,President/General Manager,Joe Walton
1985,NYJ,Leon Hess,Jim Kensil,President/General Manager,Joe Walton
1986,NYJ,Leon Hess,Jim Kensil,President/General Manager,Joe Walton
1987,NYJ,Leon Hess,Jim Kensil,President/General Manager,Joe Walton
1988,NYJ,Leon Hess,Joe Walton,Head Coach/de facto GM,Joe Walton
1989,NYJ,Leon Hess,Joe Walton,Head Coach/de facto GM,Joe Walton
1990,NYJ,Leon Hess,Dick Steinberg,General Manager,Bruce Coslet
1991,NYJ,Leon Hess,Dick Steinberg,General Manager,Bruce Coslet
1992,NYJ,Leon Hess,Dick Steinberg,General Manager,Bruce Coslet
1993,NYJ,Leon Hess,Dick Steinberg,General Manager,Bruce Coslet
1994,NYJ,Leon Hess,Dick Steinberg,General Manager,Pete Carroll
1995,NYJ,Leon Hess,Rich Kotite,Head Coach/de facto GM,Rich Kotite
1996,NYJ,Leon Hess,Rich Kotite,Head Coach/de facto GM,Rich Kotite
1997,NYJ,Leon Hess,Bill Parcells,Head Coach (97-99)/General Manager,Bill Parcells
1998,NYJ,Leon Hess,Bill Parcells,Head Coach (97-99)/General Manager,Bill Parcells
1999,NYJ,Hess Estate/Trust,Bill Parcells,Head Coach (97-99)/General Manager,Bill Parcells
2000,NYJ,Woody Johnson,Bill Parcells,Head Coach (97-99)/General Manager,Al Groh
2001,NYJ,Woody Johnson,Terry Bradway,General Manager,Herm Edwards
2002,NYJ,Woody Johnson,Terry Bradway,General Manager,Herm Edwards
2003,NYJ,Woody Johnson,Terry Bradway,General Manager,Herm Edwards
2004,NYJ,Woody Johnson,Terry Bradway,General Manager,Herm Edwards
2005,NYJ,Woody Johnson,Terry Bradway,General Manager,Herm Edwards
2006,NYJ,Woody Johnson,Mike Tannenbaum,General Manager,Eric Mangini
2007,NYJ,Woody Johnson,Mike Tannenbaum,General Manager,Eric Mangini
2008,NYJ,Woody Johnson,Mike Tannenbaum,General Manager,Eric Mangini
2009,NYJ,Woody Johnson,Mike Tannenbaum,General Manager,Rex Ryan
2010,NYJ,Woody Johnson,Mike Tannenbaum,General Manager,Rex Ryan
2011,NYJ,Woody Johnson,Mike Tannenbaum,General Manager,Rex Ryan
2012,NYJ,Woody Johnson,Mike Tannenbaum,General Manager,Rex Ryan
2013,NYJ,Woody Johnson,John Idzik,General Manager,Rex Ryan
2014,NYJ,Woody Johnson,John Idzik,General Manager,Rex Ryan
2015,NYJ,Woody Johnson,Mike Maccagnan,General Manager,Todd Bowles
2016,NYJ,Woody Johnson,Mike Maccagnan,General Manager,Todd Bowles
2017,NYJ,Woody Johnson,Mike Maccagnan,General Manager,Todd Bowles
2018,NYJ,Woody Johnson,Mike Maccagnan,General Manager,Todd Bowles
2019,NYJ,Woody Johnson,Joe Douglas,General Manager,Adam Gase
2020,NYJ,Woody Johnson,Joe Douglas,General Manager,Adam Gase
2021,NYJ,Woody Johnson,Joe Douglas,General Manager,Robert Saleh
2022,NYJ,Woody Johnson,Joe Douglas,General Manager,Robert Saleh
2023,NYJ,Woody Johnson,Joe Douglas,General Manager,Robert Saleh
2024,NYJ,Woody Johnson,Phil Savage,Interim General Manager,Jeff Ulbrich (interim)
2025,NYJ,Woody Johnson,Darren Mougey,General Manager,Aaron Glenn
2026,NYJ,Woody Johnson,Darren Mougey,General Manager,Aaron Glenn
1933,PHI,Bert Bell & Lud Wray,No distinct GM position,Owner/head coach made personnel decisions,Lud Wray
1934,PHI,Bert Bell & Lud Wray,No distinct GM position,Owner/head coach made personnel decisions,Lud Wray
1935,PHI,Bert Bell & Lud Wray,No distinct GM position,Owner/head coach made personnel decisions,Lud Wray
1936,PHI,Bert Bell,No distinct GM position,Owner/head coach made personnel decisions,Bert Bell
1937,PHI,Bert Bell,No distinct GM position,Owner/head coach made personnel decisions,Bert Bell
1938,PHI,Bert Bell,No distinct GM position,Owner/head coach made personnel decisions,Bert Bell
1939,PHI,Bert Bell,No distinct GM position,Owner/head coach made personnel decisions,Bert Bell
1940,PHI,Alexis Thompson,No distinct GM position,Owner/head coach made personnel decisions,Bert Bell
1941,PHI,Alexis Thompson,No distinct GM position,Owner/head coach made personnel decisions,"Greasy Neale (co-HC w/ Pitt.'s Kiesling in 1943 - ""Steagles"" merger)"
1942,PHI,Alexis Thompson,No distinct GM position,Owner/head coach made personnel decisions,"Greasy Neale (co-HC w/ Pitt.'s Kiesling in 1943 - ""Steagles"" merger)"
1943,PHI,Alexis Thompson,No distinct GM position,Owner/head coach made personnel decisions,"Greasy Neale (co-HC w/ Pitt.'s Kiesling in 1943 - ""Steagles"" merger)"
1944,PHI,Alexis Thompson,No distinct GM position,Owner/head coach made personnel decisions,"Greasy Neale (co-HC w/ Pitt.'s Kiesling in 1943 - ""Steagles"" merger)"
1945,PHI,Alexis Thompson,No distinct GM position,Owner/head coach made personnel decisions,"Greasy Neale (co-HC w/ Pitt.'s Kiesling in 1943 - ""Steagles"" merger)"
1946,PHI,Alexis Thompson,No distinct GM position,Owner/head coach made personnel decisions,"Greasy Neale (co-HC w/ Pitt.'s Kiesling in 1943 - ""Steagles"" merger)"
1947,PHI,Alexis Thompson,No distinct GM position,Owner/head coach made personnel decisions,"Greasy Neale (co-HC w/ Pitt.'s Kiesling in 1943 - ""Steagles"" merger)"
1948,PHI,Alexis Thompson,No distinct GM position,Owner/head coach made personnel decisions,"Greasy Neale (co-HC w/ Pitt.'s Kiesling in 1943 - ""Steagles"" merger)"
1949,PHI,"""Happy Hundred"" ownership syndicate",Vince McNally,General Manager,"Greasy Neale (co-HC w/ Pitt.'s Kiesling in 1943 - ""Steagles"" merger)"
1950,PHI,"""Happy Hundred"" ownership syndicate",Vince McNally,General Manager,"Greasy Neale (co-HC w/ Pitt.'s Kiesling in 1943 - ""Steagles"" merger)"
1951,PHI,"""Happy Hundred"" ownership syndicate",Vince McNally,General Manager,Bo McMillin (resigned after 2 games) / Wayne Millner (finished season)
1952,PHI,"""Happy Hundred"" ownership syndicate",Vince McNally,General Manager,Jim Trimble
1953,PHI,"""Happy Hundred"" ownership syndicate",Vince McNally,General Manager,Jim Trimble
1954,PHI,"""Happy Hundred"" ownership syndicate",Vince McNally,General Manager,Jim Trimble
1955,PHI,"""Happy Hundred"" ownership syndicate",Vince McNally,General Manager,Jim Trimble
1956,PHI,"""Happy Hundred"" ownership syndicate",Vince McNally,General Manager,Hugh Devore
1957,PHI,"""Happy Hundred"" ownership syndicate",Vince McNally,General Manager,Hugh Devore
1958,PHI,"""Happy Hundred"" ownership syndicate",Vince McNally,General Manager,Buck Shaw
1959,PHI,"""Happy Hundred"" ownership syndicate",Vince McNally,General Manager,Buck Shaw
1960,PHI,"""Happy Hundred"" ownership syndicate",Vince McNally,General Manager,Buck Shaw
1961,PHI,"""Happy Hundred"" ownership syndicate",Vince McNally,General Manager,Nick Skorich
1962,PHI,"""Happy Hundred"" ownership syndicate",Vince McNally,General Manager,Nick Skorich
1963,PHI,Jerry Wolman,Vince McNally,General Manager,Nick Skorich
1964,PHI,Jerry Wolman,Joe Kuharich,Head Coach & General Manager,Joe Kuharich
1965,PHI,Jerry Wolman,Joe Kuharich,Head Coach & General Manager,Joe Kuharich
1966,PHI,Jerry Wolman,Joe Kuharich,Head Coach & General Manager,Joe Kuharich
1967,PHI,Jerry Wolman,Joe Kuharich,Head Coach & General Manager,Joe Kuharich
1968,PHI,Jerry Wolman,Joe Kuharich,Head Coach & General Manager,Joe Kuharich
1969,PHI,Leonard Tose,Pete Retzlaff,VP & General Manager,Jerry Williams
1970,PHI,Leonard Tose,Pete Retzlaff,VP & General Manager,Jerry Williams
1971,PHI,Leonard Tose,Pete Retzlaff,VP & General Manager,Ed Khayat
1972,PHI,Leonard Tose,Unknown,No confirmed GM for this span,Ed Khayat
1973,PHI,Leonard Tose,Unknown,No confirmed GM for this span,Mike McCormack
1974,PHI,Leonard Tose,Jim Murray,General Manager,Mike McCormack
1975,PHI,Leonard Tose,Jim Murray,General Manager,Mike McCormack
1976,PHI,Leonard Tose,Jim Murray,General Manager,Dick Vermeil
1977,PHI,Leonard Tose,Jim Murray,General Manager,Dick Vermeil
1978,PHI,Leonard Tose,Jim Murray,General Manager,Dick Vermeil
1979,PHI,Leonard Tose,Jim Murray,General Manager,Dick Vermeil
1980,PHI,Leonard Tose,Jim Murray,General Manager,Dick Vermeil
1981,PHI,Leonard Tose,Jim Murray,General Manager,Dick Vermeil
1982,PHI,Leonard Tose,Jim Murray,General Manager,Dick Vermeil
1983,PHI,Leonard Tose,Susan Tose Spencer (Fletcher),General Manager,Marion Campbell
1984,PHI,Leonard Tose,Susan Tose Spencer (Fletcher),General Manager,Marion Campbell
1985,PHI,Norman Braman & Ed Leibowitz,Harry Gamble,"GM (1985-86), then President & GM (1986-95)",Fred Bruney (interim)
1986,PHI,Norman Braman & Ed Leibowitz,Harry Gamble,"GM (1985-86), then President & GM (1986-95)",Buddy Ryan
1987,PHI,Norman Braman & Ed Leibowitz,Harry Gamble,"GM (1985-86), then President & GM (1986-95)",Buddy Ryan
1988,PHI,Norman Braman & Ed Leibowitz,Harry Gamble,"GM (1985-86), then President & GM (1986-95)",Buddy Ryan
1989,PHI,Norman Braman & Ed Leibowitz,Harry Gamble,"GM (1985-86), then President & GM (1986-95)",Buddy Ryan
1990,PHI,Norman Braman & Ed Leibowitz,Harry Gamble,"GM (1985-86), then President & GM (1986-95)",Buddy Ryan
1991,PHI,Norman Braman & Ed Leibowitz,Harry Gamble,"GM (1985-86), then President & GM (1986-95)",Rich Kotite
1992,PHI,Norman Braman & Ed Leibowitz,Harry Gamble,"GM (1985-86), then President & GM (1986-95)",Rich Kotite
1993,PHI,Norman Braman & Ed Leibowitz,Harry Gamble,"GM (1985-86), then President & GM (1986-95)",Rich Kotite
1994,PHI,Jeffrey Lurie,Harry Gamble,"GM (1985-86), then President & GM (1986-95)",Rich Kotite
1995,PHI,Jeffrey Lurie,Unknown,No confirmed GM title-holder for this span,Ray Rhodes
1996,PHI,Jeffrey Lurie,Unknown,No confirmed GM title-holder for this span,Ray Rhodes
1997,PHI,Jeffrey Lurie,Unknown,No confirmed GM title-holder for this span,Ray Rhodes
1998,PHI,Jeffrey Lurie,Tom Modrak,General Manager,Ray Rhodes
1999,PHI,Jeffrey Lurie,Tom Modrak,General Manager,Andy Reid
2000,PHI,Jeffrey Lurie,Tom Modrak,General Manager,Andy Reid
2001,PHI,Jeffrey Lurie,Andy Reid,Head Coach & EVP Football Ops/de facto GM,Andy Reid
2002,PHI,Jeffrey Lurie,Andy Reid,Head Coach & EVP Football Ops/de facto GM,Andy Reid
2003,PHI,Jeffrey Lurie,Andy Reid,Head Coach & EVP Football Ops/de facto GM,Andy Reid
2004,PHI,Jeffrey Lurie,Andy Reid,Head Coach & EVP Football Ops/de facto GM,Andy Reid
2005,PHI,Jeffrey Lurie,Andy Reid,Head Coach & EVP Football Ops/de facto GM,Andy Reid
2006,PHI,Jeffrey Lurie,Tom Heckert Jr.,General Manager,Andy Reid
2007,PHI,Jeffrey Lurie,Tom Heckert Jr.,General Manager,Andy Reid
2008,PHI,Jeffrey Lurie,Tom Heckert Jr.,General Manager,Andy Reid
2009,PHI,Jeffrey Lurie,Tom Heckert Jr.,General Manager,Andy Reid
2010,PHI,Jeffrey Lurie,Howie Roseman,General Manager,Andy Reid
2011,PHI,Jeffrey Lurie,Howie Roseman,General Manager,Andy Reid
2012,PHI,Jeffrey Lurie,Howie Roseman,General Manager,Andy Reid
2013,PHI,Jeffrey Lurie,Howie Roseman,General Manager,Chip Kelly
2014,PHI,Jeffrey Lurie,Howie Roseman,General Manager,Chip Kelly
2015,PHI,Jeffrey Lurie,Chip Kelly,Head Coach given GM/personnel authority,Pat Shurmur (interim)
2016,PHI,Jeffrey Lurie,Howie Roseman,General Manager (EVP & GM title from 2019),Doug Pederson
2017,PHI,Jeffrey Lurie,Howie Roseman,General Manager (EVP & GM title from 2019),Doug Pederson
2018,PHI,Jeffrey Lurie,Howie Roseman,General Manager (EVP & GM title from 2019),Doug Pederson
2019,PHI,Jeffrey Lurie,Howie Roseman,General Manager (EVP & GM title from 2019),Doug Pederson
2020,PHI,Jeffrey Lurie,Howie Roseman,General Manager (EVP & GM title from 2019),Doug Pederson
2021,PHI,Jeffrey Lurie,Howie Roseman,General Manager (EVP & GM title from 2019),Nick Sirianni
2022,PHI,Jeffrey Lurie,Howie Roseman,General Manager (EVP & GM title from 2019),Nick Sirianni
2023,PHI,Jeffrey Lurie,Howie Roseman,General Manager (EVP & GM title from 2019),Nick Sirianni
2024,PHI,Jeffrey Lurie,Howie Roseman,General Manager (EVP & GM title from 2019),Nick Sirianni
2025,PHI,Jeffrey Lurie,Howie Roseman,General Manager (EVP & GM title from 2019),Nick Sirianni
2026,PHI,Jeffrey Lurie,Howie Roseman,General Manager (EVP & GM title from 2019),Nick Sirianni
1933,PIT,Art Rooney,No distinct GM position,Owner Art Rooney directed football ops,"Forrest ""Jap"" Douds"
1934,PIT,Art Rooney,No distinct GM position,Owner Art Rooney directed football ops,Luby DiMeolo
1935,PIT,Art Rooney,No distinct GM position,Owner Art Rooney directed football ops,Joe Bach
1936,PIT,Art Rooney,No distinct GM position,Owner Art Rooney directed football ops,Joe Bach
1937,PIT,Art Rooney,No distinct GM position,Owner Art Rooney directed football ops,Johnny Blood (McNally)
1938,PIT,Art Rooney,No distinct GM position,Owner Art Rooney directed football ops,Johnny Blood (McNally)
1939,PIT,Art Rooney,No distinct GM position,Owner Art Rooney directed football ops,Walt Kiesling (1st stint)
1940,PIT,Art Rooney,No distinct GM position,Owner Art Rooney directed football ops,Walt Kiesling (1st stint)
1941,PIT,Art Rooney,No distinct GM position,Owner Art Rooney directed football ops,"Bert Bell (interim) / Aldo Donelli (interim, mid-season) / Kiesling (finished season)"
1942,PIT,Art Rooney,No distinct GM position,Owner Art Rooney directed football ops,"Bert Bell (interim) / Aldo Donelli (interim, mid-season) / Kiesling (finished season)"
1943,PIT,Art Rooney,No distinct GM position,Owner Art Rooney directed football ops,"Walt Kiesling (co-HC w/ Phila.'s Greasy Neale - wartime ""Steagles"" merger)"
1944,PIT,Art Rooney,No distinct GM position,Owner Art Rooney directed football ops,"Walt Kiesling (co-HC w/ Chi. Cardinals' Phil Handler - ""Card-Pitt"" merger)"
1945,PIT,Art Rooney,John Holahan,General Manager,Jim Leonard
1946,PIT,Art Rooney,John Holahan,General Manager,Jock Sutherland
1947,PIT,Art Rooney,John Holahan,General Manager,Jock Sutherland
1948,PIT,Art Rooney,John Holahan,General Manager,John Michelosen
1949,PIT,Art Rooney,John Holahan,General Manager,John Michelosen
1950,PIT,Art Rooney,John Holahan,General Manager,John Michelosen
1951,PIT,Art Rooney,Fran Fogarty,General Manager,John Michelosen
1952,PIT,Art Rooney,Fran Fogarty,General Manager,Joe Bach (2nd stint)
1953,PIT,Art Rooney,Fran Fogarty,General Manager,Joe Bach (2nd stint)
1954,PIT,Art Rooney,Fran Fogarty,General Manager,Walt Kiesling (2nd/3rd stint)
1955,PIT,Art Rooney,Fran Fogarty,General Manager,Walt Kiesling (2nd/3rd stint)
1956,PIT,Art Rooney,Fran Fogarty,General Manager,Walt Kiesling (2nd/3rd stint)
1957,PIT,Art Rooney,Fran Fogarty,General Manager,Buddy Parker
1958,PIT,Art Rooney,Fran Fogarty,General Manager,Buddy Parker
1959,PIT,Art Rooney,Fran Fogarty,General Manager,Buddy Parker
1960,PIT,Art Rooney,Fran Fogarty,General Manager,Buddy Parker
1961,PIT,Art Rooney,Fran Fogarty,General Manager,Buddy Parker
1962,PIT,Art Rooney,Fran Fogarty,General Manager,Buddy Parker
1963,PIT,Art Rooney,Fran Fogarty,General Manager,Buddy Parker
1964,PIT,Art Rooney,Fran Fogarty,General Manager,Buddy Parker
1965,PIT,Art Rooney,Fran Fogarty,General Manager,Mike Nixon
1966,PIT,Art Rooney,Fran Fogarty,General Manager,Bill Austin
1967,PIT,Art Rooney,Fran Fogarty,General Manager,Bill Austin
1968,PIT,Art Rooney,Fran Fogarty,General Manager,Bill Austin
1969,PIT,Art Rooney,Art Rooney Jr.,Director of Player Personnel,Chuck Noll
1970,PIT,Art Rooney,Art Rooney Jr.,Director of Player Personnel,Chuck Noll
1971,PIT,Art Rooney,Art Rooney Jr.,Director of Player Personnel,Chuck Noll
1972,PIT,Art Rooney,Art Rooney Jr.,Director of Player Personnel,Chuck Noll
1973,PIT,Art Rooney,Art Rooney Jr.,Director of Player Personnel,Chuck Noll
1974,PIT,Art Rooney,Art Rooney Jr.,Director of Player Personnel,Chuck Noll
1975,PIT,Art Rooney,Art Rooney Jr.,Director of Player Personnel,Chuck Noll
1976,PIT,Art Rooney,Art Rooney Jr.,Director of Player Personnel,Chuck Noll
1977,PIT,Art Rooney,Art Rooney Jr.,Director of Player Personnel,Chuck Noll
1978,PIT,Art Rooney,Art Rooney Jr.,Director of Player Personnel,Chuck Noll
1979,PIT,Art Rooney,Art Rooney Jr.,Director of Player Personnel,Chuck Noll
1980,PIT,Art Rooney,Art Rooney Jr.,Director of Player Personnel,Chuck Noll
1981,PIT,Art Rooney,Art Rooney Jr.,Director of Player Personnel,Chuck Noll
1982,PIT,Art Rooney,Art Rooney Jr.,Director of Player Personnel,Chuck Noll
1983,PIT,Art Rooney,Art Rooney Jr.,Director of Player Personnel,Chuck Noll
1984,PIT,Art Rooney,Art Rooney Jr.,Director of Player Personnel,Chuck Noll
1985,PIT,Art Rooney,Art Rooney Jr.,Director of Player Personnel,Chuck Noll
1986,PIT,Art Rooney,Dick Haley,Director of Player Personnel,Chuck Noll
1987,PIT,Art Rooney,Dick Haley,Director of Player Personnel,Chuck Noll
1988,PIT,Dan Rooney,Dick Haley,Director of Player Personnel,Chuck Noll
1989,PIT,Dan Rooney,Dick Haley,Director of Player Personnel,Chuck Noll
1990,PIT,Dan Rooney,Dick Haley,Director of Player Personnel,Chuck Noll
1991,PIT,Dan Rooney,Tom Donahoe,Director of Football Operations/de facto GM,Chuck Noll
1992,PIT,Dan Rooney,Tom Donahoe,Director of Football Operations/de facto GM,Bill Cowher
1993,PIT,Dan Rooney,Tom Donahoe,Director of Football Operations/de facto GM,Bill Cowher
1994,PIT,Dan Rooney,Tom Donahoe,Director of Football Operations/de facto GM,Bill Cowher
1995,PIT,Dan Rooney,Tom Donahoe,Director of Football Operations/de facto GM,Bill Cowher
1996,PIT,Dan Rooney,Tom Donahoe,Director of Football Operations/de facto GM,Bill Cowher
1997,PIT,Dan Rooney,Tom Donahoe,Director of Football Operations/de facto GM,Bill Cowher
1998,PIT,Dan Rooney,Tom Donahoe,Director of Football Operations/de facto GM,Bill Cowher
1999,PIT,Dan Rooney,Tom Donahoe,Director of Football Operations/de facto GM,Bill Cowher
2000,PIT,Dan Rooney,Kevin Colbert,Dir. Football Ops (GM title formalized 2010),Bill Cowher
2001,PIT,Dan Rooney,Kevin Colbert,Dir. Football Ops (GM title formalized 2010),Bill Cowher
2002,PIT,Dan Rooney,Kevin Colbert,Dir. Football Ops (GM title formalized 2010),Bill Cowher
2003,PIT,Dan Rooney,Kevin Colbert,Dir. Football Ops (GM title formalized 2010),Bill Cowher
2004,PIT,Dan Rooney,Kevin Colbert,Dir. Football Ops (GM title formalized 2010),Bill Cowher
2005,PIT,Dan Rooney,Kevin Colbert,Dir. Football Ops (GM title formalized 2010),Bill Cowher
2006,PIT,Dan Rooney,Kevin Colbert,Dir. Football Ops (GM title formalized 2010),Bill Cowher
2007,PIT,Dan Rooney,Kevin Colbert,Dir. Football Ops (GM title formalized 2010),Mike Tomlin
2008,PIT,Dan Rooney,Kevin Colbert,Dir. Football Ops (GM title formalized 2010),Mike Tomlin
2009,PIT,Dan Rooney,Kevin Colbert,Dir. Football Ops (GM title formalized 2010),Mike Tomlin
2010,PIT,Dan Rooney,Kevin Colbert,Dir. Football Ops (GM title formalized 2010),Mike Tomlin
2011,PIT,Dan Rooney,Kevin Colbert,Dir. Football Ops (GM title formalized 2010),Mike Tomlin
2012,PIT,Dan Rooney,Kevin Colbert,Dir. Football Ops (GM title formalized 2010),Mike Tomlin
2013,PIT,Dan Rooney,Kevin Colbert,Dir. Football Ops (GM title formalized 2010),Mike Tomlin
2014,PIT,Dan Rooney,Kevin Colbert,Dir. Football Ops (GM title formalized 2010),Mike Tomlin
2015,PIT,Dan Rooney,Kevin Colbert,Dir. Football Ops (GM title formalized 2010),Mike Tomlin
2016,PIT,Dan Rooney,Kevin Colbert,Dir. Football Ops (GM title formalized 2010),Mike Tomlin
2017,PIT,Art Rooney II,Kevin Colbert,Dir. Football Ops (GM title formalized 2010),Mike Tomlin
2018,PIT,Art Rooney II,Kevin Colbert,Dir. Football Ops (GM title formalized 2010),Mike Tomlin
2019,PIT,Art Rooney II,Kevin Colbert,Dir. Football Ops (GM title formalized 2010),Mike Tomlin
2020,PIT,Art Rooney II,Kevin Colbert,Dir. Football Ops (GM title formalized 2010),Mike Tomlin
2021,PIT,Art Rooney II,Kevin Colbert,Dir. Football Ops (GM title formalized 2010),Mike Tomlin
2022,PIT,Art Rooney II,Omar Khan,General Manager,Mike Tomlin
2023,PIT,Art Rooney II,Omar Khan,General Manager,Mike Tomlin
2024,PIT,Art Rooney II,Omar Khan,General Manager,Mike Tomlin
2025,PIT,Art Rooney II,Omar Khan,General Manager,Mike Tomlin
2026,PIT,Art Rooney II,Omar Khan,General Manager,Mike McCarthy
1946,SF,Tony Morabito,John Blackinger,General Manager,Buck Shaw
1947,SF,Tony Morabito,John Blackinger,General Manager,Buck Shaw
1948,SF,Tony Morabito,Lou Spadia,General Manager (also team President from 1967),Buck Shaw
1949,SF,Tony Morabito,Lou Spadia,General Manager (also team President from 1967),Buck Shaw
1950,SF,Tony Morabito,Lou Spadia,General Manager (also team President from 1967),Buck Shaw
1951,SF,Tony Morabito,Lou Spadia,General Manager (also team President from 1967),Buck Shaw
1952,SF,Tony Morabito,Lou Spadia,General Manager (also team President from 1967),Buck Shaw
1953,SF,Tony Morabito,Lou Spadia,General Manager (also team President from 1967),Buck Shaw
1954,SF,Tony Morabito,Lou Spadia,General Manager (also team President from 1967),Buck Shaw
1955,SF,Tony Morabito,Lou Spadia,General Manager (also team President from 1967),Red Strader
1956,SF,Tony Morabito,Lou Spadia,General Manager (also team President from 1967),Frankie Albert
1957,SF,Morabito family,Lou Spadia,General Manager (also team President from 1967),Frankie Albert
1958,SF,Morabito family,Lou Spadia,General Manager (also team President from 1967),Frankie Albert
1959,SF,Morabito family,Lou Spadia,General Manager (also team President from 1967),Red Hickey
1960,SF,Morabito family,Lou Spadia,General Manager (also team President from 1967),Red Hickey
1961,SF,Morabito family,Lou Spadia,General Manager (also team President from 1967),Red Hickey
1962,SF,Morabito family,Lou Spadia,General Manager (also team President from 1967),Red Hickey
1963,SF,Morabito family,Lou Spadia,General Manager (also team President from 1967),Jack Christiansen
1964,SF,Morabito family,Lou Spadia,General Manager (also team President from 1967),Jack Christiansen
1965,SF,Morabito family,Lou Spadia,General Manager (also team President from 1967),Jack Christiansen
1966,SF,Morabito family,Lou Spadia,General Manager (also team President from 1967),Jack Christiansen
1967,SF,Morabito family,Lou Spadia,General Manager (also team President from 1967),Jack Christiansen
1968,SF,Morabito family,Lou Spadia,General Manager (also team President from 1967),Dick Nolan
1969,SF,Morabito family,Lou Spadia,General Manager (also team President from 1967),Dick Nolan
1970,SF,Morabito family,Lou Spadia,General Manager (also team President from 1967),Dick Nolan
1971,SF,Morabito family,Lou Spadia,General Manager (also team President from 1967),Dick Nolan
1972,SF,Morabito family,Lou Spadia,General Manager (also team President from 1967),Dick Nolan
1973,SF,Morabito family,Lou Spadia,General Manager (also team President from 1967),Dick Nolan
1974,SF,Morabito family,Lou Spadia,General Manager (also team President from 1967),Dick Nolan
1975,SF,Morabito family,Lou Spadia,General Manager (also team President from 1967),Dick Nolan
1976,SF,Morabito family,Lou Spadia,General Manager (also team President from 1967),Monte Clark
1977,SF,Edward J. DeBartolo Jr.,Joe Thomas,General Manager,Ken Meyer
1978,SF,Edward J. DeBartolo Jr.,Joe Thomas,General Manager,"Pete McCulley (fired mid-season) / Fred O'Connor (interim, finished season)"
1979,SF,Edward J. DeBartolo Jr.,Bill Walsh,Head Coach (no formal GM title),Bill Walsh
1980,SF,Edward J. DeBartolo Jr.,John McVay,VP of Football Operations/de facto GM,Bill Walsh
1981,SF,Edward J. DeBartolo Jr.,John McVay,VP of Football Operations/de facto GM,Bill Walsh
1982,SF,Edward J. DeBartolo Jr.,John McVay,VP of Football Operations/de facto GM,Bill Walsh
1983,SF,Edward J. DeBartolo Jr.,John McVay,VP of Football Operations/de facto GM,Bill Walsh
1984,SF,Edward J. DeBartolo Jr.,John McVay,VP of Football Operations/de facto GM,Bill Walsh
1985,SF,Edward J. DeBartolo Jr.,John McVay,VP of Football Operations/de facto GM,Bill Walsh
1986,SF,Edward J. DeBartolo Jr.,John McVay,VP of Football Operations/de facto GM,Bill Walsh
1987,SF,Edward J. DeBartolo Jr.,John McVay,VP of Football Operations/de facto GM,Bill Walsh
1988,SF,Edward J. DeBartolo Jr.,John McVay,VP of Football Operations/de facto GM,Bill Walsh
1989,SF,Edward J. DeBartolo Jr.,John McVay,VP of Football Operations/de facto GM,George Seifert
1990,SF,Edward J. DeBartolo Jr.,John McVay,VP of Football Operations/de facto GM,George Seifert
1991,SF,Edward J. DeBartolo Jr.,John McVay,VP of Football Operations/de facto GM,George Seifert
1992,SF,Edward J. DeBartolo Jr.,John McVay,VP of Football Operations/de facto GM,George Seifert
1993,SF,Edward J. DeBartolo Jr.,John McVay,VP of Football Operations/de facto GM,George Seifert
1994,SF,Edward J. DeBartolo Jr.,John McVay,VP of Football Operations/de facto GM,George Seifert
1995,SF,Edward J. DeBartolo Jr.,Dwight Clark,VP of Player Personnel/Football Operations,George Seifert
1996,SF,Edward J. DeBartolo Jr.,Dwight Clark,VP of Player Personnel/Football Operations,George Seifert
1997,SF,Edward J. DeBartolo Jr.,Dwight Clark,VP of Player Personnel/Football Operations,Steve Mariucci
1998,SF,Edward J. DeBartolo Jr.,Dwight Clark,VP of Player Personnel/Football Operations,Steve Mariucci
1999,SF,Edward J. DeBartolo Jr.,Bill Walsh,VP & General Manager,Steve Mariucci
2000,SF,John York & Denise DeBartolo York,Bill Walsh,VP & General Manager,Steve Mariucci
2001,SF,John York & Denise DeBartolo York,Terry Donahue,General Manager,Steve Mariucci
2002,SF,John York & Denise DeBartolo York,Terry Donahue,General Manager,Steve Mariucci
2003,SF,John York & Denise DeBartolo York,Terry Donahue,General Manager,Dennis Erickson
2004,SF,John York & Denise DeBartolo York,Terry Donahue,General Manager,Dennis Erickson
2005,SF,John York & Denise DeBartolo York,Scot McCloughan,"VP Player Personnel (05-07), GM (08-10)",Mike Nolan
2006,SF,John York & Denise DeBartolo York,Scot McCloughan,"VP Player Personnel (05-07), GM (08-10)",Mike Nolan
2007,SF,John York & Denise DeBartolo York,Scot McCloughan,"VP Player Personnel (05-07), GM (08-10)",Mike Nolan
2008,SF,John York & Denise DeBartolo York,Scot McCloughan,"VP Player Personnel (05-07), GM (08-10)",Mike Singletary
2009,SF,John York & Denise DeBartolo York,Scot McCloughan,"VP Player Personnel (05-07), GM (08-10)",Mike Singletary
2010,SF,John York & Denise DeBartolo York,Scot McCloughan,"VP Player Personnel (05-07), GM (08-10)",Mike Singletary
2011,SF,John York & Denise DeBartolo York,Trent Baalke,General Manager,Jim Harbaugh
2012,SF,John York & Denise DeBartolo York,Trent Baalke,General Manager,Jim Harbaugh
2013,SF,John York & Denise DeBartolo York,Trent Baalke,General Manager,Jim Harbaugh
2014,SF,John York & Denise DeBartolo York,Trent Baalke,General Manager,Jim Harbaugh
2015,SF,John York & Denise DeBartolo York,Trent Baalke,General Manager,Jim Tomsula
2016,SF,John York & Denise DeBartolo York,Trent Baalke,General Manager,Chip Kelly
2017,SF,John York & Denise DeBartolo York,John Lynch,General Manager (also Pres. Football Ops from 2023),Kyle Shanahan
2018,SF,John York & Denise DeBartolo York,John Lynch,General Manager (also Pres. Football Ops from 2023),Kyle Shanahan
2019,SF,John York & Denise DeBartolo York,John Lynch,General Manager (also Pres. Football Ops from 2023),Kyle Shanahan
2020,SF,John York & Denise DeBartolo York,John Lynch,General Manager (also Pres. Football Ops from 2023),Kyle Shanahan
2021,SF,John York & Denise DeBartolo York,John Lynch,General Manager (also Pres. Football Ops from 2023),Kyle Shanahan
2022,SF,John York & Denise DeBartolo York,John Lynch,General Manager (also Pres. Football Ops from 2023),Kyle Shanahan
2023,SF,John York & Denise DeBartolo York,John Lynch,General Manager (also Pres. Football Ops from 2023),Kyle Shanahan
2024,SF,Jed York,John Lynch,General Manager (also Pres. Football Ops from 2023),Kyle Shanahan
2025,SF,Jed York,John Lynch,General Manager (also Pres. Football Ops from 2023),Kyle Shanahan
2026,SF,Jed York,John Lynch,General Manager (also Pres. Football Ops from 2023),Kyle Shanahan
1976,SEA,Nordstrom family & Herman Sarkowsky,John Thompson,General Manager,Jack Patera
1977,SEA,Nordstrom family & Herman Sarkowsky,John Thompson,General Manager,Jack Patera
1978,SEA,Nordstrom family & Herman Sarkowsky,John Thompson,General Manager,Jack Patera
1979,SEA,Nordstrom family & Herman Sarkowsky,John Thompson,General Manager,Jack Patera
1980,SEA,Nordstrom family & Herman Sarkowsky,John Thompson,General Manager,Jack Patera
1981,SEA,Nordstrom family & Herman Sarkowsky,John Thompson,General Manager,Jack Patera
1982,SEA,Nordstrom family & Herman Sarkowsky,Mike McCormack,President/General Manager,Mike McCormack (interim)
1983,SEA,Nordstrom family & Herman Sarkowsky,Mike McCormack,President/General Manager,Chuck Knox
1984,SEA,Nordstrom family & Herman Sarkowsky,Mike McCormack,President/General Manager,Chuck Knox
1985,SEA,Nordstrom family & Herman Sarkowsky,Mike McCormack,President/General Manager,Chuck Knox
1986,SEA,Nordstrom family & Herman Sarkowsky,Mike McCormack,President/General Manager,Chuck Knox
1987,SEA,Nordstrom family & Herman Sarkowsky,Mike McCormack,President/General Manager,Chuck Knox
1988,SEA,Ken Behring & Ken Hofmann,Mike McCormack,President/General Manager,Chuck Knox
1989,SEA,Ken Behring & Ken Hofmann,Tom Flores,President/General Manager,Chuck Knox
1990,SEA,Ken Behring & Ken Hofmann,Tom Flores,President/General Manager,Chuck Knox
1991,SEA,Ken Behring & Ken Hofmann,Tom Flores,President/General Manager,Chuck Knox
1992,SEA,Ken Behring & Ken Hofmann,Tom Flores,President/General Manager,Tom Flores
1993,SEA,Ken Behring & Ken Hofmann,Tom Flores,President/General Manager,Tom Flores
1994,SEA,Ken Behring & Ken Hofmann,Tom Flores,President/General Manager,Tom Flores
1995,SEA,Ken Behring & Ken Hofmann,Randy Mueller,VP of Football Operations/de facto GM,Dennis Erickson
1996,SEA,Ken Behring & Ken Hofmann,Randy Mueller,VP of Football Operations/de facto GM,Dennis Erickson
1997,SEA,Paul Allen,Bob Whitsitt,President/de facto GM,Dennis Erickson
1998,SEA,Paul Allen,Bob Whitsitt,President/de facto GM,Dennis Erickson
1999,SEA,Paul Allen,Mike Holmgren,Head Coach/General Manager,Mike Holmgren
2000,SEA,Paul Allen,Mike Holmgren,Head Coach/General Manager,Mike Holmgren
2001,SEA,Paul Allen,Mike Holmgren,Head Coach/General Manager,Mike Holmgren
2002,SEA,Paul Allen,Mike Holmgren,Head Coach/General Manager,Mike Holmgren
2003,SEA,Paul Allen,Bob Whitsitt,President/de facto GM (2nd stint),Mike Holmgren
2004,SEA,Paul Allen,Bob Whitsitt,President/de facto GM (2nd stint),Mike Holmgren
2005,SEA,Paul Allen,Tim Ruskell,President/General Manager,Mike Holmgren
2006,SEA,Paul Allen,Tim Ruskell,President/General Manager,Mike Holmgren
2007,SEA,Paul Allen,Tim Ruskell,President/General Manager,Mike Holmgren
2008,SEA,Paul Allen,Tim Ruskell,President/General Manager,Mike Holmgren
2009,SEA,Paul Allen,Tim Ruskell,President/General Manager,Jim Mora
2010,SEA,Paul Allen,John Schneider,General Manager,Pete Carroll
2011,SEA,Paul Allen,John Schneider,General Manager,Pete Carroll
2012,SEA,Paul Allen,John Schneider,General Manager,Pete Carroll
2013,SEA,Paul Allen,John Schneider,General Manager,Pete Carroll
2014,SEA,Paul Allen,John Schneider,General Manager,Pete Carroll
2015,SEA,Paul Allen,John Schneider,General Manager,Pete Carroll
2016,SEA,Paul Allen,John Schneider,General Manager,Pete Carroll
2017,SEA,Paul Allen,John Schneider,General Manager,Pete Carroll
2018,SEA,"Paul Allen Estate/Trust (Jody Allen, trustee)",John Schneider,General Manager,Pete Carroll
2019,SEA,"Paul Allen Estate/Trust (Jody Allen, trustee)",John Schneider,General Manager,Pete Carroll
2020,SEA,"Paul Allen Estate/Trust (Jody Allen, trustee)",John Schneider,General Manager,Pete Carroll
2021,SEA,"Paul Allen Estate/Trust (Jody Allen, trustee)",John Schneider,General Manager,Pete Carroll
2022,SEA,"Paul Allen Estate/Trust (Jody Allen, trustee)",John Schneider,General Manager,Pete Carroll
2023,SEA,"Paul Allen Estate/Trust (Jody Allen, trustee)",John Schneider,General Manager,Pete Carroll
2024,SEA,"Paul Allen Estate/Trust (Jody Allen, trustee)",John Schneider,General Manager,Mike Macdonald
2025,SEA,"Paul Allen Estate/Trust (Jody Allen, trustee)",John Schneider,General Manager,Mike Macdonald
2026,SEA,"Paul Allen Estate/Trust (Jody Allen, trustee)",John Schneider,General Manager,Mike Macdonald
1976,TB,Hugh Culverhouse,No distinct GM position,Owner Hugh Culverhouse ran football ops,John McKay
1977,TB,Hugh Culverhouse,No distinct GM position,Owner Hugh Culverhouse ran football ops,John McKay
1978,TB,Hugh Culverhouse,No distinct GM position,Owner Hugh Culverhouse ran football ops,John McKay
1979,TB,Hugh Culverhouse,No distinct GM position,Owner Hugh Culverhouse ran football ops,John McKay
1980,TB,Hugh Culverhouse,No distinct GM position,Owner Hugh Culverhouse ran football ops,John McKay
1981,TB,Hugh Culverhouse,No distinct GM position,Owner Hugh Culverhouse ran football ops,John McKay
1982,TB,Hugh Culverhouse,No distinct GM position,Owner Hugh Culverhouse ran football ops,John McKay
1983,TB,Hugh Culverhouse,No distinct GM position,Owner Hugh Culverhouse ran football ops,John McKay
1984,TB,Hugh Culverhouse,No distinct GM position,Owner Hugh Culverhouse ran football ops,John McKay
1985,TB,Hugh Culverhouse,No distinct GM position,Owner Hugh Culverhouse ran football ops,Leeman Bennett
1986,TB,Hugh Culverhouse,No distinct GM position,Owner Hugh Culverhouse ran football ops,Leeman Bennett
1987,TB,Hugh Culverhouse,No distinct GM position,Owner Hugh Culverhouse ran football ops,Ray Perkins
1988,TB,Hugh Culverhouse,No distinct GM position,Owner Hugh Culverhouse ran football ops,Ray Perkins
1989,TB,Hugh Culverhouse,No distinct GM position,Owner Hugh Culverhouse ran football ops,Ray Perkins
1990,TB,Hugh Culverhouse,No distinct GM position,Owner Hugh Culverhouse ran football ops,"Richard Williamson (interim, then full-time 1991)"
1991,TB,Hugh Culverhouse,No distinct GM position,Owner Hugh Culverhouse ran football ops,"Richard Williamson (interim, then full-time 1991)"
1992,TB,Hugh Culverhouse,No distinct GM position,Owner Hugh Culverhouse ran football ops,Sam Wyche
1993,TB,Hugh Culverhouse,No distinct GM position,Owner Hugh Culverhouse ran football ops,Sam Wyche
1994,TB,Hugh Culverhouse,Rich McKay,General Manager,Sam Wyche
1995,TB,Malcolm Glazer,Rich McKay,General Manager,Sam Wyche
1996,TB,Malcolm Glazer,Rich McKay,General Manager,Tony Dungy
1997,TB,Malcolm Glazer,Rich McKay,General Manager,Tony Dungy
1998,TB,Malcolm Glazer,Rich McKay,General Manager,Tony Dungy
1999,TB,Malcolm Glazer,Rich McKay,General Manager,Tony Dungy
2000,TB,Malcolm Glazer,Rich McKay,General Manager,Tony Dungy
2001,TB,Malcolm Glazer,Rich McKay,General Manager,Tony Dungy
2002,TB,Malcolm Glazer,Rich McKay,General Manager,Jon Gruden
2003,TB,Malcolm Glazer,Rich McKay,General Manager,Jon Gruden
2004,TB,Malcolm Glazer,Bruce Allen,General Manager,Jon Gruden
2005,TB,Malcolm Glazer,Bruce Allen,General Manager,Jon Gruden
2006,TB,Malcolm Glazer,Bruce Allen,General Manager,Jon Gruden
2007,TB,Malcolm Glazer,Bruce Allen,General Manager,Jon Gruden
2008,TB,Malcolm Glazer,Bruce Allen,General Manager,Jon Gruden
2009,TB,Malcolm Glazer,Mark Dominik,General Manager,Raheem Morris
2010,TB,Malcolm Glazer,Mark Dominik,General Manager,Raheem Morris
2011,TB,Malcolm Glazer,Mark Dominik,General Manager,Raheem Morris
2012,TB,Malcolm Glazer,Mark Dominik,General Manager,Greg Schiano
2013,TB,Malcolm Glazer,Mark Dominik,General Manager,Greg Schiano
2014,TB,Glazer Family,Jason Licht,General Manager,Lovie Smith
2015,TB,Glazer Family,Jason Licht,General Manager,Lovie Smith
2016,TB,Glazer Family,Jason Licht,General Manager,Dirk Koetter
2017,TB,Glazer Family,Jason Licht,General Manager,Dirk Koetter
2018,TB,Glazer Family,Jason Licht,General Manager,Dirk Koetter
2019,TB,Glazer Family,Jason Licht,General Manager,Bruce Arians
2020,TB,Glazer Family,Jason Licht,General Manager,Bruce Arians
2021,TB,Glazer Family,Jason Licht,General Manager,Bruce Arians
2022,TB,Glazer Family,Jason Licht,General Manager,Todd Bowles
2023,TB,Glazer Family,Jason Licht,General Manager,Todd Bowles
2024,TB,Glazer Family,Jason Licht,General Manager,Todd Bowles
2025,TB,Glazer Family,Jason Licht,General Manager,Todd Bowles
2026,TB,Glazer Family,Jason Licht,General Manager,Todd Bowles
1960,TEN,Bud Adams,Don Suman,EVP/General Manager,Lou Rymkus
1961,TEN,Bud Adams,Don Suman,EVP/General Manager,Wally Lemm (1st stint)
1962,TEN,Bud Adams,Pop Ivy,Head Coach/General Manager,Pop Ivy
1963,TEN,Bud Adams,Pop Ivy,Head Coach/General Manager,Pop Ivy
1964,TEN,Bud Adams,Carroll Martin,General Manager,Sammy Baugh
1965,TEN,Bud Adams,Carroll Martin,General Manager,Hugh Taylor (interim)
1966,TEN,Bud Adams,Don Klosterman,General Manager,Wally Lemm (2nd stint)
1967,TEN,Bud Adams,Don Klosterman,General Manager,Wally Lemm (2nd stint)
1968,TEN,Bud Adams,Don Klosterman,General Manager,Wally Lemm (2nd stint)
1969,TEN,Bud Adams,Don Klosterman,General Manager,Wally Lemm (2nd stint)
1970,TEN,Bud Adams,Bob Brodhead,General Manager,Wally Lemm (2nd stint)
1971,TEN,Bud Adams,John Breen,General Manager,Ed Hughes
1972,TEN,Bud Adams,John Breen,General Manager,Bill Peterson
1973,TEN,Bud Adams,Sid Gillman,EVP/General Manager,Sid Gillman
1974,TEN,Bud Adams,Sid Gillman,EVP/General Manager,Sid Gillman
1975,TEN,Bud Adams,Bum Phillips,Head Coach/General Manager,Bum Phillips
1976,TEN,Bud Adams,Bum Phillips,Head Coach/General Manager,Bum Phillips
1977,TEN,Bud Adams,Bum Phillips,Head Coach/General Manager,Bum Phillips
1978,TEN,Bud Adams,Bum Phillips,Head Coach/General Manager,Bum Phillips
1979,TEN,Bud Adams,Bum Phillips,Head Coach/General Manager,Bum Phillips
1980,TEN,Bud Adams,Bum Phillips,Head Coach/General Manager,Bum Phillips
1981,TEN,Bud Adams,Ladd Herzeg,General Manager,Ed Biles
1982,TEN,Bud Adams,Ladd Herzeg,General Manager,Ed Biles
1983,TEN,Bud Adams,Ladd Herzeg,General Manager,Chuck Studley (interim)
1984,TEN,Bud Adams,Ladd Herzeg,General Manager,Hugh Campbell
1985,TEN,Bud Adams,Ladd Herzeg,General Manager,Jerry Glanville
1986,TEN,Bud Adams,Ladd Herzeg,General Manager,Jerry Glanville
1987,TEN,Bud Adams,Ladd Herzeg,General Manager,Jerry Glanville
1988,TEN,Bud Adams,Ladd Herzeg,General Manager,Jerry Glanville
1989,TEN,Bud Adams,Ladd Herzeg,General Manager,Jerry Glanville
1990,TEN,Bud Adams,Mike Holovak,General Manager,Jack Pardee
1991,TEN,Bud Adams,Mike Holovak,General Manager,Jack Pardee
1992,TEN,Bud Adams,Mike Holovak,General Manager,Jack Pardee
1993,TEN,Bud Adams,Mike Holovak,General Manager,Jack Pardee
1994,TEN,Bud Adams,Floyd Reese,General Manager/EVP,Jeff Fisher
1995,TEN,Bud Adams,Floyd Reese,General Manager/EVP,Jeff Fisher
1996,TEN,Bud Adams,Floyd Reese,General Manager/EVP,Jeff Fisher
1997,TEN,Bud Adams,Floyd Reese,General Manager/EVP,Jeff Fisher
1998,TEN,Bud Adams,Floyd Reese,General Manager/EVP,Jeff Fisher
1999,TEN,Bud Adams,Floyd Reese,General Manager/EVP,Jeff Fisher
2000,TEN,Bud Adams,Floyd Reese,General Manager/EVP,Jeff Fisher
2001,TEN,Bud Adams,Floyd Reese,General Manager/EVP,Jeff Fisher
2002,TEN,Bud Adams,Floyd Reese,General Manager/EVP,Jeff Fisher
2003,TEN,Bud Adams,Floyd Reese,General Manager/EVP,Jeff Fisher
2004,TEN,Bud Adams,Floyd Reese,General Manager/EVP,Jeff Fisher
2005,TEN,Bud Adams,Floyd Reese,General Manager/EVP,Jeff Fisher
2006,TEN,Bud Adams,Floyd Reese,General Manager/EVP,Jeff Fisher
2007,TEN,Bud Adams,Mike Reinfeldt,General Manager,Jeff Fisher
2008,TEN,Bud Adams,Mike Reinfeldt,General Manager,Jeff Fisher
2009,TEN,Bud Adams,Mike Reinfeldt,General Manager,Jeff Fisher
2010,TEN,Bud Adams,Mike Reinfeldt,General Manager,Jeff Fisher
2011,TEN,Bud Adams,Mike Reinfeldt,General Manager,Mike Munchak
2012,TEN,Bud Adams,Ruston Webster,EVP/General Manager,Mike Munchak
2013,TEN,Susie Adams Smith,Ruston Webster,EVP/General Manager,Mike Munchak
2014,TEN,Susie Adams Smith,Ruston Webster,EVP/General Manager,Ken Whisenhunt
2015,TEN,Amy Adams Strunk,Ruston Webster,EVP/General Manager,Mike Mularkey
2016,TEN,Amy Adams Strunk,Jon Robinson,EVP/General Manager,Mike Mularkey
2017,TEN,Amy Adams Strunk,Jon Robinson,EVP/General Manager,Mike Mularkey
2018,TEN,Amy Adams Strunk,Jon Robinson,EVP/General Manager,Mike Vrabel
2019,TEN,Amy Adams Strunk,Jon Robinson,EVP/General Manager,Mike Vrabel
2020,TEN,Amy Adams Strunk,Jon Robinson,EVP/General Manager,Mike Vrabel
2021,TEN,Amy Adams Strunk,Jon Robinson,EVP/General Manager,Mike Vrabel
2022,TEN,Amy Adams Strunk,Ryan Cowden,VP Player Personnel/Interim GM,Mike Vrabel
2023,TEN,Amy Adams Strunk,Ran Carthon,EVP/General Manager,Mike Vrabel
2024,TEN,Amy Adams Strunk,Ran Carthon,EVP/General Manager,Brian Callahan
2025,TEN,Amy Adams Strunk,Mike Borgonzi,General Manager,Mike McCoy (interim)
2026,TEN,Amy Adams Strunk,Mike Borgonzi,General Manager,Mike McCoy (interim)
1932,WAS,George Preston Marshall,No distinct GM position,Ownership & head coaches made personnel decisions,Lud Wray
1933,WAS,George Preston Marshall,No distinct GM position,Ownership & head coaches made personnel decisions,"William ""Lone Star"" Dietz"
1934,WAS,George Preston Marshall,No distinct GM position,Ownership & head coaches made personnel decisions,"William ""Lone Star"" Dietz"
1935,WAS,George Preston Marshall,No distinct GM position,Ownership & head coaches made personnel decisions,Eddie Casey
1936,WAS,George Preston Marshall,No distinct GM position,Ownership & head coaches made personnel decisions,Ray Flaherty
1937,WAS,George Preston Marshall,No distinct GM position,Ownership & head coaches made personnel decisions,Ray Flaherty
1938,WAS,George Preston Marshall,No distinct GM position,Ownership & head coaches made personnel decisions,Ray Flaherty
1939,WAS,George Preston Marshall,No distinct GM position,Ownership & head coaches made personnel decisions,Ray Flaherty
1940,WAS,George Preston Marshall,No distinct GM position,Ownership & head coaches made personnel decisions,Ray Flaherty
1941,WAS,George Preston Marshall,No distinct GM position,Ownership & head coaches made personnel decisions,Ray Flaherty
1942,WAS,George Preston Marshall,No distinct GM position,Ownership & head coaches made personnel decisions,Ray Flaherty
1943,WAS,George Preston Marshall,No distinct GM position,Ownership & head coaches made personnel decisions,Dutch Bergman
1944,WAS,George Preston Marshall,No distinct GM position,Ownership & head coaches made personnel decisions,Dudley DeGroot
1945,WAS,George Preston Marshall,No distinct GM position,Ownership & head coaches made personnel decisions,Dudley DeGroot
1946,WAS,George Preston Marshall,No distinct GM position,Ownership & head coaches made personnel decisions,Turk Edwards
1947,WAS,George Preston Marshall,No distinct GM position,Ownership & head coaches made personnel decisions,Turk Edwards
1948,WAS,George Preston Marshall,No distinct GM position,Ownership & head coaches made personnel decisions,Turk Edwards
1949,WAS,George Preston Marshall,No distinct GM position,Ownership & head coaches made personnel decisions,John Whelchel (first 7 games) / Herman Ball (took over Nov. 1949)
1950,WAS,George Preston Marshall,No distinct GM position,Ownership & head coaches made personnel decisions,John Whelchel (first 7 games) / Herman Ball (took over Nov. 1949)
1951,WAS,George Preston Marshall,No distinct GM position,Ownership & head coaches made personnel decisions,Dick Todd
1952,WAS,George Preston Marshall,No distinct GM position,Ownership & head coaches made personnel decisions,Curly Lambeau
1953,WAS,George Preston Marshall,No distinct GM position,Ownership & head coaches made personnel decisions,Curly Lambeau
1954,WAS,George Preston Marshall,No distinct GM position,Ownership & head coaches made personnel decisions,Joe Kuharich
1955,WAS,George Preston Marshall,No distinct GM position,Ownership & head coaches made personnel decisions,Joe Kuharich
1956,WAS,George Preston Marshall,No distinct GM position,Ownership & head coaches made personnel decisions,Joe Kuharich
1957,WAS,George Preston Marshall,No distinct GM position,Ownership & head coaches made personnel decisions,Joe Kuharich
1958,WAS,George Preston Marshall,No distinct GM position,Ownership & head coaches made personnel decisions,Joe Kuharich
1959,WAS,George Preston Marshall,No distinct GM position,Ownership & head coaches made personnel decisions,Mike Nixon
1960,WAS,George Preston Marshall,No distinct GM position,Ownership & head coaches made personnel decisions,Mike Nixon
1961,WAS,George Preston Marshall,No distinct GM position,Ownership & head coaches made personnel decisions,Bill McPeak
1962,WAS,George Preston Marshall,No distinct GM position,Ownership & head coaches made personnel decisions,Bill McPeak
1963,WAS,George Preston Marshall,No distinct GM position,Ownership & head coaches made personnel decisions,Bill McPeak
1964,WAS,George Preston Marshall,No distinct GM position,Ownership & head coaches made personnel decisions,Bill McPeak
1965,WAS,George Preston Marshall,No distinct GM position,Ownership & head coaches made personnel decisions,Bill McPeak
1966,WAS,George Preston Marshall,No distinct GM position,Ownership & head coaches made personnel decisions,Otto Graham
1967,WAS,George Preston Marshall,No distinct GM position,Ownership & head coaches made personnel decisions,Otto Graham
1968,WAS,George Preston Marshall,No distinct GM position,Ownership & head coaches made personnel decisions,Otto Graham
1969,WAS,Edward Bennett Williams,No distinct GM position,Ownership & head coaches made personnel decisions,Vince Lombardi
1970,WAS,Edward Bennett Williams,No distinct GM position,Ownership & head coaches made personnel decisions,Bill Austin
1971,WAS,Edward Bennett Williams,George Allen,Head Coach & General Manager,George Allen
1972,WAS,Edward Bennett Williams,George Allen,Head Coach & General Manager,George Allen
1973,WAS,Edward Bennett Williams,George Allen,Head Coach & General Manager,George Allen
1974,WAS,Jack Kent Cooke,George Allen,Head Coach & General Manager,George Allen
1975,WAS,Jack Kent Cooke,George Allen,Head Coach & General Manager,George Allen
1976,WAS,Jack Kent Cooke,George Allen,Head Coach & General Manager,George Allen
1977,WAS,Jack Kent Cooke,George Allen,Head Coach & General Manager,George Allen
1978,WAS,Jack Kent Cooke,Bobby Beathard,General Manager,Jack Pardee
1979,WAS,Jack Kent Cooke,Bobby Beathard,General Manager,Jack Pardee
1980,WAS,Jack Kent Cooke,Bobby Beathard,General Manager,Jack Pardee
1981,WAS,Jack Kent Cooke,Bobby Beathard,General Manager,Joe Gibbs (1st stint)
1982,WAS,Jack Kent Cooke,Bobby Beathard,General Manager,Joe Gibbs (1st stint)
1983,WAS,Jack Kent Cooke,Bobby Beathard,General Manager,Joe Gibbs (1st stint)
1984,WAS,Jack Kent Cooke,Bobby Beathard,General Manager,Joe Gibbs (1st stint)
1985,WAS,Jack Kent Cooke,Bobby Beathard,General Manager,Joe Gibbs (1st stint)
1986,WAS,Jack Kent Cooke,Bobby Beathard,General Manager,Joe Gibbs (1st stint)
1987,WAS,Jack Kent Cooke,Bobby Beathard,General Manager,Joe Gibbs (1st stint)
1988,WAS,Jack Kent Cooke,Bobby Beathard,General Manager,Joe Gibbs (1st stint)
1989,WAS,Jack Kent Cooke,Charley Casserly,General Manager,Joe Gibbs (1st stint)
1990,WAS,Jack Kent Cooke,Charley Casserly,General Manager,Joe Gibbs (1st stint)
1991,WAS,Jack Kent Cooke,Charley Casserly,General Manager,Joe Gibbs (1st stint)
1992,WAS,Jack Kent Cooke,Charley Casserly,General Manager,Joe Gibbs (1st stint)
1993,WAS,Jack Kent Cooke,Charley Casserly,General Manager,Richie Petitbon
1994,WAS,Jack Kent Cooke,Charley Casserly,General Manager,Norv Turner
1995,WAS,Jack Kent Cooke,Charley Casserly,General Manager,Norv Turner
1996,WAS,Jack Kent Cooke,Charley Casserly,General Manager,Norv Turner
1997,WAS,John Kent Cooke,Charley Casserly,General Manager,Norv Turner
1998,WAS,John Kent Cooke,Charley Casserly,General Manager,Norv Turner
1999,WAS,Daniel Snyder,Vinny Cerrato,Dir./VP of Player Personnel & Football Ops,Norv Turner
2000,WAS,Daniel Snyder,Vinny Cerrato,Dir./VP of Player Personnel & Football Ops,Terry Robiskie (interim)
2001,WAS,Daniel Snyder,Vinny Cerrato,Dir./VP of Player Personnel & Football Ops,Marty Schottenheimer
2002,WAS,Daniel Snyder,Vinny Cerrato,Dir./VP of Player Personnel & Football Ops,Steve Spurrier
2003,WAS,Daniel Snyder,Vinny Cerrato,Dir./VP of Player Personnel & Football Ops,Steve Spurrier
2004,WAS,Daniel Snyder,Vinny Cerrato,Dir./VP of Player Personnel & Football Ops,Joe Gibbs (2nd stint)
2005,WAS,Daniel Snyder,Vinny Cerrato,Dir./VP of Player Personnel & Football Ops,Joe Gibbs (2nd stint)
2006,WAS,Daniel Snyder,Vinny Cerrato,Dir./VP of Player Personnel & Football Ops,Joe Gibbs (2nd stint)
2007,WAS,Daniel Snyder,Vinny Cerrato,Dir./VP of Player Personnel & Football Ops,Joe Gibbs (2nd stint)
2008,WAS,Daniel Snyder,Vinny Cerrato,Dir./VP of Player Personnel & Football Ops,Jim Zorn
2009,WAS,Daniel Snyder,Vinny Cerrato,Dir./VP of Player Personnel & Football Ops,Jim Zorn
2010,WAS,Daniel Snyder,Bruce Allen,President & General Manager,Mike Shanahan
2011,WAS,Daniel Snyder,Bruce Allen,President & General Manager,Mike Shanahan
2012,WAS,Daniel Snyder,Bruce Allen,President & General Manager,Mike Shanahan
2013,WAS,Daniel Snyder,Bruce Allen,President & General Manager,Mike Shanahan
2014,WAS,Daniel Snyder,Bruce Allen,President & General Manager,Jay Gruden
2015,WAS,Daniel Snyder,Scot McCloughan,General Manager,Jay Gruden
2016,WAS,Daniel Snyder,Scot McCloughan,General Manager,Jay Gruden
2017,WAS,Daniel Snyder,Bruce Allen,President/de facto GM (2nd stint),Jay Gruden
2018,WAS,Daniel Snyder,Bruce Allen,President/de facto GM (2nd stint),Jay Gruden
2019,WAS,Daniel Snyder,Bruce Allen,President/de facto GM (2nd stint),Bill Callahan (interim)
2020,WAS,Daniel Snyder,Ron Rivera,Head Coach/de facto GM,Ron Rivera
2021,WAS,Daniel Snyder,Martin Mayhew,General Manager,Ron Rivera
2022,WAS,Daniel Snyder,Martin Mayhew,General Manager,Ron Rivera
2023,WAS,Josh Harris ownership group,Martin Mayhew,General Manager,Ron Rivera
2024,WAS,Josh Harris ownership group,Adam Peters,General Manager,Dan Quinn
2025,WAS,Josh Harris ownership group,Adam Peters,General Manager,Dan Quinn
2026,WAS,Josh Harris ownership group,Adam Peters,General Manager,Dan Quinn
